Date,YF_Op,YF_Hi,YF_Lo,YF_Cls,YF_Vol,OL_MktCap,OL_BlkSz,OL_AvgComPwr,OL_AvgTransFee,OL_MinDif,OL_ActAdd,OL_NewAdd,OL_ChnTrans,OL_ChnVol,BIC_HshRt,D_AvgPrc
2017-11-09,7446.830078125,7446.830078125,7101.52001953125,7143.580078125,3226249984,119100364751.14284,1023323.1736111112,1.0133370025986875e+19,0.0010432665981424,1452839779145.9192,885927.0,489808,324946,1960703.01860312,1.0443039018574e+19,7284.6900634765625
2017-11-10,7173.72998046875,7312.0,6436.8701171875,6618.14013671875,5208249856,110351108678.32538,1045937.2388059702,1.0116605303472554e+19,0.0011273457960193,1364422081125.1477,856715.0,455920,298146,1970605.82711277,1.0107467229016e+19,6885.18505859375
2017-11-11,6618.60986328125,6873.14990234375,6204.22021484375,6357.60009765625,4908680192,106014683067.29485,1045212.6632653062,9.868472742060816e+18,0.0014598107851319,1364422081125.1477,672609.0,366293,233171,1754424.36102834,6.857210551434758e+18,6513.39501953125
2017-11-12,6295.4501953125,6625.0498046875,5519.009765625,5950.06982421875,8957349888,99223413244.20316,1048056.5423728812,9.108560728400191e+18,0.0026731142162759,1364422081125.1477,446955.0,227933,143807,1201826.6532878,4.877691413320036e+18,6097.3948974609375
2017-11-13,5938.25,6811.18994140625,5844.2900390625,6559.490234375,6263249920,109397472549.61446,1054664.0,8.956033349744714e+18,0.0027455827475069,1364422081125.1477,901647.0,477044,306547,3856182.67321187,7.975361239017197e+18,6288.3050537109375
2017-11-14,6561.47998046875,6764.97998046875,6461.75,6635.75,3197110016,110680221170.491,1017934.803030303,8.804370220570348e+18,0.002324800902607,1364422081125.1477,841850.0,429808,280698,3819307.0382225,9.2459004168841e+18,6605.989990234375
2017-11-15,6634.759765625,7342.25,6634.759765625,7315.5400390625,4200880128,122030523391.55986,1052197.03875969,8.6998201070656e+18,0.0020760244269843,1364422081125.1477,838231.0,428858,278858,2555595.26874904,9.2472934848732e+18,6981.827392578125
2017-11-16,7323.240234375,7967.3798828125,7176.580078125,7871.68994140625,5123809792,131323444022.41922,1032840.8,8.608993103646905e+18,0.0016687406257846,1364422081125.1477,933102.0,482396,328180,3838529.59856951,1.0236336834849e+19,7584.7225341796875
2017-11-17,7853.56982421875,8004.58984375,7561.08984375,7708.990234375,4651670016,128625249920.39336,1039190.6047904192,8.671586467113571e+18,0.0013891834209085,1364422081125.1477,967179.0,471796,328822,3648257.45612164,1.1249888872356e+19,7782.0599365234375
2017-11-18,7697.2099609375,7884.990234375,7463.43994140625,7790.14990234375,3667190016,129992519375.8789,1032437.2148148149,8.659154796806076e+18,0.0011758399355828,1364422081125.1477,857269.0,402666,264681,2698296.52471144,9.7877743994892e+18,7708.947509765625
2017-11-19,7766.02978515625,8101.91015625,7694.10009765625,8036.490234375,3149319936,134119109450.29295,1043571.213836478,1.002962736043745e+19,0.0009850134215102,1364422081125.1477,891550.0,386578,255925,2621739.28079319,1.0610146610005e+19,7899.632568359375
2017-11-20,8039.06982421875,8336.8603515625,7949.35986328125,8200.6396484375,3488450048,136875678875.39774,1018074.1856287426,1.0252710287553917e+19,0.0009794013686492,1364422081125.1477,939156.0,459448,309020,3029641.30616217,1.0725128329638e+19,8131.482421875
2017-11-21,8205.740234375,8348.66015625,7762.7099609375,8071.259765625,4277609984,134733607554.78516,1042983.4624277456,1.0706191119124607e+19,0.0008751122181292,1364422081125.1477,978861.0,520349,369735,2942825.96522917,1.2083318296671e+19,8097.092529296875
2017-11-22,8077.9501953125,8302.259765625,8075.47021484375,8253.5498046875,3633530112,137793785086.33838,1065407.4819277108,1.0944866443823722e+19,0.000791806749759,1364422081125.1477,923750.0,496569,345559,2643680.62121343,1.1401944052329e+19,8177.3074951171875
2017-11-23,8232.3798828125,8267.400390625,8038.77001953125,8038.77001953125,4225179904,134222998147.26562,1055861.510067114,1.0780280784578986e+19,0.0008027674525131,1364422081125.1477,897375.0,496808,332987,2555190.09310349,9.9350857701065e+18,8144.330078125
2017-11-24,8074.02001953125,8374.16015625,7940.93017578125,8253.6904296875,5058610176,137827279544.10913,1053413.0649350649,1.0884185430180596e+19,0.0007600125347638,1364422081125.1477,922406.0,461700,316708,2370824.03120742,1.0703603807436e+19,8160.7001953125
2017-11-25,8241.7099609375,8790.919921875,8191.14990234375,8790.919921875,4342060032,146815362812.5,1058369.4090909092,1.078902918189987e+19,0.0006359445341308,1347001430558.5703,930289.0,490444,340235,2469420.60658115,1.0284693888201e+19,8503.674926757812
2017-11-26,8789.0400390625,9522.9296875,8775.58984375,9330.5498046875,5475579904,155845572410.83984,1029603.4248366014,1.086207723430231e+19,0.0005716223705523,1347001430558.5703,898505.0,473354,316209,1645926.69445424,1.0256587326362e+19,9104.52734375
2017-11-27,9352.7197265625,9818.349609375,9352.7197265625,9818.349609375,5653320192,164012936594.57495,1059504.9259259258,1.0627374884775164e+19,0.0006242028042532,1347001430558.5703,1001646.0,551183,357186,1907170.0150893896,1.0792945817706e+19,9585.53466796875
2017-11-28,9823.4296875,10125.7001953125,9736.2998046875,10058.7998046875,6348819968,168049368968.1101,1052967.8,1.0436457642812176e+19,0.0006491063173244,1347001430558.5703,1018633.0,586980,374437,2141172.04116451,1.0898768696391e+19,9936.057373046875
2017-11-29,10077.400390625,11517.400390625,9601.0302734375,9888.6103515625,11568799744,165227850455.07812,1060845.2832369942,1.0803917853087525e+19,0.0007005292395107,1347001430558.5703,1104395.0,640991,401886,2930012.29292966,1.1339673969867e+19,10271.1103515625
2017-11-30,9906.7900390625,10801.0,9202.0498046875,10233.599609375,8310689792,171013468285.90793,1067582.1420118343,1.0788452395487715e+19,0.0007129238260275,1347001430558.5703,1090540.0,603224,387935,2380430.85312615,1.1332783272019e+19,10035.85986328125
2017-12-01,10198.599609375,11046.7001953125,9694.650390625,10975.599609375,6783119872,183436209150.39062,1072343.1301775149,1.1019568100764457e+19,0.0006605805637767,1347001430558.5703,1072743.0,561207,384780,2061419.56838421,1.1496552266387e+19,10478.887451171875
2017-12-02,10978.2998046875,11320.2001953125,10905.099609375,11074.599609375,5138500096,185114235583.613,1046042.1520467836,1.122886285197403e+19,0.0005817554605938,1347001430558.5703,989253.0,512373,365083,1813981.15507196,1.1887072177598e+19,11069.5498046875
2017-12-03,11082.7001953125,11858.7001953125,10862.0,11323.2001953125,6608309760,189295016625.15683,1040252.4011627908,1.131415213841124e+19,0.0005282385372419,1347001430558.5703,940628.0,477524,329494,1591009.80155975,1.1051307391562e+19,11281.650146484375
2017-12-04,11315.400390625,11657.2001953125,11081.7998046875,11657.2001953125,6132409856,194903397830.8176,1063693.7028571428,1.154170168406296e+19,0.000578921107429,1347001430558.5703,1080008.0,574950,374191,2076938.26897079,1.2256573657714e+19,11427.900146484375
2017-12-05,11685.7001953125,12032.0,11604.599609375,11916.7001953125,6895260160,199271067053.08133,1064115.5668449197,1.164965079867728e+19,0.0005228154776865,1347001430558.5703,1179220.0,656793,436845,2422162.97467326,1.1937893032851e+19,11809.75
2017-12-06,11923.400390625,14369.099609375,11923.400390625,14291.5,12656300032,239016115378.64807,1058371.2356020943,1.1965379637921583e+19,0.0005565195045616,1347001430558.5703,1226925.0,692573,446110,2489366.26347218,1.3342796634339e+19,13126.85009765625
2017-12-07,14266.099609375,17899.69921875,14057.2998046875,17899.69921875,17950699520,299393132363.7555,1040636.88,1.201811257916884e+19,0.0007422029932541,1590896927258.0786,1005805.0,594601,351477,2779212.32614819,1.3007740610577e+19,16030.699462890625
2017-12-08,17802.900390625,18353.400390625,14336.900390625,16569.400390625,21135998976,277175632764.7949,1053040.464516129,1.2101835889270622e+19,0.0015278395394008,1590896927258.0786,1123168.0,683823,392923,2252549.99815457,1.2214283282461e+19,16765.650390625
2017-12-09,16523.30078125,16783.0,13674.900390625,15178.2001953125,13911300096,253934700683.5937,1053535.084848485,1.2387661403442366e+19,0.001492068713567,1590896927258.0786,1142865.0,640153,398746,2420869.50382201,1.2986869909354e+19,15539.850341796875
2017-12-10,15168.400390625,15850.599609375,13226.599609375,15455.400390625,13433299968,258606031866.7288,1062673.0346820808,1.26295335320905e+19,0.0012824148272162,1590896927258.0786,1153701.0,580320,383109,1898733.23980186,1.3742019185411e+19,14925.25
2017-12-11,15427.400390625,17513.900390625,15404.7998046875,16936.80078125,12153900032,283428027272.9004,1047106.2941176472,1.286086016982455e+19,0.0013472960280971,1590896927258.0786,1084719.0,547846,340177,1961695.07508562,1.3318752795891e+19,16320.725341796875
2017-12-12,16919.80078125,17781.80078125,16571.599609375,17415.400390625,14603799552,291472489064.4531,1069693.5403726709,1.2777580644576637e+19,0.0014417913313556,1590896927258.0786,1114566.0,614982,373837,2706532.47444723,1.3118380983427e+19,17172.150390625
2017-12-13,17500.0,17653.099609375,16039.7001953125,16408.19921875,12976900096,274649965463.8184,1058585.5917159764,1.29967320931865e+19,0.0014229069400235,1590896927258.0786,1169158.0,654255,405209,2636029.16101118,1.3163876274379e+19,16900.249755859375
2017-12-14,16384.599609375,17085.80078125,16185.900390625,16564.0,13777399808,277297084932.8613,1041887.5215053764,1.353541584758093e+19,0.0013378281639074,1590896927258.0786,1278170.0,751483,459906,2398967.50990314,1.4878857260313e+19,16555.0751953125
2017-12-15,16601.30078125,18154.099609375,16601.30078125,17706.900390625,14309999616,296469757074.9128,1057559.7222222222,1.3684508057149469e+19,0.0014340152456003,1590896927258.0786,1215330.0,719547,447760,2336279.93973394,1.4220037479151e+19,17265.900390625
2017-12-16,17760.30078125,19716.69921875,17515.30078125,19497.400390625,12740599808,326487913357.22656,1051549.3719512196,1.3566689199198292e+19,0.001468910232855,1590896927258.0786,1103017.0,572317,357132,1811643.44657119,1.3163479627416e+19,18622.42529296875
2017-12-17,19475.80078125,20089.0,18974.099609375,19140.80078125,13314599936,320561483571.10425,1045752.3563829788,1.378292721895655e+19,0.0013436223604575,1590896927258.0786,1199209.0,657183,412509,2047649.69295052,1.4393648748103e+19,19419.92529296875
2017-12-18,19106.400390625,19371.0,18355.900390625,19114.19921875,14839499776,320158657150.0105,1044842.5804597702,1.410908018523833e+19,0.0015026129512116,1873105475221.611,1113821.0,580873,352584,1976374.90510143,1.5317054913971e+19,18986.875
2017-12-19,19118.30078125,19177.80078125,17275.400390625,17776.69921875,16894499840,297791088323.91187,1049544.4969325154,1.4209424773396589e+19,0.0015642772116481,1873105475221.611,1149305.0,691122,419054,2083230.63708044,1.5108397906927e+19,18337.05029296875
2017-12-20,17760.30078125,17934.69921875,16077.7001953125,16624.599609375,22149699584,278521682499.41406,1074976.2357142856,1.4029809632496271e+19,0.0022112222658515,1873105475221.611,1045304.0,634654,382108,1549734.45104762,1.3506766084755e+19,17099.324951171875
2017-12-21,16642.400390625,17567.69921875,15342.7001953125,15802.900390625,16516599808,264779987587.54187,1037836.3181818182,1.3656547456554807e+19,0.0030333853217523,1873105475221.611,976543.0,578586,340557,1278047.71578637,1.2572536031212e+19,16338.925048828125
2017-12-22,15898.0,15943.400390625,11833.0,13831.7998046875,22197999616,231778768481.5865,1062862.2302158272,1.3605056522336838e+19,0.0040166669664312,1873105475221.611,1029898.0,584506,352232,1265354.39515177,1.3044816129128e+19,14376.550048828125
2017-12-23,13948.7001953125,15603.2001953125,13828.7998046875,14699.2001953125,13086000128,246340730822.50977,1060481.58,1.3687522402270368e+19,0.0035114777760349,1873105475221.611,1038197.0,532318,341071,1222229.14042652,1.3816847402563e+19,14519.97509765625
2017-12-24,14608.2001953125,14626.0,12747.7001953125,13925.7998046875,11572299776,233405444548.7618,1061420.9395973154,1.3586676572116593e+19,0.0032561960334908,1873105475221.611,1026951.0,469394,305934,1271080.1100254,1.3664759948603e+19,13976.925048828125
2017-12-25,13995.900390625,14593.0,13448.900390625,14026.599609375,10664699904,235119910537.46176,1054350.0431654677,1.345651935635447e+19,0.00306296012441,1873105475221.611,896562.0,347046,230528,1475747.14262636,1.342085265722e+19,14016.10009765625
2017-12-26,14036.599609375,16461.19921875,14028.900390625,16099.7998046875,13454300160,269899089143.1465,1048285.5766423356,1.3185024740994988e+19,0.0030118518733675,1873105475221.611,863239.0,345736,225503,1327891.08333503,1.276354978401e+19,15156.624755859375
2017-12-27,16163.5,16930.900390625,15114.2998046875,15838.5,12487600128,265549828736.8965,1062279.5875,1.341140947776826e+19,0.0025796225540312,1873105475221.611,1042150.0,503272,306813,1906515.50281543,1.4293912778301e+19,16011.800048828125
2017-12-28,15864.099609375,15888.400390625,13937.2998046875,14606.5,12336499712,244921719130.1461,1091296.6462585034,1.3558074766895737e+19,0.0026478359655002,1873105475221.611,972125.0,488452,296872,1490332.81321776,1.4249239951851e+19,15074.074951171875
2017-12-29,14695.7998046875,15279.0,14307.0,14656.2001953125,13025500160,245783872423.8281,1054030.1329113925,1.3735659777799365e+19,0.0023472363488478,1873105475221.611,1037211.0,533853,333366,1472356.2372872,1.432565620064e+19,14734.5
2017-12-30,14681.900390625,14681.900390625,12350.099609375,12952.2001953125,14452599808,217230957815.081,1034305.7651006712,1.3784035381952215e+19,0.0021786335242096,1873105475221.611,1016131.0,568913,358225,1390854.05387044,1.4328464009214e+19,13666.525146484375
2017-12-31,12897.7001953125,14377.400390625,12755.599609375,14156.400390625,12136299520,237457670771.1914,1041866.024691358,1.3973742464442327e+19,0.0020451366549973,1873105475221.611,1008576.0,473556,306215,1294107.57792878,1.5171616924443e+19,13546.775146484375
2018-01-01,14112.2001953125,14112.2001953125,13154.7001953125,13657.2001953125,10291200000,229111479043.79883,1037935.3229813664,1.44389773910357e+19,0.0018371843770756,1931136454487.7163,978582.0,393040,256845,1005956.45117023,1.5048148877267e+19,13759.0751953125
2018-01-02,13625.0,15444.599609375,13163.599609375,14982.099609375,16846600192,251368014529.1992,1039804.756097561,1.480788007464792e+19,0.0020244700494538,1931136454487.7163,1051308.0,474904,287743,1239398.46716079,1.5957984830432e+19,14303.82470703125
2018-01-03,14978.2001953125,15572.7998046875,14844.5,15201.0,16871900160,255068799498.73737,1060767.375838926,1.4742478737101812e+19,0.001861338671743,1931136454487.7163,1065712.0,610896,370079,1545165.7909069,1.4891406580385e+19,15149.125
2018-01-04,15270.7001953125,15739.7001953125,14522.2001953125,15599.2001953125,21783199744,261785644894.01324,1065574.458563536,1.5384259112372597e+19,0.0018381231034052,1931136454487.7163,1311873.0,750725,457201,1448954.43308607,1.6436908415446e+19,15282.9501953125
2018-01-05,15477.2001953125,17705.19921875,15202.7998046875,17429.5,23840899072,292534528129.6387,1066187.560810811,1.5325099378504745e+19,0.0019238980606596,1931136454487.7163,1107834.0,626377,369471,1592188.08035507,1.5024039248099e+19,16453.6748046875
2018-01-06,17462.099609375,17712.400390625,16764.599609375,17527.0,18314600448,294206503646.9345,1056349.030120482,1.5229790170540587e+19,0.0020151392018233,1931136454487.7163,1157846.0,611714,366360,1587282.14454172,1.4943722703185e+19,17366.52490234375
2018-01-07,17527.30078125,17579.599609375,16087.7001953125,16477.599609375,15866000384,276624921628.5019,1046397.105590062,1.5509077175497355e+19,0.0018708479539001,1931136454487.7163,1098276.0,592280,350457,2305299.93642278,1.5835890599768e+19,16918.050048828125
2018-01-08,16476.19921875,16537.900390625,14208.2001953125,15170.099609375,18413899776,254704003463.292,1058638.3612903226,1.5345792867778157e+19,0.0019635754335379,1931136454487.7163,1105045.0,557634,329579,1999935.5541208696,1.556454028144e+19,15598.099853515625
2018-01-09,15123.7001953125,15497.5,14424.0,14595.400390625,16659999744,245086738205.97452,1050314.619883041,1.5749431732348803e+19,0.0020883858242019,1931136454487.7163,1169902.0,619179,366227,1529091.66528471,1.5884650830191e+19,14910.150146484375
2018-01-10,14588.5,14973.2998046875,13691.2001953125,14973.2998046875,18500800512,251465034395.7871,1053905.8908045976,1.5673934044937753e+19,0.0021014429501366,1931136454487.7163,1163374.0,610811,363834,1543537.50059283,1.6501710256999e+19,14556.574951171875
2018-01-11,14968.2001953125,15018.7998046875,13105.900390625,13405.7998046875,16534099968,225169192242.1875,1059982.6761363635,1.6039644839307686e+19,0.0020256564991323,1931136454487.7163,1139088.0,548055,332509,1241212.71494537,1.6883163913529e+19,14124.675048828125
2018-01-12,13453.900390625,14229.900390625,13158.099609375,13980.599609375,12065699840,234854375737.21387,1060306.284883721,1.6138846688693633e+19,0.0020789243603453,1931136454487.7163,1121642.0,498508,300928,1220524.01500945,1.7761083535737e+19,13705.625
2018-01-13,13952.400390625,14659.5,13952.400390625,14360.2001953125,12763599872,241261264836.187,1034969.1314285714,1.6581042497509695e+19,0.0019915688098484,2227847638503.6284,1084284.0,472612,294097,962947.19690994,1.7874872101723e+19,14231.125244140625
2018-01-14,14370.7998046875,14511.7998046875,13268.0,13772.0,11084099584,231403808057.2808,1030518.2916666666,1.6709961093343298e+19,0.0020707234411172,2227847638503.6284,903003.0,383236,234729,935738.52075925,1.6756238347715e+19,13980.64990234375
2018-01-15,13767.2998046875,14445.5,13641.7001953125,13819.7998046875,12750799872,232234108902.11865,1053892.08,1.671134747688224e+19,0.0019384618864101,2227847638503.6284,923826.0,425533,260569,933284.76750859,1.6188900866489e+19,13918.574951171875
2018-01-16,13836.099609375,13843.099609375,10194.900390625,11490.5,18853799936,193112478127.58105,1059175.076923077,1.6658843229326424e+19,0.0019419358587522,2227847638503.6284,902983.0,443766,276238,1653848.00709291,1.7024516391007e+19,12341.14990234375
2018-01-17,11431.099609375,11678.0,9402.2900390625,11188.599609375,18830600192,188064390056.8468,1053318.0909090908,1.7212416314348e+19,0.0020875203925031,2227847638503.6284,1176411.0,519968,327284,1726585.62718585,1.9420997594116e+19,10924.997314453125
2018-01-18,11198.7998046875,12107.2998046875,10942.5,11474.900390625,15020399616,192900829751.3672,1049084.2603550295,1.7410709588316936e+19,0.0021509555717546,2227847638503.6284,1043698.0,505557,323338,1437995.49351402,1.8644879821452e+19,11430.875
2018-01-19,11429.7998046875,11992.7998046875,11172.099609375,11607.400390625,10740400128,195149366759.13623,1070562.6083916083,1.7366900521845613e+19,0.002031851579648,2227847638503.6284,896366.0,394095,252379,1051376.84312047,1.7190458445936e+19,11550.52490234375
2018-01-20,11656.2001953125,13103.0,11656.2001953125,12899.2001953125,11801700352,216899521270.1172,1045544.686567164,1.8239082686289992e+19,0.0019298285174642,2227847638503.6284,1078506.0,380852,252945,979598.24947123,2.0723545530334e+19,12328.650146484375
2018-01-21,12889.2001953125,12895.900390625,11288.2001953125,11600.099609375,9935179776,195081285683.45813,1149581.4011299436,1.877566518073315e+19,0.0014983128754727,2227847638503.6284,973757.0,349054,225549,813910.195548,2.0076476050008e+19,12168.35009765625
2018-01-22,11633.099609375,11966.400390625,10240.2001953125,10931.400390625,10537400320,183859591189.9346,1033924.7942857144,1.916382183397956e+19,0.0015211310065387,2227847638503.6284,946143.0,343571,223131,880402.61057817,1.9621873564316e+19,11192.775146484375
2018-01-23,10944.5,11377.599609375,10129.7001953125,10868.400390625,9660609536,182824696019.59903,1092804.052910053,1.960922391258141e+19,0.0009761741416279,2227847638503.6284,955238.0,387888,299969,1151033.40131047,2.0055696449824e+19,10830.050048828125
2018-01-24,10903.400390625,11501.400390625,10639.7998046875,11359.400390625,9940989952,191108000990.38763,1052068.646706587,1.9514640559404933e+19,0.0012645091904914,2227847638503.6284,918649.0,357814,237008,1117703.5566878,1.8693317113106e+19,11101.000244140625
2018-01-25,11421.7001953125,11785.7001953125,11057.400390625,11259.400390625,8873169920,189449920808.4337,1112872.8855421687,1.9742646128754352e+19,0.0009710023810508,2603077300218.5933,858212.0,363666,241847,886987.98955985,2.1290817074846e+19,11381.05029296875
2018-01-26,11256.0,11656.7001953125,10470.2998046875,11171.400390625,9746199552,187989130429.18024,1053597.2789115647,1.949497439518951e+19,0.000980132204193,2603077300218.5933,776714.0,329894,215453,935162.11907838,1.9392159664874e+19,11138.60009765625
2018-01-27,11174.900390625,11614.900390625,10989.2001953125,11440.7001953125,7583269888,192543690177.0508,1043535.5590062112,1.96888931939652e+19,0.0008956175713214,2603077300218.5933,884880.0,399503,201307,773793.9307186,2.0629933647233e+19,11304.92529296875
2018-01-28,11475.2998046875,12040.2998046875,11475.2998046875,11786.2998046875,8350360064,198380846396.9836,1049138.0296296296,1.9311065788083147e+19,0.0007851665185055,2603077300218.5933,708131.0,294973,200345,632238.60989019,1.8958661972783e+19,11694.2998046875
2018-01-29,11755.5,11875.599609375,11179.2001953125,11296.400390625,7107359744,190156718008.25195,1016775.6075949369,1.9281664433446035e+19,0.0006407386494409,2603077300218.5933,779271.0,340510,232289,1097997.92237832,1.9987215769643e+19,11526.675048828125
2018-01-30,11306.7998046875,11307.2001953125,10036.2001953125,10106.2998046875,8637859840,170146097781.25,974860.768361582,2.01102688792593e+19,0.0006122098063072,2603077300218.5933,824968.0,335350,227009,721686.73299314,2.1731784189133e+19,10689.125
2018-01-31,10108.2001953125,10381.599609375,9777.419921875,10221.099609375,8041160192,172096275726.5625,1037752.211678832,1.980341569565956e+19,0.0007614168727792,2603077300218.5933,751820.0,356137,236974,874289.66451185,1.8087432833991e+19,10122.079833984375
2018-02-01,10237.2998046875,10288.7998046875,8812.2802734375,9170.5400390625,9959400448,154422674863.2758,1066921.1044776118,1.944621867059721e+19,0.0008423277294045,2603077300218.5933,724175.0,343145,224734,860415.04805915,1.7614756901754e+19,9627.22998046875
2018-02-02,9142.2802734375,9142.2802734375,7796.490234375,8830.75,12726899712,148719637763.01816,1024254.6058823528,1.974228446533616e+19,0.0010470900276859,2603077300218.5933,884190.0,369357,247057,1204157.28793656,2.1809169999327e+19,8727.9501953125
2018-02-03,8852.1201171875,9430.75,8251.6298828125,9174.91015625,7263790080,154534224418.9453,1022361.2173913044,1.9850186513273483e+19,0.0009469628305154,2603077300218.5933,725065.0,304715,214226,813986.99696309,2.1109405215282e+19,8927.3525390625
2018-02-04,9175.7001953125,9334.8701171875,8031.22021484375,8277.009765625,7073549824,139427640317.54028,973524.0674846624,2.002922678866801e+19,0.0006200893128038,2603077300218.5933,671263.0,241859,167856,585173.1430115399,2.1016871980311e+19,8704.700073242188
2018-02-05,8270.5400390625,8364.83984375,6756.68017578125,6955.27001953125,9285289984,117179362811.06354,1061881.9270833333,2.063874401343085e+19,0.0007672355347003,2603077300218.5933,819395.0,286066,200430,1047267.14272453,2.4520821702638e+19,7586.83251953125
2018-02-06,7051.75,7850.7001953125,6048.259765625,7754.0,13999800320,130652662497.62238,1089289.6453488371,2.147530263530202e+19,0.0007457527399925,2603077300218.5933,977614.0,347945,241070,1763839.22462098,2.3221901933159e+19,7176.177490234375
2018-02-07,7755.490234375,8509.1103515625,7236.7900390625,7621.2998046875,9169280000,128430113686.01624,1087703.2714285713,2.173166516570243e+19,0.0005861120160573,2874674234415.9414,845215.0,329593,219339,950407.09543155,2.0576994820576e+19,7780.672607421875
2018-02-08,7637.85986328125,8558.76953125,7637.85986328125,8265.58984375,9346750464,139302606120.1172,1044209.3758389262,2.16033038266308e+19,0.0005349504728771,2874674234415.9414,828523.0,288108,197472,947665.47360919,2.1028915062819e+19,8025.019775390625
2018-02-09,8271.83984375,8736.98046875,7884.7099609375,8736.98046875,6784820224,147261150527.2461,1069495.2265625,2.1210983385086763e+19,0.000476131034017,2874674234415.9414,728002.0,268031,171767,1057104.3331693,1.8360937041376e+19,8407.627685546875
2018-02-10,8720.080078125,9122.5498046875,8295.4697265625,8621.900390625,7780960256,145335520495.86853,1066770.0076335878,2.093249049967891e+19,0.000515504326566,2874674234415.9414,736763.0,285680,187962,1016343.63572927,1.9006917325142e+19,8690.0
2018-02-11,8616.1298828125,8616.1298828125,7931.10009765625,8129.97021484375,6122189824,137059363738.0682,987427.0191082804,2.086170242779376e+19,0.0004422045266501,2874674234415.9414,774789.0,222679,150787,1334498.86447386,2.2788321686848e+19,8323.33251953125
2018-02-12,8141.43017578125,8985.919921875,8141.43017578125,8926.5703125,6256439808,150506789965.61948,1021356.850931677,2.0632098166402167e+19,0.0003806085066431,2874674234415.9414,848463.0,261304,167013,1066126.31679769,2.2272708761809e+19,8548.837646484375
2018-02-13,8926.7197265625,8958.4697265625,8455.41015625,8598.3095703125,5696719872,144990375887.25586,1062158.7352941176,2.1030508400144617e+19,0.0003867402041198,2874674234415.9414,911812.0,305677,197629,1312986.45845784,2.4091160235697e+19,8734.727294921875
2018-02-14,8599.919921875,9518.5400390625,8599.919921875,9494.6298828125,7909819904,160123797810.77768,1029443.8136645964,2.1477399819083887e+19,0.0003412057308228,2874674234415.9414,864122.0,272193,181583,1136336.40857605,2.3823290493e+19,9053.25244140625
2018-02-15,9488.3203125,10234.7998046875,9395.580078125,10166.400390625,9062540288,171471542774.9445,1022713.8150684932,2.180369862537941e+19,0.0002982934604417,2874674234415.9414,821738.0,290453,192880,879930.4196939,2.1105648119953e+19,9821.275146484375
2018-02-16,10135.7001953125,10324.099609375,9824.8203125,10233.900390625,7296159744,172629821864.0625,1026509.6710526316,2.222292714864422e+19,0.0003195152448071,2874674234415.9414,777916.0,301367,197870,709952.035519,2.1285807122812e+19,10129.630126953125
2018-02-17,10207.5,11139.5,10149.400390625,11112.7001953125,8660880384,187476239124.1322,954468.4260355028,2.256959114226925e+19,0.0003015716248879,2874674234415.9414,822120.0,273707,184105,957065.19247683,2.3259660594709e+19,10652.275146484375
2018-02-18,11123.400390625,11349.7998046875,10326.0,10551.7998046875,8744009728,178033066266.10663,983448.31292517,2.2487297466372424e+19,0.0002764198046992,2874674234415.9414,709166.0,242946,163133,1336942.13718255,2.2024104059008e+19,10837.75
2018-02-19,10552.599609375,11273.7998046875,10513.2001953125,11225.2998046875,7652089856,189420801241.4174,1000501.8982035927,2.2465337492421026e+19,0.0002751597553347,2874674234415.9414,796482.0,261796,170110,1413875.10693376,2.2950458188796e+19,10891.224853515625
2018-02-20,11231.7998046875,11958.5,11231.7998046875,11403.7001953125,9926540288,192448432484.375,1028167.32,2.184939517886969e+19,0.0002800429409647,3007383866429.732,705249.0,290260,188921,1082525.20075807,2.1116350680618e+19,11456.449951171875
2018-02-21,11372.2001953125,11418.5,10479.099609375,10690.400390625,9405339648,180435232141.596,986385.530726257,2.209056269950292e+19,0.000217177616736,3007383866429.732,742818.0,326156,215893,1112655.79478575,2.4813516968633e+19,10990.050048828125
2018-02-22,10660.400390625,11039.099609375,9939.08984375,10005.0,8040079872,168887335561.32812,906588.4303030304,2.291038441218623e+19,0.000200677496205,3007383866429.732,736981.0,298315,194996,1007750.26934135,2.42913853439e+19,10410.8974609375
2018-02-23,9937.0703125,10487.2998046875,9734.5595703125,10301.099609375,7739500032,173903903215.13672,1014980.9507042252,2.268734642764509e+19,0.0004064366648631,3007383866429.732,733444.0,268602,182976,999914.25190778,2.1955367791169e+19,10115.00732421875
2018-02-24,10287.7001953125,10597.2001953125,9546.9697265625,9813.0703125,6917929984,165682440172.05707,1029800.8450704224,2.266050509334536e+19,0.0005397782002548,3007383866429.732,722154.0,237270,161684,631336.56334243,2.1027363617047e+19,10061.235107421875
2018-02-25,9796.419921875,9923.2197265625,9407.0595703125,9664.73046875,5706939904,163197463584.31296,860634.438271605,2.275084146474202e+19,0.0003195869672957,3007383866429.732,508630.0,213239,146892,401773.80538492,2.4306268031908e+19,9697.857421875
2018-02-26,9669.4296875,10475.0,9501.73046875,10366.7001953125,7287690240,175069112688.28125,797951.9589041095,2.2753583122257007e+19,0.0002411817647867,3007383866429.732,564794.0,248827,167210,580597.51306779,2.2182150828854e+19,10003.215087890625
2018-02-27,10393.900390625,10878.5,10246.099609375,10725.599609375,6966179840,181151801095.3125,1001922.0370370372,2.303011914207941e+19,0.0002593662174101,3007383866429.732,739522.0,321025,215059,737874.72674389,2.3576969475581e+19,10561.02490234375
2018-02-28,10687.2001953125,11089.7998046875,10393.099609375,10397.900390625,6936189952,175639457748.2046,1052666.5889570552,2.2987872263965635e+19,0.0002228185749722,3007383866429.732,753278.0,317879,217694,722886.2187420999,2.4900731181445e+19,10642.0
2018-03-01,10385.0,11052.2998046875,10352.7001953125,10951.0,7317279744,185001719520.22607,1093784.3310810812,2.295342542923836e+19,0.0002657594547543,3007383866429.732,826463.0,300725,203633,1066680.35072208,2.2442878748396e+19,10685.25
2018-03-02,10977.400390625,11189.0,10850.099609375,11086.400390625,7620590080,187312950488.97607,863273.0903614458,2.3571380371764675e+19,0.0002170952813352,3007383866429.732,750314.0,315861,205982,758380.35235871,2.4158134090195e+19,11025.72509765625
2018-03-03,11101.900390625,11528.2001953125,11002.400390625,11489.7001953125,6690570240,194151996241.0513,974905.0285714286,2.3887460412452205e+19,0.0001976800980039,3007383866429.732,878333.0,276805,186319,608242.56751192,2.5219329806152e+19,11280.55029296875
2018-03-04,11497.400390625,11512.599609375,11136.099609375,11512.599609375,6084149760,194559482246.14252,995527.3489932886,2.3959815219522474e+19,0.0002233887084117,3007383866429.732,791417.0,237364,155212,496844.58363245,2.4194695662757e+19,11414.6748046875
2018-03-05,11532.400390625,11704.099609375,11443.900390625,11573.2998046875,6468539904,195607371362.12064,999242.105263158,2.4055303681830777e+19,0.0002284882334217,3290605988755.001,822932.0,266534,176873,515865.08292862,2.501474461577e+19,11563.425048828125
2018-03-06,11500.099609375,11500.099609375,10694.2998046875,10779.900390625,6832169984,182217539905.09595,1037926.715231788,2.3860152083109425e+19,0.0001960767518764,3290605988755.001,895682.0,314985,210109,748785.8000878299,2.4572333276152e+19,11118.599853515625
2018-03-07,10803.900390625,10929.5,9692.1201171875,9965.5703125,8797910016,168474443753.51562,1015472.1352941176,2.4881933464380604e+19,0.0001659812526418,3290605988755.001,866622.0,305155,219544,628285.23155019,2.6404314260397e+19,10347.772705078125
2018-03-08,9951.4404296875,10147.400390625,9335.8701171875,9395.009765625,7186089984,158846580851.4714,1026784.2894736842,2.494410802181658e+19,0.0001623560228818,3290605988755.001,889251.0,295715,201470,724772.0301899,2.5419294687284e+19,9707.43017578125
2018-03-09,9414.6904296875,9466.349609375,8513.0302734375,9337.5498046875,8704190464,157892798518.56125,1036275.3157894736,2.5014895291158934e+19,0.0001965980527917,3290605988755.001,883777.0,288852,206737,867211.18691205,2.5936622060156e+19,9182.905029296875
2018-03-10,9350.58984375,9531.3203125,8828.4697265625,8866.0,5386319872,149935064704.8453,1002675.020979021,2.463714716742713e+19,0.0002468596448,3290605988755.001,817174.0,242831,165625,487457.10843143,2.3412150793173e+19,9144.094970703125
2018-03-11,8852.7802734375,9711.8896484375,8607.1201171875,9578.6298828125,6296370176,162002529077.8508,1038546.4402985076,2.452015363255596e+19,0.0002578254989744,3290605988755.001,796048.0,212784,149186,424018.502033,2.2432247992701e+19,9187.60498046875
2018-03-12,9602.9296875,9937.5,8956.4296875,9205.1201171875,6457399808,155705247610.35156,997515.5317919076,2.519926142398661e+19,0.0001802384041989,3290605988755.001,950803.0,256794,179189,654147.82741432,2.6949796287723e+19,9425.494873046875
2018-03-13,9173.0400390625,9470.3798828125,8958.1904296875,9194.849609375,5991139840,155550420198.08264,846071.6463414634,2.5467019033266823e+19,0.0002962102360504,3290605988755.001,744112.0,261610,183859,630004.23115901,2.7155548584831e+19,9199.114990234375
2018-03-14,9214.650390625,9355.849609375,8068.58984375,8269.8095703125,6438230016,139916118422.23553,825652.8671328671,2.501734429627217e+19,0.0002077123019624,3290605988755.001,609350.0,287215,202449,598358.9664245,2.4377753205787e+19,8727.224853515625
2018-03-15,8290.759765625,8428.349609375,7783.0498046875,8300.8603515625,6834429952,140456629460.55826,748088.2465753425,2.4591336522573005e+19,0.0001742604234281,3290605988755.001,603276.0,295396,204096,906230.62657864,2.3242251614664e+19,8200.7548828125
2018-03-16,8322.91015625,8585.150390625,8005.31005859375,8338.349609375,5289379840,141106533500.10333,697041.9189189189,2.457915986312617e+19,0.0001701514317761,3290605988755.001,600636.0,271859,190344,553261.85129855,2.4407095156169e+19,8312.930053710938
2018-03-17,8321.91015625,8346.5302734375,7812.81982421875,7916.8798828125,4426149888,133989546987.60904,582695.9102564103,2.5142957977078817e+19,0.0001467280217737,3290605988755.001,491429.0,243945,166806,500463.46915889,2.5683187208089e+19,8099.5350341796875
2018-03-18,7890.52001953125,8245.509765625,7397.990234375,8223.6796875,6639190016,139196913737.8776,652178.6,2.4874778927298507e+19,0.0001502869299146,3462542391191.563,463585.0,219158,156709,425675.58298622,2.4692394313741e+19,7939.4249267578125
2018-03-19,8344.1201171875,8675.8701171875,8182.39990234375,8630.650390625,6729110016,146102297296.12384,659078.5605095541,2.498531112260162e+19,0.0001563894891159,3462542391191.563,570581.0,268737,183388,633351.8758487899,2.7006132854272e+19,8458.260131835938
2018-03-20,8619.669921875,9051.01953125,8389.8896484375,8913.4697265625,6361789952,150904468845.70312,782795.8538461538,2.4330845766439264e+19,0.0001562704447989,3462542391191.563,556151.0,278782,189951,608919.80638418,2.4112729475393e+19,8743.51220703125
2018-03-21,8937.48046875,9177.3701171875,8846.330078125,8929.2802734375,6043129856,151189122581.84164,690394.2171052631,2.4726896905920893e+19,0.0001677645304297,3462542391191.563,584570.0,292699,202877,680643.88909469,2.4535650153278e+19,8972.615234375
2018-03-22,8939.4404296875,9100.7099609375,8564.900390625,8728.4697265625,5530390016,147804709205.86508,769079.5763888889,2.512983110926381e+19,0.000153354188045,3462542391191.563,576956.0,273845,188274,585588.61239762,2.4927533693728e+19,8833.380126953125
2018-03-23,8736.25,8879.6201171875,8360.6201171875,8879.6201171875,5954120192,150378459056.11496,878551.5546875,2.4591991044168008e+19,0.0001477594775961,3462542391191.563,621307.0,260842,179210,582992.8745731,2.2730425912518e+19,8714.027587890625
2018-03-24,8901.9501953125,8996.1796875,8665.7001953125,8668.1201171875,5664600064,146813742779.58984,604710.9050632912,2.481955879549704e+19,0.0001359528806931,3462542391191.563,537055.0,246419,168515,441804.45507012,2.6314085296376e+19,8807.987548828125
2018-03-25,8612.8095703125,8682.009765625,8449.099609375,8495.7802734375,4569880064,143909597262.78647,590842.8273381295,2.478933715524534e+19,0.0001462801489399,3462542391191.563,468601.0,208001,140795,666696.0015376899,2.4859563754133e+19,8559.9248046875
2018-03-26,8498.4697265625,8530.080078125,7921.43017578125,8209.400390625,5921039872,139073111714.0446,648233.2394366197,2.4452905699865883e+19,0.0001533141557971,3462542391191.563,519201.0,239237,162994,659027.49968042,2.4948705793397e+19,8289.845092773438
2018-03-27,8200.0,8232.7802734375,7797.27978515625,7833.0400390625,5378250240,132711893158.10796,772802.25,2.487369953833768e+19,0.0001508472756252,3462542391191.563,592596.0,274931,191042,766293.64509419,2.5596322994135e+19,8015.7750244140625
2018-03-28,7836.830078125,8122.89013671875,7809.169921875,7954.47998046875,4935289856,134784329673.42458,734081.2933333333,2.479819476643581e+19,0.0001296354788941,3462542391191.563,582907.0,270618,185636,711523.10897032,2.5674358331555e+19,7930.842529296875
2018-03-29,7979.06982421875,7994.330078125,7081.3798828125,7165.7001953125,6361229824,121431917802.74982,678684.0821917808,2.485996345288203e+19,0.0001422597257299,3462542391191.563,549801.0,269806,186969,575122.30832399,2.4363793874532e+19,7555.1199951171875
2018-03-30,7171.4501953125,7276.66015625,6683.93017578125,6890.52001953125,6289509888,116782506039.99023,673114.9316770186,2.564807019244313e+19,0.0001368760796568,3462542391191.563,598327.0,268279,191848,836974.8056106,2.7794614074862e+19,7005.64013671875
2018-03-31,6892.47998046875,7207.85009765625,6863.52001953125,6973.52978515625,4553269760,118201371240.192,632243.3722627737,2.515257297823052e+19,0.0001368560008327,3462542391191.563,475712.0,222137,156100,495499.10663453,2.4571125681464e+19,6984.344970703125
2018-04-01,7003.06005859375,7060.9501953125,6526.8701171875,6844.22998046875,4532100096,116022318608.01424,523360.2905405405,2.547206469058924e+19,0.0001326944569779,3511060552899.72,437239.0,203609,141753,553977.37184142,2.5310432205209e+19,6858.777587890625
2018-04-02,6844.85986328125,7135.47021484375,6816.580078125,7083.7998046875,4333440000,120097856413.73868,514425.0925925926,2.5868921890226987e+19,0.0001327975741278,3511060552899.72,465908.0,218958,154328,839430.35198312,2.7528111432079e+19,6970.177490234375
2018-04-03,7102.259765625,7530.93994140625,7072.490234375,7456.10986328125,5499700224,126424639029.284,623853.7531645569,2.6128589847581463e+19,0.0001260699020914,3511060552899.72,541085.0,270852,187522,878832.76598774,2.7723408774395e+19,7290.449951171875
2018-04-04,7456.41015625,7469.8798828125,6803.8798828125,6853.83984375,4936000000,116224879000.8172,789739.8169014085,2.637620363625065e+19,0.000130759816845,3511060552899.72,595707.0,277740,191914,763192.81700041,2.6382977672692e+19,7146.00244140625
2018-04-05,6848.64990234375,6933.81982421875,6644.7998046875,6811.47021484375,5639320064,115519774798.55669,648907.3694267516,2.646438342495006e+19,0.000134021509833,3511060552899.72,524844.0,265494,184378,621530.99258143,2.6757908926376e+19,6809.6849365234375
2018-04-06,6815.9599609375,6857.490234375,6575.0,6636.31982421875,3766810112,112561465820.29453,727660.3197278911,2.608830756993201e+19,0.0001698391191485,3511060552899.72,613067.0,263628,175705,704383.9680602,2.6218032715689e+19,6721.1925048828125
2018-04-07,6630.509765625,7050.5400390625,6630.509765625,6911.08984375,3976610048,117236960114.78912,644008.3583815029,2.740766028394483e+19,0.0001932536581691,3511060552899.72,555252.0,232633,164637,551795.4993378799,2.9001951444485e+19,6805.662353515625
2018-04-08,6919.97998046875,7111.56005859375,6919.97998046875,7023.52001953125,3652499968,119157938055.07812,459279.7070063694,2.730438611530505e+19,0.0001528242279701,3511060552899.72,408600.0,196746,139606,473747.63766478,2.8284297703927e+19,6993.760009765625
2018-04-09,7044.31982421875,7178.10986328125,6661.990234375,6770.72998046875,4894060032,114883064655.95705,598706.8121212121,2.7673975597476794e+19,0.000141041467317,3511060552899.72,483786.0,227849,160313,635544.02453246,2.8332762549671e+19,6913.7874755859375
2018-04-10,6795.43994140625,6872.41015625,6704.14990234375,6834.759765625,4272750080,115982028670.37294,771520.2191780822,2.7131958804650856e+19,0.0001246145408396,3511060552899.72,560382.0,267034,185763,606740.62072267,2.6356837203852e+19,6801.68994140625
2018-04-11,6843.47021484375,6968.31982421875,6817.58984375,6968.31982421875,4641889792,118262731983.57834,584352.0368098159,2.769414319374372e+19,0.0001202893672377,3511060552899.72,522826.0,259548,179957,764240.51822676,2.8613288810095e+19,6899.4249267578125
2018-04-12,6955.3798828125,7899.22998046875,6806.509765625,7889.25,8906250240,133907782124.70384,754436.6075949367,2.7772317348939964e+19,0.0001502793237731,3511060552899.72,563842.0,277116,195881,753077.49121225,2.7905745809286e+19,7387.5924072265625
2018-04-13,7901.08984375,8183.9599609375,7758.93017578125,7895.9599609375,7764460032,134037646051.4134,771287.524691358,2.778963081163971e+19,0.0001761327072617,3511060552899.72,664659.0,319289,221242,911408.57715155,2.7665618884825e+19,7934.9849853515625
2018-04-14,7874.669921875,8140.7099609375,7846.0,7986.240234375,5191430144,135586044356.47556,735975.7106918239,2.778219111266741e+19,0.0001491057636335,3839316899029.672,562451.0,276260,190687,569438.83253479,3.0270834843068e+19,7961.905029296875
2018-04-15,7999.330078125,8338.419921875,7999.330078125,8329.1103515625,5244480000,141421893079.11322,949060.471830986,2.7614530703940227e+19,0.0001481900238563,3839316899029.672,522270.0,245317,162221,414528.52605064,2.7628382610799e+19,8166.547607421875
2018-04-16,8337.5703125,8371.150390625,7925.72998046875,8058.669921875,5631309824,136845322734.90308,874347.2185430464,2.8079283228369617e+19,0.000136786914225,3839316899029.672,721071.0,275951,184751,964260.92580462,2.8835906813734e+19,8173.2801513671875
2018-04-17,8071.66015625,8285.9599609375,7881.72021484375,7902.08984375,6900879872,134201010849.0542,826323.9594594594,2.8177555798359384e+19,0.0001289045263457,3839316899029.672,619782.0,296702,200241,793530.53596703,2.9136608491419e+19,8035.3575439453125
2018-04-18,7944.43017578125,8197.7998046875,7886.009765625,8163.419921875,6529909760,138656120424.50854,651859.9759036144,2.852697545021305e+19,0.0001222016107811,3839316899029.672,576013.0,298901,203541,816500.49326157,3.0538513295665e+19,8047.9149169921875
2018-04-19,8159.27001953125,8298.6904296875,8138.77978515625,8294.3095703125,7063209984,140897182622.60742,649520.6820809249,2.946656164459624e+19,0.0001301361336209,3839316899029.672,612293.0,313507,213709,1069988.0672738,3.2080343374316e+19,8222.762451171875
2018-04-20,8286.8798828125,8880.23046875,8244.5400390625,8845.830078125,8438110208,150283626136.28568,733994.572327044,2.994340244514161e+19,0.0001317029867368,3839316899029.672,685073.0,322075,217746,972891.36090595,3.2127784497778e+19,8564.3701171875
2018-04-21,8848.7900390625,8997.5703125,8652.150390625,8895.580078125,7548550144,151144545532.42188,840305.2887323943,2.97832488939627e+19,0.0001568700512984,3839316899029.672,607386.0,283996,193768,747295.28818179,2.7381829415621e+19,8848.522705078125
2018-04-22,8925.0595703125,9001.6396484375,8779.6103515625,8802.4599609375,6629899776,149580779326.79395,547086.1130952381,3.0059772777740616e+19,0.0001248801525536,3839316899029.672,517397.0,253543,175217,503219.97499122,3.0732363520493e+19,8877.1923828125
2018-04-23,8794.3896484375,8958.5498046875,8788.8095703125,8930.8798828125,6925190144,151780237221.6372,732461.5194805195,3.048476959269368e+19,0.0001288403649718,3839316899029.672,604644.0,293124,209112,748938.89391863,3.0108693302278e+19,8868.1572265625
2018-04-24,8934.33984375,9732.6103515625,8927.830078125,9697.5,10678800384,164827074093.75,952114.5838926176,3.0185874335742e+19,0.0002340915492876,3839316899029.672,741654.0,346245,241937,757769.04741038,2.9174173283815e+19,9323.070068359375
2018-04-25,9701.0302734375,9745.3203125,8799.83984375,8845.740234375,11083100160,150364884832.98926,967270.0294117648,2.951847458315723e+19,0.0003470482641875,3839316899029.672,690402.0,322627,220669,1137999.88961941,2.7646548997112e+19,9272.982666015625
2018-04-26,8867.3203125,9281.509765625,8727.08984375,9281.509765625,8970559488,157788748719.5371,928973.4084507042,2.8512074340240978e+19,0.000351819434155,3839316899029.672,679398.0,329177,230010,814186.05867584,2.5735573901952e+19,9039.357421875
2018-04-27,9290.6298828125,9375.4697265625,8987.0498046875,8987.0498046875,7566289920,152797679120.5078,940593.13740458,2.786074630214682e+19,0.0002864983242614,4022059196164.954,653854.0,302840,207968,641271.21791494,2.5991210440055e+19,9160.0498046875
2018-04-28,8939.26953125,9412.08984375,8931.990234375,9348.48046875,7805479936,158957388284.55768,996821.0952380951,2.7504137696245563e+19,0.000216260239742,4022059196164.954,586156.0,274479,205596,857975.8565257799,2.6483167957495e+19,9157.95751953125
2018-04-29,9346.41015625,9531.490234375,9193.7099609375,9419.080078125,8853000192,160177292343.32233,596054.303030303,2.782000091019484e+19,0.0001924716772464,4022059196164.954,532474.0,260860,190300,772268.69034016,3.1034751760589e+19,9372.672607421875
2018-04-30,9426.1103515625,9477.1396484375,9166.8095703125,9240.5498046875,8673920000,157158040806.0547,751972.1793103449,2.7807563084954903e+19,0.000181883745859,4022059196164.954,593028.0,287764,197418,753564.7208127,2.964360678309e+19,9327.65234375
2018-05-01,9251.4697265625,9255.8798828125,8891.0498046875,9119.009765625,7713019904,155109537699.59085,701254.8404907975,2.8268060969071264e+19,0.0001631701097065,4022059196164.954,670635.0,335527,212567,648205.65949419,3.1661504492854e+19,9129.352294921875
2018-05-02,9104.599609375,9256.51953125,9015.1396484375,9235.919921875,7558159872,157114477159.56442,732666.2887323943,2.8677350124592566e+19,0.0001809605101209,4022059196164.954,570249.0,278303,190249,573108.05828341,3.0421191117413e+19,9153.044677734375
2018-05-03,9233.9697265625,9798.330078125,9188.150390625,9743.8603515625,10207299584,165773757740.14304,851086.7973856209,2.9358202007974547e+19,0.0001668014602429,4022059196164.954,696360.0,333580,226161,742543.75728418,2.9641815081449e+19,9491.07763671875
2018-05-04,9695.5,9779.2001953125,9585.9599609375,9700.759765625,8217829888,165058736396.13,991407.38,2.9798744796371866e+19,0.0001839445488183,4022059196164.954,732487.0,345124,237288,849858.71446077,2.9591251218899e+19,9690.35498046875
2018-05-05,9700.2802734375,9964.5,9695.1201171875,9858.150390625,7651939840,167753360832.63568,829049.7777777778,3.010267905290753e+19,0.0001607821430285,4022059196164.954,593886.0,290497,200072,626021.5757597,2.8285926095496e+19,9804.5126953125
2018-05-06,9845.3095703125,9940.1396484375,9465.25,9654.7998046875,7222280192,164311225815.3195,708133.9536423841,2.9807365302940123e+19,0.000187181660087,4022059196164.954,555896.0,258047,183394,556483.4198823,3.1442024919237e+19,9726.374755859375
2018-05-07,9645.669921875,9665.849609375,9231.5302734375,9373.009765625,7394019840,159532358793.31683,820333.8472222222,2.94907941195287e+19,0.0001699412526006,4022059196164.954,597798.0,264019,182644,664601.46683858,2.7854354701489e+19,9479.014892578125
2018-05-08,9380.8701171875,9462.75,9127.76953125,9234.8203125,7415869952,157195852913.62305,964017.9037037035,2.89645389517199e+19,0.0001647692861286,4022059196164.954,657142.0,311774,217224,709817.84479534,2.8664120093875e+19,9301.552490234375
2018-05-09,9223.73046875,9374.759765625,9031.6201171875,9325.1796875,7226890240,158753474281.31696,778778.4131736527,2.939138890587248e+19,0.0001495341033461,4022059196164.954,657772.0,323134,222611,688379.10802122,3.0633247896847e+19,9238.822509765625
2018-05-10,9325.9599609375,9396.0400390625,9040.51953125,9043.9404296875,6906699776,153983712445.4771,698063.3125,2.984424997939667e+19,0.00013156743962,4022059196164.954,590635.0,303942,207188,736663.2168099,3.2400022293042e+19,9201.614990234375
2018-05-11,9052.9599609375,9052.9599609375,8394.4599609375,8441.490234375,8488520192,143739341043.84766,942943.0806451612,2.907653328632682e+19,0.0001635164757266,4143878474754.188,612333.0,281458,195873,857180.45992461,2.7176008870315e+19,8735.467529296875
2018-05-12,8441.4404296875,8664.8603515625,8223.5,8504.8896484375,6821380096,144835098009.76562,888906.8881578947,2.965188728956424e+19,0.0001647573726518,4143878474754.188,747348.0,300985,213470,708263.14448119,3.0726124067899e+19,8458.672607421875
2018-05-13,8515.490234375,8773.5498046875,8395.1201171875,8723.9404296875,5866379776,148583149916.7844,501088.3765432099,3.017387892670015e+19,0.0001431862420122,4143878474754.188,456670.0,230494,159149,455248.59755203,3.316398573158e+19,8602.025146484375
2018-05-14,8713.099609375,8881.1201171875,8367.9697265625,8716.7900390625,7364149760,148473982204.73633,837544.1282051282,2.9491560428312617e+19,0.0001709055128049,4143878474754.188,543203.0,250821,172785,791363.2674773401,2.6762301438945e+19,8669.744873046875
2018-05-15,8705.1904296875,8836.1904296875,8456.4501953125,8510.3798828125,6705710080,144975664404.20547,784647.2515337423,3.014818119789727e+19,0.0001665775258167,4143878474754.188,691643.0,343813,231729,707857.56648366,3.0676155236686e+19,8627.052734375
2018-05-16,8504.41015625,8508.4296875,8175.490234375,8368.830078125,6760220160,142581046641.21094,703515.00625,3.04089784786726e+19,0.0001680893582442,4143878474754.188,617389.0,306919,217201,687956.21231677,3.322707134017e+19,8389.2900390625
2018-05-17,8370.0498046875,8445.5400390625,8054.1201171875,8094.31982421875,5862530048,137920591570.20886,680644.6319018404,3.0722180131633336e+19,0.0002273739773492,4143878474754.188,615427.0,288889,200435,819583.95368752,3.4238036438263e+19,8241.007446289062
2018-05-18,8091.830078125,8274.1201171875,7974.81982421875,8250.9697265625,5764190208,140602316460.8274,988372.6859504132,3.0768363382631e+19,0.0003657580217476,4143878474754.188,668478.0,279807,197998,757578.82608847,2.6852459624851e+19,8147.9349365234375
2018-05-19,8255.73046875,8372.0595703125,8183.35009765625,8247.1796875,4712399872,140554448726.30594,628264.0555555555,3.0558102889607533e+19,0.0001990774250719,4143878474754.188,567868.0,267820,190316,489626.22884447,3.0876601601514e+19,8264.579956054688
2018-05-20,8246.990234375,8562.41015625,8205.240234375,8513.25,5191059968,145104711473.69983,526951.1216216217,3.064229045497846e+19,0.0001603088877224,4143878474754.188,449815.0,228810,157173,412905.57080198,3.2193615017243e+19,8381.97265625
2018-05-21,8522.330078125,8557.51953125,8365.1201171875,8418.990234375,5154990080,143512350813.57422,729709.7259259259,3.07479028191188e+19,0.0001592734111652,4143878474754.188,549203.0,266712,185271,571563.96468918,2.9429765318149e+19,8465.989990234375
2018-05-22,8419.8701171875,8423.25,8004.580078125,8041.77978515625,5137010176,137099822307.22037,663161.28,3.1497843768318382e+19,0.0001356814212142,4143878474754.188,611390.0,288183,199611,512330.31765103,3.4548836876722e+19,8222.369995117188
2018-05-23,8037.080078125,8054.66015625,7507.8798828125,7557.81982421875,6491120128,128862561813.5469,826637.9788732395,3.056429806698964e+19,0.0001379147936553,4143878474754.188,626331.0,313692,222613,653850.46379641,2.9912647358198e+19,7789.3599853515625
2018-05-24,7561.1201171875,7738.60009765625,7331.14013671875,7587.33984375,6049220096,129380947977.85043,705483.6981132076,3.127239177654317e+19,0.0001380505830816,4306949573981.5127,593763.0,299783,214584,718470.40470436,3.3043783410977e+19,7554.550048828125
2018-05-25,7592.2998046875,7659.14013671875,7392.64990234375,7480.14013671875,4867829760,127568485413.71468,672587.7108433734,3.223080059578838e+19,0.0001539083178069,4306949573981.5127,616000.0,285527,202236,621972.07199534,3.5020426447876e+19,7531.0574951171875
2018-05-26,7486.47998046875,7595.16015625,7349.1201171875,7355.8798828125,4051539968,125463300159.604,569525.2810457516,3.220063923885908e+19,0.0001477123625046,4306949573981.5127,498004.0,242997,170624,453340.50298503,3.4757983858367e+19,7446.6600341796875
2018-05-27,7362.080078125,7381.740234375,7270.9599609375,7368.22021484375,4056519936,125690014395.72444,422881.3806818182,3.3641851588272968e+19,0.0001387944235649,4306949573981.5127,436415.0,211791,148950,486433.32792893,3.5747007926919e+19,7345.7501220703125
2018-05-28,7371.31005859375,7419.0498046875,7100.89013671875,7135.990234375,5040600064,121742605185.68416,605587.2929936305,3.3244562666084094e+19,0.0001239893193869,4306949573981.5127,516675.0,241791,175386,1011523.30512548,3.4364958874501e+19,7256.81005859375
2018-05-29,7129.4599609375,7526.419921875,7090.68017578125,7472.58984375,5662660096,127499279373.24837,726820.0198675497,3.400318704543422e+19,0.0001747819501024,4306949573981.5127,566684.0,260103,187344,858730.2006532,3.2587311037301e+19,7304.7874755859375
2018-05-30,7469.72998046875,7573.77001953125,7313.60009765625,7406.52001953125,4922540032,126386027844.40604,788705.0196078431,3.3884299501584384e+19,0.0001169879115271,4306949573981.5127,622996.0,307638,212811,1075040.76727933,3.2432292535186e+19,7440.905029296875
2018-05-31,7406.14990234375,7608.89990234375,7361.1298828125,7494.169921875,5127130112,127898110179.79132,657575.0742857143,3.422069035889618e+19,0.0001031478924649,4306949573981.5127,596168.0,301636,208732,963466.38388529,3.6883203125262e+19,7467.58740234375
2018-06-01,7500.7001953125,7604.72998046875,7407.33984375,7541.4501953125,4921460224,128720017172.992,780404.1320754717,3.404176289124584e+19,0.0001044318013946,4306949573981.5127,707395.0,306087,209521,924501.85584152,3.6008271801562e+19,7513.5550537109375
2018-06-02,7536.72021484375,7695.830078125,7497.259765625,7643.4501953125,4939299840,130477072184.18576,576434.6845238095,3.45369100740296e+19,9.051399624159014e-05,4306949573981.5127,542540.0,262259,182524,588563.17975564,3.5992001148567e+19,7593.3150634765625
2018-06-03,7632.08984375,7754.89013671875,7613.0400390625,7720.25,4851760128,131842332073.69376,652427.5875,3.453742183430868e+19,9.256972819740178e-05,4306949573981.5127,495875.0,230831,165267,535143.48770482,3.3751771397012e+19,7680.0675048828125
2018-06-04,7722.52978515625,7753.81982421875,7474.0400390625,7514.47021484375,4993169920,128307178401.85548,1031530.5698324024,3.5218314998033035e+19,0.0001026099165501,4306949573981.5127,652093.0,270118,193050,987366.66679381,3.5808546953446e+19,7616.2149658203125
2018-06-05,7500.89990234375,7643.22998046875,7397.0,7633.759765625,4961739776,130361553388.68402,864724.9135135135,3.64372628179211e+19,8.758686380964467e-05,4306949573981.5127,671668.0,305290,212739,790469.01829994,4.2159191449634e+19,7543.722412109375
2018-06-06,7625.97021484375,7680.43017578125,7502.009765625,7653.97998046875,4692259840,130721251042.96877,1002546.5637583892,3.644263513604477e+19,8.996948378607367e-05,4940704885521.827,646660.0,302187,211269,641641.36283784,3.821660964318e+19,7615.5975341796875
2018-06-07,7650.81982421875,7741.27001953125,7650.81982421875,7678.240234375,4485799936,131148503617.67578,1075988.4962962964,3.6151680415621673e+19,0.0001021272327904,4940704885521.827,637853.0,293349,207646,817716.01048982,3.4516860131236e+19,7680.2874755859375
2018-06-08,7685.14013671875,7698.18994140625,7558.39990234375,7624.919921875,4227579904,130252599254.01608,983356.3269230768,3.618054136712495e+19,5.9822427746792e-05,4940704885521.827,663524.0,288073,205112,927446.27148429,3.6910357215769e+19,7641.6624755859375
2018-06-09,7632.52001953125,7683.580078125,7531.97998046875,7531.97998046875,3845220096,128678408938.93433,678221.2027972027,3.672804587026696e+19,0.0001098050915331,4940704885521.827,528147.0,258277,182666,588869.94373716,3.5682675966526e+19,7595.0150146484375
2018-06-10,7499.5498046875,7499.5498046875,6709.06982421875,6786.02001953125,5804839936,115945114829.43114,661744.9296875,3.62904745285096e+19,8.479295905417539e-05,4940704885521.827,466224.0,227206,167050,777540.73298107,3.2618277926574e+19,7123.54736328125
2018-06-11,6799.2900390625,6910.18017578125,6706.6298828125,6906.919921875,4745269760,118022030440.50903,822093.1374045801,3.50964215755847e+19,0.000106179738012,4940704885521.827,568118.0,260601,195467,1081070.81569352,3.3472985709553e+19,6830.7550048828125
2018-06-12,6905.81982421875,6907.9599609375,6542.080078125,6582.35986328125,4654380032,112488423268.21288,947748.0066666668,3.4771666759188988e+19,0.0001124284312548,4940704885521.827,643741.0,311054,226474,928100.85660344,3.5250469753784e+19,6734.554931640625
2018-06-13,6596.8798828125,6631.66015625,6285.6298828125,6349.89990234375,5052349952,108527379909.00574,901218.2291666666,3.468434799240492e+19,0.0001310785528575,4940704885521.827,609549.0,272662,200312,845461.89349217,3.5482936695619e+19,6466.0174560546875
2018-06-14,6342.75,6707.14013671875,6334.4599609375,6675.35009765625,5138710016,114102518542.41336,877728.0194805195,3.5351525549961777e+19,0.0001654139685815,4940704885521.827,677317.0,318464,232093,1013527.55766853,3.7145680924216e+19,6514.925048828125
2018-06-15,6674.080078125,6681.080078125,6433.8701171875,6456.580078125,3955389952,110374432126.83716,805699.7642857142,3.4813845979597e+19,0.0001200730236102,4940704885521.827,603244.0,281863,202116,759877.66558571,3.5317080753748e+19,6561.402587890625
2018-06-16,6455.4501953125,6592.490234375,6402.2900390625,6550.16015625,3194170112,111987523400.47302,577518.0609756098,3.5500315530983195e+19,9.630015058966176e-05,4940704885521.827,494552.0,240813,174846,426007.32993548,4.0223522228055e+19,6500.09765625
2018-06-17,6545.52978515625,6589.10986328125,6499.27001953125,6499.27001953125,3104019968,111131326329.19617,446375.2339181287,3.731205278239608e+19,0.0001639261452866,4940704885521.827,418719.0,206565,147474,352522.27836885,4.1290051171351e+19,6533.294921875
2018-06-18,6510.06982421875,6781.14013671875,6446.68017578125,6734.81982421875,4039200000,115171918642.80702,590894.7012987013,3.7808400151111655e+19,0.000100757381203,4940704885521.827,492087.0,234343,167176,425455.23748935,3.8299510239026e+19,6618.177490234375
2018-06-19,6742.39013671875,6822.5,6709.919921875,6769.93994140625,4057029888,115785479444.53123,786597.9607843137,3.820273445131296e+19,0.0001286125622921,5077499034879.017,613631.0,290881,205644,561947.91575066,3.9377917785903e+19,6761.1875
2018-06-20,6770.759765625,6821.56005859375,6611.8798828125,6776.5498046875,3888640000,115911640049.22792,1091717.670967742,3.876103657146881e+19,0.001207899980867,5077499034879.017,570135.0,269155,186066,516993.74428749,3.8459601859605e+19,6745.1873779296875
2018-06-21,6780.08984375,6810.93994140625,6715.169921875,6729.740234375,3529129984,115126011029.58076,747152.4494382022,4.026725199450795e+19,0.0004477836420289,5077499034879.017,612790.0,292535,211654,542642.41200797,4.2944489688647e+19,6758.9849853515625
2018-06-22,6737.8798828125,6747.080078125,6006.60009765625,6083.68994140625,5079810048,104085276254.32433,709566.8040540541,3.964544583828952e+19,0.0003627805198098,5077499034879.017,565719.0,266968,190839,619584.3772669199,4.0163620396308e+19,6393.8125
2018-06-23,6090.10009765625,6224.81982421875,6071.81005859375,6162.47998046875,3431360000,105444629261.31602,717727.75,3.910364983004543e+19,0.0002295313822497,5077499034879.017,546204.0,252871,187231,522945.09748406,3.7309847332948e+19,6137.302490234375
2018-06-24,6164.27978515625,6223.77978515625,5826.41015625,6173.22998046875,4566909952,105642751537.31071,433535.1902173913,4.049201519778395e+19,0.0001808463062417,5077499034879.017,439931.0,217582,157601,454121.79436284,4.4858638682501e+19,6096.9249267578125
2018-06-25,6171.97021484375,6327.3701171875,6119.68017578125,6249.18017578125,5500810240,106955151067.12042,767661.8819875777,4.078883363240369e+19,0.0001669435270997,5077499034879.017,560103.0,251475,184965,579969.04248727,4.1161691997834e+19,6217.0501708984375
2018-06-26,6253.5498046875,6290.16015625,6093.669921875,6093.669921875,3279759872,104304459075.77824,1076280.118881119,4.047364128515192e+19,0.0001723831996659,5077499034879.017,610906.0,274012,199949,543313.39309851,3.7338637152303e+19,6182.762451171875
2018-06-27,6084.39990234375,6180.0,6052.85009765625,6157.1298828125,3296219904,105400878050.78123,1058496.3484848484,3.933085935683229e+19,0.0001716941909063,5077499034879.017,585573.0,256645,183755,592000.20717366,3.6019644274732e+19,6118.594970703125
2018-06-28,6153.16015625,6170.41015625,5873.0498046875,5903.43994140625,3467800064,101068589035.92236,821126.0629370629,3.835522066558463e+19,0.0001490676883853,5077499034879.017,574998.0,271072,194548,569983.47092759,3.4708704257268e+19,6025.0150146484375
2018-06-29,5898.1298828125,6261.66015625,5835.75,6218.2998046875,3966230016,106470428814.63022,762594.794520548,3.812347148754164e+19,0.0001411326074774,5077499034879.017,580811.0,267412,194157,550439.90417239,3.6567980890578e+19,6053.4599609375
2018-06-30,6214.22021484375,6465.509765625,6214.22021484375,6404.0,4543860224,109661455600.0,897615.951048951,3.772723324022018e+19,0.0001376495424958,5077499034879.017,558864.0,254613,187583,444958.5067061,3.7305873301054e+19,6324.487548828125
2018-07-01,6411.68017578125,6432.85009765625,6289.2900390625,6385.81982421875,4788259840,109362193322.87907,755402.6291390728,3.659789538456878e+19,0.000109427827642,5077499034879.017,493214.0,215287,160480,486092.88663369,3.7232683136827e+19,6379.9100341796875
2018-07-02,6380.3798828125,6683.85986328125,6305.7001953125,6614.18017578125,4396930048,113285115055.94173,855009.2739726028,3.624578069386109e+19,0.0001175916600788,5363678461481.357,559702.0,244214,178106,514098.52734045,3.8599323842501e+19,6496.030029296875
2018-07-03,6596.66015625,6671.3701171875,6447.75,6529.58984375,4672309760,111846079012.45116,1115010.2,3.5812014924173623e+19,0.0001221542074322,5363678461481.357,673668.0,308995,224025,737383.11782343,3.3193210193238e+19,6561.342529296875
2018-07-04,6550.8701171875,6771.919921875,6450.4599609375,6597.5498046875,4176689920,113021141255.43834,1028561.4586466164,3.566916949980232e+19,0.0001147474585079,5363678461481.357,642868.0,291594,209739,570504.6672304,3.4280911169139e+19,6592.699951171875
2018-07-05,6599.7099609375,6749.5400390625,6546.64990234375,6639.14013671875,4999240192,113744985403.10368,784454.3722627737,3.613868999629942e+19,0.0001018652342859,5363678461481.357,523293.0,269447,198262,536551.03498332,3.5017367410334e+19,6633.760009765625
2018-07-06,6638.68994140625,6700.93994140625,6533.5498046875,6673.5,4313959936,114346251562.5,744749.5960264901,3.6678275783067705e+19,0.000104953957881,5363678461481.357,657993.0,282739,202664,623222.52318191,4.0121641011323e+19,6636.669921875
2018-07-07,6668.7099609375,6863.990234375,6579.240234375,6856.93017578125,3961080064,117502926840.982,547881.425,3.736014094798455e+19,9.68906615343892e-05,5363678461481.357,491236.0,247372,181336,393686.08971496,4.2513064343243e+19,6742.2176513671875
2018-07-08,6857.7998046875,6885.91015625,6747.97998046875,6773.8798828125,3386210048,116092785595.56262,557486.5844155845,3.786176205550506e+19,0.0001014158809536,5363678461481.357,460382.0,216793,154276,422851.49620503,4.0779937887673e+19,6816.3924560546875
2018-07-09,6775.080078125,6838.68017578125,6724.33984375,6741.75,3718129920,115554016359.375,907957.085106383,3.774350342686589e+19,9.94370196375178e-05,5363678461481.357,575104.0,260999,190299,507428.39627205,3.9401917268783e+19,6769.9625244140625
2018-07-10,6739.2099609375,6767.740234375,6320.72021484375,6329.9501953125,4052430080,108507135879.85216,1051490.7708333333,3.889517977997492e+19,0.0001005397416646,5363678461481.357,644714.0,292447,216037,551398.86630355,3.9283572220827e+19,6539.4051513671875
2018-07-11,6330.77001953125,6444.9599609375,6330.47021484375,6394.7099609375,3644859904,109628589487.99452,915357.7253521128,3.91754322157837e+19,0.0001068774682708,5363678461481.357,616559.0,270526,198398,809970.25392797,3.8410186324369e+19,6375.2275390625
2018-07-12,6396.77978515625,6397.10009765625,6136.419921875,6228.81005859375,3770170112,106795128538.04608,1180022.8686131388,3.924859841105498e+19,9.2491823617125e-05,5363678461481.357,853826.0,280734,209238,680049.87963683,3.6615227595653e+19,6289.7774658203125
2018-07-13,6235.02978515625,6310.5498046875,6192.240234375,6238.0498046875,3805400064,106964853684.1127,1081984.3655172414,3.890286877647864e+19,9.372583329963608e-05,5363678461481.357,932169.0,273057,197840,556043.40861409,3.8920566113873e+19,6243.9674072265625
2018-07-14,6247.5,6298.18994140625,6212.22021484375,6276.1201171875,2923670016,107628085568.6708,1235418.5037593986,3.810578114113028e+19,8.558866026531776e-05,5363678461481.357,951516.0,272396,200062,544427.58436341,3.5149331745613e+19,6258.507568359375
2018-07-15,6272.7001953125,6403.4599609375,6256.509765625,6359.64013671875,3285459968,109070610687.30782,894975.5426356589,3.739554228713364e+19,9.006816202140997e-05,5363678461481.357,475808.0,209667,155535,474997.75766166,3.575429564303e+19,6323.0775146484375
2018-07-16,6357.009765625,6741.75,6357.009765625,6741.75,4725799936,115634917359.375,766482.176923077,3.674033649371813e+19,0.0001144924717471,5363678461481.357,525016.0,248515,181309,654795.8976011099,3.52911418797e+19,6549.3798828125
2018-07-17,6739.64990234375,7387.240234375,6684.169921875,7321.0400390625,5961950208,125584480239.0318,896325.6891891892,3.683416565305221e+19,0.000101319281301,5178671069072.251,652290.0,323127,232420,648156.5627907,3.5401150186547e+19,7033.0250244140625
2018-07-18,7315.31982421875,7534.990234375,7280.47021484375,7370.77978515625,6103410176,126452637320.46838,1055478.2160493827,3.711966520988527e+19,0.0001267350021751,5178671069072.251,760013.0,340257,243660,780757.88415218,4.3052481872025e+19,7375.3900146484375
2018-07-19,7378.2001953125,7494.4599609375,7295.4599609375,7466.85986328125,5111629824,128116474869.90654,894256.8012048192,3.801663314651291e+19,0.0001365782789383,5178671069072.251,674558.0,306407,220486,640263.82644708,4.4299340541795e+19,7408.7449951171875
2018-07-20,7467.39990234375,7594.669921875,7323.259765625,7354.1298828125,4936869888,126198983101.3609,729405.1208791209,3.934091264152928e+19,0.0001049316897231,5178671069072.251,677534.0,323879,237749,623599.84576088,4.3447243218617e+19,7434.8648681640625
2018-07-21,7352.72021484375,7437.64013671875,7262.41015625,7419.2900390625,3726609920,127330319355.97516,738348.5070422535,3.9573060606908015e+19,0.000100881552596,5178671069072.251,533990.0,270056,200110,503246.19808741,3.9247434581667e+19,7368.01513671875
2018-07-22,7417.7998046875,7537.9501953125,7383.81982421875,7418.490234375,3695460096,127331151845.1542,552228.1273885351,4.046474993820702e+19,8.718837912923451e-05,5178671069072.251,468430.0,237533,170976,364656.36402198,3.9107660269976e+19,7439.5150146484375
2018-07-23,7414.7099609375,7771.5,7409.10009765625,7711.10986328125,5132480000,132370839690.5303,675685.9213483146,4.228392732147455e+19,0.0001046046912169,5178671069072.251,598035.0,289203,207330,586504.26336463,4.5282282351322e+19,7576.60498046875
2018-07-24,7716.509765625,8424.26953125,7705.5,8424.26953125,7277689856,144630491896.72852,951324.6545454544,4.232407731268279e+19,0.000118763097504,5178671069072.251,750753.0,360060,258379,744141.49650883,4.2809240111699e+19,8067.63720703125
2018-07-25,8379.66015625,8416.8701171875,8086.35986328125,8181.39013671875,5845400064,140477229866.65353,976916.3950617284,4.196442793614644e+19,0.0001100189972094,5178671069072.251,743228.0,347786,249414,653203.17643431,4.2345384867102e+19,8266.070068359375
2018-07-26,8176.85009765625,8290.330078125,7878.7099609375,7951.580078125,4899089920,136548111312.68352,809296.3550295858,4.1823131984570745e+19,9.778939734737132e-05,5178671069072.251,673839.0,327341,234032,576238.21571354,4.4638503508457e+19,8074.3675537109375
2018-07-27,7950.39990234375,8262.66015625,7839.759765625,8165.009765625,5195879936,140228939593.59174,958562.2337662338,4.188595165318146e+19,0.0001029584411539,5178671069072.251,699089.0,317411,232794,574930.30547671,4.0493021919151e+19,8054.4573974609375
2018-07-28,8169.06005859375,8222.849609375,8110.77001953125,8192.150390625,3988750080,140711242362.0976,777446.3417721519,4.2346060358132924e+19,8.73231885405685e-05,5178671069072.251,603410.0,285419,201092,466217.10121187,4.1205567253529e+19,8173.70751953125
2018-07-29,8205.8203125,8272.259765625,8141.18017578125,8218.4599609375,4107190016,141181019900.5068,528396.8448275862,4.24561500888235e+19,8.695699374436265e-05,5949437371609.53,504583.0,246767,171845,442640.52662334,4.7844445144079e+19,8209.430053710938
2018-07-30,8221.580078125,8235.5,7917.5,8180.47998046875,5551400000,140541891505.00217,828133.0076335878,4.215442145009838e+19,0.0001037593954327,5949437371609.53,545339.0,281352,203319,519831.19589983,3.9892487238537e+19,8138.7650146484375
2018-07-31,8181.2001953125,8181.52978515625,7696.93017578125,7780.43994140625,5287530000,133683480545.32518,875323.1849315069,4.24402424744974e+19,0.0001098915745789,5949437371609.53,654841.0,329386,238432,611033.63435295,4.3008253193756e+19,7960.0250244140625
2018-08-01,7769.0400390625,7769.0400390625,7504.9501953125,7624.91015625,4797620000,131025452667.80373,1005187.1258278146,4.2360870350494425e+19,9.02842928087371e-05,5949437371609.53,707883.0,334011,244658,590940.373801,4.4728104161761e+19,7666.985107421875
2018-08-02,7634.18994140625,7712.77001953125,7523.43994140625,7567.14990234375,4214110000,130047549966.2539,943229.6688311688,4.272772531838715e+19,0.0001096475725032,5949437371609.53,700642.0,330677,239403,628843.74058764,4.5418960440521e+19,7609.387451171875
2018-08-03,7562.14013671875,7562.14013671875,7328.64990234375,7434.39013671875,4627150000,127780819184.375,803910.64375,4.338911689350192e+19,0.0001041395073621,5949437371609.53,655257.0,301428,220791,580027.97036791,4.7287037975779e+19,7471.830078125
2018-08-04,7438.669921875,7497.490234375,6984.06982421875,7032.85009765625,4268390000,120894404266.18016,645478.8554913295,4.518075800480202e+19,8.992118876828693e-05,5949437371609.53,586431.0,295157,211900,543468.39087781,5.0485251247244e+19,7238.27001953125
2018-08-05,7031.080078125,7102.77001953125,6940.7001953125,7068.47998046875,3679110000,121521888327.68898,561284.8165680474,4.650828886332719e+19,8.062268707789285e-05,5949437371609.53,498189.0,240240,177680,496432.59632922,4.9707405625344e+19,7035.757568359375
2018-08-06,7062.93994140625,7166.5498046875,6890.5400390625,6951.7998046875,3925900000,119527900402.23071,882404.9496402878,4.625730129434869e+19,8.153933863597733e-05,5949437371609.53,599375.0,272693,200026,576993.69906565,4.2990404083219e+19,7017.9573974609375
2018-08-07,6958.31982421875,7146.56005859375,6748.240234375,6753.1201171875,4682800000,116123529765.625,1074387.423357664,4.552137927818183e+19,8.050551043098119e-05,5949437371609.53,671953.0,311657,224859,589285.46756447,4.08600708399e+19,6901.56005859375
2018-08-08,6746.85009765625,6746.85009765625,6226.22021484375,6305.7998046875,5064430000,108444287389.3162,878438.1366459627,4.600111992322658e+19,8.382937115015235e-05,5949437371609.53,686743.0,327455,241568,791126.69224919,4.6448165830079e+19,6506.4300537109375
2018-08-09,6305.56005859375,6625.72998046875,6249.06982421875,6568.22998046875,4267040000,112969343223.15729,755171.3767123288,4.583111464557832e+19,9.213494007696536e-05,5949437371609.53,585291.0,292147,209185,690708.8759301,4.5494651851202e+19,6437.1474609375
2018-08-10,6571.419921875,6591.259765625,6124.52001953125,6184.7099609375,4528680000,106386321989.70308,837839.4210526316,4.587339592821277e+19,9.298430186675076e-05,5949437371609.53,691213.0,328589,241007,746740.7340193,4.7816815931738e+19,6367.9774169921875
2018-08-11,6185.7900390625,6455.740234375,6109.02978515625,6295.72998046875,4047850000,108310338845.2788,653605.4835164836,4.652927616201249e+19,8.163172809109794e-05,6389316883511.965,575476.0,278267,207952,554954.82248399,5.5637794771159e+19,6261.572509765625
2018-08-12,6283.64990234375,6409.85009765625,6237.5,6322.68994140625,5665250000,108786696513.96136,573417.325,4.717116804766857e+19,7.734466245990059e-05,6389316883511.965,472865.0,227190,170202,393056.09103311,5.2073602035437e+19,6313.4224853515625
2018-08-13,6341.35986328125,6537.0498046875,6225.72021484375,6297.56982421875,4083980000,108365705618.0722,819511.852112676,4.86161045851924e+19,8.483925348158245e-05,6389316883511.965,541327.0,267361,196606,547713.04190479,4.6460787411953e+19,6350.4249267578125
2018-08-14,6287.66015625,6287.93994140625,5971.0498046875,6199.7099609375,5301700000,106692564055.8966,976778.8768115942,4.797097426009303e+19,0.0001054699845847,6389316883511.965,622666.0,321000,232238,782838.28973988,4.6137294872353e+19,6186.5899658203125
2018-08-15,6221.419921875,6588.490234375,6221.419921875,6308.52001953125,4895450000,108577760159.5639,849676.9627329193,4.89079538542253e+19,9.543379754911496e-05,6389316883511.965,708419.0,354561,257050,815121.38734282,4.7940113559172e+19,6334.9625244140625
2018-08-16,6294.22998046875,6473.5,6276.41015625,6334.72998046875,4328420000,109040795381.52496,771703.0933333334,4.915312425443691e+19,9.727310053682404e-05,6389316883511.965,601544.0,316671,231547,644412.21395022,5.02303290222e+19,6344.717529296875
2018-08-17,6340.91015625,6582.5,6324.97021484375,6580.6298828125,4992990000,113286275347.64084,841139.7051282051,4.879603842609806e+19,0.0001031363325448,6389316883511.965,678810.0,333174,240551,628838.87770614,4.9001133441767e+19,6457.2525634765625
2018-08-18,6583.43017578125,6617.35009765625,6353.72998046875,6423.759765625,3984520000,110599131416.18942,649855.2634730539,4.87103276217656e+19,9.457439578234032e-05,6389316883511.965,554968.0,286430,213673,435601.52578974,5.0843162333615e+19,6494.5675048828125
2018-08-19,6422.56982421875,6537.97998046875,6361.5498046875,6506.06982421875,3311170000,112028487443.02112,556150.22,4.858635599048425e+19,9.078821672063831e-05,6389316883511.965,453644.0,236413,167063,319446.95876008,4.8916979820261e+19,6457.0423583984375
2018-08-20,6500.509765625,6536.919921875,6297.93017578125,6308.52978515625,3665100000,108638121071.86568,769662.1857142857,4.805660847012101e+19,0.0001167608527461,6389316883511.965,578351.0,286886,185917,473584.36680188,4.636025151765e+19,6410.972412109375
2018-08-21,6301.06982421875,6500.8701171875,6298.240234375,6488.759765625,3377180000,111753895539.34392,835424.4333333333,4.874655158395588e+19,0.0001410280269919,6389316883511.965,637626.0,316200,225549,664547.23213393,4.8210400989038e+19,6397.2349853515625
2018-08-22,6486.25,6816.7900390625,6310.10986328125,6376.7099609375,4668110000,109836458646.53642,784715.3419354839,4.845214823586576e+19,0.0001054883623503,6389316883511.965,620520.0,316658,227625,658818.28804206,4.8532353246158e+19,6497.4649658203125
2018-08-23,6371.33984375,6546.5400390625,6371.33984375,6534.8798828125,3426180000,112573376165.38953,755141.431372549,4.843713123281588e+19,9.337260618083497e-05,6389316883511.965,570329.0,295604,215246,546457.0089718,4.922098839033e+19,6456.02490234375
2018-08-24,6551.52001953125,6719.9599609375,6498.64013671875,6719.9599609375,4097820000,115773276134.78072,834915.8768115942,4.760766834782984e+19,8.662469005406765e-05,6389316883511.965,608232.0,296165,214731,558584.8812750101,4.6947987191683e+19,6622.52001953125
2018-08-25,6719.9501953125,6789.6298828125,6700.9599609375,6763.18994140625,3312600000,116530946656.7042,737321.1568627451,4.748044072915486e+19,8.761821506500591e-05,6727225469722.534,590883.0,304735,219980,505210.21864509,4.8681302037697e+19,6743.4324951171875
2018-08-26,6754.64013671875,6774.75,6620.75,6707.259765625,3295500000,115580958929.70618,607685.5398773006,4.886516239262966e+19,0.0001362608416509,6727225469722.534,501490.0,239116,178637,381148.09132649,5.2826389754749e+19,6714.3499755859375
2018-08-27,6710.7998046875,6884.64013671875,6689.7099609375,6884.64013671875,4019000000,118651800128.83624,716377.0848484848,5.01312998952154e+19,0.0001595394298776,6727225469722.534,599241.0,274787,201448,572522.48681635,5.7543523354085e+19,6792.447509765625
2018-08-28,6891.080078125,7109.56005859375,6882.33984375,7096.27978515625,4659940000,122314177688.1624,791961.5654761905,5.1297384098483405e+19,0.000210656492573,6727225469722.534,648234.0,312677,225396,656612.79647491,5.693303636817e+19,6994.81494140625
2018-08-29,7091.7099609375,7113.2998046875,6970.81982421875,7047.16015625,4145880000,121481077755.7186,893084.2679738562,5.17766366160894e+19,0.0001062768867186,6727225469722.534,704661.0,353451,254455,697747.4972983,4.8720994391451e+19,7055.7474365234375
2018-08-30,7043.759765625,7072.68994140625,6834.68994140625,6978.22998046875,4463250000,120305782106.09492,818483.0945945946,5.212255588342609e+19,0.0001039084307972,6727225469722.534,608783.0,307848,220851,575384.12742256,5.1054364502636e+19,6982.3424072265625
2018-08-31,6973.97021484375,7057.169921875,6920.16015625,7037.580078125,4495650000,121341515858.36258,885420.993006993,5.208279566523805e+19,0.0001029578991478,6727225469722.534,651773.0,328668,241978,1325746.93745294,4.8704989546206e+19,6997.2200927734375
2018-09-01,7044.81005859375,7242.2900390625,7038.0498046875,7193.25,4116050000,124039838246.6589,759662.1886792453,5.261905265480485e+19,9.784613614779508e-05,6727225469722.534,588880.0,303954,223228,630694.92607803,5.2681745490268e+19,7129.5999755859375
2018-09-02,7189.580078125,7306.31005859375,7132.16015625,7272.72021484375,4329540000,125423339528.41472,688667.5448275862,5.132476681497485e+19,8.832107481223686e-05,6727225469722.534,508391.0,259207,194527,633409.58450332,4.9939096017566e+19,7225.192626953125
2018-09-03,7279.02978515625,7317.93994140625,7208.14990234375,7260.06005859375,4087760000,125218626822.13704,698905.0933333334,4.996380880602838e+19,8.718270420008183e-05,6727225469722.534,546805.0,276425,202877,630526.31134836,4.8880889873456e+19,7266.294921875
2018-09-04,7263.0,7388.259765625,7255.43994140625,7361.66015625,4273640000,126983100231.73505,948071.4307692308,4.903132554931018e+19,9.952832972667932e-05,6727225469722.534,623192.0,310351,225047,663902.47096359,4.515772912039e+19,7317.0899658203125
2018-09-05,7361.4599609375,7388.43017578125,6792.830078125,6792.830078125,5800460000,117181719418.75,960817.48,4.790263733814547e+19,0.0001129142285083,6727225469722.534,627839.0,327343,235615,681290.82070311,4.205530866867e+19,7083.8875732421875
2018-09-06,6755.14013671875,6755.14013671875,6404.72021484375,6529.169921875,5523470000,112645973140.46712,945296.6233766234,4.79787878814112e+19,0.0001343247921584,6727225469722.534,702452.0,352407,269436,841183.69959994,4.973908743498e+19,6611.0426025390625
2018-09-07,6528.919921875,6555.2900390625,6396.8701171875,6467.06982421875,4264680000,111586128695.34344,871009.0769230769,4.830290166881672e+19,0.0001214205343163,7019199231177.173,660674.0,300388,219196,675567.53798888,5.1640028695922e+19,6487.0374755859375
2018-09-08,6460.169921875,6534.25,6197.52001953125,6225.97998046875,3835060000,107438354364.05112,821843.8838709678,4.830290962097349e+19,9.935887552727165e-05,7019199231177.173,625840.0,315532,232091,524779.62993866,5.3194474868971e+19,6354.47998046875
2018-09-09,6223.3798828125,6446.259765625,6201.22021484375,6300.85986328125,3671890000,108742453248.34552,681007.75,4.900169763426016e+19,9.961340066944923e-05,7019199231177.173,512764.0,255492,195982,449039.84604386,5.3029473904545e+19,6292.929931640625
2018-09-10,6301.56982421875,6374.97998046875,6292.759765625,6329.7001953125,3714100000,109252069679.87302,736634.1854304635,4.943316157603308e+19,9.080921049894085e-05,7019199231177.173,565324.0,284192,211488,556939.52695468,5.3638324682857e+19,6324.75244140625
2018-09-11,6331.8798828125,6398.919921875,6260.2099609375,6321.2001953125,3849910000,109116876987.80193,895393.3630136986,5.067985012250887e+19,9.154865250093684e-05,7019199231177.173,633514.0,304756,224156,595180.5136175,5.0266413779774e+19,6328.052490234375
2018-09-12,6317.009765625,6363.8701171875,6265.08984375,6351.7998046875,4064230000,109657091699.95116,832842.26,5.22258522723207e+19,0.0001058112828225,7019199231177.173,623009.0,325417,243354,606851.87887835,5.184580426586e+19,6324.4423828125
2018-09-13,6354.240234375,6535.41015625,6354.240234375,6517.31005859375,4210910000,112526782686.47787,811933.2434210526,5.251543864278329e+19,8.871310936587321e-05,7019199231177.173,605341.0,315856,234543,738588.13345781,5.4527429232395e+19,6440.3001708984375
2018-09-14,6515.41015625,6596.10009765625,6456.169921875,6512.7099609375,4076220000,112458469003.263,840848.2846715328,5.173718897551483e+19,9.61987799358408e-05,7019199231177.173,572627.0,284881,211661,610518.93983283,4.9089387563056e+19,6520.0975341796875
2018-09-15,6509.39990234375,6561.72021484375,6493.5498046875,6543.2001953125,3216300000,112996283924.2098,1022477.0364963504,5.111660483085504e+19,7.858549400074182e-05,7019199231177.173,618002.0,311935,231862,493755.79320341,4.6993583345024e+19,6526.967529296875
2018-09-16,6536.68017578125,6544.330078125,6460.10009765625,6517.18017578125,3273730000,112558603706.83594,617908.3356643356,5.0596007260102345e+19,7.348776155412302e-05,7019199231177.173,468351.0,249445,183203,409001.05898482,4.9924374169964e+19,6514.5726318359375
2018-09-17,6514.06005859375,6540.2099609375,6257.52001953125,6281.2001953125,3910780000,108492983597.18582,828710.496124031,4.963255632425871e+19,7.337426400226468e-05,7019199231177.173,555877.0,290908,215483,512087.82423015,4.6410220618271e+19,6398.24755859375
2018-09-18,6280.91015625,6384.18017578125,6265.7099609375,6371.2998046875,4180090000,110061604996.875,914809.2064516128,4.978224201807912e+19,7.596720087255721e-05,7019199231177.173,666808.0,354753,254883,631020.05174721,5.1217453374673e+19,6325.5250244140625
2018-09-19,6371.85009765625,6448.4599609375,6208.33984375,6398.5400390625,4431340000,110544511640.97618,805282.4610389611,5.020398324249497e+19,7.227854868492073e-05,7019199231177.173,626484.0,336929,246411,576066.0392286,5.2331006576495e+19,6356.7974853515625
2018-09-20,6398.85009765625,6529.259765625,6395.9501953125,6519.669921875,4348110000,112649079737.83334,816709.3424657534,4.9950315243626775e+19,7.014520903544984e-05,7019199231177.173,595180.0,334301,245389,600522.30965437,5.3928237784503e+19,6460.9324951171875
2018-09-21,6513.8701171875,6794.330078125,6496.35986328125,6734.9501953125,6531940000,116380907618.50914,1001222.8321678322,5.025564164905552e+19,8.619148137187322e-05,7152633351906.413,713825.0,375118,277081,789577.0377369199,5.0055311213593e+19,6634.8775634765625
2018-09-22,6735.0498046875,6814.56005859375,6616.7998046875,6721.97998046875,4509660000,116169728777.317,805736.5389610389,5.139786523814728e+19,8.847307466848067e-05,7152633351906.413,608330.0,331559,238146,579871.30618107,5.5784685875918e+19,6722.097412109375
2018-09-23,6715.31982421875,6766.14990234375,6679.419921875,6710.6298828125,4197500000,115985688576.86864,708859.4513888889,5.151985399253635e+19,7.645132904693605e-05,7152633351906.413,511059.0,271168,202190,351698.81013274,5.3229237612164e+19,6717.8798828125
2018-09-24,6704.77001953125,6713.56005859375,6580.89990234375,6595.41015625,4177310000,114007238848.93236,689481.4050632912,5.306876339336132e+19,6.606227138258461e-05,7152633351906.413,552816.0,294358,222424,405720.43904535,5.432046657373e+19,6648.6600341796875
2018-09-25,6603.64013671875,6603.64013671875,6381.85986328125,6446.47021484375,4726180000,111445682243.18188,791250.2160493827,5.389723717452347e+19,7.283896680532813e-05,7152633351906.413,637975.0,335387,249769,609097.24475152,5.7317532966011e+19,6508.902587890625
2018-09-26,6452.7900390625,6585.91015625,6397.89013671875,6495.0,4437300000,112297080182.74866,825185.6470588235,5.433691557621563e+19,8.343753276164992e-05,7152633351906.413,627982.0,329889,248156,604637.43049279,5.5936610415412e+19,6482.8975830078125
2018-09-27,6495.2900390625,6712.10009765625,6464.9501953125,6676.75,4606810000,115450112043.7838,926352.234375,5.264875047683356e+19,8.72324968664672e-05,7152633351906.413,607585.0,318940,236953,612742.61445409,4.8395683107471e+19,6587.2725830078125
2018-09-28,6678.75,6785.02978515625,6598.31982421875,6644.1298828125,5014430000,114899038297.5792,845866.6730769231,5.360587851832494e+19,0.000102862117983,7152633351906.413,676810.0,340370,251409,670515.21493712,5.4359578894721e+19,6676.557373046875
2018-09-29,6643.10009765625,6643.10009765625,6511.64990234375,6601.9599609375,4363690000,114182967156.62004,756294.275,5.385929188917926e+19,0.0001083309121459,7152633351906.413,614593.0,330073,248469,604412.58631005,5.4838869754524e+19,6599.9525146484375
2018-09-30,6604.7099609375,6643.77978515625,6566.5400390625,6625.56005859375,4002280000,114604075241.05328,665119.6730769231,5.464173039518508e+19,7.65589211104607e-05,7152633351906.413,527512.0,272764,208418,426870.32241586,5.5127492713725e+19,6610.1474609375
2018-10-01,6619.85009765625,6653.2998046875,6549.080078125,6589.6201171875,4000970000,113995240800.0,769997.4805194805,5.433549877623516e+19,8.019284507805627e-05,7152633351906.413,602263.0,300505,225094,523090.23465763,5.7328691205086e+19,6602.9625244140625
2018-10-02,6593.240234375,6611.83984375,6537.89990234375,6556.10009765625,3979260000,113427144397.47871,949437.7586206896,5.319015134262811e+19,9.935976165997994e-05,7152633351906.413,671295.0,328927,239280,615480.98267755,5.3245788285149e+19,6574.77001953125
2018-10-03,6553.85986328125,6571.4599609375,6454.02978515625,6502.58984375,3887310000,112513345126.56528,874044.8639455782,5.360476498280074e+19,9.874892304003446e-05,7152633351906.413,697552.0,385680,246063,616277.461257,5.1680211237055e+19,6520.48486328125
2018-10-04,6497.91015625,6603.31005859375,6497.91015625,6576.68994140625,3838410000,113807488174.525,856862.1972789116,5.392236195116926e+19,8.114787094028544e-05,7454968648263.241,670932.0,383322,253774,608152.60029242,5.1215706591431e+19,6543.955078125
2018-10-05,6574.14990234375,6623.6201171875,6557.41015625,6622.47998046875,3671500000,114610958132.56503,835754.8106060605,5.297889194390542e+19,8.134934195850993e-05,7454968648263.241,608050.0,328835,219667,544168.67679744,5.2614166568944e+19,6594.4150390625
2018-10-06,6622.4501953125,6628.5400390625,6577.7998046875,6588.31005859375,3259740000,114029959468.5941,1024716.4881889764,5.196666608787804e+19,8.576641845550541e-05,7454968648263.241,664322.0,332599,244805,444948.73471206,4.6718437978048e+19,6604.2750244140625
2018-10-07,6590.68017578125,6641.490234375,6557.0400390625,6602.9501953125,3306630000,114295910380.76172,750238.3921568628,5.213331732929321e+19,6.677482056292511e-05,7454968648263.241,597240.0,323186,212888,363298.75120304,5.3802093186995e+19,6598.0401611328125
2018-10-08,6600.18994140625,6675.06005859375,6576.0400390625,6652.22998046875,3979460000,115159595919.72987,1011818.65625,5.100787759741493e+19,6.371470397165215e-05,7454968648263.241,643624.0,313119,243828,473590.7900766,4.8644438207319e+19,6625.8800048828125
2018-10-09,6653.080078125,6661.41015625,6606.93994140625,6642.64013671875,3580810000,115003772637.30469,1027239.3719008263,4.971967662429694e+19,6.986304598425992e-05,7454968648263.241,612640.0,313158,237864,517292.24642959,4.6611305118454e+19,6641.017578125
2018-10-10,6640.2900390625,6640.2900390625,6538.9599609375,6585.52978515625,3787650000,114027371852.8509,870243.4533333334,5.004483001201264e+19,6.599716448676993e-05,7454968648263.241,648833.0,336395,248865,693635.04377809,5.3581576814024e+19,6601.2674560546875
2018-10-11,6586.740234375,6586.740234375,6243.740234375,6256.240234375,5181640000,108337346503.94402,963675.0675675676,5.113961543938499e+19,6.99068537896745e-05,7454968648263.241,664015.0,331760,259455,784368.98736853,5.5425249899582e+19,6418.365234375
2018-10-12,6239.25,6328.5,6236.47021484375,6274.580078125,3783500000,108666192043.65234,951233.2569444444,5.09079534984895e+19,7.273527447224882e-05,7454968648263.241,677179.0,317413,240170,691424.68518783,5.4793462640734e+19,6269.7000732421875
2018-10-13,6278.080078125,6308.509765625,6259.81005859375,6285.990234375,3064030000,108874574228.90623,1006687.0072463768,5.203911184842354e+19,6.8209766737835e-05,7454968648263.241,630684.0,292579,219667,500486.70399965,5.1578109468867e+19,6283.0975341796875
2018-10-14,6288.490234375,6363.2099609375,6280.14990234375,6290.93017578125,3085320000,108969484300.01337,921296.6890756304,5.062877520879736e+19,6.513979666462916e-05,7454968648263.241,509570.0,241120,184867,420246.5922365,4.5088656063608e+19,6305.695068359375
2018-10-15,6292.64013671875,6965.06005859375,6258.68017578125,6596.5400390625,7370770000,114275780857.88908,943355.019736842,5.138934587917335e+19,8.277676970135717e-05,7454968648263.241,657299.0,317441,251404,826019.42577566,5.3188773743007e+19,6528.2301025390625
2018-10-16,6601.41015625,6673.58984375,6571.3701171875,6596.10986328125,4074800000,114279905705.12024,1018584.7357142858,5.257613412726873e+19,7.623593708539084e-05,7454968648263.241,668992.0,328659,254758,698670.56610758,5.4311057805258e+19,6610.6199951171875
2018-10-17,6590.52001953125,6601.2099609375,6517.4501953125,6544.43017578125,4088420000,113396125867.55763,1054448.937062937,5.242301899086506e+19,7.351345564395076e-05,7454968648263.241,691866.0,346091,266480,696661.67511786,5.0665673634198e+19,6563.402587890625
2018-10-18,6542.330078125,6567.5400390625,6450.0400390625,6476.7099609375,3924080000,112233675607.38646,1000715.1333333332,5.211902787043003e+19,7.05115588191651e-05,7454968648263.241,636966.0,325620,249349,623928.3690874,5.2820161833397e+19,6509.155029296875
2018-10-19,6478.06982421875,6493.68017578125,6445.31005859375,6465.41015625,3578870000,112048654464.00972,1046360.5338345864,5.038565697429986e+19,7.306450357608853e-05,7182852313938.317,667410.0,327015,248316,773532.4927775,4.7998296545049e+19,6470.6175537109375
2018-10-20,6460.919921875,6497.72021484375,6449.0,6489.18994140625,3379130000,112472914796.6342,931330.6174496644,5.065922916625547e+19,6.41940403418124e-05,7182852313938.317,643646.0,320842,251600,570332.04649877,5.1677520040858e+19,6474.20751953125
2018-10-21,6490.08984375,6556.3798828125,6476.0,6482.35009765625,3253610000,112366400236.26372,798132.9866666667,5.220780422901377e+19,5.862969780840748e-05,7182852313938.317,556041.0,272732,216783,353808.19796077,5.0446655997749e+19,6501.2049560546875
2018-10-22,6486.0498046875,6543.7998046875,6462.97998046875,6487.16015625,3672860000,112461332285.17792,865415.8181818182,5.169816499301895e+19,6.44586273972841e-05,7182852313938.317,601230.0,296612,230052,528103.05386003,5.3591365895301e+19,6494.9974365234375
2018-10-23,6472.35986328125,6506.009765625,6451.27001953125,6475.740234375,3716150000,112276102725.53986,952877.0769230768,5.209441003184147e+19,6.564937278593241e-05,7182852313938.317,691098.0,337417,257727,680409.82638665,5.6768127314686e+19,6476.344970703125
2018-10-24,6478.89013671875,6521.990234375,6468.85986328125,6495.83984375,3424670000,112633987319.12506,1113569.7863247865,5.079437153088786e+19,6.733055792516209e-05,7182852313938.317,635320.0,330958,256020,752993.54829005,4.3080737254544e+19,6491.39501953125
2018-10-25,6484.64990234375,6504.64990234375,6447.02978515625,6476.2900390625,3230550000,112304348722.26288,1114449.4521739131,4.915612092076532e+19,6.712919219963643e-05,7182852313938.317,621287.0,305491,242040,761936.78823865,4.4030325037801e+19,6478.1549072265625
2018-10-26,6468.43994140625,6498.2900390625,6449.60986328125,6474.75,3306050000,112290388423.33984,1036984.7784810128,5.0222371688256905e+19,6.978344137718261e-05,7182852313938.317,732890.0,343799,272266,664634.54740812,5.2038813889743e+19,6472.7724609375
2018-10-27,6480.83984375,6507.41015625,6453.52978515625,6480.3798828125,3393250000,112399865336.92416,865805.9310344828,5.032713963333934e+19,5.932660101651843e-05,7182852313938.317,589956.0,291607,232952,400014.92958353,5.2387386985616e+19,6480.5399169921875
2018-10-28,6482.66015625,6502.27978515625,6447.91015625,6486.39013671875,3445190000,112514882549.42964,931382.1940298508,5.006599479517676e+19,7.651064096649434e-05,7182852313938.317,575450.0,282368,231931,337139.91147193,4.6791041456513e+19,6479.81005859375
2018-10-29,6492.35009765625,6503.60009765625,6306.990234375,6332.6298828125,4199910000,109859226452.4414,869060.9583333334,4.964628637795735e+19,6.669656891283747e-05,7182852313938.317,605104.0,288796,235319,515366.15291774,5.3599344526669e+19,6408.892578125
2018-10-30,6337.0400390625,6364.990234375,6310.14013671875,6334.27001953125,3781100000,109898363276.95103,1068835.9411764706,4.854643710310902e+19,7.029358629482519e-05,7182852313938.317,720215.0,354990,285498,595072.47996542,5.0602197904832e+19,6336.610107421875
2018-10-31,6336.990234375,6349.16015625,6316.8798828125,6317.60986328125,4191240000,109622492223.71956,918358.4790419162,5.090305872043946e+19,6.07565464216835e-05,7182852313938.317,703933.0,355458,289326,572912.12034343,5.7588260191393e+19,6330.1600341796875
2018-11-01,6318.14013671875,6547.14013671875,6311.830078125,6377.77978515625,3789400000,110680254979.29688,895181.6374269006,5.315802456950959e+19,5.9660701255479095e-05,7182852313938.317,706556.0,350471,289053,573785.64775023,6.0422507594561e+19,6388.7225341796875
2018-11-02,6378.919921875,6396.85986328125,6327.3798828125,6388.43994140625,4234870000,110875850676.42957,1076615.6044776118,5.309904248055667e+19,6.359585594835354e-05,7184404942701.792,663124.0,331690,270764,667724.80658799,5.1151165287048e+19,6372.89990234375
2018-11-03,6387.240234375,6400.06982421875,6342.3701171875,6361.259765625,3658640000,110416566184.86328,1029733.9807692308,5.3536856623131935e+19,5.665503901658381e-05,7184404942701.792,760903.0,345115,282444,432829.49300429,5.4112942273156e+19,6372.7349853515625
2018-11-04,6365.47021484375,6388.6298828125,6294.56982421875,6376.1298828125,4390020000,110685382103.31693,903964.9104477612,5.35399617969229e+19,5.238071153517592e-05,7184404942701.792,563846.0,276674,228267,324919.15625206,5.0357680406039e+19,6356.199951171875
2018-11-05,6363.6201171875,6480.58984375,6363.6201171875,6419.66015625,4174800000,111452256261.7045,1077670.95,5.309233498625775e+19,6.610029487458315e-05,7184404942701.792,724620.0,339892,275880,603009.04875643,4.7854679946312e+19,6406.87255859375
2018-11-06,6433.3798828125,6463.5498046875,6408.16015625,6461.009765625,4700040000,112181351988.78716,1023550.0869565216,5.265480878186707e+19,6.347727856335445e-05,7184404942701.792,672308.0,352130,281322,570164.28939621,5.0274374637778e+19,6441.52490234375
2018-11-07,6468.5,6552.16015625,6468.31005859375,6530.14013671875,4941260000,113392193312.9008,1140486.0615384616,5.117738076250326e+19,6.886297520547992e-05,7184404942701.792,705672.0,366085,292121,574627.67133655,4.693630029564e+19,6504.777587890625
2018-11-08,6522.27001953125,6536.919921875,6438.52978515625,6453.72021484375,4665260000,112075271333.02953,1169325.648,4.907250956972092e+19,6.910604028059388e-05,7184404942701.792,713994.0,355048,287533,559167.85199824,4.4835558334709e+19,6487.8599853515625
2018-11-09,6442.60009765625,6456.4599609375,6373.3701171875,6385.6201171875,4346820000,110902366144.33594,1139386.3852459015,4.808885700541608e+19,8.012032123752664e-05,7184404942701.792,685508.0,351193,283404,560377.93491873,4.4282698948061e+19,6414.5125732421875
2018-11-10,6386.1298828125,6437.27978515625,6385.31005859375,6409.22021484375,3705320000,111321986257.31404,1038783.1900826446,4.710111037221333e+19,7.158933923737156e-05,7184404942701.792,616906.0,318575,260048,466805.56222298,4.3551259517535e+19,6404.4849853515625
2018-11-11,6413.6298828125,6423.25,6350.169921875,6411.27001953125,3939060000,111369736877.35396,896601.0789473684,4.681463728027594e+19,6.072378194863344e-05,7184404942701.792,609591.0,303493,257288,370927.13369259,5.2026815440356e+19,6399.5799560546875
2018-11-12,6411.759765625,6434.2099609375,6360.47021484375,6371.27001953125,4295770000,110685784725.59132,1002056.6496350364,4.723063595824232e+19,6.184845578323964e-05,7184404942701.792,630825.0,318535,278944,520809.78507864,4.9785470785334e+19,6394.427490234375
2018-11-13,6373.18994140625,6395.27001953125,6342.669921875,6359.490234375,4503800000,110491344612.0049,1103061.4173228347,4.67201997668627e+19,6.437366216517423e-05,7184404942701.792,658692.0,340621,282647,561441.33759245,4.6489644505111e+19,6367.655029296875
2018-11-14,6351.240234375,6371.5498046875,5544.08984375,5738.35009765625,7398940000,99709123951.87576,1054259.2814814814,4.68704379401255e+19,6.95985765117003e-05,7184404942701.792,681269.0,332277,282728,602069.07531197,4.7380638838156e+19,6001.3074951171875
2018-11-15,5736.14990234375,5774.81982421875,5358.3798828125,5648.02978515625,7032140000,98149075444.8154,1208081.3893129772,4.6843543908717085e+19,0.0001149695521893,7184404942701.792,747561.0,361957,307898,1345928.63294039,4.6222927957854e+19,5629.3448486328125
2018-11-16,5645.31982421875,5657.02001953125,5498.93994140625,5575.5498046875,5279320000,96897306723.56494,1192242.557522124,4.638057634841991e+19,0.0001456428431205,7184404942701.792,661876.0,329357,270386,1094274.2279668,4.2791399937116e+19,5594.2073974609375
2018-11-17,5578.580078125,5578.580078125,5519.56005859375,5554.330078125,4303150000,96538353076.33205,968220.9078014184,4.699864477364055e+19,0.0001009386178904,6653303141405.96,641676.0,302574,269407,578016.60834496,4.6748854646713e+19,5557.7625732421875
2018-11-18,5559.740234375,5653.60986328125,5559.740234375,5623.5400390625,4159680000,97751491368.79076,900263.7379310345,4.69601845362861e+19,7.425590492995275e-05,6653303141405.96,566039.0,261764,253329,369551.71327932,4.6618628859003e+19,5599.1575927734375
2018-11-19,5620.77978515625,5620.77978515625,4842.91015625,4871.490234375,7039560000,84686245310.02002,1074467.6470588236,4.526141163038278e+19,9.149043055413657e-05,6653303141405.96,597974.0,273410,254486,547097.39143739,4.1053322267083e+19,5238.989990234375
2018-11-20,4863.93017578125,4951.60986328125,4272.10986328125,4451.8701171875,8428290000,77398779264.04494,1212472.4692307692,4.473247969500038e+19,0.000244976723114,6653303141405.96,761659.0,359734,284572,1212888.69112625,4.1394667593247e+19,4634.8800048828125
2018-11-21,4465.5400390625,4675.72998046875,4343.97998046875,4602.169921875,6120120000,80018518780.96045,1207359.56779661,4.393394976521162e+19,0.0002074296752679,6653303141405.96,689844.0,336183,279492,936020.35437344,4.0404368276847e+19,4521.85498046875
2018-11-22,4611.56982421875,4629.64013671875,4365.64013671875,4365.93994140625,4569370000,75917784580.96507,1207254.4710743802,4.303456341119975e+19,0.0001499179005473,6653303141405.96,642202.0,312297,267665,613995.14248103,3.8599825958149e+19,4493.197509765625
2018-11-23,4360.7001953125,4396.419921875,4195.68017578125,4347.10986328125,4871490000,75596571655.51758,1174482.8053097343,4.199728512580766e+19,0.000149767371966,6653303141405.96,626336.0,283757,257295,640014.79842822,3.8907900977497e+19,4324.9775390625
2018-11-24,4347.68994140625,4413.08984375,3795.159912109375,3880.760009765625,4679500000,67493648731.46781,959801.5347222222,4.258233852582933e+19,0.0001129979063881,6653303141405.96,582658.0,276916,270265,491513.30764777,4.5143334909771e+19,4109.1749267578125
2018-11-25,3880.780029296875,4120.8701171875,3585.06005859375,4009.969970703125,6825640000,69747228339.97707,1055116.5546875,4.201456363681328e+19,0.0001427107246532,6653303141405.96,551108.0,248855,232249,623980.61093929,4.4881866548921e+19,3899.1700439453125
2018-11-26,4015.070068359375,4107.14013671875,3643.919921875,3779.1298828125,6476900000,65737285452.18754,1134589.6851851852,4.066447851317258e+19,0.000144769495744,6653303141405.96,587631.0,272876,235198,684149.89776137,3.685555031054e+19,3886.3150024414062
2018-11-27,3765.949951171875,3862.9599609375,3661.010009765625,3820.719970703125,5998720000,66466927876.74351,1099393.1860465116,4.072317583106469e+19,0.0001444433090038,6653303141405.96,650734.0,319620,275660,827839.43345306,4.2548980771905e+19,3777.6599731445312
2018-11-28,3822.469970703125,4385.89990234375,3822.469970703125,4257.419921875,7280280000,74070908860.3691,1084399.351145038,4.116966052620247e+19,0.0001399371437527,6653303141405.96,631845.0,297951,263181,831004.99325646,4.2594808327235e+19,4072.06494140625
2018-11-29,4269.00439453125,4413.0205078125,4145.76513671875,4278.8466796875,6503347767,74448558729.5925,1233497.0869565215,3.99626586917763e+19,0.0001786970476654,6653303141405.96,568872.0,299090,229957,943636.61894759,3.3664073650742e+19,4276.6591796875
2018-11-30,4289.0888671875,4322.9765625,3942.822021484375,4017.2685546875,6048016717,69902781083.25085,1189254.0550458715,3.974957039445312e+19,0.0001683274589551,6653303141405.96,617397.0,311408,262274,1021696.78042287,3.5140660389159e+19,4143.039001464844
2018-12-01,4024.46435546875,4309.37744140625,3969.710693359375,4214.671875,5375314093,73344037057.05643,1087322.6083333334,3.989734322627861e+19,0.0001474061781968,6653303141405.96,607124.0,294656,251138,1362146.03261789,3.8201494661565e+19,4129.556091308594
2018-12-02,4200.7333984375,4301.51953125,4110.978515625,4139.8779296875,5262697895,72048626630.94336,1042684.588235294,3.939021545312837e+19,0.0001094779060357,6653303141405.96,526810.0,253499,231322,717196.96125926,3.8943118722099e+19,4188.27734375
2018-12-03,4147.32373046875,4155.9794921875,3840.4462890625,3894.130859375,5089570994,67777543141.13985,1039857.974789916,3.850754357979786e+19,0.0001207731498151,5646403851534.721,549301.0,265284,233728,643702.9358795,3.6773985525162e+19,4009.4700927734375
2018-12-04,3886.294921875,4075.627685546875,3832.75,3956.893798828125,5028069239,68875524760.28325,1175751.2300884956,3.744339196102074e+19,0.0001267087560455,5646403851534.721,615956.0,316671,249149,1360250.93264598,3.3723271216082e+19,3937.8916015625
2018-12-05,3958.894775390625,3969.535888671875,3753.994873046875,3753.994873046875,5302481574,65350574290.55236,994361.5655172414,3.778003297529859e+19,0.0001038047840826,5646403851534.721,642666.0,325514,269316,1675329.12794401,3.9100480360255e+19,3859.1051025390625
2018-12-06,3754.074462890625,3874.966064453125,3521.101806640625,3521.101806640625,5878333109,61301896860.567375,1121238.3543307087,3.684281686421375e+19,0.0001048528590772,5646403851534.721,631829.0,314151,265124,1659170.57749019,3.6416693309741e+19,3667.81103515625
2018-12-07,3512.59033203125,3512.59033203125,3280.228759765625,3419.937255859375,6835615448,59545894570.17399,1152652.0325203252,3.693260599098928e+19,0.0001152925554523,5646403851534.721,659788.0,314984,262658,858345.30024425,3.5106317816862e+19,3431.336669921875
2018-12-08,3421.910400390625,3506.04345703125,3350.650634765625,3476.11474609375,5305024497,60529498621.06889,1049650.650793651,3.6852852715235815e+19,9.91009638668479e-05,5646403851534.721,591303.0,289691,253064,721198.20550578,3.5099500313945e+19,3438.6798095703125
2018-12-09,3473.2275390625,3685.3056640625,3469.09423828125,3614.234375,4947372847,62939856853.68527,991669.829059829,3.614367472104643e+19,7.567498380694632e-05,5646403851534.721,488554.0,234105,221700,419745.62910732,3.3222764502566e+19,3560.4654541015625
2018-12-10,3612.04638671875,3647.33251953125,3470.14453125,3502.656005859375,5020968740,61002519521.53001,985489.0381679388,3.591860939560101e+19,8.374279064091508e-05,5646403851534.721,563786.0,264932,245836,577951.45417655,3.690136436767e+19,3558.0448608398438
2018-12-11,3497.5546875,3513.18505859375,3392.25,3424.588134765625,4696765188,59648404905.70568,1108882.403100775,3.5604272498052022e+19,8.902823753364704e-05,5646403851534.721,628953.0,303442,258195,735310.54120974,3.6411799061256e+19,3456.8944702148438
2018-12-12,3421.458251953125,3534.228515625,3413.4814453125,3486.9501953125,4139364829,60739881950.4551,1126152.5123966942,3.577664511403806e+19,8.776829748929355e-05,5646403851534.721,616420.0,293006,256621,738915.9665203,3.4948506571526e+19,3464.0296020507812
2018-12-13,3487.87939453125,3489.739501953125,3298.132080078125,3313.67724609375,4343372456,57726784508.39141,1118212.792,3.5013480665514672e+19,8.295299160453976e-05,5646403851534.721,637101.0,310078,270146,744404.21305446,3.4211972804182e+19,3397.3570556640625
2018-12-14,3311.751953125,3329.555908203125,3206.542236328125,3242.48486328125,4372763663,56492393435.3549,1022795.4097222222,3.575173906836061e+19,9.09290264041542e-05,5646403851534.721,671351.0,301751,272495,804007.3526474499,3.9965102357807e+19,3272.583740234375
2018-12-15,3243.99755859375,3275.3779296875,3191.303466796875,3236.76171875,3551763561,56398791445.56873,1012329.5430463576,3.6735405095762616e+19,7.737162200078099e-05,5646403851534.721,663756.0,294319,276572,636508.19203203,4.2096516544519e+19,3236.8601684570312
2018-12-16,3236.274658203125,3305.753173828125,3233.81982421875,3252.839111328125,3744248994,56684216829.13165,958479.0461538462,3.674164420955615e+19,6.540725454591955e-05,5646403851534.721,527750.0,246742,234606,540578.94277765,3.6479510931654e+19,3257.1716918945312
2018-12-17,3253.123046875,3597.91796875,3253.123046875,3545.86474609375,5409247918,61796311611.26958,1061762.8778625955,3.70303353947373e+19,6.860895238273992e-05,5646403851534.721,620258.0,284169,266395,699210.80198986,3.7149684693532e+19,3412.5072021484375
2018-12-18,3544.761474609375,3701.349365234375,3487.169189453125,3696.05908203125,5911325473,64420832173.205696,998236.0132450332,3.809935998467179e+19,8.236955137624009e-05,5646403851534.721,669359.0,318101,285161,913077.38061536,4.3508376012543e+19,3607.3347778320312
2018-12-19,3706.824951171875,3949.322998046875,3687.22998046875,3745.95068359375,6810689119,65296838390.49418,1105434.0656934306,3.803118630314072e+19,0.0001088542631079,5106422924659.822,677772.0,330848,287783,944923.02360211,3.4629432784216e+19,3772.3321533203125
2018-12-20,3742.195068359375,4191.228515625,3728.974609375,4134.44140625,8927129279,72076333658.77678,1094945.163265306,3.862174445061845e+19,0.0001008190311622,5106422924659.822,663802.0,332554,300267,952529.77918135,3.6141824423775e+19,3949.2098999023438
2018-12-21,4133.70361328125,4198.4296875,3850.9462890625,3896.543701171875,7206015706,67935168157.07021,1131974.261904762,3.76894451747905e+19,0.0001069464351697,5106422924659.822,653853.0,323367,275180,964406.86320141,3.4302211172877e+19,4019.9058227539062
2018-12-22,3898.083740234375,4014.1826171875,3855.739013671875,4014.1826171875,5605823233,69994196594.33424,869751.6375,3.739443991456428e+19,9.044357708130635e-05,5106422924659.822,569781.0,282298,261062,596557.90322532,3.9725294617936e+19,3945.5469970703125
2018-12-23,4020.99462890625,4085.7236328125,3976.40576171875,3998.980224609375,6151275490,69738368143.11058,776404.1621621621,3.940133934069058e+19,6.744975730373946e-05,5106422924659.822,571103.0,255120,255999,466924.38897604,4.4703631512841e+19,4020.5260620117188
2018-12-24,4000.331787109375,4271.79248046875,4000.331787109375,4078.59912109375,7240968501,71134899538.64792,834025.7088607595,3.882223649277884e+19,7.524380509777149e-05,5106422924659.822,532165.0,257865,262193,589315.23570084,4.3073001052374e+19,4087.7637939453125
2018-12-25,4081.030517578125,4089.5615234375,3760.0205078125,3815.49072265625,6158207293,66553459623.40151,905163.7564102564,3.925598072611205e+19,7.732066095210597e-05,5106422924659.822,542079.0,261047,277070,641895.28980741,3.9256810456381e+19,3936.5258178710938
2018-12-26,3819.666748046875,3893.359619140625,3769.86376953125,3857.297607421875,5326547918,67290217717.45908,847283.217948718,3.986920277429473e+19,5.927174265389815e-05,5106422924659.822,498277.0,235164,265549,564290.82385621,3.9682866328841e+19,3835.0469360351562
2018-12-27,3854.6884765625,3874.4169921875,3645.448486328125,3654.83349609375,5130222366,63766017803.16508,882711.1823529411,4.137092498860932e+19,5.538622446047058e-05,5106422924659.822,581448.0,282325,295767,657105.50505205,4.2478609345614e+19,3757.3468627929688
2018-12-28,3653.1318359375,3956.135986328125,3642.632080078125,3923.918701171875,5631554348,68468749844.78833,935688.3558282208,4.159830833644692e+19,6.155069001237014e-05,5106422924659.822,629365.0,306503,298299,757951.26879042,4.2522108769346e+19,3793.9546508789062
2018-12-29,3932.49169921875,3963.7587890625,3820.40869140625,3820.40869140625,4991655917,66670286198.65738,895463.2173913043,4.11591898258011e+19,5.454591731177049e-05,5106422924659.822,589606.0,311069,290005,781059.97447035,4.0949462084427e+19,3884.2669677734375
2018-12-30,3822.384765625,3901.908935546875,3797.21923828125,3865.95263671875,4770578575,67472518647.12308,862684.0064935065,4.037296749843051e+19,5.6857800368193895e-05,5106422924659.822,537122.0,268681,260189,495014.25261502,3.8590451404578e+19,3846.8663940429688
2018-12-31,3866.839111328125,3868.742919921875,3725.867431640625,3742.700439453125,4661840806,65329115057.63036,837448.0424242425,4.079500768295635e+19,5.4466006030548304e-05,5106422924659.822,542255.0,258476,267969,424784.48291993,4.4824370462361e+19,3801.0374755859375
2019-01-01,3746.71337890625,3850.913818359375,3707.231201171875,3843.52001953125,4324200990,67095751540.6373,865785.8802816902,4.090137851424041e+19,5.506912986827394e-05,5618595848853.279,467740.0,227955,237918,442370.10487204,4.0548103020741e+19,3787.0946044921875
2019-01-02,3849.21630859375,3947.981201171875,3817.409423828125,3943.409423828125,5244856836,68847244222.98808,844600.3949044585,4.140480837520275e+19,5.704567643742954e-05,5618595848853.279,504270.0,243914,255456,550497.37433788,4.349776855739e+19,3889.5040893554688
2019-01-03,3931.048583984375,3935.68505859375,3826.222900390625,3836.7412109375,4530215219,66992093224.3683,1012166.456375839,4.09816317990801e+19,6.957556759567681e-05,5618595848853.279,611299.0,314617,284604,744023.54108544,4.1470753789676e+19,3882.4244384765625
2019-01-04,3832.0400390625,3865.9345703125,3783.853759765625,3857.717529296875,4847965467,67365490362.45785,939874.9054054054,4.097935631800076e+19,7.155609344558115e-05,5618595848853.279,565127.0,296218,278194,706827.55759633,4.3397943825546e+19,3834.886474609375
2019-01-05,3851.973876953125,3904.903076171875,3836.900146484375,3845.194580078125,5137609824,67155744467.70003,806238.2419354839,4.363046071274777e+19,4.8823953422550175e-05,5618595848853.279,576750.0,299809,300317,599570.55262252,4.6462448710984e+19,3859.742919921875
2019-01-06,3836.51904296875,4093.29736328125,3826.51318359375,4076.632568359375,5597027440,71204351911.49089,848645.2480620155,4.205418665723036e+19,5.096322513859421e-05,5618595848853.279,465510.0,239486,233776,487731.29746758,4.0627938877956e+19,3958.2405395507812
2019-01-07,4078.5849609375,4092.613525390625,4020.89404296875,4025.248291015625,5228625637,70314194337.59598,917482.7876712328,4.205033583995183e+19,8.270943170983281e-05,5618595848853.279,584508.0,300311,282127,717621.06803262,4.0325834892004e+19,4054.335205078125
2019-01-08,4028.47216796875,4109.02099609375,3996.955322265625,4030.847900390625,5306593305,70420224574.2443,909865.527607362,4.266807122834721e+19,7.34351960109708e-05,5618595848853.279,630765.0,328655,309549,694682.7745783799,4.3451881817648e+19,4041.3240966796875
2019-01-09,4031.552001953125,4068.403564453125,4022.662841796875,4035.29638671875,5115905225,70505505222.11096,911641.5733333334,4.284837833115256e+19,6.6656039310272e-05,5618595848853.279,562290.0,297654,303076,665932.46884137,4.4608368345591e+19,4039.4786987304688
2019-01-10,4034.411376953125,4064.066650390625,3659.174560546875,3678.924560546875,6874143796,64286633558.09111,937949.8452380951,4.312871016104617e+19,8.408957596165837e-05,5618595848853.279,658240.0,345861,336762,821458.57197612,4.5705925947925e+19,3859.144287109375
2019-01-11,3674.015380859375,3713.8818359375,3653.06982421875,3687.365478515625,5538712865,64440952264.75907,973210.4256756756,4.304750170835776e+19,7.775249418560074e-05,5618595848853.279,623006.0,309913,313016,933382.00220295,4.2783465499578e+19,3682.0831298828125
2019-01-12,3686.97314453125,3698.978271484375,3653.810791015625,3661.301025390625,4778170883,63992447530.16236,879146.6862745098,4.281820883459655e+19,6.435127744497876e-05,5618595848853.279,557210.0,298618,304655,621347.63612102,4.1494716907791e+19,3675.2658081054688
2019-01-13,3658.8681640625,3674.760009765625,3544.92724609375,3552.953125,4681302466,62104376087.89954,926917.8346456692,4.210128159589872e+19,5.29472225172208e-05,5618595848853.279,475809.0,254309,273071,489633.99667869,3.6948081687437e+19,3607.8771362304688
2019-01-14,3557.31103515625,3727.836181640625,3552.28515625,3706.05224609375,5651384490,64787027611.52812,940807.1560283687,4.232466794273403e+19,6.295299455595783e-05,5883988430955.408,560125.0,288940,300512,619216.84421771,4.2095846442921e+19,3635.8711547851562
2019-01-15,3704.21630859375,3720.1533203125,3619.94921875,3630.67529296875,5537192302,63476048005.15208,986665.9527027028,4.179439889550234e+19,6.347400530080862e-05,5883988430955.408,618816.0,337337,325988,898504.24326171,4.2503303690468e+19,3668.74853515625
2019-01-16,3631.509765625,3685.777099609375,3624.67333984375,3655.0068359375,5394457145,63907064396.48615,1129037.918699187,4.068787026643837e+19,7.749569763972914e-05,5883988430955.408,614699.0,328949,288272,798075.37517873,3.8177531901771e+19,3649.2417602539062
2019-01-17,3651.87109375,3680.135986328125,3621.9609375,3678.56396484375,5464420383,64325162990.56944,1074146.8666666667,3.997684110978865e+19,8.31315893866646e-05,5883988430955.408,638259.0,342954,309912,703871.9829288101,3.803010863618e+19,3658.1329956054688
2019-01-18,3677.990478515625,3682.52001953125,3637.080810546875,3657.83935546875,5002961727,63968570377.58739,1125317.6377952755,3.928865937396e+19,7.368061392578185e-05,5883988430955.408,637706.0,326945,296127,638606.947764,3.7759621971804e+19,3663.857666015625
2019-01-19,3652.3779296875,3758.533447265625,3652.3779296875,3728.568359375,5955691380,65211775167.63903,972666.6148148148,3.892861519833229e+19,6.175727699691112e-05,5883988430955.408,552018.0,298094,292339,502348.64360098,3.9213830529639e+19,3697.9644165039062
2019-01-20,3725.446044921875,3743.387939453125,3583.01953125,3601.013671875,5582489560,62988434603.14917,784582.8273809524,4.062190593732865e+19,5.237410997967359e-05,5883988430955.408,497903.0,264564,304038,417791.11729098,4.5872022097831e+19,3663.216796875
2019-01-21,3600.372802734375,3608.8408203125,3558.537109375,3576.032470703125,5004347059,62557681079.788605,963436.2446043164,4.097477390766812e+19,5.8199560165249225e-05,5883988430955.408,563750.0,286104,297248,573303.49880426,4.24950848899e+19,3585.94580078125
2019-01-22,3575.081298828125,3620.74658203125,3539.721435546875,3604.5771484375,5313623556,63062976677.40072,1003667.3484848484,3.994157722355073e+19,7.113011279510947e-05,5883988430955.408,567301.0,299076,291502,633615.4116419799,4.1308125418044e+19,3585.0316162109375
2019-01-23,3605.55712890625,3623.06787109375,3565.31396484375,3585.123046875,5433755649,62729436060.56088,968817.7894736842,4.091685735846054e+19,6.922391516808751e-05,5883988430955.408,640290.0,342219,310850,687336.7374761701,4.2551924954882e+19,3594.7655029296875
2019-01-24,3584.500244140625,3616.08740234375,3569.0927734375,3600.865478515625,5262869046,63011500395.030014,1056586.4829931974,4.1673303910877454e+19,7.948493703419003e-05,5883988430955.408,688809.0,332904,299210,702117.40308736,4.1997082359284e+19,3592.636474609375
2019-01-25,3607.390380859375,3612.927734375,3575.597412109375,3599.765869140625,5265847539,62998962839.25472,921015.2550335572,4.272794026086365e+19,7.892672356633514e-05,5883988430955.408,596581.0,311510,299826,639983.40664331,4.4875834551581e+19,3598.9203491210938
2019-01-26,3599.71533203125,3654.93310546875,3593.345947265625,3602.46044921875,5098183235,63052334011.30442,1027948.4130434784,4.2980114372392346e+19,7.708335731111514e-05,5883988430955.408,613951.0,349866,292493,561095.62278836,4.0642192639493e+19,3612.6137084960938
2019-01-27,3604.687255859375,3612.67138671875,3567.245849609375,3583.9658203125,5570752966,62735080705.68887,910087.4097222222,4.196603865780543e+19,6.152419336396938e-05,5883988430955.408,496672.0,260013,274622,429875.50169956,4.3587102567367e+19,3592.142578125
2019-01-28,3584.283203125,3586.7509765625,3439.23291015625,3470.450439453125,6908930483,60754357901.75504,917021.3655172414,4.204834414767037e+19,6.751795339499881e-05,5814661935891.805,562285.0,293673,289411,684605.98515887,4.2000265617048e+19,3520.1793823242188
2019-01-29,3468.8701171875,3476.0654296875,3400.81982421875,3448.116943359375,5897159493,60369719025.67727,1082436.401360544,4.271667052810437e+19,7.739146284716304e-05,5814661935891.805,674167.0,361039,334389,829202.73765731,4.0899283223077e+19,3448.4680786132812
2019-01-30,3443.89697265625,3495.1748046875,3429.387939453125,3486.181640625,5955112627,61042388799.706,1008677.5944055944,4.2100628200450605e+19,6.35542924499362e-05,5814661935891.805,587159.0,318851,325984,771235.43035087,4.3417190996837e+19,3463.6603393554688
2019-01-31,3485.4091796875,3504.804931640625,3447.915771484375,3457.792724609375,5831198271,60551483472.56799,1087337.314685315,4.190988764956058e+19,7.124443500806402e-05,5814661935891.805,645077.0,351753,342881,800228.3506286601,4.0354459128309e+19,3473.9806518554688
2019-02-01,3460.547119140625,3501.9541015625,3431.591552734375,3487.9453125,5422926707,61086349528.833885,1012045.4649681528,4.2280588346890576e+19,0.0001058989388601,5814661935891.805,640234.0,331335,339484,925897.50280712,4.4553844135142e+19,3470.509521484375
2019-02-02,3484.6259765625,3523.287353515625,3467.57470703125,3521.060791015625,5071623601,61672964166.213165,987963.668874172,4.262184693774633e+19,6.72593587966297e-05,5814661935891.805,598579.0,317366,333264,616573.07820497,4.566638620788e+19,3499.13720703125
2019-02-03,3516.1396484375,3521.38818359375,3447.92431640625,3464.013427734375,5043937584,60679684331.25507,931035.2700729928,4.209179047103141e+19,5.204232339708665e-05,5814661935891.805,494639.0,267714,299174,482244.70206249,3.999579793621e+19,3487.3663940429688
2019-02-04,3467.211669921875,3476.223876953125,3442.5869140625,3459.154052734375,5332718886,60601137687.0398,969354.2960526316,4.256304789216824e+19,4.798075358146467e-05,5814661935891.805,579511.0,294315,334151,543725.11021926,4.2182269827668e+19,3461.2941284179688
2019-02-05,3454.950927734375,3478.148193359375,3451.93701171875,3466.357421875,5227549545,60733528737.90649,1062149.4545454546,4.237447837906621e+19,4.943473676767796e-05,5814661935891.805,650092.0,358820,339434,634287.05539443,4.2412337979127e+19,3462.848388671875
2019-02-06,3469.091796875,3469.091796875,3398.5654296875,3413.767822265625,5482196038,59818982334.70963,1022149.0,4.3127211680499e+19,5.297851004874518e-05,5814661935891.805,655943.0,342196,353676,599516.39097773,4.5582145620427e+19,3437.6292114257812
2019-02-07,3414.929443359375,3427.945556640625,3394.218505859375,3399.4716796875,5004962683,59575570580.33257,1022401.4491017964,4.405547148547166e+19,6.0509751248188806e-05,5814661935891.805,668707.0,341586,349907,714463.23027699,4.8947509023382e+19,3409.1412963867188
2019-02-08,3401.37646484375,3695.614013671875,3391.023681640625,3666.7802734375,7735623101,64267842544.159,886858.1785714285,4.42294743702126e+19,5.025069114477427e-05,5814661935891.805,627117.0,311157,328021,666380.51047068,5.0014380848644e+19,3538.6986083984375
2019-02-09,3671.5859375,3679.94140625,3646.559326171875,3671.20361328125,6158833645,64352621532.92569,993849.7721518988,4.521379735992713e+19,6.528698337882153e-05,5814661935891.805,650133.0,338117,338183,677353.41968504,4.4867014485735e+19,3667.3225708007812
2019-02-10,3673.201416015625,3695.0361328125,3640.97998046875,3690.188232421875,6282256903,64691675300.81667,947318.838235294,4.491018881591107e+19,4.8184579656611256e-05,5814661935891.805,505144.0,265260,292380,468444.29255808,4.1408596792514e+19,3674.8514404296875
2019-02-11,3695.613037109375,3695.613037109375,3642.287841796875,3648.4306640625,6277056434,63966338007.765785,942876.0408163264,4.51773731532659e+19,5.286504591103846e-05,6061518831027.271,542808.0,286343,323016,527436.72066307,4.4017371245167e+19,3670.4861450195312
2019-02-12,3642.751953125,3668.5869140625,3618.556884765625,3653.528564453125,6480384532,64061930312.17329,1356105.2352941176,4.500467200275398e+19,0.0001167438262715,6061518831027.271,910233.0,354166,276512,742132.24220357,4.1435376549175e+19,3645.8560791015625
2019-02-13,3653.60400390625,3669.74658203125,3617.246337890625,3632.070556640625,6438903823,63691626881.53621,1233693.2290076336,4.349003754217002e+19,0.0001175599305704,6061518831027.271,736771.0,386330,317156,734533.07537596,3.9952203864611e+19,3643.1668701171875
2019-02-14,3631.170166015625,3646.256591796875,3607.69775390625,3616.880859375,6271044418,63432722822.5066,1058171.181818182,4.359789656831882e+19,7.622728238403242e-05,6061518831027.271,673794.0,356651,388988,610066.06328798,4.8285929995764e+19,3625.5013427734375
2019-02-15,3617.368408203125,3647.795166015625,3608.20654296875,3620.810791015625,6091952231,63507164939.478165,1092931.6065573771,4.197881665243778e+19,7.715980732216577e-05,6061518831027.271,568447.0,296601,294066,625476.35389854,4.0023137521505e+19,3623.5452270507812
2019-02-16,3615.270263671875,3652.84130859375,3615.270263671875,3629.78759765625,5934744052,63670646854.42029,1159374.917293233,4.148258452650096e+19,8.740032285605868e-05,6061518831027.271,663190.0,338422,316240,620445.40032425,3.9549386842408e+19,3628.2923583984375
2019-02-17,3633.359375,3680.537353515625,3619.18212890625,3673.836181640625,7039512503,64450982622.28883,855284.2934131736,4.287654935941021e+19,5.685303697085446e-05,6061518831027.271,507385.0,270511,333533,501122.44977136,4.9629012445125e+19,3651.728759765625
2019-02-18,3671.369873046875,3936.6650390625,3669.982421875,3915.71435546875,9908216640,68702091469.980446,979204.855345912,4.364312404796077e+19,7.060991742221941e-05,6061518831027.271,605833.0,316948,348641,666021.10468683,4.7899025240876e+19,3798.4329223632812
2019-02-19,3911.66162109375,4010.87939453125,3908.153076171875,3947.094482421875,9933626655,69260257616.24478,1072508.331168831,4.45004184649051e+19,9.91582442575882e-05,6061518831027.271,686405.0,362291,341320,796974.1640508301,4.7509317498389e+19,3944.4471435546875
2019-02-20,3946.68505859375,4000.486328125,3926.246826171875,3999.820556640625,8693373948,70192100142.93678,1179919.015037594,4.432274208012895e+19,0.0001164128473131,6061518831027.271,714316.0,374673,317840,827488.48229337,4.0879077067077e+19,3968.3096923828125
2019-02-21,4000.2568359375,4010.009521484375,3940.108154296875,3954.1181640625,7775128102,69396554523.12448,1174424.8167938932,4.314352753534546e+19,0.0001136962593496,6061518831027.271,672939.0,360300,320733,795937.24719333,3.9935971831676e+19,3976.1231689453125
2019-02-22,3952.406494140625,4006.538330078125,3950.81640625,4005.526611328125,7826525254,70305553714.36917,1120188.5777777778,4.370483247862349e+19,0.0001250101450799,6061518831027.271,682684.0,344469,302385,683902.33625467,4.1291641470057e+19,3978.8219604492188
2019-02-23,3998.916259765625,4166.2861328125,3968.726806640625,4142.52685546875,8922258316,72718849797.60371,985552.48502994,4.478757575692763e+19,8.44286069024492e-05,6061518831027.271,641768.0,337321,364856,632398.30407967,4.821220223967e+19,4069.114013671875
2019-02-24,4145.4580078125,4210.6416015625,3793.708984375,3810.427490234375,10794227451,66895721081.46275,1031965.2302158274,4.390657723900007e+19,8.861124575377948e-05,6061518831027.271,553736.0,299029,323523,651151.49016323,4.1272675696447e+19,3990.0590209960938
2019-02-25,3807.00244140625,3913.707275390625,3807.00244140625,3882.6962890625,9318796067,68171168176.74993,1090687.4927536233,4.302865737598399e+19,0.0001010372566214,6071846049920.752,611746.0,320588,332743,776382.6699813,4.3004012592874e+19,3852.6021118164062
2019-02-26,3878.697265625,3891.578857421875,3837.986328125,3854.35791015625,7931218996,67680598172.80213,1176275.1103448276,4.238654708940902e+19,0.0001203360037032,6071846049920.752,720191.0,370040,339159,803044.86957485,4.4556614627167e+19,3865.6550903320312
2019-02-27,3857.479736328125,3888.802490234375,3787.058837890625,3851.04736328125,8301309684,67629351968.56702,1116991.2307692308,4.3068801710999904e+19,9.316553930429544e-05,6071846049920.752,679153.0,364716,345204,831477.40412314,4.2011958828429e+19,3846.0971069335938
2019-02-28,3848.261962890625,3906.058349609375,3845.8212890625,3854.785400390625,8399767798,67702172126.96335,1069755.6040268457,4.36882245376914e+19,8.18343119328779e-05,6071846049920.752,642715.0,348629,365662,899109.4198791101,4.7027661729957e+19,3863.7317504882812
2019-03-01,3853.757080078125,3907.79541015625,3851.6923828125,3859.583740234375,7661247975,67794264034.72529,1045572.2962962964,4.455109361920119e+19,8.2126707358849e-05,6071846049920.752,702148.0,350121,353221,730403.06688805,4.9562135794196e+19,3868.2071533203125
2019-03-02,3855.318115234375,3874.607421875,3832.1279296875,3864.4150390625,7578786076,67886470011.058914,1146484.9407894737,4.438881676929898e+19,7.875031085943492e-05,6071846049920.752,739542.0,386314,372966,694055.84725936,4.3949061810106e+19,3856.6171264648438
2019-03-03,3862.26611328125,3875.483642578125,3836.90576171875,3847.17578125,7253558152,67590260426.56459,1050071.9130434785,4.47458196517387e+19,6.797592628191734e-05,6071846049920.752,552583.0,298680,335006,919019.82905997,4.2311112626055e+19,3855.4578247070312
2019-03-04,3845.091552734375,3867.3818359375,3733.749755859375,3761.55712890625,9029175788,66092578650.5368,1043957.7482014388,4.470822560484917e+19,8.208131927106946e-05,6071846049920.752,619333.0,312149,313226,1078277.14814301,4.3472125336048e+19,3801.945068359375
2019-03-05,3759.83251953125,3903.916748046875,3745.18310546875,3896.375,10174126415,68468368227.44426,1048652.5804195805,4.427188949034714e+19,0.0001010766242466,6071846049920.752,706568.0,375516,288229,899019.0184903101,4.1805189669414e+19,3826.3268432617188
2019-03-06,3897.0810546875,3919.510498046875,3871.460693359375,3903.942626953125,9175291529,68607691760.02764,1216314.5615384616,4.370330752516206e+19,0.0001220980371939,6071846049920.752,702460.0,343565,263699,770478.97013089,4.1412534647707e+19,3897.9987182617188
2019-03-07,3903.384765625,3939.373291015625,3894.113037109375,3911.484375,9584165519,68747172207.0421,1009764.176056338,4.331865896081393e+19,0.000137529331479,6071846049920.752,691473.0,366092,284389,813896.90839832,4.2824719732868e+19,3912.0888671875
2019-03-08,3913.225830078125,3950.43212890625,3875.228515625,3901.131591796875,10638638944,68572238641.24072,1049282.5625,4.220354802666102e+19,0.0001301245628782,6071846049920.752,725521.0,377040,298235,734583.40111014,4.2936570959982e+19,3910.0045166015625
2019-03-09,3894.552490234375,3987.23779296875,3892.390380859375,3963.313720703125,10796103518,69671884940.92545,959591.8507462686,4.200413909624259e+19,0.0001062441454124,6071846049920.752,647270.0,347766,258850,641553.44273458,4.1336847048778e+19,3934.3735961914062
2019-03-10,3966.17431640625,3966.17431640625,3924.381103515625,3951.599853515625,9713267607,69473619915.5942,744021.6,4.282459792626797e+19,9.190647992936284e-05,6071846049920.752,540273.0,280864,223112,502900.36371128,4.4912547391837e+19,3952.0823974609375
2019-03-11,3953.740234375,3966.384765625,3889.239013671875,3905.227294921875,10125901903,68664586841.69612,1071881.9140625,4.1666557079270834e+19,0.0001041296873283,6068891541676.553,645325.0,329926,260369,641755.16198589,3.9846362525046e+19,3928.6478271484375
2019-03-12,3903.75830078125,3926.88916015625,3863.55908203125,3909.15625,9809887079,68740997138.46494,986073.0,4.23541781020115e+19,0.0001023317912139,6068891541676.553,727015.0,382912,290278,778412.71594224,4.3790083550997e+19,3900.8406982421875
2019-03-13,3913.04736328125,3926.59765625,3891.904296875,3906.71728515625,9469184841,68704700141.97431,1162788.4444444445,4.2257176059543e+19,0.0001176485962024,6068891541676.553,714321.0,366388,288553,710217.13720086,4.1888687406464e+19,3909.566650390625
2019-03-14,3905.576904296875,3946.50439453125,3901.296875,3924.369140625,10480789570,69021804047.384,1191700.9264705882,4.198110114290679e+19,0.0001342004174779,6068891541676.553,727960.0,374173,299944,761895.59393648,4.158408342334e+19,3919.4368286132812
2019-03-15,3926.663330078125,3968.54296875,3914.015380859375,3960.9111328125,9394210605,69672774363.98409,914755.0359281438,4.3234611502483366e+19,0.0001099886530098,6068891541676.553,732235.0,377481,300069,877751.26079441,4.9632758860105e+19,3942.533203125
2019-03-16,3963.900146484375,4077.036376953125,3961.657470703125,4048.725830078125,9856166973,71225084880.44649,911200.6026490066,4.41089810035905e+19,9.296372870947933e-05,6068891541676.553,650355.0,344340,278469,657246.2257938,4.6646455556722e+19,4012.8299560546875
2019-03-17,4047.719482421875,4054.1220703125,4006.4111328125,4025.22900390625,8221625400,70819878668.13803,689118.5493827161,4.459848411976938e+19,7.644386543040812e-05,6068891541676.553,530096.0,282621,229294,506957.03177195,4.9592291011754e+19,4033.3704223632812
2019-03-18,4029.968505859375,4071.556640625,4009.1171875,4032.50732421875,9646954186,70955395074.22333,920508.9797297296,4.518902641187638e+19,7.640450467859675e-05,6068891541676.553,658287.0,332964,272197,620689.09777271,4.3390699210053e+19,4035.7874145507812
2019-03-19,4032.69189453125,4082.216064453125,4023.8125,4071.190185546875,9344919956,71644754250.42642,881633.2397660819,4.676646708922081e+19,7.156393159735716e-05,6068891541676.553,719901.0,366322,295895,668294.99335501,5.2011489621978e+19,4052.4776611328125
2019-03-20,4070.7939453125,4089.4619140625,4031.11083984375,4087.476318359375,10175916388,71939327387.38734,965752.9102564104,4.8048265005117735e+19,8.165436297650558e-05,6068891541676.553,719268.0,364403,293176,778603.43099306,4.9070373830229e+19,4069.7107543945312
2019-03-21,4083.953857421875,4097.35986328125,4005.1513671875,4029.326904296875,10831212662,70923204886.34335,1094597.8689655173,4.703663475743525e+19,0.0001123366965898,6068891541676.553,723591.0,379305,306229,795254.47025852,4.4892984357758e+19,4053.947998046875
2019-03-22,4028.5146484375,4053.90673828125,4021.54248046875,4023.96826171875,9252935969,70837432523.0747,913583.8235294118,4.775050002702158e+19,9.984719448498969e-05,6068891541676.553,736997.0,377444,310353,714238.94207015,4.8429667114958e+19,4031.9830322265625
2019-03-23,4022.71337890625,4049.882568359375,4015.964599609375,4035.826416015625,9578850549,71053699327.59166,894850.4630872483,4.702266093772619e+19,7.83444959517912e-05,6068891541676.553,641914.0,334790,270490,599369.08847321,4.5753419117938e+19,4031.0967407226562
2019-03-24,4035.16357421875,4040.69970703125,4006.19287109375,4022.168212890625,9144851065,70820881076.9753,746247.6842105263,4.799793276153234e+19,6.937453191479921e-05,6379265451411.053,543012.0,282857,225397,457352.08741103,4.9299271014124e+19,4026.0560913085938
2019-03-25,4024.11279296875,4038.8408203125,3934.03125,3963.070556640625,10359818883,69787246838.98192,962929.9,4.711668062445818e+19,8.823466288225048e-05,6379265451411.053,649957.0,328765,265827,604269.13322344,4.4915799891588e+19,3990.0138549804688
2019-03-26,3969.228759765625,3985.080810546875,3944.753173828125,3985.080810546875,10707678815,70182154662.52422,1185862.62585034,4.624652910156714e+19,8.143362338410114e-05,6379265451411.053,695233.0,353152,392506,697745.09990506,4.657554893958e+19,3971.035888671875
2019-03-27,3984.244873046875,4087.066162109375,3977.810546875,4087.066162109375,10897131934,71985599684.23671,1196682.0694444445,4.600114263034456e+19,0.0001255050422883,6379265451411.053,765305.0,402131,375990,817205.51757614,4.5164257859722e+19,4034.0469360351562
2019-03-28,4087.58447265625,4094.902099609375,4040.266357421875,4069.107177734375,9353915899,71676508621.7686,1218676.6126760563,4.6254245431460176e+19,0.0001225234897856,6379265451411.053,740955.0,385274,380201,759826.07597848,4.5413211116353e+19,4072.9650268554688
2019-03-29,4068.2998046875,4113.5009765625,4034.09716796875,4098.37451171875,10918665557,72199578620.80307,1241320.5646258504,4.571901790851807e+19,0.0001522324328442,6379265451411.053,752768.0,377054,370184,829971.81116159,4.7722181643644e+19,4078.568115234375
2019-03-30,4092.13623046875,4296.806640625,4053.90966796875,4106.66015625,9732688060,72353293368.08434,1194954.2715231788,4.655053323601402e+19,0.0001515215909507,6379265451411.053,748133.0,381836,403438,720784.22442595,4.703921239098e+19,4137.378173828125
2019-03-31,4105.4560546875,4113.0234375,4094.100830078125,4105.404296875,9045122443,72337942144.44342,1191795.5909090908,4.538855850781825e+19,0.0001325983811021,6379265451411.053,626209.0,322469,361777,570068.92594741,4.1918729970289e+19,4104.496154785156
2019-04-01,4105.3623046875,4164.953125,4096.9013671875,4158.18310546875,10157794171,73275138226.45123,1181245.4388489209,4.54302940492078e+19,0.0001342273015428,6379265451411.053,645046.0,323587,381770,718974.8765392,4.5303428582058e+19,4131.3499755859375
2019-04-02,4156.91943359375,4905.95458984375,4155.31689453125,4879.8779296875,21315047816,86001563883.72713,1228577.0625,4.497794580948338e+19,0.0002505616035137,6379265451411.053,812844.0,422028,377259,1142351.28052916,4.5153648700429e+19,4524.5172119140625
2019-04-03,4879.9580078125,5307.00341796875,4876.62109375,4973.02197265625,22899891582,87652493306.34163,1230692.298013245,4.556843974153262e+19,0.0003579855565064,6379265451411.053,872568.0,446455,379762,1233895.65704474,4.7250644576875e+19,5009.151123046875
2019-04-04,4971.3076171875,5063.15966796875,4836.7939453125,4922.798828125,18251810240,86775774141.80408,1223304.1376811594,4.549570186630316e+19,0.000447318152922,6379265451411.053,816978.0,418131,348269,1006309.82368049,4.4746258329155e+19,4948.5150146484375
2019-04-05,4922.80615234375,5053.509765625,4919.49169921875,5036.68115234375,16837325387,88793350993.71048,1240715.298136646,4.592014172705776e+19,0.0003371010503084,6379265451411.053,916076.0,431506,397607,899591.06870263,4.8449292371931e+19,4983.1221923828125
2019-04-06,5036.79296875,5205.82177734375,4992.22216796875,5059.8173828125,16929795194,89210395814.02989,1197755.4827586208,4.591830940142484e+19,0.0002156208061091,6379265451411.053,680454.0,339775,372096,548467.43626458,4.7773856045886e+19,5073.66357421875
2019-04-07,5062.7939453125,5235.1865234375,5050.412109375,5198.89697265625,16655416140,91670395999.40443,1196516.5123966942,4.544685429665016e+19,0.00026899814296,6393023717201.863,613273.0,295431,310968,644720.48190351,4.2747729852944e+19,5136.8223876953125
2019-04-08,5199.83544921875,5318.83642578125,5148.2119140625,5289.77099609375,17154113634,93282599656.03346,1174869.0738255037,4.574446925580987e+19,0.0003152998458303,6393023717201.863,727592.0,363508,377182,792651.96109236,4.6639131138381e+19,5239.1636962890625
2019-04-09,5289.91796875,5289.91796875,5167.4189453125,5204.95849609375,14722104361,91796662884.06856,1237548.845637584,4.591280881183961e+19,0.000319825235638,6393023717201.863,809917.0,415668,376149,784182.16202751,4.5837182335531e+19,5238.0533447265625
2019-04-10,5204.10546875,5421.6513671875,5193.38232421875,5324.5517578125,15504590933,93915111429.1142,1240437.1582733812,4.548986349495365e+19,0.0003152580924248,6393023717201.863,778727.0,402955,370528,981961.06906257,4.494620235172e+19,5285.9227294921875
2019-04-11,5325.08154296875,5354.2255859375,5017.29638671875,5064.48779296875,16555616019,89337879072.14473,1192694.735483871,4.637107657782352e+19,0.0002811414225572,6393023717201.863,799866.0,435939,400722,1014693.25680273,4.8567023602771e+19,5190.2728271484375
2019-04-12,5061.20068359375,5103.2744140625,4955.8525390625,5089.5390625,13675206312,89789518247.20761,1217506.725490196,4.583388304298619e+19,0.0002796941100075,6393023717201.863,782448.0,386014,390464,822980.93442859,4.8875344024887e+19,5052.4666748046875
2019-04-13,5088.85009765625,5127.1220703125,5061.58935546875,5096.58642578125,10823289598,89922580630.03658,1101946.8394160585,4.552803352208033e+19,0.000222728168512,6393023717201.863,648879.0,340270,344201,626592.20120657,4.4881011191602e+19,5093.5369873046875
2019-04-14,5095.7587890625,5184.01611328125,5053.568359375,5167.72216796875,10391952498,91186269865.7202,1145201.5939849624,4.614323610792188e+19,0.000139409536964,6393023717201.863,551222.0,292299,382886,551069.08296183,4.2214082174307e+19,5125.266357421875
2019-04-15,5167.32177734375,5196.60693359375,5024.0693359375,5067.1083984375,12290155061,89418946516.04564,1244996.4330708662,4.520407511117374e+19,0.0002165830668074,6393023717201.863,710961.0,356606,336265,705647.67011464,4.0323493461444e+19,5113.776611328125
2019-04-16,5066.57763671875,5238.9453125,5055.19482421875,5235.5595703125,11618660197,92401406517.30452,1225031.4066666667,4.514015663522331e+19,0.0001991237049464,6393023717201.863,753892.0,389591,385042,754971.9106249401,4.7376670849012e+19,5149.0693359375
2019-04-17,5236.13525390625,5274.275390625,5219.20556640625,5251.93798828125,12438480677,92699400646.05264,1270826.1176470588,4.516977108503809e+19,0.0002325945057106,6393023717201.863,780544.0,385560,338577,1055440.56274697,4.4715630813601e+19,5245.3885498046875
2019-04-18,5251.48046875,5319.986328125,5250.5068359375,5298.3857421875,13256489918,93528561411.46127,1225907.695035461,4.458182499938848e+19,0.0002019856705593,6393023717201.863,732868.0,383620,371727,1176502.07351475,4.4877629677347e+19,5280.08984375
2019-04-19,5298.154296875,5336.68017578125,5233.3349609375,5303.8125,13780238655,93634436092.36684,1196317.3026315789,4.4461581913422455e+19,0.0002184872259071,6393023717201.863,744931.0,368714,352335,908275.63158135,4.9017597208769e+19,5292.9954833984375
2019-04-20,5304.16064453125,5358.49072265625,5295.8779296875,5337.88623046875,13169647522,94245383934.00554,1193541.163120567,4.4749699261397e+19,0.0001678442862158,6393023717201.863,706224.0,382755,370252,729588.80784477,4.535427803579e+19,5324.1038818359375
2019-04-21,5335.87890625,5359.9248046875,5257.33935546875,5314.53125,13731844223,93843597810.7466,1236384.358490566,4.562660634745531e+19,0.0001522872144851,6353030562983.983,797072.0,297923,365699,523724.66157493,4.8185243808056e+19,5316.9185791015625
2019-04-22,5312.49462890625,5422.6875,5280.27685546875,5399.365234375,14601631648,95350970856.3635,1097669.3525179855,4.606022630363451e+19,0.0001675769114995,6353030562983.983,580710.0,296274,348360,817031.38430595,4.6644185645314e+19,5353.7060546875
2019-04-23,5399.36572265625,5633.80224609375,5389.40869140625,5572.3623046875,15867308108,98414670477.60498,1220854.2177419355,4.515489764307716e+19,0.0002682103879423,6353030562983.983,703182.0,368706,321156,1215241.80547457,3.8988598871186e+19,5498.7347412109375
2019-04-24,5571.50830078125,5642.04443359375,5418.26318359375,5464.86669921875,17048033399,96525666251.13457,1257876.3884892086,4.52010715899406e+19,0.0003478021233831,6353030562983.983,807265.0,409790,353695,1423873.1203553,4.3881426840945e+19,5524.170654296875
2019-04-25,5466.5244140625,5542.23828125,5181.3388671875,5210.515625,15330283408,92043627080.13332,1211058.6543209876,4.585664198332923e+19,0.0002705193229578,6353030562983.983,819513.0,425767,421185,1298568.19818863,4.8344574594865e+19,5350.154296875
2019-04-26,5210.3046875,5383.63427734375,5177.36865234375,5279.34814453125,16812108040,93269188982.3982,1253195.6301369865,4.555634347161778e+19,0.0002430791787669,6353030562983.983,768982.0,385701,375472,1183445.37696034,4.6946612588731e+19,5262.6639404296875
2019-04-27,5279.47119140625,5310.75,5233.6357421875,5268.291015625,13111274675,93084051873.8706,1185349.9870967742,4.645988745013121e+19,0.0001669232951213,6353030562983.983,687837.0,356220,398741,639454.1050193401,4.8275413293562e+19,5273.0369873046875
2019-04-28,5271.74658203125,5326.23193359375,5255.68359375,5285.13916015625,12819992056,93390454266.61308,1108923.7727272727,4.481640135489154e+19,0.0001317289825791,6353030562983.983,545041.0,284472,357905,530979.07672721,4.469055992859e+19,5284.7003173828125
2019-04-29,5284.8583984375,5311.27490234375,5216.48779296875,5247.3525390625,13735490672,92733903310.16858,1047481.7764705884,4.6293721733618885e+19,0.0001798941244365,6353030562983.983,721174.0,349381,352276,684340.17536749,5.1783591653777e+19,5264.993408203125
2019-04-30,5247.72607421875,5363.25732421875,5224.18994140625,5350.7265625,13878964574,94570683275.54988,1263998.0202702703,4.787117515712146e+19,0.0002194502629817,6353030562983.983,790062.0,392121,352496,923867.36054465,4.8584613414093e+19,5296.4749755859375
2019-05-01,5350.91455078125,5418.00390625,5347.64599609375,5402.697265625,13679528236,95500302387.58636,1205657.4024390243,4.801264984931073e+19,0.0001938400867689,6353030562983.983,858076.0,421207,408441,768942.65973877,5.0654331800979e+19,5379.8154296875
2019-05-02,5402.4228515625,5522.2626953125,5394.21728515625,5505.28369140625,14644460907,97325570287.48454,1082180.6416184972,4.9793919054415135e+19,0.0001274156432528,6353030562983.983,709647.0,372868,445890,687995.42282863,5.4867185411334e+19,5456.046630859375
2019-05-03,5505.55224609375,5865.8818359375,5490.20166015625,5768.28955078125,18720780006,101987322413.48969,1186261.7573964498,5.022169795865991e+19,0.0001786609202048,6353030562983.983,830692.0,410896,420928,824043.25708089,5.3295131483402e+19,5657.4813232421875
2019-05-04,5769.20263671875,5886.8935546875,5645.46923828125,5831.16748046875,17567780766,103109400149.02458,1184826.457746479,5.057613429221936e+19,0.0001987788409968,6702169884349.173,721892.0,369004,366194,720737.39382516,4.8117932578551e+19,5783.1832275390625
2019-05-05,5831.068359375,5833.86279296875,5708.03515625,5795.70849609375,14808830723,102491525202.09996,1203493.357142857,4.917132090619579e+19,0.000189430567572,6702169884349.173,637724.0,340215,339534,654723.6879151,4.2329960289162e+19,5792.168701171875
2019-05-06,5791.693359375,5802.95751953125,5653.6875,5746.80712890625,15737171804,101636807466.17474,1217081.9857142856,4.844797885453637e+19,0.0001891352577956,6702169884349.173,672428.0,332151,339998,694177.25791148,4.6823178937214e+19,5748.786376953125
2019-05-07,5745.59912109375,5988.17822265625,5741.39599609375,5829.50146484375,18026409033,103109745281.81622,1252790.9510489511,4.918708025779489e+19,0.0002490915567555,6702169884349.173,818971.0,425404,365735,791662.14499104,4.6753411521096e+19,5826.168701171875
2019-05-08,5849.4814453125,5989.98095703125,5794.7158203125,5982.45751953125,15320605300,105825706663.417,1244316.560283688,4.793227042338928e+19,0.0002944329477348,6702169884349.173,789743.0,407984,365138,881085.88860503,4.7220010648955e+19,5904.158935546875
2019-05-09,5982.31640625,6183.0390625,5982.31640625,6174.52880859375,16784645411,109233972940.8962,1263015.1594202898,4.695495353456407e+19,0.0002962374031969,6702169884349.173,801069.0,410700,347019,859517.69204178,4.8350171828623e+19,6080.5501708984375
2019-05-10,6175.82275390625,6434.61767578125,6161.51904296875,6378.84912109375,19419875368,112859938328.71588,1268908.7394366197,4.628317503257273e+19,0.000333105151225,6702169884349.173,814201.0,416242,349909,930912.55069718,4.6213925644698e+19,6287.7021484375
2019-05-11,6379.6669921875,7333.0029296875,6375.69873046875,7204.771484375,28867562329,127484382497.16656,1239469.1015625,4.545421348607137e+19,0.0003787115872195,6702169884349.173,778096.0,413879,346247,919718.10051425,4.340786043463e+19,6823.2850341796875
2019-05-12,7203.50732421875,7503.8720703125,6815.77099609375,6972.37158203125,27773333680,123384916716.94012,1208522.006849315,4.661452208970679e+19,0.000331247446727,6702169884349.173,805509.0,392182,344640,823145.04602349,4.7765150364414e+19,7123.8804931640625
2019-05-13,6971.17822265625,8047.4130859375,6898.2822265625,7814.9150390625,28677672181,138311494112.36014,1218428.8245614036,4.801785924993322e+19,0.0002752445047744,6702169884349.173,853107.0,403973,368418,706309.12516193,5.4283279072948e+19,7432.9471435546875
2019-05-14,7807.88427734375,8268.712890625,7696.39111328125,7994.416015625,32031452227,141503964012.5187,1224470.5897435895,4.874645614996749e+19,0.0003124307999297,6702169884349.173,894428.0,461573,381321,1039974.00403408,5.4538900851298e+19,7941.85107421875
2019-05-15,7989.37451171875,8216.423828125,7899.10693359375,8205.16796875,28344112920,145248798075.00085,1248833.304964539,4.8707915321548415e+19,0.0004840633603417,6702169884349.173,836979.0,424245,340141,982785.2588287,4.9931629299744e+19,8077.518310546875
2019-05-16,8194.5009765625,8320.82421875,7729.6083984375,7884.9091796875,33167197581,139594828332.2663,1255385.8451612904,4.948079183253551e+19,0.000606524494888,6702169884349.173,942846.0,484290,394368,1217236.69541094,5.0176586167907e+19,8032.460693359375
2019-05-17,7886.92578125,7929.1455078125,7038.12451171875,7343.8955078125,30066644905,130030466765.7638,1263009.2,5.0123213030347465e+19,0.0006031553608073,6702169884349.173,917079.0,440814,374341,1049834.12532383,5.024825429449e+19,7549.5228271484375
2019-05-18,7341.66455078125,7447.27197265625,7251.50439453125,7271.2080078125,21354286562,128757095323.86784,1226132.36,5.112531253309668e+19,0.0004551946686703,6704632680587.417,847077.0,419351,370975,672940.13243634,4.9834097270027e+19,7327.9122314453125
2019-05-19,7267.962890625,8261.94140625,7267.962890625,8197.689453125,25902422040,145179035007.66663,1176302.9935897435,5.120608062920737e+19,0.0003815068447482,6704632680587.417,762359.0,351611,331365,639885.6989655601,5.2638537814063e+19,7748.88916015625
2019-05-20,8196.923828125,8200.9677734375,7678.78173828125,7978.30908203125,23843404340,141311311646.74026,1130245.3885714286,5.174450600964824e+19,0.0004059926967567,6704632680587.417,812891.0,383107,378729,687971.60105512,5.7670780301278e+19,8013.74560546875
2019-05-21,7977.96923828125,8062.16796875,7843.33984375,7963.32763671875,25127245056,141060795613.59872,1265526.4093959732,5.134386284336414e+19,0.0005541341184695,6704632680587.417,873156.0,434897,381178,749467.32317655,5.0012711831355e+19,7961.701171875
2019-05-22,7956.2919921875,7997.6123046875,7615.9873046875,7680.06640625,24719473175,136058234911.1826,1223395.5159235669,5.19032554640154e+19,0.0004848690689662,6704632680587.417,873280.0,430157,386334,807858.16750965,5.1934792844099e+19,7812.489501953125
2019-05-23,7677.26904296875,7943.79150390625,7533.19677734375,7881.8466796875,24457107820,139649279403.47174,1212502.7409638555,5.310178544955826e+19,0.0004087736702168,6704632680587.417,834233.0,405134,395478,828623.0551939299,5.6345280488867e+19,7759.0260009765625
2019-05-24,7881.6953125,8140.7197265625,7824.44873046875,7987.37158203125,25919126991,141533827935.03784,1230552.7718120806,5.256926066297651e+19,0.0004859088173502,6704632680587.417,829451.0,397100,362601,828542.32773844,5.0327670127321e+19,7958.558837890625
2019-05-25,7991.88525390625,8117.92578125,7965.97607421875,8052.5439453125,22256813107,142703659282.50018,1203986.966442953,5.273981194172409e+19,0.0004217674809647,6704632680587.417,787372.0,369032,358939,672636.87306334,5.1717683787489e+19,8032.082763671875
2019-05-26,8055.2060546875,8687.5205078125,7924.67041015625,8673.2158203125,26677970091,153720503304.67514,1025841.6851851852,5.185141134471821e+19,0.0002927778812413,6704632680587.417,675006.0,326570,375097,502957.76357765,5.0541360259508e+19,8335.153198242188
2019-05-27,8674.072265625,8907.1748046875,8668.705078125,8805.7783203125,27949839564,156088255553.4095,1163482.21686747,5.25083626587544e+19,0.0004104271158196,6704632680587.417,835850.0,394222,389407,843342.72396578,5.4624602580778e+19,8763.9326171875
2019-05-28,8802.7578125,8807.0166015625,8634.7216796875,8719.9619140625,24226919267,154584102674.18085,1242492.0961538462,5.320020680457398e+19,0.0004766561190552,6704632680587.417,871714.0,404336,372533,742144.82885688,5.5127757551099e+19,8741.114501953125
2019-05-29,8718.591796875,8755.8525390625,8482.728515625,8659.4873046875,23473479966,153531310744.28287,1234596.7808988765,5.339937127595611e+19,0.0004932614022607,6704632680587.417,973724.0,476587,431546,1167991.2470861298,5.6022731803443e+19,8654.1650390625
2019-05-30,8661.7607421875,9008.314453125,8221.2734375,8319.47265625,29246528551,147519529650.03613,1207493.8625,5.409135629326416e+19,0.0004626723260918,6704632680587.417,830080.0,401278,359917,803470.04108494,5.7042134893302e+19,8552.705322265625
2019-05-31,8320.2861328125,8586.6591796875,8172.55078125,8574.501953125,25365190957,152055603449.971,1296907.5846153847,5.234689771065745e+19,0.0006189821210279,7459680720542.296,821101.0,383264,324074,1749931.27080032,5.1019160597073e+19,8413.49951171875
2019-06-01,8573.83984375,8625.6005859375,8481.578125,8564.0166015625,22488303544,151885187232.25745,1240260.9310344828,5.347993904266417e+19,0.0005498538438873,7459680720542.296,827500.0,386404,336680,765850.44175444,5.1217308212259e+19,8561.2587890625
2019-06-02,8565.4736328125,8809.3037109375,8561.2353515625,8742.9580078125,20266216022,155073410678.53503,1206341.037313433,5.305011733968451e+19,0.0004193140286165,7459680720542.296,724278.0,337681,310310,604662.93654213,4.9903810030677e+19,8669.74267578125
2019-06-03,8741.7470703125,8743.5,8204.185546875,8208.9951171875,22004511436,145615049560.6984,1247577.68852459,5.157701498724663e+19,0.0005987952431392,7459680720542.296,711758.0,327688,281711,1078510.52621918,4.699934046693e+19,8474.60693359375
2019-06-04,8210.9853515625,8210.9853515625,7564.48876953125,7707.77099609375,24609731549,136737395029.03316,1276181.036231884,5.12103808404072e+19,0.0006719595908164,7459680720542.296,818905.0,409090,344833,1038829.59256369,4.9759122082777e+19,7923.5576171875
2019-06-05,7704.34326171875,7901.84912109375,7668.66845703125,7824.2314453125,21760923463,138819863236.7062,1239322.7142857143,5.191217629865025e+19,0.0004423722789512,7459680720542.296,922920.0,445292,394370,1115144.5249442,6.0380619717336e+19,7774.7730712890625
2019-06-06,7819.63330078125,7937.3408203125,7571.47119140625,7822.0234375,19474611077,138795742850.43735,1182713.4415584416,5.211138196623637e+19,0.0003635608150047,7459680720542.296,813263.0,388272,356501,1329228.07996713,5.9162260518142e+19,7787.6171875
2019-06-07,7826.9013671875,8126.1533203125,7788.37353515625,8043.951171875,19141423231,142748765195.44604,1184736.2533333334,5.3732183696568345e+19,0.0003229232705507,7459680720542.296,816747.0,379939,346009,746866.11633965,5.6399343099376e+19,7946.3448486328125
2019-06-08,8036.77490234375,8076.89111328125,7837.61083984375,7954.1279296875,16522722810,141167969732.23105,1174577.3383458646,5.262411046175547e+19,0.0002551693124508,7459680720542.296,715308.0,341552,316341,675042.24768889,5.1469079089967e+19,7976.3511962890625
2019-06-09,7949.6748046875,7975.97412109375,7583.2197265625,7688.0771484375,16610726547,136460677888.82376,968976.9933774834,5.408836149586496e+19,0.0002047701260567,7459680720542.296,599882.0,294454,310971,558971.6473066,5.2933862687554e+19,7799.2364501953125
2019-06-10,7692.28466796875,8031.90966796875,7586.73095703125,8000.32958984375,18689275117,142018854894.03485,1065088.6392405063,5.6131914980392165e+19,0.0002774872670947,7459680720542.296,732229.0,343783,333612,769821.14986891,5.7052862089287e+19,7827.813720703125
2019-06-11,8004.24365234375,8026.39404296875,7772.8037109375,7927.71435546875,17107279932,140743289382.95255,1262490.080882353,5.572955510313607e+19,0.0003276357326457,7459680720542.296,802630.0,381545,326174,1359925.69506008,5.2800231356745e+19,7932.7889404296875
2019-06-12,7925.43408203125,8196.6484375,7862.35986328125,8145.857421875,19034432883,144630106738.94983,1255260.7028985508,5.396733843226402e+19,0.0003307989465704,7459680720542.296,814119.0,389040,337042,916331.85541431,5.224416926934e+19,8032.574951171875
2019-06-13,8145.54541015625,8311.5673828125,8087.06103515625,8230.923828125,18669407147,146155176936.26227,1265286.2447552448,5.350713526001232e+19,0.0003069243915662,7459680720542.296,855221.0,418466,350071,916459.65971347,5.2395109209979e+19,8193.7744140625
2019-06-14,8230.8984375,8710.63671875,8183.39306640625,8693.8330078125,19831162906,154392364221.38885,1258970.5,5.380663346392686e+19,0.0003071870399222,7409399249090.253,921824.0,455126,370345,855516.89209958,5.7901225537058e+19,8454.690307617188
2019-06-15,8689.74609375,8859.1279296875,8618.3955078125,8838.375,18371033226,156977388207.99908,1278432.6951219512,5.543001175558338e+19,0.0002652919753733,7409399249090.253,1037074.0,470289,358474,835646.50089824,6.1769022035455e+19,8751.4111328125
2019-06-16,8841.4404296875,9335.8671875,8814.556640625,8994.48828125,23348550311,159764593329.66913,1166380.6511627906,5.466990328096564e+19,0.0002275328650402,7409399249090.253,688117.0,341892,294310,673596.08064364,5.0159562652201e+19,8996.588134765625
2019-06-17,8988.923828125,9416.4072265625,8988.923828125,9320.3525390625,15562951919,165568017718.888,1225931.06870229,5.293351649844511e+19,0.0003262693341796,7409399249090.253,748178.0,361073,304061,1363954.60686178,4.7931457989781e+19,9178.65185546875
2019-06-18,9335.466796875,9348.3740234375,9004.9013671875,9081.7626953125,15848210536,161347961083.99908,1220732.8260869563,5.423206769518564e+19,0.0003253563493938,7409399249090.253,941317.0,483120,394529,2072242.54709304,5.5293925848283e+19,9192.626220703125
2019-06-19,9078.7275390625,9299.62109375,9070.3955078125,9273.521484375,15546809946,164772514335.8859,1237098.614379085,5.465354103743855e+19,0.0002898173882898,7409399249090.253,878363.0,429046,371967,2183328.86680637,6.0605270557093e+19,9180.56640625
2019-06-20,9273.060546875,9594.419921875,9232.484375,9527.16015625,17846823784,169298473047.4522,1165964.3456790124,5.568077702304696e+19,0.0002897081437777,7409399249090.253,819848.0,390597,344657,1050514.35819201,6.1333162805368e+19,9406.78125
2019-06-21,9525.07421875,10144.556640625,9525.07421875,10144.556640625,20624008643,180287667094.42105,1265663.676056338,5.47753571390043e+19,0.0003690183743394,7409399249090.253,897485.0,444117,355597,940575.58859535,5.0340851021524e+19,9834.8154296875
2019-06-22,10175.923828125,11157.345703125,10107.03515625,10701.69140625,29995204861,190207174075.2438,1226589.8014705882,5.3227870453938e+19,0.0003639121308826,7409399249090.253,833696.0,423961,338578,1059327.23916085,5.1128810060352e+19,10535.4990234375
2019-06-23,10696.69140625,11246.14453125,10556.095703125,10855.37109375,20998326502,192963039791.24017,1215923.1222222222,5.643437544338894e+19,0.0002434628434437,7409399249090.253,956041.0,431401,401172,1202988.78693061,6.1111512871038e+19,10838.57568359375
2019-06-24,10853.744140625,11065.896484375,10610.427734375,11011.1025390625,19271652365,195753590025.2852,1156860.4938271604,5.806703054487843e+19,0.0002531260293776,7409399249090.253,823036.0,378894,357891,852718.11400645,6.443828270501e+19,10885.292724609375
2019-06-25,11007.2021484375,11790.9169921875,11007.2021484375,11790.9169921875,24879684533,209641169478.63004,1247245.4207317072,5.807060454748256e+19,0.0002905568295691,7409399249090.253,964957.0,441427,373741,813582.08045579,6.0421165276795e+19,11399.0595703125
2019-06-26,11778.5810546875,13796.4892578125,11755.59765625,13016.2314453125,45105733173,231452029629.0156,1253242.77124183,5.656932591265363e+19,0.0003957758505721,7409399249090.253,975903.0,495109,384935,1388300.22578742,5.7168866763585e+19,12586.724853515625
2019-06-27,13017.125,13311.14453125,10491.8525390625,11182.806640625,39977475223,198872930205.15347,1227087.3540372672,5.859683712318924e+19,0.0005433883571849,7934713219630.606,975056.0,496868,393684,1194436.85550172,6.0866673906661e+19,12000.732177734375
2019-06-28,11162.16796875,12445.1748046875,10914.4951171875,12407.33203125,35087757766,220671999075.2788,1261215.7569444445,5.94657369214909e+19,0.0004981623344247,7934713219630.606,905761.0,431138,361618,878534.10727031,6.0815992275665e+19,11732.29248046875
2019-06-29,12400.763671875,12400.91015625,11508.37890625,11959.37109375,29923961128,212732692959.6544,1194594.8663101604,6.195792197295911e+19,0.0003562544248593,7934713219630.606,996978.0,461456,411934,740385.23387274,6.8371186129076e+19,12067.35595703125
2019-06-30,11931.9912109375,12178.3837890625,10799.0087890625,10817.1552734375,27256473494,192435710731.30423,1027428.5816993464,6.16369344626013e+19,0.0003120736971236,7934713219630.606,681987.0,317003,332261,2026981.29138555,6.2635657377836e+19,11431.634765625
2019-07-01,10796.9306640625,11206.439453125,10089.314453125,10583.134765625,29378589324,188291689852.2252,1141090.924137931,6.060640878809858e+19,0.00034251478663,7934713219630.606,780875.0,357743,330623,663418.95030428,5.8675922382152e+19,10668.954833984375
2019-07-02,10588.68359375,10912.1884765625,9737.884765625,10801.677734375,31015895223,192199251074.2132,1288217.958041958,6.04169411493237e+19,0.0003652404545874,7934713219630.606,835930.0,413870,346600,730951.22774547,5.6440454817991e+19,10510.108642578125
2019-07-03,10818.15625,11968.078125,10818.15625,11961.26953125,30796494294,212858712267.59256,1182152.5284090908,6.272938412640523e+19,0.0002509925197226,7934713219630.606,922575.0,442784,402330,704491.148433,6.8305491098162e+19,11391.4150390625
2019-07-04,11972.71875,12006.0751953125,11166.5693359375,11215.4375,25920294033,199609273239.31763,1170372.2727272727,6.266198841912319e+19,0.0002312336702699,7934713219630.606,854548.0,395493,370406,698753.79199346,6.8352193904793e+19,11590.2001953125
2019-07-05,11203.1025390625,11395.6611328125,10874.96484375,10978.4599609375,23838480210,195416312680.5412,1067286.2666666666,6.345837382701652e+19,0.0002170264523174,7934713219630.606,817855.0,379433,371761,614103.23926695,6.9753618891708e+19,11113.047119140625
2019-07-06,10982.5439453125,11620.96484375,10982.5439453125,11208.55078125,21092024306,199538545142.6067,937591.2263157896,6.586324949555153e+19,0.0001623065037959,7934713219630.606,751859.0,379807,368554,462770.94202326,7.2570842300914e+19,11198.65087890625
2019-07-07,11217.6162109375,11541.6201171875,11148.8046875,11450.8466796875,19369044277,203874024614.2189,959616.6558441558,6.61863306324012e+19,0.0001369994713255,7934713219630.606,598852.0,294045,321767,372184.53055951,6.4300253899502e+19,11339.721923828125
2019-07-08,11446.5966796875,12345.8330078125,11393.3740234375,12285.9580078125,23482551458,218768532820.7111,988127.8698224853,6.805492461833228e+19,0.0001691514672679,7934713219630.606,729955.0,350453,350788,821436.99139716,6.6101928179888e+19,11867.9404296875
2019-07-09,12284.326171875,12779.1318359375,12233.26171875,12573.8125,28167921523,223920747754.456,1134174.6153846155,6.823130470068399e+19,0.0001884521179233,9064159826491.41,841169.0,417595,382011,1061439.81556301,7.2606940640373e+19,12467.633056640625
2019-07-10,12571.537109375,13129.529296875,11710.978515625,12156.5126953125,33627574244,216509465396.7556,1243125.4812030075,6.693201834987443e+19,0.0002431628543731,9064159826491.41,813892.0,400385,325462,855691.04596365,6.073707577409e+19,12392.139404296875
2019-07-11,12139.7138671875,12144.623046875,11158.9228515625,11358.662109375,28595327690,202318069411.0017,1274460.4846153846,6.497194842813119e+19,0.0002559348104291,9064159826491.41,788039.0,372340,322597,1785693.18565588,5.964383690876e+19,11700.48046875
2019-07-12,11354.2998046875,11905.4873046875,11179.14453125,11815.986328125,23534692797,210486737440.53497,1246018.4967741936,6.5468997275637375e+19,0.0002122618629458,9064159826491.41,875694.0,398334,353510,1825432.96649866,6.736218994641e+19,11563.7294921875
2019-07-13,11813.126953125,11841.95703125,10908.4794921875,11392.37890625,21042616384,202961218864.6468,1127608.888888889,6.423930454659304e+19,0.0001506769878232,9064159826491.41,718133.0,331809,321432,1392984.8000803,6.626733506563e+19,11488.985595703125
2019-07-14,11381.0205078125,11451.2041015625,10234.576171875,10256.05859375,22486000001,182735779916.7617,936393.116438356,6.488294453039644e+19,0.0001333911132891,9064159826491.41,584855.0,280938,307108,1355476.52852911,6.7831716014397e+19,10830.71484375
2019-07-15,10257.8388671875,11052.7666015625,9992.0068359375,10895.08984375,25384047207,194140959680.25403,1062439.873239437,6.437096516796151e+19,0.0001697462414806,9064159826491.41,682644.0,316965,324117,1178384.88603351,6.418528245748e+19,10549.425537109375
2019-07-16,10896.6533203125,10996.6328125,9448.1064453125,9477.6416015625,24151199070,168902006600.92358,1150861.7911392406,6.483910303061393e+19,0.0001777986969774,9064159826491.41,798748.0,400012,366448,1105031.97701922,6.8554481239655e+19,10204.758544921875
2019-07-17,9471.2138671875,9963.134765625,9163.134765625,9693.802734375,24569921549,172771918923.2027,1094039.9589041097,6.580934687701781e+19,0.0001899754652265,9064159826491.41,750309.0,369296,329130,1199119.46802156,6.9427079433283e+19,9572.821533203125
2019-07-18,9698.5029296875,10736.8427734375,9376.798828125,10666.482421875,25187024648,190124056888.6049,1248244.256198347,6.538412740624304e+19,0.0002104812068209,9064159826491.41,731963.0,354337,321655,1034386.97076074,5.522369004762e+19,10119.65673828125
2019-07-19,10653.9560546875,10716.98046875,10229.62890625,10530.732421875,20727426310,187719918359.1016,1275457.3389830508,6.309408241750958e+19,0.0002477673205112,9064159826491.41,742534.0,357975,297247,825913.22078949,5.4103187067627e+19,10532.824462890625
2019-07-20,10525.8193359375,11048.662109375,10451.2763671875,10767.1396484375,20206615155,191955486694.9605,1173168.0880503145,6.395192964203753e+19,0.0001827676943017,9064159826491.41,766270.0,348974,323273,703462.4016609,6.9569874843147e+19,10698.224365234375
2019-07-21,10777.529296875,10841.8876953125,10389.599609375,10599.10546875,17130580467,188981121797.8728,834763.8944099379,6.461681876544744e+19,0.0001323892681065,9064159826491.41,553785.0,271860,301410,507345.15496641,7.4023459325659e+19,10652.030517578125
2019-07-22,10596.9482421875,10651.791015625,10154.921875,10343.1064453125,16334414913,184438398483.7359,964513.9226190476,6.629507845605482e+19,0.0001559016084783,9064159826491.41,659546.0,308892,317561,585103.05786591,7.1457848053102e+19,10436.69189453125
2019-07-23,10346.748046875,10346.748046875,9883.5947265625,9900.767578125,17851916995,176565717595.47882,1204431.754098361,6.415538222005526e+19,0.0001729923432559,9013786945891.682,693377.0,349346,299788,636091.02602942,5.9014148655443e+19,10119.464599609375
2019-07-24,9887.73046875,9908.796875,9614.306640625,9811.92578125,17398734322,175000609532.67313,979725.2356687898,6.461499991991171e+19,0.0001533473260159,9013786945891.682,681792.0,347407,327257,640620.11046884,6.7590362726755e+19,9805.68994140625
2019-07-25,9809.0966796875,10154.25390625,9773.95703125,9911.841796875,15821952090,176799884541.73758,1266031.6330935252,6.623151169071121e+19,0.0001814940516895,9013786945891.682,806852.0,363828,311939,796564.1278148,6.3719756320374e+19,9912.287353515625
2019-07-26,9913.126953125,9916.517578125,9717.982421875,9870.3037109375,14495714483,176077825353.84738,1051016.2222222222,6.839394973814033e+19,0.0001543196985729,9013786945891.682,746237.0,375706,320376,593623.83352503,7.0206755182977e+19,9854.482666015625
2019-07-27,9871.1650390625,10167.3203125,9411.521484375,9477.677734375,16817809536,169093498403.60907,831052.2035928144,6.770541699248782e+19,0.0001233534547658,9013786945891.682,638066.0,326925,300304,490432.46121002,7.3983227837906e+19,9731.921142578125
2019-07-28,9491.626953125,9575.544921875,9252.296875,9552.8603515625,13738687093,170454674017.9067,756067.2108433734,6.860022836381808e+19,0.0001007487407916,9013786945891.682,524263.0,261155,274887,373498.04575122,7.2639938522833e+19,9468.082275390625
2019-07-29,9548.1787109375,9681.6484375,9472.9482421875,9519.1455078125,13791445323,169873442445.8161,853733.9122807018,7.072164334348085e+19,0.0001106988566299,9013786945891.682,643319.0,307490,311369,796297.24714058,7.8997791387307e+19,9555.480224609375
2019-07-30,9522.3291015625,9701.759765625,9437.3359375,9607.423828125,13829811132,171465491927.5838,1111102.6330935252,7.007113545199318e+19,0.0001651849427374,9013786945891.682,693432.0,341979,307880,921260.10672461,6.5669147558286e+19,9567.212158203125
2019-07-31,9604.05078125,10085.6279296875,9598.09765625,10085.6279296875,16631520648,180019126115.7671,1127421.927152318,7.055941838962299e+19,0.0001675736597002,9013786945891.682,777254.0,383814,351496,527944.48785269,6.8310259810253e+19,9843.35107421875
2019-08-01,10077.4423828125,10446.919921875,9922.01953125,10399.6689453125,17165337858,185647488773.147,992518.384180791,7.261618255414994e+19,0.0001318895154454,9013786945891.682,781381.0,385572,367843,579202.86820142,7.7044124563621e+19,10211.5126953125
2019-08-02,10402.04296875,10657.953125,10371.013671875,10518.1748046875,17489094082,187783207624.1705,1150255.6103896103,7.136967934550813e+19,0.0001375406144444,9013786945891.682,799771.0,388476,346915,587915.40505885,6.7967179766511e+19,10487.296142578125
2019-08-03,10519.2783203125,10946.78125,10503.5048828125,10821.7265625,15352685061,193225984988.84787,872914.0,7.236491362273146e+19,9.816471893125072e-05,9013786945891.682,659287.0,332861,331378,423809.20412915,7.6030806338823e+19,10697.82275390625
2019-08-04,10821.6328125,11009.20703125,10620.2783203125,10970.1845703125,16530894787,195898830486.1385,868943.0062111801,7.117910123652612e+19,7.124307831997898e-05,9013786945891.682,582393.0,285492,304520,347706.84205065,7.6811317518172e+19,10855.32568359375
2019-08-05,10960.7353515625,11895.091796875,10960.7353515625,11805.6533203125,23875988832,210842334853.6376,972800.6036585366,7.284979056170727e+19,9.46645670953131e-05,9985348008059.557,710294.0,344975,330731,611616.36388969,7.9399062399898e+19,11405.553955078125
2019-08-06,11811.544921875,12273.8212890625,11290.7314453125,11478.1689453125,23635107660,205015743527.08005,1172383.1623376624,7.533896263865355e+19,0.0001343918205099,9985348008059.557,840417.0,421452,360800,809330.9065622899,7.5845181020019e+19,11713.566650390625
2019-08-07,11476.193359375,12036.990234375,11433.701171875,11941.96875,22194988641,213323709431.6613,1119428.6875,7.493983198554441e+19,0.0001448957186329,9985348008059.557,822919.0,385960,373633,650412.2094672,8.0248998822887e+19,11722.21337890625
2019-08-08,11954.0400390625,11979.419921875,11556.16796875,11966.4072265625,19481591730,213779718710.2324,1230277.4923076923,7.50995384354304e+19,0.000241814208545,9985348008059.557,758060.0,374525,328610,565132.17724814,6.7679123668556e+19,11864.0087890625
2019-08-09,11953.4697265625,11970.4580078125,11709.7451171875,11862.9365234375,18339989960,211953459937.1155,1211914.086666667,7.457131215544979e+19,0.0001851282853617,9985348008059.557,806456.0,370525,342043,521483.09252206,7.3390229645285e+19,11874.15234375
2019-08-10,11861.556640625,11915.6552734375,11323.8984375,11354.0244140625,18125355447,202881226762.90784,1069548.2847222222,7.345018456468668e+19,0.0001586566069202,9985348008059.557,687899.0,347800,328890,533193.00349157,7.2626289238319e+19,11613.78369140625
2019-08-11,11349.740234375,11523.5791015625,11248.294921875,11523.5791015625,15774371518,205934141908.0884,777188.3850931677,7.454827376669698e+19,0.0001111815817332,9985348008059.557,540802.0,274864,285086,386983.85693965,7.9071227666303e+19,11411.29833984375
2019-08-12,11528.189453125,11528.189453125,11320.951171875,11382.6162109375,13647198229,203435945959.884,873391.4965986394,7.448409925567832e+19,0.0001333667588383,9985348008059.557,591299.0,287192,285518,424560.88337973,7.3702544202941e+19,11439.986572265625
2019-08-13,11385.052734375,11420.0498046875,10830.3271484375,10895.830078125,16681503537,194756159145.90265,1197256.44295302,7.3728394611896754e+19,0.0002002572627132,9985348008059.557,834031.0,358519,350873,565360.80491941,7.1855264709234e+19,11132.81494140625
2019-08-14,10889.4873046875,10889.556640625,10028.1357421875,10051.7041015625,19990838300,179686269816.70508,1158300.678082192,7.253767657913436e+19,0.0001898593543476,9985348008059.557,758268.0,368506,357344,556759.62007677,7.3258555645573e+19,10464.720947265625
2019-08-15,10038.421875,10437.4111328125,9675.31640625,10311.5458984375,22899115082,184351742594.43,1085679.8742138364,7.427869348646476e+19,0.000152700948332,9985348008059.557,728421.0,360294,362352,807133.6536893899,7.8662313884039e+19,10115.673828125
2019-08-16,10319.419921875,10524.349609375,9855.478515625,10374.3388671875,20228207096,185493317205.38983,1031093.0273972604,7.463390740857138e+19,0.0001551119595712,9985348008059.557,684926.0,342243,321652,548122.23330473,7.594460597061e+19,10268.396728515625
2019-08-17,10358.72265625,10452.625,10086.6982421875,10231.744140625,13778035685,182961229713.8853,1066752.5474452556,7.352237827432126e+19,0.00013766761427,9985348008059.557,637071.0,320634,317056,455945.01806259,6.7289292819356e+19,10282.447509765625
2019-08-18,10233.005859375,10487.0703125,10119.0947265625,10345.810546875,12999813869,185018265340.7503,921447.104477612,7.2209327346686706e+19,0.0001063228899222,9985348008059.557,534021.0,280831,288378,587923.72291198,6.5669222895711e+19,10296.245361328125
2019-08-19,10350.283203125,10916.0537109375,10313.2041015625,10916.0537109375,16038264603,195235943129.9744,889385.151724138,7.227101666723552e+19,0.0001211275057978,10183488432890.0,583848.0,291084,283297,434969.23612157,7.5049883500464e+19,10623.898681640625
2019-08-20,10916.3466796875,10947.0419921875,10618.9609375,10763.232421875,15053082175,192524363787.30664,1026199.4161490684,7.331369256691806e+19,0.0001250670148795,10183488432890.0,746565.0,372904,358076,452354.59044613,7.9380362938979e+19,10811.3955078125
2019-08-21,10764.572265625,10798.7294921875,9962.7216796875,10138.0498046875,19473084768,181359058009.12723,1196474.572463768,7.270963356525133e+19,0.0001689769858198,10183488432890.0,765556.0,365274,310645,534017.0438645399,7.2110587966504e+19,10416.018310546875
2019-08-22,10142.521484375,10232.99609375,9831.462890625,10131.0556640625,17097508856,181250925576.6328,1257061.380597015,7.160723490334773e+19,0.0001730697717274,10183488432890.0,800337.0,353977,305293,405656.41315128,6.8849889102623e+19,10084.509033203125
2019-08-23,10136.3095703125,10442.443359375,10078.1923828125,10407.96484375,15627023886,186224519649.1325,1156538.6266666667,7.1641837901350855e+19,0.0001415619410137,10183488432890.0,817281.0,378017,338689,483107.37520642,7.489296255351e+19,10266.2275390625
2019-08-24,10407.64453125,10418.0205078125,9982.296875,10159.9609375,15451030650,181807286856.68152,998853.0188679246,7.415507499838505e+19,9.937178780733838e-05,10183488432890.0,714723.0,334034,323178,388758.23996405,8.0176461065653e+19,10241.980712890625
2019-08-25,10160.7373046875,10304.6220703125,10008.7890625,10138.517578125,14153856610,181442207151.08112,906966.7074829933,7.596864044071469e+19,8.902447571638266e-05,10183488432890.0,583187.0,267100,282042,305201.70822174,7.8245041929152e+19,10153.16650390625
2019-08-26,10126.2998046875,10512.328125,10126.2998046875,10370.8203125,18438654080,185618624490.90503,958538.231292517,7.447264054500763e+19,9.138053891481294e-05,10183488432890.0,626111.0,307423,301736,486659.13846077,7.5561059192841e+19,10283.93701171875
2019-08-27,10372.826171875,10381.328125,10087.30078125,10185.5,14762609503,182319429654.64005,1177062.9496402878,7.315293761293728e+19,0.0001051641987274,10183488432890.0,763594.0,378694,330986,540392.16726565,6.9133210110732e+19,10256.73876953125
2019-08-28,10203.4267578125,10279.3662109375,9716.65625,9754.4228515625,17603790323,174621124901.61227,1047456.4217687076,7.376724956184425e+19,9.667789467776857e-05,10183488432890.0,693763.0,347784,338561,457389.34666716,7.3671161869291e+19,9988.468017578125
2019-08-29,9756.7861328125,9756.7861328125,9421.6298828125,9510.2001953125,17045878501,170268966257.0083,1022513.1736526946,7.642533644049349e+19,0.000101463892177,10183488432890.0,762254.0,382087,357679,708760.27438247,8.0126567539442e+19,9611.3505859375
2019-08-30,9514.8447265625,9656.1240234375,9428.302734375,9598.173828125,13595263986,171862377825.16092,1038031.9019607845,7.61953823240878e+19,0.0001011556789965,10183488432890.0,732990.0,357679,337093,654580.31572106,8.1800566206321e+19,9549.361328125
2019-08-31,9597.5390625,9673.220703125,9531.7998046875,9630.6640625,11454806419,172463761284.8877,933776.1042944784,7.654223005404224e+19,8.006685984924172e-05,10183488432890.0,647438.0,330457,345321,471330.87871934,8.0349506623844e+19,9608.305908203125
2019-09-01,9630.5927734375,9796.755859375,9582.9443359375,9757.970703125,11445355859,174762686929.4252,830485.3248407643,7.70692440731644e+19,6.920412315238503e-05,10771996663680.396,552618.0,277480,303770,401693.02210585,8.6326921289919e+19,9692.06591796875
2019-09-02,9757.4736328125,10396.591796875,9730.650390625,10346.7607421875,17248102294,185326135272.956,1010685.0915492958,7.840361975551399e+19,7.912817611808697e-05,10771996663680.396,641235.0,305200,306215,490296.89394054,7.673309952123e+19,10057.869140625
2019-09-03,10345.7255859375,10736.1044921875,10308.5478515625,10623.5400390625,19384917989,190305582654.97092,1070037.696969697,8.087087349422717e+19,0.0001003564676263,10771996663680.396,799889.0,414329,369992,581323.06044796,8.4459085368777e+19,10503.4794921875
2019-09-04,10621.1806640625,10762.64453125,10434.7099609375,10594.4931640625,16742664769,189803394346.5832,1178491.6204379562,8.028368175126838e+19,0.0001110121320802,10771996663680.396,739862.0,373133,332525,561966.5050280599,7.8735979232243e+19,10603.257080078125
2019-09-05,10588.18359375,10627.26953125,10516.41796875,10575.533203125,14551239508,189485663480.24344,1034897.9397590362,8.162119721206979e+19,0.0001073973175224,10771996663680.396,753609.0,376596,349084,615867.1897822,8.4694533984015e+19,10576.85107421875
2019-09-06,10578.1982421875,10898.76171875,10292.2998046875,10353.302734375,19536574783,185524322797.9185,1071672.3164556962,8.231414188069886e+19,0.0001039918992597,10771996663680.396,780046.0,392614,359598,774352.3552641501,8.6731527479616e+19,10530.640625
2019-09-07,10353.931640625,10558.673828125,10348.9189453125,10517.2548828125,15307366476,188481037640.912,1063896.1328671328,8.107981927758551e+19,9.2162384849306e-05,10771996663680.396,677704.0,352296,332130,553652.33839037,7.7981179079967e+19,10444.69482421875
2019-09-08,10518.1142578125,10595.6376953125,10409.0908203125,10441.2763671875,13670567493,187141077626.8128,778612.765060241,8.243166308842126e+19,7.919952320716492e-05,10771996663680.396,571925.0,303217,295663,409429.24837351,8.9560543105005e+19,10491.02978515625
2019-09-09,10443.228515625,10450.3115234375,10144.9296875,10334.974609375,17595943368,185257641547.61588,829528.7396449704,8.400665043484336e+19,9.002513557794971e-05,10771996663680.396,659994.0,331515,311887,461138.03638466,8.9476443801821e+19,10343.361083984375
2019-09-10,10336.408203125,10394.353515625,10020.5732421875,10115.9755859375,14906809639,181353017951.2542,1053734.7409638555,8.509915292132953e+19,0.0001087807749326,10771996663680.396,814720.0,382754,331874,675781.90748852,8.7647043158632e+19,10216.82763671875
2019-09-11,10123.03515625,10215.9482421875,9980.7763671875,10178.3720703125,15428063426,182493882167.09607,990192.1885714284,8.680024267005569e+19,0.0001090488968369,10771996663680.396,796437.0,379244,334674,535692.53950114,9.5138783348305e+19,10124.532958984375
2019-09-12,10176.8193359375,10442.25390625,10099.2421875,10410.126953125,15323563925,186671921428.07343,955025.4857142858,8.811937136577775e+19,9.22007197768297e-05,10771996663680.396,782570.0,393654,341981,616929.68547124,9.3392801791455e+19,10282.110595703125
2019-09-13,10415.3623046875,10441.4892578125,10226.5966796875,10360.546875,14109864675,185802817200.07404,969710.2922077922,8.934156575444176e+19,8.246225223705278e-05,10771996663680.396,711256.0,356754,314141,415544.85584321,8.6481742604513e+19,10360.998779296875
2019-09-14,10345.4033203125,10422.1337890625,10291.6943359375,10358.048828125,13468713124,185778085502.9898,1016307.735483871,8.935522389453082e+19,8.241607430434054e-05,11890594958795.758,720210.0,367304,304639,497426.94739572,8.9667203266202e+19,10354.320068359375
2019-09-15,10356.4658203125,10387.03515625,10313.0927734375,10347.712890625,12043433567,185610160080.31732,947336.8,8.74030651297823e+19,6.803374759214074e-05,11890594958795.758,579088.0,299227,280332,376546.38796958,8.4899511583805e+19,10351.07666015625
2019-09-16,10347.22265625,10386.8671875,10189.744140625,10276.7939453125,15160167779,184360795077.36267,878455.8983050848,9.11838816044096e+19,7.672730017964496e-05,11890594958795.758,679264.0,338926,324529,492612.89271188,9.9089352791355e+19,10300.156982421875
2019-09-17,10281.513671875,10296.771484375,10199.7392578125,10241.2724609375,15304603363,183742376185.04053,1158434.081632653,8.967927011551986e+19,9.191187470596994e-05,11890594958795.758,756289.0,380470,335850,531047.16885876,8.9832131447666e+19,10254.82421875
2019-09-18,10247.7958984375,10275.9287109375,10191.4697265625,10198.248046875,16169268880,182990995513.5423,1136818.4161490684,8.983550912149833e+19,0.0001040101768032,11890594958795.758,837247.0,413106,369620,644320.97021247,9.3949305668887e+19,10228.360595703125
2019-09-19,10200.49609375,10295.6689453125,9851.6923828125,10266.4150390625,19937691247,184234281540.9352,1095151.4458598725,9.082262089084286e+19,9.927953249505265e-05,11890594958795.758,775696.0,369686,342606,533274.1569752,9.5503797730462e+19,10153.568115234375
2019-09-20,10266.318359375,10285.8720703125,10132.1865234375,10181.6416015625,14734189639,182732716531.1619,988617.9612903226,9.19617064280559e+19,9.997809159172528e-05,11890594958795.758,710233.0,363861,336930,575208.48718246,9.1294729407412e+19,10216.504638671875
2019-09-21,10183.6484375,10188.09765625,10000.7080078125,10019.716796875,13425266806,179846278502.15106,1008312.1656050956,9.316836076061472e+19,7.632966010013838e-05,11890594958795.758,717435.0,380056,350515,644949.39595338,9.2335601900794e+19,10098.042724609375
2019-09-22,10024.115234375,10074.4443359375,9922.533203125,10070.392578125,13199651698,180776378059.81567,873488.754601227,9.305199061862004e+19,6.113661510058965e-05,11890594958795.758,578382.0,299994,321206,420934.6089648,9.5555428319982e+19,10022.871337890625
2019-09-23,10067.962890625,10074.23828125,9727.1435546875,9729.32421875,15144925408,174669819842.09323,1024257.2803030304,9.084149866143726e+19,9.695454765152722e-05,11890594958795.758,642122.0,321810,288826,389690.90904124,8.2848318186323e+19,9899.667236328125
2019-09-24,9729.3212890625,9804.3173828125,8370.8017578125,8620.56640625,25002886689,154779468518.62128,1240541.6,9.018519085509062e+19,0.0001078772025443,11890594958795.758,805933.0,401131,341303,646030.19085268,7.9937001412564e+19,9131.251708984375
2019-09-25,8603.4287109375,8744.828125,8325.396484375,8486.9931640625,21744728353,152398068439.15335,1092635.3207547169,8.854708186273669e+19,0.0001259442028964,11890594958795.758,810483.0,379263,346009,1043098.52208813,9.4971516405711e+19,8540.16162109375
2019-09-26,8487.669921875,8515.685546875,7895.62939453125,8118.9677734375,19258205289,145807117731.3346,978156.2369942196,9.10767881186648e+19,9.800350233075732e-05,11890594958795.758,751182.0,373721,356751,654343.99343504,1.0197810602489e+20,8254.488159179688
2019-09-27,8113.10107421875,8271.5205078125,7965.9228515625,8251.845703125,16408941156,148208509911.23474,1031292.3630136986,9.1477533382899e+19,0.0001002562858117,12759819404408.783,707684.0,351173,316516,619955.76036988,9.673692055455e+19,8150.5975341796875
2019-09-28,8251.2734375,8285.6171875,8125.431640625,8245.9150390625,14141152736,148117354041.67517,1000463.7046979866,9.10939715272455e+19,9.183189229337268e-05,12759819404408.783,687714.0,347455,319089,531003.70436132,9.1285058727796e+19,8227.059326171875
2019-09-29,8246.037109375,8261.70703125,7990.4970703125,8104.185546875,13034629109,145585516221.29492,906012.7101449276,8.984641473701555e+19,7.394509171535207e-05,12759819404408.783,555922.0,298400,289101,401814.45323654,9.0269071153291e+19,8150.606689453125
2019-09-30,8104.2265625,8314.2314453125,7830.7587890625,8293.8681640625,17115474183,149006902114.55164,995181.0746268656,9.182568004678908e+19,9.156339279399768e-05,12759819404408.783,635405.0,306696,285623,501795.84675896,8.6882957405859e+19,8135.771240234375
2019-10-01,8299.720703125,8497.6923828125,8232.6796875,8343.2763671875,15305343413,149908866682.63968,1162144.3868613138,9.128327639801324e+19,0.0001568770345343,12759819404408.783,780378.0,405359,338156,622367.75381324,8.6815343144897e+19,8343.34228515625
2019-10-02,8344.212890625,8393.0419921875,8227.6953125,8393.0419921875,13125712443,150819286402.41458,1019993.8774193547,9.17046792049362e+19,0.0001214388578547,12759819404408.783,732100.0,375043,338731,477307.48595001,9.4792078104057e+19,8339.498046875
2019-10-03,8390.7744140625,8414.2275390625,8146.43701171875,8259.9921875,13668823409,148442690595.6536,1048662.1811594204,9.03432021583422e+19,0.0001169365938274,12759819404408.783,666710.0,357249,315169,455005.82768987,9.2175599243774e+19,8302.857788085938
2019-10-04,8259.494140625,8260.0556640625,8151.23681640625,8205.939453125,13139456229,147486269150.43198,1130399.2123287672,9.017600906190216e+19,9.692995904274732e-05,12759819404408.783,746752.0,380575,345238,588375.47364455,9.1060007144028e+19,8219.181518554688
2019-10-05,8210.1494140625,8215.5263671875,8071.12060546875,8151.50048828125,12200497197,146524546631.38574,908037.4024390244,9.16747274786614e+19,6.390235227208437e-05,12759819404408.783,663468.0,340933,335837,400408.88275181,1.0247499170439e+20,8162.07421875
2019-10-06,8149.876953125,8161.41015625,7958.8505859375,7988.15576171875,13160830305,143603079672.78577,834783.8299319728,9.249934535021814e+19,5.756538786618132e-05,12759819404408.783,555427.0,300111,288450,351549.58269923,9.3752688508679e+19,8064.5733642578125
2019-10-07,7989.12060546875,8308.4501953125,7905.76611328125,8245.623046875,18009742607,148247642431.26035,915965.6602564104,9.508136666328152e+19,7.045069757174393e-05,12759819404408.783,656428.0,333221,312570,465045.61387653,9.7563373730575e+19,8112.239990234375
2019-10-08,8246.849609375,8332.71484375,8185.76318359375,8228.783203125,15592264032,147961647010.7074,974451.2883435584,9.672231653257866e+19,8.056695652562548e-05,12759819404408.783,737155.0,378917,335623,510870.04584723,1.0208491227217e+20,8248.527709960938
2019-10-09,8229.8408203125,8627.7060546875,8169.298828125,8595.740234375,19384942333,154574610411.12207,980575.8540145984,9.598771538375534e+19,8.773705210064532e-05,12759819404408.783,637261.0,321412,293029,497631.97273239,9.5402734393508e+19,8405.646484375
2019-10-10,8585.2802734375,8625.2724609375,8471.93359375,8586.4736328125,17618660671,154424182636.07056,1091882.152317881,9.618313503858942e+19,0.0001071025030027,13008091666971.898,779254.0,403708,352177,621481.26070299,9.3315145143847e+19,8567.239990234375
2019-10-11,8585.2626953125,8721.7802734375,8316.181640625,8321.7568359375,19604381101,149681669601.48563,930007.1761363636,9.912779839299287e+19,7.808089051932615e-05,13008091666971.898,731997.0,383088,365955,525588.27846103,1.1013319860046e+20,8486.245361328125
2019-10-12,8315.6650390625,8415.2421875,8313.3408203125,8336.5556640625,14532641605,149961395100.82056,1033256.7846153846,9.707924874563576e+19,7.464896601657375e-05,13008091666971.898,628898.0,332372,303854,411948.40762593,9.1672153644731e+19,8345.200927734375
2019-10-13,8336.90234375,8470.98828125,8276.6123046875,8321.005859375,13808286059,149697389684.49722,807949.655629139,9.763534791664494e+19,6.024752430140892e-05,13008091666971.898,540560.0,290249,293913,291789.6435538,9.4463553160169e+19,8351.377197265625
2019-10-14,8320.83203125,8390.208984375,8284.130859375,8374.6865234375,15151387859,150676311713.22055,985889.8174603176,9.54421443211474e+19,6.531188381140175e-05,13008091666971.898,587140.0,309940,280957,490019.22932602,8.490229438092e+19,8342.464599609375
2019-10-15,8373.4580078125,8410.71484375,8182.70654296875,8205.369140625,15220412632,147645364127.61575,1038292.42,9.358637299642602e+19,8.064680920307984e-05,13008091666971.898,735063.0,381361,340147,540101.54259343,9.3634869072628e+19,8293.062133789062
2019-10-16,8204.6748046875,8216.8125,7985.08984375,8047.52685546875,16071646996,144818263723.1584,1141651.7384615385,9.333716301579782e+19,8.448485280490859e-05,13008091666971.898,706150.0,354753,319440,555852.55183107,9.0462483365548e+19,8113.5260009765625
2019-10-17,8047.8125,8134.83154296875,8000.94287109375,8103.9111328125,14313052244,145848220261.11572,1103710.2715231788,9.374753176250496e+19,8.090636799657756e-05,13008091666971.898,715669.0,355153,331927,727867.47472057,9.8475013500795e+19,8071.87451171875
2019-10-18,8100.93359375,8138.41357421875,7902.1640625,7973.20751953125,15651592610,143512053117.15475,962488.6049382716,9.291801161658343e+19,7.583981099780552e-05,13008091666971.898,707896.0,373744,345869,651563.63766711,1.0257511985832e+20,8028.6796875
2019-10-19,7973.8037109375,8082.62939453125,7944.77685546875,7988.560546875,13797825640,143803574378.90536,980469.5986842106,9.454737219970309e+19,6.428894769503821e-05,13008091666971.898,663410.0,360702,322283,370769.71006769,9.6511635851668e+19,7997.442626953125
2019-10-20,7997.80712890625,8281.818359375,7949.439453125,8222.078125,15504249442,148020636057.20547,928275.648854962,9.257024033116766e+19,5.701903820498546e-05,13008091666971.898,555082.0,303490,285591,269490.7726533,8.8133342335601e+19,8112.7857666015625
2019-10-21,8225.115234375,8296.6943359375,8196.416015625,8243.720703125,15868748866,148427168643.45285,928761.25,9.684605347912534e+19,5.766245494995737e-05,13008091666971.898,684375.0,357306,342508,425163.82161004,1.0126666937754e+20,8240.486572265625
2019-10-22,8243.40234375,8296.6513671875,8074.462890625,8078.203125,16803377857,145463298420.29987,982571.7080745342,9.742472598035689e+19,6.642055836292249e-05,13008091666971.898,708393.0,370432,335427,425867.65064434,1.0819951626218e+20,8173.179931640625
2019-10-23,8076.228515625,8092.99951171875,7469.32275390625,7514.671875,21942878958,135332197944.79564,948083.0574712644,9.994328614077802e+19,7.623162856931077e-05,13008091666971.898,738089.0,376532,350768,577273.69647161,1.1060555816442e+20,7788.3056640625
2019-10-24,7509.72802734375,7532.86767578125,7446.98876953125,7493.48876953125,16268708849,134964663532.11208,1007748.865771812,1.0088303562126547e+20,8.699699671472896e-05,13691480038694.451,699789.0,341625,317782,605074.31698508,1.0723797289627e+20,7495.768310546875
2019-10-25,7490.703125,8691.5400390625,7479.984375,8660.7001953125,28705065488,156001194999.5159,1177927.1162790698,9.84252291854128e+19,0.0001015302929566,13691480038694.451,736706.0,372189,315132,609501.57012841,8.7317090543802e+19,8080.73193359375
2019-10-26,8667.5771484375,10021.744140625,8662.6220703125,9244.97265625,44496255609,166542049545.1018,1240878.7291666667,9.927118843354931e+19,0.0001339547114514,13691480038694.451,815389.0,397396,323741,703903.5719429,9.7409154606929e+19,9149.22900390625
2019-10-27,9241.70703125,9749.529296875,9112.5419921875,9551.71484375,32593129501,172081786432.21698,1107761.8376068375,9.792762391753816e+19,0.0001624237184886,13691480038694.451,605909.0,298755,256693,436179.9558647,8.3399746091536e+19,9413.873291015625
2019-10-28,9565.1015625,9805.1181640625,9256.1484375,9256.1484375,30948255332,166772653594.4833,1186408.2867647058,9.637904221517932e+19,0.0001237228268092,13691480038694.451,720177.0,361391,308192,537338.58757016,8.6654815713731e+19,9470.629150390625
2019-10-29,9248.4404296875,9516.1806640625,9232.6484375,9427.6875,28426779937,169878091803.68695,1176296.856,9.393303931304691e+19,0.0001176784440147,13691480038694.451,695126.0,347538,290112,544140.98804043,9.370746965362e+19,9356.2392578125
2019-10-30,9422.462890625,9426.8740234375,9085.3701171875,9205.7265625,27706531577,165895017461.6562,1114056.7132867132,9.231366648279754e+19,0.0001076448565799,13691480038694.451,772179.0,393292,331439,489704.51068765,8.9012647180973e+19,9285.1083984375
2019-10-31,9202.4580078125,9383.1611328125,9028.7177734375,9199.5849609375,26583653947,165800207616.01797,1060627.9130434785,9.061125528556369e+19,0.0001133088396465,13691480038694.451,714041.0,357645,307820,497584.81024824,9.7581585987353e+19,9203.48046875
2019-11-01,9193.9921875,9275.6572265625,9132.0478515625,9261.1044921875,24324691031,166922839423.2744,1241662.5833333333,8.967051789444538e+19,0.0001270756678323,13691480038694.451,733504.0,358644,292521,537076.7084228899,8.4117756917213e+19,9215.700439453125
2019-11-02,9259.783203125,9377.486328125,9249.587890625,9324.7177734375,21242676385,168086429929.64972,1051088.006849315,9.0354491443982e+19,0.0001076783372489,13691480038694.451,721004.0,379638,321792,628018.44604982,9.2531701490328e+19,9302.893798828125
2019-11-03,9324.787109375,9379.806640625,9141.251953125,9235.3544921875,21132220847,166489898321.90146,1002875.1612903224,8.901646823599473e+19,9.319601937446684e-05,13691480038694.451,587440.0,305968,273143,409285.13226914,9.1209320187236e+19,9270.300048828125
2019-11-04,9235.607421875,9505.0517578125,9191.4853515625,9412.6123046875,26170255634,169701155999.82462,1061378.865671642,9.144536361510032e+19,0.0001118059002112,13691480038694.451,666432.0,339444,290193,484907.72549044,9.0245161593062e+19,9336.189208984375
2019-11-05,9413.0048828125,9457.41796875,9256.931640625,9342.52734375,26198609048,168453472629.32468,1151376.6544117648,9.1224272714875e+19,0.0001615735680874,13691480038694.451,768779.0,399046,320463,737293.0600419,9.3582294768284e+19,9367.470458984375
2019-11-06,9340.8642578125,9423.2373046875,9305.9091796875,9360.8798828125,23133895765,168800418043.79248,1271904.3795620438,9.1383755955002e+19,0.0001290032494004,13691480038694.451,848580.0,404755,327722,646144.10099188,9.5608272211771e+19,9357.72265625
2019-11-07,9352.3935546875,9368.4765625,9202.353515625,9267.5615234375,22700383839,167133630379.1859,1158332.9420289856,9.078333613954209e+19,0.000112994278481,13691480038694.451,775427.0,386695,328446,555849.34138394,9.1888607248371e+19,9297.6962890625
2019-11-08,9265.3681640625,9272.759765625,8775.5341796875,8804.880859375,24333037836,158804938715.38596,1173584.4214285717,9.196549066871554e+19,0.0001269505034917,12720005267390.506,776824.0,399769,335358,627555.48773822,8.5364790468856e+19,9029.6357421875
2019-11-09,8809.46875,8891.818359375,8793.1630859375,8813.58203125,17578630606,158975765293.58145,1139780.388888889,9.033434601398813e+19,0.000113431285647,12720005267390.506,699446.0,377253,305846,590802.76592838,8.2239405122807e+19,8827.008056640625
2019-11-10,8812.4892578125,9103.826171875,8806.162109375,9055.5263671875,20587919881,163357841475.47842,926102.8993710692,9.14678263975848e+19,8.419045187640095e-05,12720005267390.506,612939.0,297910,290876,315127.85267206,9.7999699819534e+19,8944.5009765625
2019-11-11,9056.91796875,9081.279296875,8700.6083984375,8757.7880859375,20265510765,158003532512.827,922675.0392156864,9.229951987130434e+19,9.217754981008648e-05,12720005267390.506,645075.0,328312,310931,405516.15009512,1.017282414778e+20,8899.1484375
2019-11-12,8759.751953125,8853.7685546875,8685.427734375,8815.662109375,20309769107,159065517222.7391,956090.12345679,9.377494280368125e+19,8.25503139313376e-05,12720005267390.506,707510.0,357708,334914,423105.95167999,9.7491660147414e+19,8778.652587890625
2019-11-13,8812.033203125,8836.841796875,8761.6513671875,8808.2626953125,17545755405,158944547781.1921,1217033.798245614,9.09765341556092e+19,0.0001163516024665,12720005267390.506,691453.0,351219,285903,507473.36449451,7.8363582130665e+19,8804.697265625
2019-11-14,8811.9365234375,8826.943359375,8692.5517578125,8708.0947265625,19084739975,157155536438.47644,973707.2,9.34640226188501e+19,8.926704501727106e-05,12720005267390.506,734520.0,384322,355508,568156.60014585,1.0139842309553e+20,8759.881591796875
2019-11-15,8705.7080078125,8730.873046875,8484.84375,8491.9921875,21796856471,153272813029.9259,1085954.6932515337,9.658150160463856e+19,8.801960921979615e-05,12720005267390.506,755896.0,378215,331721,676667.10406504,1.0670906232256e+20,8603.354248046875
2019-11-16,8491.166015625,8591.9970703125,8473.9736328125,8550.7607421875,16495389808,154349565044.31003,1179043.72,9.67131230850091e+19,8.414319234085308e-05,12720005267390.506,708839.0,382023,294602,447676.96335476,9.3694708204788e+19,8526.974365234375
2019-11-17,8549.470703125,8727.7890625,8500.9677734375,8577.9755859375,18668638897,154855945066.58212,1176848.3829787234,9.472827366396338e+19,8.71545787467424e-05,12720005267390.506,588246.0,293926,257090,292763.25824575,9.2021152009583e+19,8589.05078125
2019-11-18,8573.98046875,8653.2802734375,8273.5732421875,8309.2861328125,21579470673,150022081109.15225,958920.2608695652,9.499560639190363e+19,7.428558770233778e-05,12720005267390.506,675478.0,343499,312905,451707.53535834,1.0296354282117e+20,8452.530029296875
2019-11-19,8305.134765625,8408.5166015625,8099.96337890625,8206.1455078125,21083613816,148172632540.44736,1237724.9435483871,9.39748210882301e+19,0.000111271878698,12720005267390.506,763681.0,369830,300836,570299.17179844,8.2966256136195e+19,8254.940063476562
2019-11-20,8203.61328125,8237.240234375,8010.51171875,8027.26806640625,20764300437,144958416754.7528,986244.9487179487,9.6156195129935e+19,9.234293912965291e-05,12720005267390.506,737634.0,377417,333660,430376.33148332,9.4932231700027e+19,8119.6583251953125
2019-11-21,8023.64453125,8110.09814453125,7597.3818359375,7642.75,22514243371,138027108660.0673,1167838.446153846,9.253377477211054e+19,0.0001013787836008,12720005267390.506,727452.0,357097,305163,509569.68573107,8.6660932771984e+19,7843.4686279296875
2019-11-22,7643.5693359375,7697.3828125,6936.70654296875,7296.57763671875,34242315785,131787500581.07686,1269231.447761194,9.05071893213746e+19,0.0001302108886502,12973235968799.775,811862.0,391200,320306,754295.66166715,8.3536236120674e+19,7393.55908203125
2019-11-23,7296.16455078125,7442.2587890625,7151.41796875,7397.796875,21008924418,133631674806.80118,943507.8439306358,9.29191757184674e+19,8.557935058978922e-05,12973235968799.775,749408.0,408277,327066,944057.27989496,1.0613331132956e+20,7321.9095458984375
2019-11-24,7398.6337890625,7408.5771484375,7029.2890625,7047.9169921875,30433517289,127323613833.66916,850697.3722627737,9.25415142926417e+19,6.272005272197744e-05,12973235968799.775,551354.0,292778,267820,514876.9398008,9.598628155617e+19,7221.104248046875
2019-11-25,7039.97705078125,7319.85693359375,6617.1669921875,7146.1337890625,42685231262,129109737170.00604,963355.75,9.0080922341294e+19,8.581891226151459e-05,12973235968799.775,623806.0,325007,281621,748118.42020997,8.5594863935045e+19,7030.78369140625
2019-11-26,7145.1591796875,7320.23046875,7098.572265625,7218.37109375,21129505542,130425142454.3416,1290975.570175439,8.938944298344361e+19,0.0001376878340495,12973235968799.775,734180.0,386530,301572,705759.80025438,7.4092179634683e+19,7195.583251953125
2019-11-27,7220.880859375,7619.693359375,6974.17431640625,7531.66357421875,23991412764,136098668390.65092,1214159.0882352942,8.801213678338469e+19,0.0001083159413742,12973235968799.775,817874.0,396076,316107,708608.13338732,8.5001675390979e+19,7336.60302734375
2019-11-28,7536.8203125,7730.07275390625,7454.12158203125,7463.10595703125,19050116751,134874280127.73024,966830.1096774192,9.0446585921037e+19,9.432164256055798e-05,12973235968799.775,732703.0,387751,318868,564684.73481482,1.0100226671187e+20,7546.0301513671875
2019-11-29,7466.72705078125,7781.1796875,7460.75634765625,7761.24365234375,19709695456,140276328795.3072,923903.0068965516,9.182486259965406e+19,8.604961447493689e-05,12973235968799.775,668738.0,353361,301459,509762.46191592,9.2946861982259e+19,7617.4766845703125
2019-11-30,7764.05712890625,7836.10205078125,7515.849609375,7569.6298828125,17158194786,136825984715.09082,1087064.7867647058,8.952164511501776e+19,0.0001130091800666,12973235968799.775,727643.0,368899,299317,673660.632583,8.8647091458492e+19,7671.40966796875
2019-12-01,7571.6162109375,7571.6162109375,7291.341796875,7424.29248046875,18720708479,134211065761.32356,944088.4580152672,8.6755953741078e+19,8.532360612865941e-05,12973235968799.775,611258.0,336838,273404,480331.80011977,8.3213827138912e+19,7464.7166748046875
2019-12-02,7424.0361328125,7474.81884765625,7233.3994140625,7321.98828125,17082040706,132375321382.65804,918982.6912751676,8.788745870052201e+19,7.925484916457311e-05,12973235968799.775,679013.0,362123,300924,547280.971637,9.4996392582314e+19,7363.5606689453125
2019-12-03,7323.9755859375,7418.85888671875,7229.35693359375,7320.1455078125,14797485769,132355001203.23029,1071945.9436619717,9.13370186584944e+19,7.883337624069947e-05,12973235968799.775,759239.0,409407,331567,574659.27491933,9.3823690825485e+19,7323.084228515625
2019-12-04,7320.125,7539.78466796875,7170.9228515625,7252.03466796875,21664240918,131138450771.2798,922585.3818181818,9.439497663369136e+19,8.46210004065714e-05,12973235968799.775,743544.0,391473,332045,618583.3641344,1.0417172908349e+20,7320.716796875
2019-12-05,7253.24169921875,7743.431640625,7232.6767578125,7448.3076171875,18816085231,134701989787.48332,968777.3506493508,9.43787977647053e+19,8.133526176566457e-05,12973235968799.775,721676.0,382252,319064,1720334.6913341898,1.0251046386096e+20,7419.4144287109375
2019-12-06,7450.5615234375,7546.99658203125,7392.17529296875,7546.99658203125,18104466307,136499604810.44128,1005800.5,9.363276736700749e+19,7.42276405555033e-05,12876842089682.48,675186.0,364425,297676,1706649.11712294,9.1135978919112e+19,7484.1824951171875
2019-12-07,7547.265625,7589.95166015625,7525.71142578125,7556.23779296875,15453520564,136680350504.82954,1078319.3472222222,9.394994194507673e+19,7.510854987138622e-05,12876842089682.48,756750.0,373288,305566,510864.20724433,9.5734607540242e+19,7554.7916259765625
2019-12-08,7551.3388671875,7634.6064453125,7476.09130859375,7564.34521484375,15409908086,136842885070.90714,764493.380952381,9.758229603863172e+19,5.186740802277022e-05,12876842089682.48,593095.0,314774,289501,266640.38289448,1.0170640373609e+20,7556.595458984375
2019-12-09,7561.79541015625,7618.091796875,7365.9853515625,7400.8994140625,17872021272,133899938992.91028,962353.8866666668,9.82138643192838e+19,5.96884399335025e-05,12876842089682.48,682148.0,336070,297154,447023.85228374,9.595139153049e+19,7486.6929931640625
2019-12-10,7397.13427734375,7424.02294921875,7246.0439453125,7278.11962890625,18249031195,131690663265.01936,1179459.8345864662,9.566757363396547e+19,7.854635848950158e-05,12876842089682.48,773342.0,382136,301331,621362.60744127,9.0987917199741e+19,7336.3302001953125
2019-12-11,7277.19775390625,7324.15625,7195.52734375,7217.42724609375,16350490689,130605117591.23616,1144869.9428571428,9.413717293623132e+19,7.884542867450242e-05,12876842089682.48,800986.0,388081,310457,624950.65069425,8.8113890946797e+19,7253.5771484375
2019-12-12,7216.73876953125,7266.6396484375,7164.7412109375,7243.13427734375,18927080224,131083167364.5834,1098776.598591549,9.265948659173093e+19,7.388795157748382e-05,12876842089682.48,763001.0,371414,307832,517009.27918663,9.134854130197e+19,7222.8134765625
2019-12-13,7244.662109375,7293.560546875,7227.12255859375,7269.6845703125,17125736940,131577292195.37442,1004059.2466666668,9.356795639736323e+19,7.122167082394098e-05,12876842089682.48,723714.0,407294,324732,547130.74578208,9.0921674571881e+19,7258.7574462890625
2019-12-14,7268.90283203125,7308.83642578125,7097.208984375,7124.673828125,17137029730,128966840575.28883,923262.289308176,9.399342663231549e+19,5.870561122091413e-05,12876842089682.48,672959.0,363787,314199,386799.93521746,9.8633168532843e+19,7199.905517578125
2019-12-15,7124.23974609375,7181.07568359375,6924.3759765625,7152.3017578125,16881129804,129477852072.7852,1022502.7295081968,9.12064041022019e+19,6.459438395818217e-05,12876842089682.48,574703.0,304624,263237,306283.17963189003,8.4348749284845e+19,7095.498291015625
2019-12-16,7153.6630859375,7171.1689453125,6903.6826171875,6932.48046875,20213265950,125510737681.58878,1142483.6056338027,9.021326547171664e+19,7.668356579300175e-05,12876842089682.48,791333.0,361728,298360,450370.77278392,9.0704497929003e+19,7040.248779296875
2019-12-17,6931.3154296875,6964.0751953125,6587.97412109375,6640.51513671875,22363804217,120237651393.31558,1218082.838709677,9.246516315158245e+19,6.491147090475131e-05,12876842089682.48,878063.0,397701,332666,1016342.66602165,9.6905877041924e+19,6780.969970703125
2019-12-18,6647.6982421875,7324.98486328125,6540.04931640625,7276.802734375,31836522778,131770709528.57117,1171073.5984848484,9.1924367007207e+19,8.413138091679783e-05,12876842089682.48,738120.0,383535,302444,658393.74103678,8.6873393413708e+19,6947.3837890625
2019-12-19,7277.5908203125,7346.6025390625,7041.3818359375,7202.84423828125,25904604416,130444951994.39313,1021390.0466666666,9.276457345271624e+19,8.606943183807876e-05,12876842089682.48,733269.0,395043,325541,767335.8309897,9.598004312266e+19,7217.1048583984375
2019-12-20,7208.63671875,7257.921875,7086.1240234375,7218.81640625,22633815180,130748104749.58884,1028391.5584415584,9.280522599158171e+19,8.939922157636487e-05,12948593420946.377,728925.0,392593,328934,615891.56140773,9.9002619278439e+19,7192.874755859375
2019-12-21,7220.59375,7223.22607421875,7112.73583984375,7191.15869140625,19312552168,130262622078.39984,825529.1976744186,9.43603644976078e+19,5.866392674548156e-05,12948593420946.377,655152.0,362407,323120,536929.19935706,1.095835813898e+20,7186.9285888671875
2019-12-22,7191.1884765625,7518.033203125,7167.17919921875,7511.5888671875,23134537956,136083327305.73816,687476.0862068966,1.0039831599736958e+20,4.863299570833524e-05,12948593420946.377,549659.0,303273,284971,358883.58630661,1.118486884909e+20,7346.9974365234375
2019-12-23,7508.90234375,7656.17626953125,7326.1923828125,7355.62841796875,27831788041,133271939351.49847,958192.8431372548,9.9945366178157e+19,5.4537915813715455e-05,12948593420946.377,680117.0,349400,304824,568695.87071061,1.0189676699236e+20,7461.724853515625
2019-12-24,7354.39306640625,7535.716796875,7269.52880859375,7322.5322265625,22991622105,132683372838.71065,1202943.4049586777,9.756806605732731e+19,6.503996420156649e-05,12948593420946.377,704648.0,371151,295823,526185.4537363399,8.1729040956363e+19,7370.542724609375
2019-12-25,7325.755859375,7357.02001953125,7220.9912109375,7275.15576171875,21559505149,131837189230.3397,860301.3037037037,9.794219510778082e+19,5.415510511428191e-05,12948593420946.377,542604.0,286692,255246,397036.87246103,8.5774546798805e+19,7294.730712890625
2019-12-26,7274.79931640625,7388.302734375,7200.38671875,7238.966796875,22787010034,131195780826.11998,852366.0628930818,9.791120670539042e+19,6.303397862097045e-05,12948593420946.377,607920.0,309516,279994,403297.55812625,9.4968455038818e+19,7275.6138916015625
2019-12-27,7238.14111328125,7363.529296875,7189.93408203125,7290.08837890625,22777360996,132135405920.27509,1001431.8888888888,9.676050109293088e+19,5.561196004324761e-05,12948593420946.377,691029.0,372144,317243,509739.83694929,9.7253922154683e+19,7270.4232177734375
2019-12-28,7289.03125,7399.041015625,7286.9052734375,7317.990234375,21365673026,132654668945.77498,916582.1216216217,9.482252510585129e+19,4.7520197676814925e-05,12948593420946.377,639222.0,354885,305701,496392.77470012,9.5174165634785e+19,7323.241943359375
2019-12-29,7317.6474609375,7513.9482421875,7279.865234375,7422.65283203125,22445257702,134566289400.3494,814760.5483870967,9.328441817447422e+19,4.586414334620507e-05,12948593420946.377,595353.0,323433,283049,366144.2121716,1.0101480515604e+20,7383.5284423828125
2019-12-30,7420.27294921875,7454.82421875,7276.30810546875,7292.9951171875,22874131672,132231025842.4667,870211.1785714285,9.48799790050636e+19,4.778523045444407e-05,12948593420946.377,671724.0,352960,309367,473322.17251616,1.0187224314168e+20,7361.10009765625
2019-12-31,7294.43896484375,7335.2900390625,7169.77783203125,7193.59912109375,21167946112,130441260515.9095,1043625.1449275364,9.673161671335015e+19,5.031781017590214e-05,12948593420946.377,680044.0,360351,298234,466000.82571557,9.8772659464497e+19,7248.2764892578125
2020-01-01,7194.89208984375,7254.33056640625,7174.9443359375,7200.17431640625,18565664997,130575342616.69972,761783.3272727273,1.0026085012296593e+20,4.271480798868097e-05,12948593420946.377,576402.0,300545,269281,372031.10565011,1.0250082016178e+20,7206.0853271484375
2020-01-02,7202.55126953125,7212.1552734375,6935.27001953125,6985.47021484375,20802083465,126695469401.06355,802293.4493670886,1.0057247778564343e+20,4.389883161048088e-05,13798783827516.416,589170.0,294406,274061,383276.0290412,1.1450098148291e+20,7083.8616943359375
2020-01-03,6984.4287109375,7413.71533203125,6914.99609375,7344.88427734375,28111481032,133229129636.03088,951562.5153374232,1.0360758027989592e+20,4.9473220087175785e-05,13798783827516.416,709864.0,370099,315684,767547.9657055,1.0731701976579e+20,7164.506103515625
2020-01-04,7345.37548828125,7427.3857421875,7309.51416015625,7410.65673828125,18444271275,134436720771.42522,889641.9808917197,1.0473596658989028e+20,4.645548662592324e-05,13798783827516.416,639103.0,347400,291908,484101.29312902,1.0919402206032e+20,7373.2330322265625
2020-01-05,7410.45166015625,7544.4970703125,7400.53564453125,7411.3173828125,19725074095,134464734598.47227,762256.6416184971,1.0815146789923204e+20,4.16241256689873e-05,13798783827516.416,596725.0,331569,293167,419455.36062563,1.1715734207553e+20,7441.700439453125
2020-01-06,7410.4521484375,7781.8671875,7409.29296875,7769.21923828125,23276261598,140971993887.3723,969301.5633802816,1.0737307047600125e+20,5.5897308945003285e-05,13798783827516.416,643303.0,329779,284617,422880.31812213,1.0387913295735e+20,7592.7078857421875
2020-01-07,7768.68212890625,8178.2158203125,7768.2275390625,8163.6923828125,28767291327,148145196469.12875,1074359.144736842,1.08490472262272e+20,7.709649085749642e-05,13798783827516.416,757084.0,396454,328083,558006.15918387,1.0505576599655e+20,7969.7044677734375
2020-01-08,8161.935546875,8396.73828125,7956.7744140625,8079.86279296875,31672559265,146640924543.44922,940759.130952381,1.0823587711734248e+20,8.02437150266017e-05,13798783827516.416,756371.0,402616,335505,545227.37392586,1.1455180131928e+20,8148.8277587890625
2020-01-09,8082.2958984375,8082.2958984375,7842.40380859375,7879.0712890625,24045990466,143010565027.35495,1098956.657142857,1.073767788443652e+20,9.320631390151672e-05,13798783827516.416,739869.0,384783,313901,944527.9980402,9.9977674477824e+19,7971.5167236328125
2020-01-10,7878.3076171875,8166.55419921875,7726.77490234375,8166.55419921875,28714583844,148244701098.4773,1108176.493670886,1.0764145095516116e+20,0.0001082411873014,13798783827516.416,803637.0,415603,340638,645197.2568373,1.0692523839034e+20,7984.5477294921875
2020-01-11,8162.19091796875,8218.359375,8029.64208984375,8037.53759765625,25521165085,145918778623.34293,916612.0,1.0614054997922813e+20,6.899562803340408e-05,13798783827516.416,699108.0,396822,310501,490069.65943232,1.0686870340569e+20,8111.9324951171875
2020-01-12,8033.26171875,8200.0634765625,8009.05908203125,8192.494140625,22903438381,148748246281.6934,805197.3270440252,1.0582449152896998e+20,5.462202460559187e-05,13798783827516.416,598077.0,332178,292210,354696.69749624,1.1035090283699e+20,8108.7196044921875
2020-01-13,8189.77197265625,8197.7880859375,8079.70068359375,8144.1943359375,22482910688,147887170564.386,911903.641025641,1.0733992886824564e+20,5.178060391907069e-05,13798783827516.416,654745.0,345457,298285,410920.92450523,1.0499062859075e+20,8152.86376953125
2020-01-14,8140.93310546875,8879.51171875,8140.93310546875,8827.7646484375,44841784107,160313967530.1348,1215827.5078125,1.0295925848996648e+20,7.332503654982302e-05,13798783827516.416,769382.0,406526,316691,682804.55257561,9.3788679025116e+19,8497.28564453125
2020-01-15,8825.34375,8890.1171875,8657.1875,8807.0107421875,40102834650,159954682022.41693,1076407.175,1.0543142194066856e+20,9.06621734808003e-05,14776367535688.64,794253.0,424380,346021,1405400.69200264,1.1281488848745e+20,8794.914794921875
2020-01-16,8812.4814453125,8846.4609375,8612.095703125,8723.7861328125,31313981931,158458408459.43143,1112210.157142857,1.0468196096116546e+20,8.170434851642354e-05,14776367535688.64,743685.0,402856,322464,746950.810021,1.069546797098e+20,8748.7060546875
2020-01-17,8725.2099609375,8958.1220703125,8677.31640625,8929.0380859375,36372139320,162205902968.02032,874125.9190751445,1.08819738007583e+20,6.970190041398057e-05,14776367535688.64,714782.0,387922,320788,719485.49983813,1.2613137279654e+20,8822.421630859375
2020-01-18,8927.2119140625,9012.1982421875,8827.33203125,8942.80859375,32337772627,162471722517.29507,1021380.2857142856,1.070802619591636e+20,6.60495177009474e-05,14776367535688.64,693229.0,383637,316339,429721.27878609,1.0416819645894e+20,8927.3876953125
2020-01-19,8941.4453125,9164.3623046875,8620.080078125,8706.2451171875,34217320471,158189535653.09674,875748.625,1.075731125948438e+20,6.294223548908884e-05,14776367535688.64,611631.0,334705,276964,358512.59099288,1.0094579375991e+20,8858.033203125
2020-01-20,8704.6318359375,8745.5908203125,8560.4736328125,8657.642578125,26422375678,157322034012.0603,995988.5625,1.0807776296458204e+20,5.672369979845976e-05,14776367535688.64,686691.0,360700,299692,685616.74357911,1.1158276992624e+20,8667.084716796875
2020-01-21,8658.9912109375,8755.7060546875,8544.5205078125,8745.89453125,24097418512,158943846906.76984,919660.2590361446,1.12262159034561e+20,5.436988761690937e-05,14776367535688.64,735414.0,388833,319799,405813.60731607,1.1790116128295e+20,8676.278076171875
2020-01-22,8744.2109375,8792.994140625,8636.7470703125,8680.8759765625,22600204051,157777634841.1117,1107628.0704225353,1.1084338179834118e+20,7.282842140883198e-05,14776367535688.64,746309.0,385177,319158,549525.92921369,1.0690367989952e+20,8713.70703125
2020-01-23,8680.650390625,8687.7470703125,8333.6376953125,8406.515625,25770680779,152807659437.77008,1058096.405063291,1.1103326446565632e+20,6.719893247556569e-05,14776367535688.64,782192.0,384182,323009,729246.26714174,1.1869672531328e+20,8527.1376953125
2020-01-24,8405.5673828125,8514.6669921875,8266.8408203125,8445.4345703125,24397913026,153532400137.82208,981834.0853658536,1.114380838197828e+20,5.400736659257278e-05,14776367535688.64,741316.0,387968,325263,484185.5471108,1.1567590535841e+20,8408.12744140625
2020-01-25,8440.119140625,8458.453125,8296.21875,8367.84765625,19647331549,152137618536.5645,949171.42,1.1475109658811282e+20,4.317505121567433e-05,14776367535688.64,631046.0,353443,295515,437901.82274204,1.1486808927726e+20,8390.65966796875
2020-01-26,8364.41015625,8602.4013671875,8325.498046875,8596.830078125,22177678796,156316801618.58575,832518.0604026846,1.133353475263814e+20,3.9600130471607314e-05,14776367535688.64,600547.0,304059,259750,326601.54117126,1.132058932325e+20,8472.284912109375
2020-01-27,8597.30859375,8977.7265625,8597.30859375,8909.8193359375,28647338393,162023168406.80783,930442.5255474452,1.1175989250400697e+20,5.439770399068986e-05,14776367535688.64,630036.0,331250,271532,463570.3944828,1.0414435601498e+20,8770.540771484375
2020-01-28,8912.5244140625,9358.58984375,8908.447265625,9358.58984375,34398744403,170200587712.5609,1207147.2605633803,1.106416830514574e+20,7.614247566022569e-05,15466098935554.652,832464.0,427199,335870,668156.98893675,1.0123683169524e+20,9134.537841796875
2020-01-29,9357.470703125,9406.431640625,9269.4677734375,9316.6298828125,30682598115,169454467620.86957,1062752.8630136987,1.1086979221935904e+20,6.0493130061832525e-05,15466098935554.652,742780.0,396825,327821,602392.06556071,1.1575423532362e+20,9337.5
2020-01-30,9316.0166015625,9553.1259765625,9230.8974609375,9508.9931640625,32378792851,172972515947.4508,954693.6543209876,1.1198336484850388e+20,5.57424344647707e-05,15466098935554.652,741617.0,405733,334324,715824.5409192101,1.2530325400485e+20,9402.25830078125
2020-01-31,9508.3134765625,9521.7060546875,9230.7763671875,9350.529296875,29432489719,170106583435.61053,1082731.0070422536,1.1074461034445606e+20,6.527223529997882e-05,15466098935554.652,741197.0,390575,321156,848235.67469816,1.1136354691269e+20,9402.831298828125
2020-02-01,9346.357421875,9439.3232421875,9313.2392578125,9392.875,25922656496,170896322671.69363,985717.2909090908,1.1232783142882448e+20,6.136502717897433e-05,15466098935554.652,770246.0,429765,348983,808793.61088469,1.2013166092048e+20,9372.94873046875
2020-02-02,9389.8203125,9468.7978515625,9217.82421875,9344.365234375,30835736946,170028902824.3107,1111170.2153846154,1.1167341617316625e+20,6.16986041267129e-05,15466098935554.652,719977.0,345763,272711,444242.2657767,1.0649095679252e+20,9355.201904296875
2020-02-03,9344.68359375,9540.3720703125,9248.6337890625,9293.521484375,30934096509,169120941060.77835,1047642.0675675676,1.137375873125454e+20,5.932466548647368e-05,15466098935554.652,740908.0,393903,323111,741624.42263999,1.1237648998175e+20,9356.802734375
2020-02-04,9292.841796875,9331.265625,9112.8115234375,9180.962890625,29893183716,167088705984.74258,1254599.907142857,1.1408042666497324e+20,7.110559573946566e-05,15466098935554.652,854395.0,406583,314139,817242.75146605,1.1035244650444e+20,9229.470458984375
2020-02-05,9183.416015625,9701.2998046875,9163.7041015625,9613.423828125,35222060874,174977540517.28732,1072048.2631578948,1.1414148943703196e+20,7.315442002799193e-05,15466098935554.652,786432.0,427394,348672,517073.83621972,1.1320622080249e+20,9415.4609375
2020-02-06,9617.8212890625,9824.619140625,9539.818359375,9729.8017578125,37628823716,177114144092.89825,1144242.549668874,1.1242643200725018e+20,7.36868031318277e-05,15466098935554.652,814761.0,432223,356086,913773.55919907,1.1660857135169e+20,9678.01513671875
2020-02-07,9726.0029296875,9834.716796875,9726.0029296875,9795.943359375,34522718159,178334544132.42285,1285340.708955224,1.1164567206749223e+20,9.729693857596056e-05,15466098935554.652,832431.0,414344,322154,831597.12421206,1.0459852222323e+20,9770.66650390625
2020-02-08,9793.0703125,9876.7490234375,9678.91015625,9865.119140625,35172043762,179610654067.18582,1134904.2794117648,1.091359299999447e+20,7.859135733200243e-05,15466098935554.652,720643.0,381575,314573,597460.69387555,1.0735372555136e+20,9803.462158203125
2020-02-09,9863.89453125,10129.435546875,9850.392578125,10116.673828125,35807884663,184208063098.1096,1078713.391304348,1.0987321030103436e+20,6.731983811230206e-05,15466098935554.652,692736.0,367041,315898,437648.96670351,1.0615879472531e+20,9990.09912109375
2020-02-10,10115.5595703125,10165.765625,9784.5634765625,9856.611328125,39386548075,179490127375.2569,1010623.7872340424,1.098719482733688e+20,6.398373222480266e-05,15466098935554.652,679078.0,359855,304427,544121.63841978,1.1307364464909e+20,9980.625
2020-02-11,9855.8916015625,10210.052734375,9729.3349609375,10208.236328125,37648059389,185910229533.30536,1271506.9022556392,1.0763496229805584e+20,0.0001063620967574,15546745765529.363,824672.0,431944,337235,622993.40899056,1.0192719363143e+20,10000.87890625
2020-02-12,10202.3876953125,10393.611328125,10202.3876953125,10326.0546875,43444303830,188073852235.1652,1157600.4316546763,1.0733285307708334e+20,0.0001007945419174,15546745765529.363,780194.0,418467,331807,674910.29650492,1.1215749275002e+20,10281.1103515625
2020-02-13,10323.9609375,10457.626953125,10116.1611328125,10214.3798828125,49356071373,186057603207.72623,1280183.237410072,1.0636309181225356e+20,0.0001116656609161,15546745765529.363,862631.0,452001,350922,679586.40345603,1.0628249486085e+20,10278.0322265625
2020-02-14,10211.55078125,10321.99609375,10125.5341796875,10312.1162109375,43338264162,187858396856.948,1070242.5786163523,1.0849388770095466e+20,9.023791195180218e-05,15546745765529.363,799255.0,437919,362506,654343.48141728,1.1779026835511e+20,10242.79931640625
2020-02-15,10313.8564453125,10341.5556640625,9874.427734375,9889.4248046875,43865054831,180174067508.5688,1152725.6976744186,1.078886556925118e+20,0.0001024723301604,15546745765529.363,718555.0,393095,309704,600059.83587083,1.0301734226389e+20,10104.816162109375
2020-02-16,9889.1796875,10053.96875,9722.38671875,9934.43359375,43374780305,181011833752.05865,966276.153846154,1.0895557345366526e+20,7.612429673414126e-05,15546745765529.363,657854.0,351503,302830,632337.39442424,1.0952655402245e+20,9899.9921875
2020-02-17,9936.560546875,9938.8154296875,9507.6376953125,9690.142578125,45998298413,176578018225.14252,1039101.1888111888,1.0769869162927776e+20,7.743998529696743e-05,15546745765529.363,719656.0,389673,325103,946960.09636597,1.1396479079495e+20,9768.2890625
2020-02-18,9691.23046875,10161.935546875,9632.3828125,10141.99609375,47271023953,184832052204.44943,989869.0314465408,1.115084893422232e+20,7.10185936201339e-05,15546745765529.363,760269.0,399216,326057,502815.99006992,1.2105186571377e+20,9906.88623046875
2020-02-19,10143.798828125,10191.67578125,9611.2236328125,9633.38671875,46992019710,175579915629.33163,1209413.3829787234,1.1186747315386914e+20,0.0001068600391012,15546745765529.363,770770.0,401921,326844,805638.26462311,1.1258410119157e+20,9895.021240234375
2020-02-20,9629.3251953125,9643.216796875,9507.900390625,9608.4755859375,44925260237,175141377072.54135,1217276.2403100776,1.104182333819368e+20,8.969364452245226e-05,15546745765529.363,756860.0,400216,321905,617862.81361655,1.0010415426045e+20,9597.2294921875
2020-02-21,9611.7822265625,9723.0146484375,9589.7431640625,9686.44140625,40930547513,176582248986.10028,1088815.0061349694,1.1101082726638512e+20,7.348245272842281e-05,15546745765529.363,812283.0,429158,354124,619424.3367205401,1.1545285198275e+20,9652.745361328125
2020-02-22,9687.70703125,9698.2314453125,9600.728515625,9663.181640625,35838025154,176175386629.3857,1010880.147887324,1.1282796490733004e+20,6.597174625882781e-05,15546745765529.363,685779.0,391955,308259,452519.03854298,1.1459892249366e+20,9662.462158203125
2020-02-23,9663.318359375,9937.404296875,9657.791015625,9924.515625,41185185761,180956787567.14407,972868.8529411764,1.1210260549775216e+20,5.9309043470188384e-05,15546745765529.363,621147.0,342995,290843,467230.59636926,1.0758741099836e+20,9795.75732421875
2020-02-24,9921.5830078125,9951.74609375,9537.04296875,9650.1748046875,45080496648,175971420110.19128,1005154.143884892,1.1134560655046084e+20,6.27993823898364e-05,15546745765529.363,659147.0,355731,299736,539915.42246115,1.0999788081243e+20,9765.13671875
2020-02-25,9651.3125,9652.7373046875,9305.021484375,9341.705078125,42515259129,170363509449.53003,1048851.2191780822,1.1051842975714116e+20,6.942641166953487e-05,15486913440292.871,720914.0,390865,330056,523338.15796493,1.1317938104064e+20,9487.694091796875
2020-02-26,9338.2900390625,9354.7783203125,8704.4267578125,8820.5224609375,50420050762,160873976197.83194,1167485.4492753623,1.090028975182629e+20,8.639526071049215e-05,15486913440292.871,779546.0,428059,338920,681400.71548954,1.067349611544e+20,9054.50439453125
2020-02-27,8825.09375,8932.892578125,8577.19921875,8784.494140625,45470195695,160232901209.62646,1114242.2808219178,1.1157250842253474e+20,8.418935660193714e-05,15486913440292.871,776495.0,411104,336992,797661.03881781,1.1180626509928e+20,8779.919921875
2020-02-28,8788.728515625,8890.4560546875,8492.9326171875,8672.455078125,44605450443,158206291070.41843,1088755.7770700636,1.1049399546161144e+20,7.542826652908523e-05,15486913440292.871,790628.0,436446,362452,733968.62013419,1.174316930523e+20,8711.14306640625
2020-02-29,8671.212890625,8775.6318359375,8599.5087890625,8599.5087890625,35792392544,156891370147.6111,1019111.8299319728,1.111454904594039e+20,6.378418238062727e-05,15486913440292.871,705787.0,390766,331022,491013.84091812,1.182301149689e+20,8661.465576171875
2020-03-01,8599.7587890625,8726.796875,8471.212890625,8562.4541015625,35349164300,156232891272.62344,900607.9329268293,1.1427216589227518e+20,5.151772311549433e-05,15486913440292.871,669698.0,368100,312708,353484.99796875,1.2044823667504e+20,8590.0556640625
2020-03-02,8563.2646484375,8921.30859375,8532.630859375,8869.669921875,42857674409,161855406894.29672,965039.6339869282,1.154129200293894e+20,5.297068803853221e-05,15486913440292.871,716664.0,381508,311843,450065.81080391,1.2416772987274e+20,8721.718505859375
2020-03-03,8865.3876953125,8901.5986328125,8704.990234375,8787.7861328125,42386715821,160378091443.59628,1138131.461038961,1.1605442635931024e+20,7.425240462208126e-05,15486913440292.871,853258.0,461234,363213,592791.52814658,1.1773019356903e+20,8814.940673828125
2020-03-04,8788.5419921875,8843.3662109375,8712.431640625,8755.24609375,34746706368,159802499117.60065,1237656.3053892215,1.2034054153483526e+20,6.816749104245062e-05,15486913440292.871,881664.0,444061,355566,584481.30712473,1.2288937433095e+20,8774.896484375
2020-03-05,8760.28515625,9142.0546875,8757.25390625,9078.7626953125,39698054597,165726800082.86417,999706.3333333334,1.23080223000945e+20,6.893819518951843e-05,15486913440292.871,804101.0,433599,352314,581907.53533864,1.3329175361812e+20,8934.589111328125
2020-03-06,9078.30859375,9167.6953125,9032.0791015625,9122.5458984375,40826885651,166542674400.36816,1082978.1506849315,1.2169695275714457e+20,7.50837947503406e-05,15486913440292.871,772484.0,422363,331031,697809.43518678,1.1767335138669e+20,9100.1572265625
2020-03-07,9121.6005859375,9163.220703125,8890.744140625,8909.9541015625,36216930370,162679493010.976,996753.6521739132,1.2344551211193455e+20,7.003667556682174e-05,15486913440292.871,747401.0,412056,332953,542043.14175527,1.2214172899061e+20,9021.3798828125
2020-03-08,8908.2060546875,8914.34375,8105.2529296875,8108.1162109375,39973102121,148056331854.369,827359.9161676647,1.2319555813075804e+20,5.4628311591673856e-05,15486913440292.871,640379.0,354755,303718,388130.79061923,1.2443277541592e+20,8508.979736328125
2020-03-09,8111.146484375,8177.79345703125,7690.09814453125,7923.64453125,46936995808,144701995753.89978,1105811.8251748253,1.2222706653146622e+20,5.997487777828978e-05,16552923967337.232,721977.0,382094,325515,708195.2540374399,1.1941668227166e+20,7975.670654296875
2020-03-10,7922.14697265625,8136.9453125,7814.76318359375,7909.7294921875,42213940994,144461320209.80508,1295371.1397058824,1.210643058574942e+20,8.324603106098145e-05,16552923967337.232,810463.0,427075,341071,794157.94141964,1.182769912779e+20,7945.896240234375
2020-03-11,7910.08984375,7950.814453125,7642.8125,7911.43017578125,38682762605,144505040312.75772,1199740.53125,1.1844565441470436e+20,8.841400057117471e-05,16552923967337.232,758813.0,393555,315140,658358.84322178,1.0777745837352e+20,7853.7867431640625
2020-03-12,7913.6162109375,7929.1162109375,4860.35400390625,4970.7880859375,53980357243,90801693262.72417,1266320.4306569344,1.15303166656743e+20,0.0001383720473049,16552923967337.232,841261.0,162496,327323,1410398.81141767,1.0816750655382e+20,6418.4686279296875
2020-03-13,5017.8310546875,5838.11474609375,4106.98095703125,5563.70703125,74156772075,101641413906.87251,1272526.724409449,1.142465871711264e+20,0.0002645514711387,16552923967337.232,790550.0,382825,286907,1596927.5466,1.1038456724092e+20,5131.658447265625
2020-03-14,5573.07763671875,5625.2265625,5125.0693359375,5200.3662109375,36154506008,95012706783.74568,1277174.1151079135,1.135471905093175e+20,0.0002387468616678,16552923967337.232,811054.0,384224,301246,1101128.85570504,1.1087339368518e+20,5380.9349365234375
2020-03-15,5201.06689453125,5836.64501953125,5169.283203125,5392.31494140625,33997889639,98527299024.74944,1166904.4867256638,1.1046577582903054e+20,0.0001930301982043,16552923967337.232,621507.0,287483,224213,518507.68160598,9.5963446824601e+19,5399.8275146484375
2020-03-16,5385.2294921875,5385.2294921875,4575.35791015625,5014.47998046875,45368026430,91630908929.48611,1147270.5897435895,1.0682400051403416e+20,0.0002063700543141,16552923967337.232,684489.0,324313,243767,823298.53694076,9.9752137633443e+19,5090.07421875
2020-03-17,5002.578125,5371.3486328125,4981.9091796875,5225.62939453125,38622642935,95497067087.28407,1236956.3697478992,1.0462189479028988e+20,0.0002310561176267,16552923967337.232,732373.0,387443,283932,1131482.10283958,9.4392480504925e+19,5145.3663330078125
2020-03-18,5227.11376953125,5331.833984375,5069.3359375,5238.4384765625,37878801016,95738554672.94136,1158677.7522123894,1.023094901911338e+20,0.0002348035385359,16552923967337.232,667847.0,334390,241761,773161.60107984,9.7909275630835e+19,5216.6805419921875
2020-03-19,5245.41650390625,6329.73583984375,5236.96875,6191.19287109375,51000731797,113160225693.40816,1306391.3879310344,1.0084319366838247e+20,0.0002531260054674,16552923967337.232,740597.0,395938,289348,780968.94893692,8.8410113970671e+19,5750.8284912109375
2020-03-20,6191.65380859375,6844.26171875,5865.78173828125,6198.7783203125,54442976103,113306614478.65411,1262492.89,9.84792179517641e+19,0.0002870978262415,16552923967337.232,676353.0,368887,261547,928928.70774529,8.5009947320563e+19,6275.118896484375
2020-03-21,6206.521484375,6378.13525390625,5932.8232421875,6185.06640625,42494390880,113065026041.00018,1182082.9401709402,9.602214939690453e+19,0.0002306317759811,16552923967337.232,674069.0,349583,257773,551617.01262781,9.8570593126633e+19,6175.6365966796875
2020-03-22,6185.55810546875,6359.697265625,5823.7138671875,5830.2548828125,40099664740,106588280941.52748,876519.296875,9.66705669960899e+19,0.0001667988221974,16552923967337.232,557221.0,284269,211988,554151.22310168,1.0587785654758e+20,6049.8060302734375
2020-03-23,5831.37451171875,6443.9345703125,5785.00439453125,6416.31494140625,46491916000,117311407622.07188,1053463.3363636364,9.449930472923316e+19,0.0001839425242848,16552923967337.232,601937.0,313202,230699,500599.17830961,9.1068440544413e+19,6119.1571044921875
2020-03-24,6436.642578125,6789.02294921875,6411.06640625,6734.8037109375,48221910672,123145466200.29198,1181810.93129771,9.591458221766296e+19,0.0001803046723543,16552923967337.232,724576.0,375485,283889,952129.54859295,1.0392471780605e+20,6592.8839111328125
2020-03-25,6738.716796875,6892.51123046875,6536.92626953125,6681.06298828125,44590107888,122170755465.16698,1103647.0736842104,9.421666318785633e+19,0.0001583619361231,16552923967337.232,564094.0,291988,208902,492216.18331712,9.1382825771563e+19,6712.3043212890625
2020-03-26,6675.1708984375,6735.4638671875,6590.962890625,6716.4404296875,35319797642,122830180798.38722,1098331.9060402685,9.472316768176824e+19,0.0002070211954475,13912524048945.908,794645.0,421632,315522,694869.96021152,9.0268352789618e+19,6679.509521484375
2020-03-27,6719.38916015625,6793.83642578125,6466.70166015625,6469.79833984375,34585598367,118332284400.88934,1157501.4522292991,9.76940106021314e+19,0.0001681412489727,13912524048945.908,891611.0,341975,250662,510286.84603374,1.1187447355738e+20,6612.431396484375
2020-03-28,6467.25390625,6467.5009765625,6117.837890625,6242.19384765625,34885225901,114180493637.45898,954906.4014084508,1.0017952400890991e+20,0.0001351042662008,13912524048945.908,669332.0,354005,264507,522786.58667432,1.0327795989687e+20,6323.6966552734375
2020-03-29,6245.62451171875,6250.46728515625,5920.0859375,5922.04296875,28373690931,108335340018.34663,817888.6418918918,9.979149483358124e+19,0.0001008549989087,13912524048945.908,591424.0,309181,238258,394593.0505446,9.6364479307148e+19,6084.55517578125
2020-03-30,5925.53857421875,6517.19580078125,5903.234375,6429.841796875,37101651525,117636047879.14607,968675.6785714284,9.990908072790984e+19,8.807798724157457e-05,13912524048945.908,675990.0,335722,252539,574578.24760231,1.0360648033971e+20,6193.95263671875
2020-03-31,6430.6064453125,6504.51513671875,6374.162109375,6438.64453125,32786468812,117809331985.34431,1033386.0921052631,1.0025407700477344e+20,0.0001006588664631,13912524048945.908,788787.0,374972,280035,576452.8697405499,1.0590638709472e+20,6436.9820556640625
2020-04-01,6437.3193359375,6612.57373046875,6202.37353515625,6606.7763671875,40346426266,120898802873.39572,1073808.1006289308,1.048943632850724e+20,9.890282904757028e-05,13912524048945.908,819118.0,397155,292830,663798.01328762,1.0736529637119e+20,6464.7607421875
2020-04-02,6606.7763671875,7088.24755859375,6595.91845703125,6793.62451171875,47660646124,124331312623.3868,1117914.414012739,1.0396094018037649e+20,8.458179986980187e-05,13912524048945.908,806372.0,393223,293399,651012.0430106,1.0565299397696e+20,6771.1417236328125
2020-04-03,6797.396484375,7003.220703125,6673.3359375,6733.38720703125,38976504903,123240684406.0975,1149005.2357142856,1.0247505114288736e+20,9.143500311422418e-05,13912524048945.908,775922.0,395626,287391,572982.68983883,1.0072681946007e+20,6801.8350830078125
2020-04-04,6738.3828125,6878.95361328125,6696.48486328125,6867.52734375,33185988584,125708284792.72736,1170675.979310345,1.0324829794878508e+20,7.75664810926716e-05,13912524048945.908,683247.0,360497,268626,761946.70540745,9.6988790970311e+19,6795.337158203125
2020-04-05,6862.53759765625,6883.4140625,6715.92919921875,6791.12939453125,29510409856,124322914668.9192,899297.1428571428,1.0413546417194497e+20,5.956157095887365e-05,13912524048945.908,579304.0,309508,233889,469565.68655425,1.1458495769299e+20,6813.2525634765625
2020-04-06,6788.0498046875,7271.78125,6782.8896484375,7271.78125,46896904615,133136859590.43848,890582.0674846625,1.054781769576239e+20,6.153368443529642e-05,13912524048945.908,713819.0,387215,285672,650461.2617682801,1.089350903274e+20,7028.62548828125
2020-04-07,7273.64404296875,7427.939453125,7136.71435546875,7176.41455078125,44243482668,131404365647.49094,1215654.8079470198,1.0487560298639856e+20,8.497052667424172e-05,13912524048945.908,923166.0,400434,287787,938988.65271036,1.0505100391838e+20,7253.6781005859375
2020-04-08,7179.283203125,7356.2236328125,7153.3056640625,7334.0986328125,37563249549,134305402900.29424,1082044.3333333333,1.0478389923565484e+20,7.905381147024651e-05,14715214060656.53,766896.0,390045,285748,500330.5351431,1.1054372546089e+20,7255.727783203125
2020-04-09,7337.96630859375,7341.4482421875,7179.09423828125,7302.08935546875,34815139178,133732840474.38792,1052917.2348993288,1.0539480251670274e+20,8.278902009456266e-05,14715214060656.53,741992.0,397374,296100,842826.63888042,1.0883284764285e+20,7290.1495361328125
2020-04-10,7303.8154296875,7303.8154296875,6802.47509765625,6865.4931640625,43622840992,125750693704.64925,984512.1614906832,1.102191421425453e+20,7.57144459306513e-05,14715214060656.53,725283.0,394879,291570,529923.94856127,1.1676819824733e+20,7068.8997802734375
2020-04-11,6867.4404296875,6926.06982421875,6789.9208984375,6859.0830078125,31222085946,125646996664.6109,817247.60625,1.1046069066184912e+20,5.979355083483215e-05,14715214060656.53,667441.0,351084,259094,476789.39749057,1.1821475384567e+20,6860.6285400390625
2020-04-12,6858.06787109375,7119.947265625,6811.078125,6971.091796875,35759567632,128876971653.375,779478.6358024691,1.1044940889341482e+20,5.5719086045474815e-05,14715214060656.53,604959.0,319647,237758,335884.36495059,1.1755242538646e+20,6940.0462646484375
2020-04-13,6965.61669921875,6965.61669921875,6668.259765625,6845.03759765625,38619308647,124237808974.5,897603.427672956,1.1384963025490688e+20,5.881576743603276e-05,14715214060656.53,697572.0,358743,263377,449942.75824811,1.1498981222142e+20,6861.1326904296875
2020-04-14,6843.28173828125,6958.55712890625,6793.8212890625,6842.427734375,34110434052,126832563533.375,923224.8901734104,1.1626352905818853e+20,5.951943728384034e-05,14715214060656.53,779033.0,398239,288849,519884.07733034,1.2922175440329e+20,6859.52197265625
2020-04-15,6845.5615234375,6928.66455078125,6633.40283203125,6642.10986328125,32288311031,122768123910.0,1196393.2389937106,1.1848474890768476e+20,8.95556428028319e-05,14715214060656.53,916380.0,425684,295915,563514.84140121,1.1900635593264e+20,6762.4346923828125
2020-04-16,6640.4541015625,7134.45068359375,6555.50439453125,7116.80419921875,46783242377,129416309951.0,1090189.029239766,1.194995266672496e+20,8.775926238584509e-05,14715214060656.53,902381.0,483262,343174,756029.15094106,1.1991914723062e+20,6861.8033447265625
2020-04-17,7116.552734375,7167.18310546875,7050.33203125,7096.1845703125,32513423567,129143210140.0,1297423.317829457,1.161690973226529e+20,8.845230112290723e-05,14715214060656.53,853079.0,417473,280789,601903.8409424201,1.0274807784482e+20,7107.5631103515625
2020-04-18,7092.29150390625,7269.95654296875,7089.2470703125,7257.6650390625,32447188386,132873446090.5,1238296.0,1.1445829738094608e+20,7.65505679573783e-05,14715214060656.53,877982.0,428552,301255,462403.15386736,1.0455418172952e+20,7177.2900390625
2020-04-19,7260.92236328125,7280.52197265625,7167.0546875,7189.4248046875,31311210215,130335039374.75,935558.3046357617,1.1406891652597672e+20,6.405826762749361e-05,14715214060656.53,684085.0,363822,263523,351724.34017912,1.1302463585416e+20,7224.48095703125
2020-04-20,7186.87353515625,7240.29052734375,6835.5029296875,6881.95849609375,37747113936,129859035840.0,1036700.8895705522,1.1244953402881686e+20,6.409264238947694e-05,14715214060656.53,804381.0,405273,287293,435203.60905482,1.1491708836294e+20,7036.1563720703125
2020-04-21,6879.7841796875,6934.5517578125,6834.4423828125,6880.3232421875,32589741511,124999719277.5,1085325.8782051282,1.12849007362982e+20,7.674488326169192e-05,15958652328578.422,851797.0,452561,318019,550404.21194022,1.1912526171967e+20,6882.275390625
2020-04-22,6879.4404296875,7145.86572265625,6867.78173828125,7117.20751953125,33249153866,130728672360.0,995944.2986111112,1.115675522270092e+20,7.316130271265378e-05,15958652328578.422,754594.0,424591,291154,540947.38272429,1.2078878378923e+20,7002.5738525390625
2020-04-23,7121.30615234375,7491.78515625,7081.5947265625,7429.724609375,43500782316,138259401566.25,1269486.7218045113,1.1044469584808244e+20,0.0001107471942922,15958652328578.422,881916.0,463711,316765,597407.58349047,1.0295307630172e+20,7281.1026611328125
2020-04-24,7434.181640625,7574.19580078125,7434.181640625,7550.90087890625,34636526286,138016471582.6917,1290139.8958333333,1.1317717270970008e+20,0.0001317008034215,15958652328578.422,882125.0,474269,321027,912783.40305085,1.1648427774871e+20,7498.364990234375
2020-04-25,7550.48291015625,7641.36376953125,7521.67236328125,7569.93603515625,32941541447,138569228038.9114,1261126.373015873,1.1129864300593922e+20,0.0001084280031132,15958652328578.422,806113.0,416714,285875,462790.72369503,1.0390752902888e+20,7570.86376953125
2020-04-26,7570.13916015625,7700.59423828125,7561.40771484375,7679.8671875,33070154491,139582045777.5735,1169629.471830986,1.1191119191415834e+20,8.804345280070902e-05,15958652328578.422,747885.0,365785,261773,336255.17361075,1.1315976587264e+20,7628.0020751953125
2020-04-27,7679.4189453125,7795.60107421875,7679.4189453125,7795.60107421875,36162144725,142211476008.0,1079583.074829932,1.1203184164560506e+20,8.048785633118846e-05,15958652328578.422,810394.0,414844,289527,502793.57887983,1.1053829638889e+20,7737.510009765625
2020-04-28,7796.97021484375,7814.52734375,7730.806640625,7807.05859375,33187959921,141755526612.0,1219216.0,1.1319072539257012e+20,9.26189097964742e-05,15958652328578.422,928032.0,480194,327526,596766.85066312,1.1883080179117e+20,7787.3406982421875
2020-04-29,7806.71240234375,8871.75390625,7786.04931640625,8801.0380859375,60201052203,153794136865.5,1193599.372413793,1.1130954113648116e+20,0.0001055034086639,15958652328578.422,857670.0,469582,327357,799459.87425433,1.1981033354107e+20,8316.388427734375
2020-04-30,8797.669921875,9440.650390625,8533.255859375,8658.5537109375,66964629541,161275064539.875,1273879.87394958,1.115766580065931e+20,0.0002678101797366,15958652328578.422,862892.0,458806,296378,1101134.4071232,1.0371068054828e+20,8857.532470703125
2020-05-01,8672.7822265625,9048.0234375,8667.763671875,8864.7666015625,44068389997,160281262742.625,1250337.6285714286,1.1089363173121614e+20,0.0003640520638854,15958652328578.422,942830.0,499239,338512,685977.16078513,1.1108441058503e+20,8813.333984375
2020-05-02,8869.0576171875,9007.1875,8811.3662109375,8988.5966796875,40134388683,164258303598.75,1348366.2955974843,1.1420234914204969e+20,0.000261541283442,15958652328578.422,1063007.0,466951,327058,529408.1815381,1.211571564172e+20,8919.052001953125
2020-05-03,8983.6142578125,9167.78125,8830.9716796875,8897.46875,47101785174,161983885285.875,1185474.874251497,1.1711219986414056e+20,0.0002110142978645,15958652328578.422,891412.0,387995,277126,395835.46044263,1.2864498563355e+20,8969.958984375
2020-05-04,8895.7451171875,8956.90625,8645.0244140625,8912.654296875,45718796276,162508380454.0,1088526.4430379746,1.18746183155934e+20,0.0001980000745379,15958652328578.422,848264.0,436590,306287,522987.28995438,1.2706704808869e+20,8852.58251953125
2020-05-05,8912.83203125,9062.4150390625,8856.8271484375,9003.0703125,43148462663,162535623611.625,1191828.9655172413,1.172396722155486e+20,0.0002196738553808,16104807485529.385,883152.0,457087,315546,507862.70994249,1.2353288612421e+20,8958.7861328125
2020-05-06,9007.44140625,9411.4677734375,8966.7060546875,9268.76171875,49371886931,170472736708.75003,1216141.6035502958,1.2135054893324914e+20,0.000207458741908,16104807485529.385,1012177.0,495883,349577,640842.19662146,1.294157943256e+20,9163.59423828125
2020-05-07,9261.8955078125,9992.6640625,9138.322265625,9951.5185546875,61112700562,174718745932.5,1290542.392857143,1.2250941039509063e+20,0.000225657212423,16104807485529.385,954749.0,489727,334154,681703.42467854,1.1607492913636e+20,9586.10009765625
2020-05-08,9936.162109375,9996.7431640625,9767.1728515625,9842.666015625,51780748042,182943228758.75,1282490.5694444445,1.226503152918162e+20,0.0002864698442957,16104807485529.385,977446.0,489357,333260,903685.51926786,1.1605665929416e+20,9885.68603515625
2020-05-09,9840.90625,9913.86328125,9580.64453125,9593.896484375,46566121841,177931698769.12497,1301039.2598425196,1.2036789088810412e+20,0.0003341463328328,16104807485529.385,871993.0,445930,299051,734803.87651336,1.0786870823746e+20,9732.32763671875
2020-05-10,9591.1689453125,9595.5810546875,8395.107421875,8756.4306640625,63325279337,158699243951.25,1228410.7664670658,1.2063302259853428e+20,0.0002406106618083,16104807485529.385,878182.0,438441,311903,536386.73031839,1.2539271267263e+20,9084.572021484375
2020-05-11,8755.53515625,9033.470703125,8374.3232421875,8601.7958984375,57119858802,163128860103.75,1294963.7844311376,1.2143409108096292e+20,0.0002152827202618,16104807485529.385,954222.0,422666,292663,566495.83930749,1.3757125566244e+20,8691.28125
2020-05-12,8610.3857421875,8949.8984375,8569.6435546875,8804.4775390625,42142717533,163136510781.25,1280846.6351351351,1.2063525752862566e+20,0.0003203600909505,16104807485529.385,965869.0,509721,344033,880113.14011001,1.1786186637337e+20,8733.601318359375
2020-05-13,8805.3876953125,9317.87890625,8805.3876953125,9269.9873046875,45558144023,167868371219.25,1306170.9758064516,1.161041785337117e+20,0.0003651529867528,16104807485529.385,858763.0,450069,302556,808301.85478593,1.0389250033259e+20,9049.660400390625
2020-05-14,9271.3291015625,9793.2685546875,9255.03515625,9733.7216796875,56426907637,179196138143.75,1288197.1442307692,1.1321962608974864e+20,0.0004294685129442,16104807485529.385,784077.0,434303,275141,650964.19434834,8.7192018253334e+19,9513.338623046875
2020-05-15,9734.291015625,9755.828125,9261.3984375,9328.197265625,48158802327,174079954667.4375,1312304.514925373,1.1130771371829528e+20,0.0005709817851187,16104807485529.385,976579.0,474125,310069,551385.28094287,1.0190479059942e+20,9519.9287109375
2020-05-16,9333.240234375,9564.205078125,9260.6943359375,9377.013671875,36164766408,172286648093.0,1250708.465116279,1.1064094451111803e+20,0.000421058651539,16104807485529.385,881413.0,451228,308574,491594.70076213,1.0326244773191e+20,9383.788330078125
2020-05-17,9374.9296875,9823.001953125,9349.5458984375,9670.7392578125,40084250663,180864204930.00003,1289949.8173076925,1.0633836017034184e+20,0.0003407760614972,16104807485529.385,747159.0,369451,249247,310494.35346634,8.5710306209608e+19,9554.55419921875
2020-05-18,9675.6953125,9906.0302734375,9570.359375,9726.5751953125,41827139896,177526558227.375,1355740.5317460315,1.0295702595903796e+20,0.0005635643517562,16104807485529.385,931926.0,405856,265286,486360.82940526,9.8582535319389e+19,9719.6650390625
2020-05-19,9727.0634765625,9836.0478515625,9539.6240234375,9729.0380859375,39254288955,178022623298.75,1359521.76146789,9.811043162829655e+19,0.0006422435524751,16104807485529.385,845309.0,410103,257322,568006.49794217,9.1931924453984e+19,9707.943359375
2020-05-20,9725.3291015625,9804.7939453125,9447.201171875,9522.9814453125,36546239703,173100218978.25,1314965.1596638656,9.548923849381433e+19,0.0006817320161251,15138043247082.88,891560.0,448072,288866,530104.97414628,8.6985749447775e+19,9625.076416015625
2020-05-21,9522.740234375,9555.2421875,8869.9306640625,9081.76171875,39326160532,166872926292.8125,1313255.041322314,9.451760077147583e+19,0.0007147246683203,15138043247082.88,862506.0,414883,268889,665310.32938063,9.4070648628717e+19,9257.418701171875
2020-05-22,9080.3349609375,9232.9365234375,9008.638671875,9182.5771484375,29810773699,169515314867.375,1304256.2222222222,9.504798268240391e+19,0.0006226086680203,15138043247082.88,876553.0,457892,311739,734757.9092191301,9.3639711194252e+19,9126.121826171875
2020-05-23,9185.0625,9302.501953125,9118.1083984375,9209.287109375,27727866812,168971170203.6875,1270124.767857143,9.2963411464111e+19,0.000453410003758,15138043247082.88,778794.0,412831,274081,395590.761783,8.4088050022848e+19,9203.739990234375
2020-05-24,9212.283203125,9288.404296875,8787.2509765625,8790.3681640625,32518803300,166740942091.87503,1396409.3934426229,9.166381459120433e+19,0.0003692752504702,15138043247082.88,848768.0,343974,224877,420459.76182128,9.3513795726908e+19,9019.57666015625
2020-05-25,8786.107421875,8951.005859375,8719.66796875,8906.9345703125,31288157264,161356628097.25,1296377.6198347108,9.144069498067408e+19,0.0003468187095489,15138043247082.88,792426.0,383750,253702,607945.61147664,9.1124424465033e+19,8840.928955078125
2020-05-26,8909.5859375,8991.9677734375,8757.2939453125,8835.052734375,29584186947,160272028713.75,1320812.8157894737,9.034736146274429e+19,0.0003035347815067,15138043247082.88,793288.0,402885,265134,641354.37879381,8.8175517102452e+19,8873.47509765625
2020-05-27,8837.380859375,9203.3203125,8834.1572265625,9181.017578125,32740536902,168158181789.3125,1320626.0305343512,9.1304146663865e+19,0.0002659195270071,15138043247082.88,871433.0,454796,302161,616251.42881907,9.988420359909e+19,9013.968994140625
2020-05-28,9184.9453125,9546.3193359375,9148.45703125,9525.7509765625,34367073114,174837810814.75,1307689.7067669174,9.260557527342513e+19,0.0002698905149484,15138043247082.88,849874.0,415484,272804,441808.74917891,1.0208612036271e+20,9351.3681640625
2020-05-29,9528.35546875,9573.6669921875,9379.3388671875,9439.1240234375,32896642044,172930328208.75,1256607.1549295774,9.4218582083382e+19,0.000318184810494,15138043247082.88,925593.0,475797,323842,592764.91862961,1.0259111129114e+20,9480.121337890625
2020-05-30,9438.9140625,9704.0302734375,9366.7294921875,9700.4140625,32722975141,175448791860.0,1298067.951388889,9.597246392280826e+19,0.0002678530406621,15138043247082.88,884709.0,422016,292262,504396.1752474,1.0509611986357e+20,9552.52197265625
2020-05-31,9700.10546875,9700.34375,9432.296875,9461.05859375,27773290299,174363070673.0,1023570.4362416108,9.979039578383434e+19,0.0002396093870394,15138043247082.88,755361.0,350618,250946,522062.54845613,1.1673087482845e+20,9573.451171875
2020-06-01,9463.60546875,10199.5654296875,9450.8994140625,10167.2685546875,35198901068,175399706464.125,1235254.5606060603,1.0112910977826805e+20,0.0002590862367278,15138043247082.88,831587.0,403027,276047,479787.69312155,9.855044452841e+19,9820.334716796875
2020-06-02,10162.9736328125,10182.3408203125,9460.5712890625,9529.8037109375,39137252109,174070014749.4375,1302585.4714285715,1.0366954701027164e+20,0.0002923280064475,15138043247082.88,942231.0,473515,320433,964082.71993474,1.0544214442869e+20,9833.92236328125
2020-06-03,9533.7607421875,9682.859375,9471.8466796875,9656.7177734375,25007459262,175806772442.6875,1274150.856060606,1.045058423731401e+20,0.0002931507733646,15138043247082.88,908044.0,451146,297725,544574.80901864,1.0062180529413e+20,9586.296142578125
2020-06-04,9655.8544921875,9887.6103515625,9525.2470703125,9800.63671875,25921805072,180960417950.0,1240349.7350993378,1.049239750619974e+20,0.0002189584578132,13732352106018.336,902765.0,468108,322127,505705.56569022,1.0758913057567e+20,9717.337158203125
2020-06-05,9800.2158203125,9869.2373046875,9663.216796875,9665.533203125,23509628646,178615990521.625,1046461.7183908046,1.077373803366669e+20,0.0001768391391235,13732352106018.336,883587.0,478020,334113,707250.64342049,1.1369199646468e+20,9749.55078125
2020-06-06,9664.904296875,9773.431640625,9591.0244140625,9653.6796875,20438419222,177554528249.375,913574.6063829788,1.1060597437956923e+20,0.0001369230663591,13732352106018.336,829905.0,421029,297894,400410.24998817,1.2566945795844e+20,9670.760009765625
2020-06-07,9653.0029296875,9768.498046875,9458.150390625,9758.8525390625,25015250846,174651123525.375,781845.4514285715,1.1306248003155644e+20,0.0001067612753473,13732352106018.336,690521.0,370602,261270,288679.90565339,1.2652609114056e+20,9659.6259765625
2020-06-08,9760.0634765625,9782.306640625,9675.8857421875,9771.4892578125,21486346312,178480432253.75,1062323.477124183,1.129750748784378e+20,0.0001231249287262,13732352106018.336,829634.0,414663,294358,383681.72514765,1.046813695234e+20,9747.436279296875
2020-06-09,9774.3603515625,9836.369140625,9664.7197265625,9795.7001953125,23717842783,178954471643.875,1229200.8050314465,1.1476357350600535e+20,0.0001174071017144,13732352106018.336,982991.0,464359,316425,574408.32281457,1.1107249662745e+20,9767.787353515625
2020-06-10,9794.119140625,9908.896484375,9728.291015625,9870.0947265625,25706567601,179603911360.125,1060400.0229885057,1.1668681763944774e+20,0.0001037648332492,13732352106018.336,905315.0,486974,345006,464828.77806007,1.1647264643533e+20,9825.350341796875
2020-06-11,9870.078125,9938.2978515625,9263.0693359375,9321.78125,30247143440,175018659624.0,1351327.0700636944,1.1423577094534056e+20,0.0001295951865603,13732352106018.336,958629.0,467232,311883,632643.00366423,1.118887316695e+20,9598.306640625
2020-06-12,9320.6904296875,9540.4658203125,9285.8515625,9480.84375,22610564515,173255614132.56253,1332736.102857143,1.1320021019615784e+20,9.937947547745272e-05,13732352106018.336,995911.0,486823,333122,534757.75099793,1.1769619084258e+20,9406.962890625
2020-06-13,9480.7353515625,9493.2119140625,9396.009765625,9475.27734375,17564322315,173699573203.3125,1221512.8588235294,1.1123267113514208e+20,8.652003014333677e-05,13732352106018.336,858072.0,414841,288621,350255.87937196,1.1816603737933e+20,9461.30859375
2020-06-14,9477.5537109375,9482.2705078125,9347.59375,9386.7880859375,18991732746,173293488042.125,869969.987804878,1.13750335581491e+20,6.243608539100072e-05,13732352106018.336,709807.0,379684,284667,265729.75704066,1.0838659314103e+20,9423.551513671875
2020-06-15,9386.03515625,9504.8603515625,8990.17578125,9450.7021484375,26699704768,171328148915.0,1001080.4489795918,1.126297700053463e+20,7.482390994557508e-05,13732352106018.336,752564.0,391728,276344,538593.44629612,1.0639822834611e+20,9332.943359375
2020-06-16,9454.2666015625,9579.4306640625,9400.4453125,9538.0244140625,21565537209,173856835023.5,1218232.8289473683,1.098204908629184e+20,0.000150066892655,13732352106018.336,993598.0,506369,337333,671610.23397592,1.0653141086916e+20,9493.041748046875
2020-06-17,9533.7841796875,9540.4228515625,9327.33984375,9480.2548828125,20177709879,172739809463.0,1264730.948148148,1.0936772961492604e+20,0.0001495590619253,15784744305477.408,899861.0,482950,327927,476318.91352015,1.0305319990603e+20,9470.450439453125
2020-06-18,9481.5673828125,9482.7822265625,9328.3955078125,9411.8408203125,17770083003,172563955610.375,1255401.3582089553,1.0643131415768677e+20,0.0001423024176512,15784744305477.408,875262.0,461467,309507,671098.74603176,1.118233228579e+20,9426.146484375
2020-06-19,9410.2939453125,9440.8759765625,9274.2958984375,9288.0185546875,19632223107,172548067379.0625,1289463.717557252,1.0638092207555532e+20,0.0001624135094334,15784744305477.408,893860.0,470017,319818,1007734.07514511,1.0121438418701e+20,9353.37109375
2020-06-20,9290.9599609375,9394.9716796875,9247.3798828125,9332.3408203125,17130541557,170285899931.25,1128790.3943661973,1.0550213417177136e+20,0.0001156338763395,15784744305477.408,796377.0,423548,303557,405623.36648105,1.0953745932911e+20,9316.4130859375
2020-06-21,9330.9267578125,9401.107421875,9300.4306640625,9303.6298828125,15324301169,172454248630.25,1032625.7913669064,1.06447353998689e+20,9.682132003289756e-05,15784744305477.408,709512.0,365938,268713,276124.87064394,1.1147662827288e+20,9334.023681640625
2020-06-22,9300.9150390625,9655.0732421875,9296.8720703125,9648.7177734375,21104009514,174828053886.1875,1046933.7515923568,1.0791930506528643e+20,0.0001104051067992,15784744305477.408,809716.0,411195,293401,434701.44462321,1.1841352311783e+20,9475.39453125
2020-06-23,9644.076171875,9670.541015625,9547.2470703125,9629.658203125,17006433272,178436387881.9375,1289418.3857142858,1.0938007840708483e+20,0.0001235425941313,15784744305477.408,927673.0,488045,326618,674253.73104659,1.1360639213776e+20,9622.880615234375
2020-06-24,9632.1494140625,9680.3671875,9278.2333984375,9313.6103515625,18961716076,170097168669.5,1302558.469387755,1.1191616897053404e+20,0.0001436194339704,15784744305477.408,964283.0,470755,323976,575542.86282537,1.1744847647966e+20,9476.090087890625
2020-06-25,9314.126953125,9340.1611328125,9095.32421875,9264.8134765625,18616048626,169973877365.4375,1250866.125,1.121772209667703e+20,0.0001269994997007,15784744305477.408,894773.0,468506,317410,760257.08117244,1.1302208470682e+20,9253.6064453125
2020-06-26,9260.9951171875,9310.5166015625,9101.73828125,9162.91796875,18341465837,168363734509.0625,1266989.4436619717,1.1349625159927669e+20,0.0001138970566617,15784744305477.408,875292.0,459461,311286,643329.51004428,1.1323265042626e+20,9209.0419921875
2020-06-27,9167.82421875,9207.810546875,8998.216796875,9045.390625,17273093144,168064246350.8125,1078173.0194805197,1.1461283783917e+20,9.07344300035296e-05,15784744305477.408,821334.0,426358,303151,492058.07731131,1.2252925583864e+20,9104.810546875
2020-06-28,9048.4609375,9197.546875,8975.525390625,9143.58203125,14560870760,168677405564.0,975099.7832167832,1.1474389035929512e+20,8.059713092122456e-05,15784744305477.408,710832.0,370626,264029,310983.64221841,1.1584282033847e+20,9091.27880859375
2020-06-29,9140.029296875,9237.5732421875,9041.8759765625,9190.8544921875,16460547078,168062355844.5,1100347.74,1.1504639341448244e+20,8.768321992024383e-05,15784744305477.408,820559.0,420739,297908,438262.553757,1.1398756136123e+20,9152.583251953125
2020-06-30,9185.5810546875,9217.8359375,9084.837890625,9137.9931640625,15735797744,168827227681.875,1232831.5384615385,1.1581399327699504e+20,0.0001205138712126,15784744305477.408,978685.0,473107,324038,562055.85053034,1.2337087778923e+20,9156.56201171875
2020-07-01,9145.9853515625,9309.7548828125,9104.7353515625,9228.3251953125,15971550355,170780119360.12497,1277703.0472972973,1.1606325408931157e+20,0.0001575100859919,15784217546288.15,1004385.0,513544,340962,541680.02513291,1.1502966297504e+20,9197.2001953125
2020-07-02,9231.1396484375,9274.962890625,9036.623046875,9123.41015625,16338916796,166777853733.3125,1131334.06875,1.191074862415284e+20,0.0001713771751357,15784217546288.15,935380.0,477859,326975,556491.28645513,1.3107053427511e+20,9166.533935546875
2020-07-03,9124.8427734375,9202.3447265625,9058.794921875,9087.3037109375,13078970999,167675074466.8125,1169420.5426829269,1.1950048958767823e+20,0.0001728480666225,15784217546288.15,945787.0,515441,349161,578190.83855038,1.249676035319e+20,9118.321533203125
2020-07-04,9084.2333984375,9183.2958984375,9053.6298828125,9132.48828125,12290528515,167026460794.5,1139431.1595092025,1.212062677398548e+20,0.0001309011428263,15784217546288.15,872459.0,448903,315901,422502.11764759,1.2993094269657e+20,9113.411865234375
2020-07-05,9126.0908203125,9162.18359375,8977.015625,9073.9423828125,12903406143,166341437524.5625,934884.0251572328,1.2403926920693624e+20,9.636977313666057e-05,15784217546288.15,727467.0,369740,276466,299217.31373439,1.2266640632469e+20,9084.80810546875
2020-07-06,9072.849609375,9375.474609375,9058.6640625,9375.474609375,17889263252,167167147839.375,1135481.8193548387,1.2322848258120973e+20,0.0001009343259401,15784217546288.15,915982.0,436398,306093,450657.68277616,1.2257624516212e+20,9220.61572265625
2020-07-07,9349.1611328125,9360.6171875,9201.8154296875,9252.27734375,13839652595,171287475159.49997,1122511.8719512196,1.2556217276052003e+20,0.0001152659611099,15784217546288.15,975212.0,513446,342401,538626.68636888,1.3151153331127e+20,9290.9677734375
2020-07-08,9253.0205078125,9450.3359375,9249.5,9428.3330078125,19702359883,173491761214.5,1233361.5933333333,1.2363374968856076e+20,0.0001187522088337,15784217546288.15,979256.0,517075,354617,581198.10823321,1.1838671534629e+20,9345.29736328125
2020-07-09,9427.994140625,9431.37890625,9234.9990234375,9277.9677734375,18000702524,169831284720.375,1264547.8975903615,1.2555571319578771e+20,0.0001452187715225,15784217546288.15,1061044.0,529469,368277,626694.43905435,1.254755132509e+20,9343.0849609375
2020-07-10,9273.357421875,9287.4716796875,9118.001953125,9278.8076171875,16860035605,170326379688.9375,1196851.6578947369,1.239346566580306e+20,0.0001607372296423,15784217546288.15,926294.0,477655,327113,547204.27494307,1.2778985086667e+20,9239.40966796875
2020-07-11,9277.51171875,9293.5322265625,9199.4853515625,9240.3466796875,13249910444,170102909515.0,1162945.6397515528,1.2475847876000816e+20,0.0001215785367608,15784217546288.15,923097.0,473121,336295,429732.63581687,1.2286135526447e+20,9252.718994140625
2020-07-12,9241.0546875,9319.4189453125,9197.4501953125,9276.5,14452361907,169905723728.0,1078531.1063829786,1.227635462003963e+20,9.525586016491864e-05,15784217546288.15,777553.0,401552,286323,291884.90810174,1.1537838253856e+20,9258.60595703125
2020-07-13,9277.205078125,9306.4052734375,9224.29296875,9243.6142578125,17519821266,171223076990.625,1006361.8588235294,1.2276570351037532e+20,0.0001047005940639,17345948872516.06,869582.0,431829,303671,845277.41911924,1.3503913463458e+20,9262.87939453125
2020-07-14,9238.703125,9283.841796875,9171.6611328125,9243.2138671875,18085038362,170021128174.5,1266707.5877862596,1.2213838958820616e+20,0.0001675043638068,17345948872516.06,926654.0,509642,332792,567190.35269496,1.1711941911277e+20,9234.35498046875
2020-07-15,9241.8974609375,9275.3251953125,9171.93359375,9192.8369140625,15844731575,169463481869.0625,1301405.013071895,1.241424953469032e+20,0.0001739521608183,17345948872516.06,1015013.0,517666,347336,539455.34710592,1.3277631115515e+20,9220.498291015625
2020-07-16,9191.98046875,9214.3125,9088.947265625,9132.2275390625,15713967523,168023391977.625,1284388.525925926,1.223062067271354e+20,0.0002266845757327,17345948872516.06,951004.0,527400,343722,554082.10098666,1.1772819024485e+20,9156.866943359375
2020-07-17,9131.8125,9182.25390625,9089.2021484375,9151.392578125,13944570749,168604372040.0,1270883.56779661,1.1947143021595995e+20,0.0002479663464658,17345948872516.06,849872.0,465321,298927,556008.60467859,1.0801091900525e+20,9138.665283203125
2020-07-18,9151.18359375,9230.9833984375,9100.82421875,9159.0400390625,12252601475,169136493308.75,1281331.2384615385,1.1732238201401555e+20,0.0002733657913531,17345948872516.06,872017.0,468217,311675,428032.20379266,1.0563453818338e+20,9160.5078125
2020-07-19,9158.005859375,9201.3984375,9097.6328125,9185.8173828125,12939002784,168191682768.75,1290682.5615384616,1.1739200160203116e+20,0.000183231737198,17345948872516.06,855769.0,417335,288453,342707.5736594,1.1260879093047e+20,9160.713623046875
2020-07-20,9187.220703125,9214.2705078125,9137.509765625,9164.2314453125,13755604146,169216818324.125,1310811.5179856117,1.1575482815432607e+20,0.0001971261069534,17345948872516.06,899691.0,423472,283413,435850.25108377,1.2295447731277e+20,9175.80810546875
2020-07-21,9162.5146484375,9407.2626953125,9149.3896484375,9374.8876953125,18069581956,172208371181.375,1280384.9,1.153329431737944e+20,0.0002979760193276,17345948872516.06,927872.0,492123,324302,538118.28286132,1.1395190959957e+20,9273.513671875
2020-07-22,9375.080078125,9530.5185546875,9319.6533203125,9525.36328125,16532254884,172265106634.625,1273727.7753623188,1.1393123428675515e+20,0.0003861006062808,17345948872516.06,980102.0,532613,353648,622403.52657825,1.1387884889924e+20,9437.65380859375
2020-07-23,9527.1416015625,9610.2470703125,9483.00390625,9581.072265625,18146399002,175893365869.375,1289027.2666666666,1.1380795544275504e+20,0.0003903013093375,17345948872516.06,953265.0,503713,331030,571915.93183279,1.1801560195575e+20,9550.3662109375
2020-07-24,9585.5146484375,9623.3369140625,9481.4541015625,9536.892578125,16552768325,176331260827.375,1282466.9652777778,1.1492628441235889e+20,0.0003687298141982,17345948872516.06,996064.0,527244,352634,559927.01712925,1.2561052089978e+20,9556.799560546875
2020-07-25,9539.4853515625,9704.556640625,9530.2119140625,9677.11328125,16610070933,177139612747.375,1400881.956521739,1.2094639570055773e+20,0.0003233744452166,17345948872516.06,1065433.0,489336,323748,473893.55019783,1.3956077093523e+20,9612.841796875
2020-07-26,9680.234375,10023.8076171875,9652.84765625,9905.1669921875,20507998997,183977052962.8125,1313775.9594594594,1.2293420304712388e+20,0.000281932905111,17345948872516.06,950543.0,434490,297221,396896.19301885,1.2900834938873e+20,9815.51416015625
2020-07-27,9905.2177734375,11298.2216796875,9903.9697265625,10990.873046875,35359749590,190272268681.25,1320682.8,1.2493292533781588e+20,0.000301680880455,17345948872516.06,998964.0,481131,321402,591184.0376937999,1.350086489046e+20,10524.570556640625
2020-07-28,11017.4638671875,11204.3271484375,10632.6318359375,10912.8232421875,28766551142,206038137462.75,1262553.524822695,1.2541929665270928e+20,0.0004751129397402,16847561611550.271,1011262.0,524041,339945,780513.9335087,1.2226645103569e+20,10941.8115234375
2020-07-29,10912.953125,11304.3974609375,10856.1416015625,11100.4677734375,24617249715,206091758602.625,1287322.9386503068,1.28389251125649e+20,0.0004991868341103,16847561611550.271,1115759.0,558273,376027,663724.0111863,1.2837182526637e+20,11043.489990234375
2020-07-30,11099.8330078125,11169.3564453125,10895.455078125,11111.2138671875,22857247901,203228764536.0,1284424.4552238807,1.2760165588438529e+20,0.0005343731589842,16847561611550.271,949191.0,506868,335744,650757.5431031301,1.1762391837676e+20,11068.964599609375
2020-07-31,11110.2109375,11415.8642578125,10987.0537109375,11323.466796875,23160469766,209666667476.12497,1308344.675862069,1.2675989940159686e+20,0.000521351003788,16847561611550.271,996364.0,518626,343180,595949.47734103,1.1628284171758e+20,11209.14892578125
2020-08-01,11322.5703125,11794.775390625,11239.6826171875,11759.5927734375,26075670303,214869077139.0,1276047.0,1.2427681624830638e+20,0.0004700789179006,16847561611550.271,943444.0,455549,294363,511861.57082331,1.2059003571238e+20,11529.1552734375
2020-08-02,11758.7646484375,12034.14453125,11018.1298828125,11053.6142578125,27410067336,204735897924.375,1331056.3507462686,1.2185654444400923e+20,0.000406148750581,16847561611550.271,933064.0,458112,299035,474946.79360774,1.1700530485774e+20,11466.163330078125
2020-08-03,11043.7685546875,11453.0791015625,11012.4150390625,11246.3486328125,20271713443,210087862331.0,1328785.153333333,1.2033210105343864e+20,0.0003785705296565,16847561611550.271,992397.0,461476,295550,576342.24862797,1.2479139891634e+20,11188.90283203125
2020-08-04,11246.203125,11385.3818359375,11094.1455078125,11205.892578125,21250197042,206797608838.875,1331803.7721518988,1.2186374551165618e+20,0.0003353300734015,16847561611550.271,1037267.0,523846,338140,591310.43374422,1.3204942389574e+20,11232.90576171875
2020-08-05,11203.8232421875,11786.6171875,11158.28515625,11747.0224609375,24411254471,215510959256.6875,1286121.7037037036,1.183657814132532e+20,0.0003745346281963,16847561611550.271,956420.0,502050,314736,521228.7585049,1.1738185732521e+20,11473.93701171875
2020-08-06,11749.87109375,11902.3359375,11598.7138671875,11779.7734375,23400740340,218646832694.06253,1275181.3493150685,1.205886230951406e+20,0.0005771446330378,16847561611550.271,1069844.0,532863,336656,713179.11262763,1.1895145684738e+20,11757.673583984375
2020-08-07,11778.89453125,11898.0380859375,11408.59375,11601.47265625,23132312867,215009277709.6875,1298830.3846153845,1.220166396276573e+20,0.0004895145078773,16847561611550.271,1071711.0,523200,333423,560571.66630848,1.3138608722307e+20,11671.749755859375
2020-08-08,11604.5537109375,11800.064453125,11558.431640625,11754.0458984375,17572057837,216967389985.5,1308251.1103448276,1.2346675985642172e+20,0.0003184979235811,16847561611550.271,947348.0,474318,301784,563562.37686973,1.2300726995333e+20,11679.27392578125
2020-08-09,11737.3251953125,11806.056640625,11548.7841796875,11675.7392578125,17489608833,213818542333.375,1341736.795918367,1.2379554632985536e+20,0.0002569482131086,16847561611550.271,927712.0,416464,267000,393335.33376372,1.2372179002127e+20,11691.976318359375
2020-08-10,11662.2568359375,12045.140625,11662.2568359375,11878.111328125,26114112569,220308556516.5,1166500.9078014183,1.218403356215136e+20,0.0003159785386631,16847561611550.271,885263.0,440235,280435,524278.76076755,1.2044228329689e+20,11811.94140625
2020-08-11,11881.6474609375,11932.7109375,11195.708984375,11410.525390625,27039782640,212100158417.25,1290977.7866666666,1.2303314296626092e+20,0.0004519675068683,16947802333946.61,1063847.0,528699,342513,605302.69315392,1.250845286597e+20,11605.148193359375
2020-08-12,11404.5966796875,11748.396484375,11249.60546875,11584.9345703125,25064548486,213888532033.8125,1289950.9281045753,1.2472567926021716e+20,0.0003839188241624,16947802333946.61,1032379.0,526160,341025,672655.27107349,1.2991270430279e+20,11496.88330078125
2020-08-13,11588.4052734375,11796.396484375,11216.8720703125,11784.1376953125,27522199497,212415151790.875,1228228.465408805,1.25423003461903e+20,0.0003624687584243,16947802333946.61,992016.0,530253,347357,652104.77594431,1.3435852400788e+20,11596.452880859375
2020-08-14,11772.6591796875,12150.994140625,11685.455078125,11768.87109375,24237958589,216920021760.0,1258690.7658227847,1.2589334077962592e+20,0.0003009058319972,16947802333946.61,1016547.0,527881,348661,662190.8430265,1.29890824464e+20,11844.494873046875
2020-08-15,11768.697265625,11963.203125,11768.697265625,11865.6982421875,23354924400,219135097597.75,1234940.993902439,1.2871694807826776e+20,0.0002487428989304,16947802333946.61,1011757.0,524968,346959,608546.03802805,1.3696298882915e+20,11841.573974609375
2020-08-16,11866.685546875,11934.9013671875,11737.1884765625,11892.8037109375,20583375490,219255230966.5,1181620.3846153845,1.2954339463744384e+20,0.0002216345702377,16947802333946.61,920454.0,432928,288392,470063.25884709,1.3378212595179e+20,11857.894775390625
2020-08-17,11895.658203125,12359.056640625,11806.6962890625,12254.40234375,28227687027,229542896344.5,1214818.4604316547,1.304553499843825e+20,0.0002096873031154,16947802333946.61,867032.0,462262,308074,555939.28958507,1.1720111227123e+20,12078.953369140625
2020-08-18,12251.8955078125,12335.70703125,11954.525390625,11991.2333984375,26043227672,220485859905.31247,1263121.0983606558,1.260718633730746e+20,0.0004117480842768,16947802333946.61,895801.0,495570,310097,740502.4097279101,1.1019582034877e+20,12133.34033203125
2020-08-19,11990.884765625,12028.923828125,11687.3330078125,11758.283203125,24502851117,216567189533.0,1265882.650793651,1.2380883814420305e+20,0.0004798554426077,16947802333946.61,922848.0,487601,306287,642178.43305436,1.1473887265848e+20,11866.356201171875
2020-08-20,11761.5,11900.4111328125,11710.0634765625,11878.3720703125,20175242945,219181009650.75,1283516.0920245398,1.228215192329207e+20,0.0003975946530618,16947802333946.61,1079806.0,554894,374966,642388.04432036,1.2448591513424e+20,11812.586669921875
2020-08-21,11878.0263671875,11899.259765625,11564.9794921875,11592.4892578125,23762425999,216627176013.5,1332452.201298701,1.2320428919941574e+20,0.000388514470294,16947802333946.61,1045761.0,500771,324699,560052.62256421,1.2909661943715e+20,11733.688720703125
2020-08-22,11585.4775390625,11689.4072265625,11448.8056640625,11681.8251953125,20224191306,214192550990.0,1307407.6838235294,1.2027982199297743e+20,0.0004090378731861,16947802333946.61,940947.0,464758,305913,421108.60016303,1.1816800156227e+20,11601.37890625
2020-08-23,11679.6962890625,11713.4296875,11559.9208984375,11664.84765625,18482062658,215225344008.0,1298967.3310810812,1.1946066871689404e+20,0.0002258755505448,16947802333946.61,910800.0,417854,286053,307544.19122087,1.2580438822052e+20,11654.4736328125
2020-08-24,11663.689453125,11807.6318359375,11623.25,11774.595703125,20681511755,217336134015.0,1145340.8513513512,1.2028249267881316e+20,0.000222675590499,17557993035167.305,863013.0,440280,298832,448164.29484603,1.3151390469222e+20,11717.291748046875
2020-08-25,11773.5888671875,11778.2998046875,11189.8505859375,11366.134765625,26301509932,211030828488.375,1305290.8424657534,1.240905298597948e+20,0.000252027422397,17557993035167.305,1007681.0,527351,344188,548405.79656631,1.2462275566863e+20,11526.968505859375
2020-08-26,11366.89453125,11530.052734375,11296.9931640625,11488.36328125,22466660958,212232793844.5,1302442.7428571428,1.250058111721779e+20,0.0003187114575914,17557993035167.305,991004.0,499338,323767,583138.44723732,1.2167525711036e+20,11420.575927734375
2020-08-27,11485.6083984375,11570.7861328125,11185.94140625,11323.3974609375,23240415076,209260168654.875,1282395.0,1.2168963902184992e+20,0.0003792146763678,17557993035167.305,889890.0,470349,299275,588316.53995202,1.1161388190544e+20,11391.433349609375
2020-08-28,11325.2958984375,11545.615234375,11316.4228515625,11542.5,19807127588,213111989783.0,1287422.9487179487,1.2238484031837204e+20,0.0003356559793378,17557993035167.305,1039330.0,522382,355046,581033.98834185,1.2859712659505e+20,11432.45849609375
2020-08-29,11541.0546875,11585.640625,11466.29296875,11506.865234375,17485597759,212555082904.5625,1324456.5677419354,1.2544322792904036e+20,0.0002517543805184,17557993035167.305,1005475.0,471859,313383,478860.92107845,1.4027888500446e+20,11524.96337890625
2020-08-30,11508.7138671875,11715.2646484375,11492.3818359375,11711.505859375,19760127945,214625658676.75,1302102.6299212598,1.2329065556246036e+20,0.0002409515273419,17557993035167.305,828762.0,395405,267373,362857.57636033,1.1502696860599e+20,11606.966552734375
2020-08-31,11713.306640625,11768.876953125,11598.318359375,11680.8203125,22285928250,217004831535.25,1188908.0189873418,1.249401376037268e+20,0.0002461156975694,17557993035167.305,924032.0,461758,307826,619604.24405988,1.2812770691511e+20,11690.33056640625
2020-09-01,11679.31640625,12067.0810546875,11601.12890625,11970.478515625,27311555343,222707310308.75,1283354.5639097744,1.23454218872591e+20,0.0003397734928451,17557993035167.305,952836.0,510611,327123,615682.32941768,1.2541151881689e+20,11829.501220703125
2020-09-02,11964.8232421875,11964.8232421875,11290.7939453125,11414.0341796875,28037405299,209260786225.125,1289653.5714285714,1.2478242012293728e+20,0.0003574286755411,17557993035167.305,1053265.0,538885,346987,622687.97245587,1.3474424828014e+20,11658.61865234375
2020-09-03,11407.19140625,11443.0224609375,10182.46484375,10245.296875,31927261555,197355528759.93747,1269793.2384615385,1.26677221767007e+20,0.0004129549008611,17557993035167.305,957816.0,489107,314710,725202.03492308,1.1479275763275e+20,10819.493896484375
2020-09-04,10230.365234375,10663.919921875,10207.9404296875,10511.8134765625,29965130374,192840191634.375,1313216.3150684931,1.2504495574172189e+20,0.0005029988508818,17557993035167.305,1063485.0,519577,328243,854901.73029549,1.202985620903e+20,10403.509765625
2020-09-05,10512.5302734375,10581.5712890625,9946.67578125,10169.5673828125,44916565292,189714098602.0,1274381.0839694657,1.2231556442011912e+20,0.0004311540344524,17557993035167.305,917979.0,461180,304594,575583.05258479,1.1723149167265e+20,10302.586181640625
2020-09-06,10167.216796875,10353.927734375,10056.8857421875,10280.3515625,37071460174,188160651216.0,1393162.8853503184,1.2594139252950149e+20,0.0003073623596545,17557993035167.305,1030036.0,417961,281965,396660.24413861,1.3039366744909e+20,10214.595458984375
2020-09-07,10280.998046875,10399.1533203125,9916.4931640625,10369.5634765625,33703098409,187675489146.25,1352530.370860927,1.2482047963516548e+20,0.0002812696110321,17345997805929.088,985264.0,447898,301953,513027.8875361,1.3472695954185e+20,10241.552001953125
2020-09-08,10369.306640625,10414.775390625,9945.1103515625,10131.5166015625,33430927462,186662481556.6875,1183671.377245509,1.2784627873168048e+20,0.0002744639854348,17345997805929.088,995260.0,478219,325435,519409.27966755,1.465371508365e+20,10215.17724609375
2020-09-09,10134.1513671875,10350.54296875,10017.2509765625,10242.34765625,24128292755,189562796050.5,1228555.888888889,1.2922932315729596e+20,0.0002521686856213,17345997805929.088,998457.0,500648,329418,540389.16562933,1.3908425649951e+20,10186.0732421875
2020-09-10,10242.330078125,10503.912109375,10238.1357421875,10363.138671875,54406443211,192876392956.1875,1300444.534883721,1.2929567217449902e+20,0.000326946337292,17345997805929.088,932119.0,493166,308605,522882.77293567,1.2105852003785e+20,10336.879150390625
2020-09-11,10369.0283203125,10434.9228515625,10140.8369140625,10400.9150390625,45201121775,190821739967.875,1363118.45625,1.3290821645207952e+20,0.000309273667269,17345997805929.088,1078049.0,523257,335863,553791.75227932,1.3146030898737e+20,10336.42578125
2020-09-12,10409.861328125,10578.837890625,10292.38671875,10442.1708984375,36750077324,191603955958.625,1181284.170886076,1.353037764682127e+20,0.0002471382598102,17345997805929.088,927775.0,476032,314391,456421.41331649,1.3573821007578e+20,10430.814208984375
2020-09-13,10452.3994140625,10577.21484375,10224.330078125,10323.755859375,36506852789,190211657715.6875,877191.9651162791,1.3801327384633228e+20,0.0001793682540644,17345997805929.088,760973.0,395964,268853,354591.01407735,1.5093186503695e+20,10394.425048828125
2020-09-14,10328.734375,10800.0107421875,10266.0087890625,10680.837890625,35453581940,197990906305.1875,1092415.3154761903,1.3697000999200096e+20,0.0002056184789189,17345997805929.088,918581.0,460799,310871,467387.96008536,1.4289063084454e+20,10518.89794921875
2020-09-15,10677.7548828125,10938.6318359375,10656.4599609375,10796.951171875,32509451925,199490650329.1875,1191640.3618421052,1.3611845965328453e+20,0.0002317434506046,17345997805929.088,958067.0,512287,329009,568503.1285998,1.3790099469112e+20,10767.449462890625
2020-09-16,10797.76171875,11100.1240234375,10704.884765625,10974.9052734375,30769986455,203702013862.5,1297615.5329341318,1.3982502357809557e+20,0.0002221201180727,17345997805929.088,1080600.0,552031,356814,610937.68169993,1.3836224698065e+20,10894.4189453125
2020-09-17,10973.251953125,11037.4208984375,10774.6279296875,10948.990234375,38151810523,200469661533.0,1242658.9107142857,1.415345067403341e+20,0.000208873435014,17345997805929.088,1041471.0,529112,344936,512557.07996237,1.4370816583824e+20,10933.57275390625
2020-09-18,10951.8203125,11034.908203125,10829.6572265625,10944.5859375,26341903912,201622424673.8125,1197323.7687861272,1.4443743246885036e+20,0.0001909631248051,17345997805929.088,1012674.0,501946,327102,556428.83440958,1.5010921889882e+20,10940.242919921875
2020-09-19,10933.7529296875,11134.0927734375,10909.6181640625,11094.3466796875,22764204008,205205031391.5,1242448.31372549,1.4117239389348068e+20,0.000215442560448,17345997805929.088,920977.0,487000,318745,454503.11238103,1.3313710957213e+20,11017.95263671875
2020-09-20,11095.8701171875,11095.8701171875,10814.4775390625,10938.271484375,24699523788,200383433735.125,1098293.5606060603,1.375932541652021e+20,0.0001303606422007,19314656404097.0,740054.0,389016,256711,328794.02680013,1.3699093373728e+20,10986.122314453125
2020-09-21,10934.92578125,10988.3046875,10380.2607421875,10462.259765625,28884999244,192732701715.1875,1190128.0718954247,1.3947155779029736e+20,0.0001546168086834,19314656404097.0,928030.0,414587,277033,387397.8895813,1.4488710737703e+20,10691.437744140625
2020-09-22,10459.6240234375,10568.0771484375,10382.7265625,10538.4599609375,23621787804,193337226580.75,1269668.1386861317,1.3784927764280264e+20,0.0002265517200014,19314656404097.0,988310.0,521999,337116,676967.65431078,1.2934871985806e+20,10487.221923828125
2020-09-23,10535.4921875,10537.828125,10197.865234375,10246.1865234375,23788661867,193423877251.125,1300823.4796747968,1.3525126543405054e+20,0.0002911055801688,19314656404097.0,927834.0,480108,300335,653600.63508862,1.2336455115472e+20,10379.343017578125
2020-09-24,10248.7861328125,10771.056640625,10231.490234375,10760.06640625,47144380902,195649280706.0,1268652.1045751637,1.3464011395565616e+20,0.0002604607037445,19314656404097.0,1016558.0,526139,354461,698749.12316021,1.4263405323263e+20,10502.849853515625
2020-09-25,10761.109375,10777.6962890625,10578.9140625,10692.716796875,39348590957,197110285378.12503,1332226.5506329115,1.3570103673621257e+20,0.0002277118426501,19314656404097.0,1055114.0,517078,337134,638756.0360778699,1.4777453273839e+20,10702.609130859375
2020-09-26,10695.5751953125,10772.9990234375,10667.28125,10750.7236328125,46852525493,198389199997.5,1325387.1805555555,1.3641476924239436e+20,0.0001884926013872,19314656404097.0,976282.0,473524,304772,428931.16192107,1.4581211347383e+20,10721.644775390625
2020-09-27,10746.892578125,10803.9765625,10622.921875,10775.26953125,53745972818,198982235574.0625,1103218.3167701864,1.4036118948595896e+20,0.0001409374358406,19314656404097.0,836523.0,399843,261887,333414.58498431003,1.4860276128696e+20,10737.26513671875
2020-09-28,10776.61328125,10945.34765625,10703.8935546875,10709.65234375,47762394731,201789540711.0,1173794.133802817,1.393974059192829e+20,0.0001534098857445,19314656404097.0,850641.0,433961,290577,455267.51134238,1.4291580385406e+20,10783.876708984375
2020-09-29,10709.650390625,10860.0009765625,10649.4951171875,10844.640625,46582396602,198357998400.5,1282612.6788321168,1.399243325641936e+20,0.0002326305349384,19314656404097.0,963565.0,517866,336506,608704.0170029299,1.2964284525396e+20,10765.94677734375
2020-09-30,10843.87109375,10847.2568359375,10669.3212890625,10784.4912109375,44171073700,199456840054.0,1305427.1666666667,1.429490111117307e+20,0.0002493816693925,19314656404097.0,1022304.0,526421,347905,626111.9068707901,1.3908475821807e+20,10786.235107421875
2020-10-01,10795.2548828125,10933.6240234375,10472.3564453125,10619.4521484375,40023134100,198653243015.875,1316018.475409836,1.3932447733959247e+20,0.0003158736091898,19314656404097.0,919144.0,481532,291190,548546.58871017,1.3281267248271e+20,10705.171875
2020-10-02,10619.8212890625,10657.837890625,10416.689453125,10575.974609375,48661453918,194652882256.625,1295338.0955882352,1.3682970903247752e+20,0.0003946063776126,19314656404097.0,993012.0,495457,316250,818012.03963467,1.2720340607934e+20,10567.580810546875
2020-10-03,10575.1005859375,10598.9404296875,10511.1298828125,10549.3291015625,44660271563,195304651536.9375,1315083.6687898089,1.378254041535449e+20,0.0002821638034806,19314656404097.0,1048897.0,513130,342928,519817.08022327,1.4508605472976e+20,10558.625
2020-10-04,10550.4404296875,10686.0,10534.3916015625,10669.5830078125,71251776995,196175647036.0,1271438.6644295305,1.3706800505920848e+20,0.0002052216225785,19298087186262.61,888402.0,408640,263790,342239.33492487,1.4466266159882e+20,10610.103759765625
2020-10-05,10676.529296875,10793.5078125,10634.6005859375,10793.33984375,47537578009,198500507006.43747,1125352.9448275862,1.3573033382047814e+20,0.0002480034596314,19298087186262.61,864373.0,427481,279128,432151.06588876,1.4248642126002e+20,10724.494384765625
2020-10-06,10796.306640625,10797.578125,10528.890625,10604.40625,42623695307,198675146922.25,1319214.8482758622,1.3777428377666924e+20,0.0003654291500259,19298087186262.61,1043311.0,525749,342834,554171.29285413,1.3777072546992e+20,10681.79541015625
2020-10-07,10603.35546875,10680.5078125,10562.5068359375,10668.96875,37799458436,196755072056.375,1280857.6524822696,1.369055119602272e+20,0.0003309553909629,19298087186262.61,996522.0,529660,351197,639445.80518852,1.2974438234526e+20,10628.834716796875
2020-10-08,10669.37109375,10945.7373046875,10562.6064453125,10915.685546875,63314794397,201779539518.5625,1209134.26875,1.4192142915134023e+20,0.0002732347412039,19298087186262.61,990846.0,499421,327478,612246.05213728,1.5532288823303e+20,10773.35009765625
2020-10-09,10927.9130859375,11102.671875,10846.8505859375,11064.4580078125,22799117613,205422685502.12503,1334836.803030303,1.4095566786990391e+20,0.0003643786691404,19298087186262.61,945788.0,487224,310183,594036.22148753,1.3685821997571e+20,10985.473388671875
2020-10-10,11059.142578125,11442.2109375,11056.9404296875,11296.361328125,22877978588,210114236284.875,1281957.3841059604,1.3983295652823723e+20,0.0002902612807816,19298087186262.61,985491.0,519502,340300,649451.60038113,1.3825774227849e+20,11213.663818359375
2020-10-11,11296.08203125,11428.8134765625,11288.6279296875,11384.181640625,19968627060,211206204495.5625,1128234.9716312056,1.3873686579431678e+20,0.0002178862899418,19298087186262.61,784080.0,397016,257562,420648.11431228,1.3869175060864e+20,11349.42626953125
2020-10-12,11392.6357421875,11698.4677734375,11240.6865234375,11555.36328125,26163972642,213738405651.75003,1136992.9097222222,1.4009827188900512e+20,0.0002159390585764,19298087186262.61,862127.0,439105,287607,538926.55572231,1.3922435748874e+20,11471.788330078125
2020-10-13,11548.7197265625,11548.984375,11321.224609375,11425.8994140625,24241420251,210863227295.25,1273535.3773584906,1.4216678961910946e+20,0.0002329375175425,19298087186262.61,1033318.0,528284,338463,564663.57976165,1.4899500230742e+20,11461.20703125
2020-10-14,11429.0478515625,11539.9775390625,11307.8310546875,11429.5068359375,24103426719,209711718300.3125,1133011.0573248407,1.4339828885226296e+20,0.0002206014138503,19298087186262.61,952318.0,499231,315486,519993.65554973,1.5681019735361e+20,11426.5908203125
2020-10-15,11426.6025390625,11569.9140625,11303.603515625,11495.349609375,24487233058,211194712474.0,1259926.0068965517,1.415852062012298e+20,0.0002489672676752,19298087186262.61,994500.0,511788,327139,574779.46046917,1.3949060281101e+20,11448.867431640625
2020-10-16,11502.828125,11540.0615234375,11223.0126953125,11322.123046875,25635480772,209866087941.0,1198235.76875,1.4468111836758114e+20,0.0002062085461184,19298087186262.61,1016129.0,527520,339051,560014.33203438,1.4846749290807e+20,11397.00634765625
2020-10-17,11322.123046875,11386.26171875,11285.345703125,11358.1015625,19130430174,210095486769.0,1101433.1025641025,1.4646516949092816e+20,0.0001536789978789,19298087186262.61,863976.0,445369,286652,366499.91267369,1.5765128365634e+20,11337.9580078125
2020-10-18,11355.982421875,11483.359375,11347.578125,11483.359375,18283314340,212198870601.8125,1028518.1278195488,1.4591177669807753e+20,0.0001422415367253,19997335994446.12,754168.0,390834,242789,290723.76525239,1.4124606946007e+20,11417.56982421875
2020-10-19,11495.0380859375,11799.0927734375,11408.2900390625,11742.037109375,23860769928,218684648463.4375,1279604.6694915255,1.4204017574600216e+20,0.0001450665668556,19997335994446.12,851846.0,444435,278660,492559.72565989,1.1612137016728e+20,11611.114501953125
2020-10-20,11745.974609375,11999.91796875,11681.48046875,11916.3349609375,30915821592,220843462986.625,1215847.321917808,1.4148004829979774e+20,0.0001907960371429,19997335994446.12,996046.0,527629,334438,608275.94542137,1.419987539318e+20,11835.927001953125
2020-10-21,11913.0771484375,13184.56640625,11900.9287109375,12823.689453125,43414712626,236273207508.0,1299000.5263157894,1.3819666249441072e+20,0.0003114740896024,19997335994446.12,996437.0,515778,331531,625316.23639538,1.3078696667741e+20,12455.5654296875
2020-10-22,12801.6357421875,13161.59375,12717.09375,12965.8916015625,34729759598,239976613013.75,1288608.855072464,1.3862906957373466e+20,0.0004975910225344,19997335994446.12,1052464.0,530808,332957,722062.91486521,1.3425772362988e+20,12911.5537109375
2020-10-23,12971.548828125,13015.9619140625,12752.6474609375,12931.5390625,28974975003,239660639195.25,1291424.6721311477,1.3479908336065628e+20,0.0004633933760804,19997335994446.12,918928.0,488061,302087,761973.6888572599,1.2623628947363e+20,12917.92431640625
2020-10-24,12931.57421875,13145.06640625,12885.7470703125,13108.0625,24542317940,243096431424.75,1330911.221518987,1.3458766752655078e+20,0.0003495591382191,19997335994446.12,1116588.0,520187,336907,539479.0519896,1.4880082602587e+20,13017.612548828125
2020-10-25,13108.0634765625,13329.18359375,12910.0615234375,13031.173828125,24406920575,240133637496.0,1365577.1290322582,1.320820175720608e+20,0.0002910760339531,19997335994446.12,869551.0,404511,250345,359982.46291221,1.3135874756943e+20,13094.62060546875
2020-10-26,13031.201171875,13225.2978515625,12822.3828125,13075.248046875,29461458313,240466382519.0,1333674.6160714286,1.315547740939901e+20,0.0003181684703871,19997335994446.12,802846.0,411419,249841,552758.56192388,1.1662993013432e+20,13038.532470703125
2020-10-27,13075.2421875,13759.6689453125,13060.837890625,13654.21875,33749878156,252140192288.0625,1321602.064516129,1.271459220467998e+20,0.0006914023292935,19997335994446.12,778787.0,413822,235492,497386.00089775,9.7948911951119e+19,13387.491943359375
2020-10-28,13654.21484375,13837.6953125,12932.2509765625,13271.28515625,35867318895,245014111102.6875,1289981.59,1.2103279038131418e+20,0.0008154908397942,19997335994446.12,812702.0,443773,262993,710802.30369636,1.0114554796126e+20,13423.861572265625
2020-10-29,13271.298828125,13612.0478515625,12980.0595703125,13437.8828125,56499499598,249249896734.625,1296906.5909090908,1.1961558962849476e+20,0.0009101576717417,19997335994446.12,898884.0,465922,276447,655739.87749946,1.0769937000363e+20,13325.322265625
2020-10-30,13437.8740234375,13651.5166015625,13136.1982421875,13546.5224609375,30581485201,250969658799.375,1277812.9831932774,1.182854688869641e+20,0.0009260322321701,19997335994446.12,928280.0,475932,297997,599737.03472814,1.1031909320148e+20,13443.02783203125
2020-10-31,13546.5322265625,14028.2138671875,13457.5302734375,13780.9951171875,30306464719,256909732852.875,1298738.7211538462,1.1486354352213913e+20,0.001074642797896,19997335994446.12,826036.0,427686,254191,539492.53256631,1.0299929528875e+20,13703.31787109375
2020-11-01,13780.9951171875,13862.033203125,13628.3779296875,13737.109375,24453857900,256051493372.0625,1256290.4188034188,1.1432734872380413e+20,0.0007552443499935,19997335994446.12,840211.0,401423,262582,360547.55611134,1.2328148030167e+20,13752.12890625
2020-11-02,13737.0322265625,13808.3232421875,13243.16015625,13550.4892578125,30771455468,250156730130.0,1298700.2478632478,1.10517234917203e+20,0.0007229692611587,19997335994446.12,880229.0,434521,267906,499645.72548434,1.1416562910782e+20,13584.751220703125
2020-11-03,13550.451171875,13984.9814453125,13325.44140625,13950.30078125,29869951617,254275418160.25,1264358.396551724,1.091561949298063e+20,0.0009031362044058,16787779609932.664,872051.0,461760,280902,955997.76136835,1.0125277736611e+20,13702.793701171875
2020-11-04,13950.48828125,14218.7666015625,13580.4716796875,14133.70703125,35116364962,257999066875.0,1331640.9615384615,1.1104232331823356e+20,0.0007462241313834,16787779609932.664,1119960.0,515564,323572,761321.10501619,1.2772331208242e+20,13970.8583984375
2020-11-05,14133.7333984375,15706.404296875,14102.0888671875,15579.8486328125,40856321439,280201107455.0,1314990.3289473683,1.1542116456200756e+20,0.0007016508264115,16787779609932.664,1083515.0,508017,316634,778673.01179025,1.2634362353241e+20,14880.518798828125
2020-11-06,15579.7294921875,15903.4375,15226.83984375,15565.880859375,39837841971,285967911775.0,1282698.7350993378,1.1847668607070777e+20,0.0007967778010245,16787779609932.664,1080303.0,553060,344947,807191.89579626,1.2410947028833e+20,15568.971923828125
2020-11-07,15565.880859375,15737.095703125,14423.203125,14833.75390625,35024953706,284343645870.0,1311518.4161073826,1.2099745891222336e+20,0.0005832781854228,16787779609932.664,1064005.0,473968,292294,504801.29142551,1.2850870827437e+20,15139.9833984375
2020-11-08,14833.75390625,15637.3203125,14744.1103515625,15479.5673828125,26632075029,284820606981.5625,1380446.3006993006,1.2104474134246325e+20,0.0004213186043113,16787779609932.664,938657.0,399520,247025,424145.67076629,1.2115288030985e+20,15173.68798828125
2020-11-09,15479.595703125,15785.13671875,14865.529296875,15332.3154296875,34149115566,278639678765.4375,1366746.5975609757,1.2722405008613084e+20,0.0004140179791782,16787779609932.664,1036891.0,472374,286047,518617.50151111,1.3246415227776e+20,15365.644287109375
2020-11-10,15332.3505859375,15450.3291015625,15124.9599609375,15290.90234375,25574938143,281524346845.0,1252146.1180124225,1.2851297249730898e+20,0.0004481927496567,16787779609932.664,1078742.0,516929,321942,625808.17599062,1.382506407015e+20,15299.635498046875
2020-11-11,15290.9091796875,15916.2607421875,15290.0068359375,15701.33984375,29772374934,291014535697.875,1292664.4347826086,1.2585567492436384e+20,0.0004540273301316,16787779609932.664,982826.0,490334,302970,615807.37040738,1.1984305172545e+20,15549.629150390625
2020-11-12,15701.298828125,16305.00390625,15534.771484375,16276.34375,34175758344,299476345859.25,1249871.032051282,1.2755219192045565e+20,0.0003198258817124,16787779609932.664,1026189.0,518873,326949,548350.99192986,1.2723611579997e+20,15954.3544921875
2020-11-13,16276.4404296875,16463.177734375,15992.15234375,16317.80859375,31599492172,299925056880.625,1295225.435897436,1.2740328239036069e+20,0.0003077902098734,16787779609932.664,1061209.0,523317,324100,645872.88375197,1.3096645760845e+20,16262.394775390625
2020-11-14,16317.80859375,16317.80859375,15749.193359375,16068.138671875,27481710135,296010094155.0,1284084.1,1.2741221609106422e+20,0.0002905447257169,16787779609932.664,906083.0,451608,275810,393072.96713162,1.2135903915335e+20,16113.2373046875
2020-11-15,16068.1396484375,16123.1103515625,15793.5341796875,15955.587890625,23653867583,297721245113.25,1170129.625,1.2737693527090148e+20,0.0001773551537166,16787779609932.664,829471.0,412843,254787,349545.76903228,1.1876920746963e+20,15985.093017578125
2020-11-16,15955.5771484375,16816.181640625,15880.7060546875,16716.111328125,31526766675,305367655768.0,1232347.8797468354,1.2492355167431344e+20,0.0002024218916394,16787779609932.664,930574.0,454063,279419,413246.45487496,1.3510014987348e+20,16342.14404296875
2020-11-17,16685.69140625,17782.919921875,16564.544921875,17645.40625,39006849170,321157821487.25,1289750.6981132077,1.2688014586732863e+20,0.0002678953885393,17596801059571.434,1116687.0,547715,341690,571786.72960631,1.3774081877844e+20,17169.640625
2020-11-18,17645.19140625,18393.94921875,17352.90625,17804.005859375,49064800278,332068247171.4375,1277571.0697674418,1.3131733009387176e+20,0.0002828157885053,17596801059571.434,1190365.0,600533,377740,757803.64770708,1.4345291414444e+20,17799.01318359375
2020-11-19,17803.861328125,18119.546875,17382.5546875,17817.08984375,36985055355,335625381437.5,1292019.8091603054,1.2855357727378824e+20,0.0002863847100213,17596801059571.434,981318.0,503334,303143,531188.06939337,1.2476950702337e+20,17780.76318359375
2020-11-20,17817.083984375,18773.2265625,17765.794921875,18621.314453125,36992873940,346933543990.0,1306043.9176470588,1.3315521039894531e+20,0.0002575772389044,17596801059571.434,1195769.0,563418,348474,579364.51579597,1.41749530192e+20,18244.35498046875
2020-11-21,18621.31640625,18936.62109375,18444.359375,18642.232421875,39650210707,349146172636.5,1199163.6011904762,1.3757976496674954e+20,0.0001823626047108,17596801059571.434,1057713.0,517498,329073,572102.34308867,1.4591600555728e+20,18661.13232421875
2020-11-22,18642.232421875,18688.96875,17671.384765625,18370.001953125,41280434226,339950696449.375,913458.2471910112,1.4173047142235405e+20,0.0001280127389708,17596801059571.434,856145.0,439517,281708,357612.62639065,1.5481073979534e+20,18343.14697265625
2020-11-23,18370.017578125,18711.42578125,18000.796875,18364.12109375,42741112308,339497437480.5,1186324.0526315789,1.4101390827124703e+20,0.0001486983646739,17596801059571.434,948088.0,460146,283179,410870.17552283,1.3973373138358e+20,18361.59033203125
2020-11-24,18365.015625,19348.271484375,18128.65625,19107.46484375,51469565009,359692713165.625,1290365.7293233082,1.3773656056314762e+20,0.0002281529400071,17596801059571.434,1022617.0,526883,319955,582566.91566709,1.1989950502811e+20,18737.35205078125
2020-11-25,19104.41015625,19390.96484375,18581.146484375,18732.12109375,43710357371,355446458984.375,1243347.0266666666,1.3701446699893454e+20,0.0002814885602448,17596801059571.434,1113393.0,579479,360985,634421.14867952,1.2787305072576e+20,18952.16064453125
2020-11-26,18729.83984375,18866.28515625,16351.03515625,17150.623046875,61396835737,313884789961.5,1289462.701986755,1.3678199725852842e+20,0.0003045012911707,17596801059571.434,1116760.0,537138,328996,730225.1597366601,1.3412512136427e+20,17774.44580078125
2020-11-27,17153.9140625,17445.0234375,16526.423828125,17108.40234375,38886494645,305594790290.625,1284915.1946308725,1.3425771975476362e+20,0.0002862419328009,17596801059571.434,1060816.0,501525,314171,587291.08660874,1.3406954524457e+20,17058.44091796875
2020-11-28,17112.93359375,17853.939453125,16910.65234375,17717.4140625,32601040734,325953161088.0,1293829.226993865,1.345315520453102e+20,0.0002186296152914,17596801059571.434,1078717.0,502959,317799,509201.12142643,1.3907577524168e+20,17398.73486328125
2020-11-29,17719.634765625,18283.62890625,17559.1171875,18177.484375,31133957704,336681721459.25,1118134.935483871,1.314513942627678e+20,0.0001697533430508,19157154724710.137,900361.0,438470,269616,387217.97830617,1.3700163214461e+20,17934.96630859375
2020-11-30,18178.322265625,19749.263671875,18178.322265625,19625.8359375,47728480399,357268308922.5,1320771.0661157025,1.2931301951320677e+20,0.000185567782356,19157154724710.137,887880.0,450963,267207,531232.1848899,1.2350800257236e+20,18932.93603515625
2020-12-01,19633.76953125,19845.974609375,18321.921875,18802.998046875,49633658712,358132028259.6875,1285452.3722627738,1.3161546856288131e+20,0.0003713874914883,19157154724710.137,1052952.0,552330,334836,770116.13825907,1.3236661154197e+20,19151.166015625
2020-12-02,18801.744140625,19308.330078125,18347.71875,19201.091796875,37387697139,350503589104.375,1266460.204379562,1.3139584539709656e+20,0.0004210151299239,19157154724710.137,1053060.0,572001,345048,628007.00392434,1.223653603589e+20,18914.72119140625
2020-12-03,19205.92578125,19566.19140625,18925.78515625,19445.3984375,31930317405,362586364917.125,1296706.3311258275,1.3275252290669715e+20,0.0004076119485162,19157154724710.137,1101306.0,540831,334552,459765.94285725,1.4280189501742e+20,19285.8251953125
2020-12-04,19446.966796875,19511.404296875,18697.193359375,18699.765625,33872388058,350901616925.8125,1313041.971830986,1.335094457725037e+20,0.0003744448801671,19157154724710.137,1059662.0,527139,321239,552153.09279759,1.4169588693302e+20,19088.83251953125
2020-12-05,18698.384765625,19160.44921875,18590.193359375,19154.23046875,27242455064,354708619085.25,1346617.0408163266,1.3289297151090064e+20,0.0002952123722403,19157154724710.137,1094534.0,486819,297727,429054.38098346,1.4276559453856e+20,18900.814453125
2020-12-06,19154.1796875,19390.5,18897.89453125,19345.12109375,25293775714,355189922909.0625,1335848.598425197,1.311353183472528e+20,0.0002184540739045,19157154724710.137,879067.0,430415,257873,322260.97195563,1.253224356665e+20,19196.923828125
2020-12-07,19343.12890625,19411.828125,18931.142578125,19191.630859375,26896357742,357002643911.875,1235481.806060606,1.364565771165169e+20,0.000189107078622,19157154724710.137,1035617.0,478516,295744,386250.13358479,1.4633968333101e+20,19219.4326171875
2020-12-08,19191.529296875,19283.478515625,18269.9453125,18321.14453125,31692288756,349272565800.0,1287064.55,1.3716632580963389e+20,0.0002278876445303,19157154724710.137,1015725.0,523154,320348,485399.53889014,1.3740291946125e+20,18766.5244140625
2020-12-09,18320.884765625,18626.29296875,17935.546875,18553.916015625,34420373071,340857492001.25,1286123.830882353,1.3713548127502282e+20,0.0002260507239043,19157154724710.137,1017271.0,534140,325112,545925.17708781,1.2963121275264e+20,18359.16015625
2020-12-10,18553.298828125,18553.298828125,17957.064453125,18264.9921875,25547132265,336567785489.0,1278889.598425197,1.3416965950415652e+20,0.0002363003862675,19157154724710.137,959419.0,501791,303106,577528.3066076,1.2423595220233e+20,18332.16357421875
2020-12-11,18263.9296875,18268.453125,17619.533203125,18058.904296875,27919640985,336047260087.5,1319456.149659864,1.3446004224465358e+20,0.0002193433907185,19157154724710.137,1093350.0,535776,327320,589917.63155081,1.3651777670037e+20,18052.705078125
2020-12-12,18051.3203125,18919.55078125,18046.041015625,18803.65625,21752580802,341748669398.0625,1312239.709923664,1.3170039951747416e+20,0.000201801449224,19157154724710.137,971506.0,493791,299443,480624.29805279,1.2590602764533e+20,18455.14208984375
2020-12-13,18806.765625,19381.53515625,18734.33203125,19142.3828125,25450468637,356808808200.0,1167590.6644295305,1.3507120633857743e+20,0.0001531907339236,19157154724710.137,926536.0,451964,279961,439573.6232233,1.3825004415398e+20,19016.25390625
2020-12-14,19144.4921875,19305.099609375,19012.708984375,19246.64453125,22473997681,356426629420.6875,1170449.156462585,1.3234840628941146e+20,0.0001674500052346,18670168558399.586,915608.0,469605,288463,479061.97773255,1.4132087879625e+20,19177.236328125
2020-12-15,19246.919921875,19525.0078125,19079.841796875,19417.076171875,26741982541,360726328738.125,1294058.6834532374,1.3185694161554602e+20,0.0001978453733739,18670168558399.586,1024354.0,522986,322023,592050.67811614,1.3246479953866e+20,19317.21142578125
2020-12-16,19418.818359375,21458.908203125,19298.31640625,21310.59765625,44409011479,384245406403.125,1299773.1610738256,1.337512105750631e+20,0.0002103514016848,18670168558399.586,1069046.0,532409,332614,636356.14172309,1.3447933741979e+20,20371.66015625
2020-12-17,21308.3515625,23642.66015625,21234.67578125,22805.162109375,71378606374,434185572307.5,1311341.0551181105,1.3292009720766688e+20,0.000447692415153,18670168558399.586,1040716.0,523153,307053,909019.10728523,1.2026223626667e+20,22247.71240234375
2020-12-18,22806.796875,23238.6015625,22399.8125,23137.9609375,40387896275,419160415332.5,1282677.7635135136,1.3269929482793522e+20,0.000559092952332,18670168558399.586,1148423.0,572632,348599,812727.08339509,1.3571496018183e+20,22895.79296875
2020-12-19,23132.865234375,24085.85546875,22826.47265625,23869.83203125,38487546580,437914529849.5,1246386.2025316455,1.3597114588764176e+20,0.0004113289047188,18670168558399.586,1151552.0,564482,363797,581910.0890656,1.463179766499e+20,23478.75634765625
2020-12-20,23861.765625,24209.66015625,23147.7109375,23477.294921875,37844228422,443907194609.375,1333147.8333333333,1.3668851333601164e+20,0.000265803636497,18670168558399.586,1140237.0,492460,299915,361542.4985747,1.4966130438027e+20,23674.10791015625
2020-12-21,23474.455078125,24059.982421875,22159.3671875,22803.08203125,45852713981,429431256719.9375,1340867.8794326242,1.3584250039345824e+20,0.0004459561368341,18670168558399.586,1121082.0,461364,274829,488359.52229693,1.3190998693097e+20,23124.2216796875
2020-12-22,22794.0390625,23789.90234375,22430.60546875,23783.029296875,44171632681,434203983627.75,1317085.037313433,1.3502670925021608e+20,0.0004161707542676,18670168558399.586,1024853.0,493310,300225,681872.67004546,1.3201005429876e+20,23199.39404296875
2020-12-23,23781.974609375,24024.490234375,22802.646484375,23241.345703125,51146161904,435234103633.875,1254802.6907894737,1.3619085616497789e+20,0.0004333481553144,18670168558399.586,1079615.0,533100,333504,687448.7447329999,1.3479044234912e+20,23462.6142578125
2020-12-24,23240.203125,23768.337890625,22777.59765625,23735.94921875,41080759713,431762104112.125,1273488.648275862,1.3815620605473546e+20,0.0003659699601518,18670168558399.586,1061103.0,516914,319463,679993.54726512,1.3645372908571e+20,23380.52197265625
2020-12-25,23733.5703125,24710.1015625,23463.673828125,24664.791015625,42068395846,446273254416.375,1289912.3282442747,1.3567286114996408e+20,0.0003988287314844,18670168558399.586,952582.0,443636,279563,462809.2285636,1.2354523831677e+20,24143.0341796875
2020-12-26,24677.015625,26718.0703125,24522.689453125,26437.037109375,48332647295,476321465235.0625,1360162.1678832115,1.3307907290017708e+20,0.0002367101058955,18670168558399.586,920399.0,429963,264506,370057.57212345,1.2540364621535e+20,25588.703125
2020-12-27,26439.373046875,28288.83984375,25922.76953125,26272.294921875,66479895605,508613336582.625,1312927.4932432433,1.3089556572610698e+20,0.0002866182942177,18670168558399.586,1035977.0,501277,312748,580963.88687038,1.3652903166472e+20,26730.8193359375
2020-12-28,26280.822265625,27389.111328125,26207.640625,27084.80859375,49056742893,500214371923.0625,1305734.4810126582,1.3292572894490427e+20,0.0002998595978337,18599593048299.49,1098523.0,497450,297663,475546.96240958,1.4461147950749e+20,26740.595703125
2020-12-29,27081.810546875,27370.720703125,25987.298828125,27362.4375,45265946774,494028789980.0,1272172.6713286713,1.3409469663895188e+20,0.0003202053062625,18599593048299.49,1063951.0,544175,326305,749422.1053451,1.3446550673795e+20,26950.56689453125
2020-12-30,27360.08984375,28937.740234375,27360.08984375,28840.953125,51287442704,523321546761.875,1274111.4043715848,1.3860060003296733e+20,0.0002849601345136,18599593048299.49,1249372.0,593757,360930,786962.49498936,1.6115881546419e+20,28124.71826171875
2020-12-31,28841.57421875,29244.876953125,28201.9921875,29001.720703125,46754964848,535763600347.5,1262771.489932886,1.4127411465104553e+20,0.0003771638972101,18599593048299.49,1120190.0,548904,322736,671343.90978248,1.4963126824405e+20,28822.541015625
2021-01-01,28994.009765625,29600.626953125,28803.5859375,29374.15234375,40730301359,543842323595.3125,1339875.7300613497,1.4469044812541272e+20,0.0002497002540829,18599593048299.49,1057453.0,468173,282821,554624.76987859,1.5005314200704e+20,29193.09375
2021-01-02,29376.455078125,33155.1171875,29091.181640625,32127.267578125,67865420765,589650269740.0,1390169.4896551725,1.4568587704489162e+20,0.0001964551184574,18599593048299.49,1015077.0,458117,266889,574368.0458770801,1.3659660888107e+20,30937.50537109375
2021-01-03,32129.408203125,34608.55859375,32052.31640625,32782.0234375,78665235202,624049533469.0,1304242.954248366,1.4495209912996084e+20,0.0002861310179965,18599593048299.49,1188518.0,603538,355846,664669.32211557,1.4199977045558e+20,32893.07666015625
2021-01-04,32810.94921875,33440.21875,28722.755859375,31971.9140625,81163475344,589480685541.0,1314369.5257142857,1.4934927949795033e+20,0.0002510816352444,18599593048299.49,1243220.0,610150,372030,636087.43326502,1.5740316975743e+20,31736.45947265625
2021-01-05,31977.041015625,34437.58984375,30221.1875,33992.4296875,67547324782,598310040651.75,1303039.2884615385,1.4669599020168344e+20,0.0003014676418384,18599593048299.49,1198151.0,594038,354153,722513.08459049,1.5043412986508e+20,32657.06201171875
2021-01-06,34013.61328125,36879.69921875,33514.03515625,36824.36328125,75289433811,646034717645.625,1285791.9885057472,1.4795472284166744e+20,0.0003382148455422,18599593048299.49,1291161.0,641269,386999,736155.65073974,1.5684542671397e+20,35307.927734375
2021-01-07,36833.875,40180.3671875,36491.19140625,39371.04296875,84762141031,724986527069.3125,1261591.132947977,1.5014151762911225e+20,0.0002979352636113,18599593048299.49,1294543.0,675285,399281,753737.62765072,1.5845768881433e+20,38219.119140625
2021-01-08,39381.765625,41946.73828125,36838.63671875,40797.609375,88107519480,759134071631.625,1303234.774834437,1.49718875514267e+20,0.0003462627929777,18599593048299.49,1211013.0,654397,376462,922179.54761794,1.4381295025593e+20,39741.1875
2021-01-09,40788.640625,41436.3515625,38980.875,40254.546875,61984162837,755674921497.125,1274325.0413793104,1.503221798323651e+20,0.0004029451003775,20607418304385.64,1139357.0,576651,326617,629526.72599434,1.4117723492186e+20,40365.103515625
2021-01-10,40254.21875,41420.19140625,35984.62890625,38356.44140625,79980747690,739598238251.1875,1266250.7933333332,1.498816869481889e+20,0.0002760497014925,20607418304385.64,1112423.0,562482,329841,469074.358306,1.5347348062506e+20,39003.8701171875
2021-01-11,38346.53125,38346.53125,30549.599609375,35566.65625,123320567399,588261369373.125,1320659.1898734176,1.5023463834524782e+20,0.0003104913046601,20607418304385.64,1187911.0,482647,341085,609496.52590149,1.6118128019011e+20,35702.32958984375
2021-01-12,35516.359375,36568.52734375,32697.9765625,33922.9609375,74773277909,629980756060.6875,1331806.7142857143,1.523614712102983e+20,0.0005043409400083,20607418304385.64,1246781.0,582329,341231,736452.36011213,1.5889865011137e+20,34676.4560546875
2021-01-13,33915.12109375,37599.9609375,32584.66796875,37316.359375,69364315979,643908225426.5,1285153.1013513512,1.5042713507731574e+20,0.0004555173534952,20607418304385.64,1123617.0,536004,319546,647477.39568417,1.5161745372108e+20,35354.02734375
2021-01-14,37325.109375,39966.40625,36868.5625,39187.328125,63615990033,734962582044.0,1286714.6490066226,1.5023925489042145e+20,0.0003917363494254,20607418304385.64,1152983.0,569948,338985,664991.66588944,1.5697518868271e+20,38336.8515625
2021-01-15,39156.70703125,39577.7109375,34659.58984375,36825.3671875,67760757881,656617117052.6875,1309413.965034965,1.5235917214210382e+20,0.0004573978886896,20607418304385.64,1132985.0,554554,328469,697591.2784187701,1.493468876927e+20,37554.84375
2021-01-16,36821.6484375,37864.3671875,35633.5546875,36178.140625,57706187875,697437485055.5,1315533.2129032258,1.5534018272628697e+20,0.0003455862833204,20607418304385.64,1165602.0,552810,326676,542601.8241476,1.6189530201558e+20,36624.427734375
2021-01-17,36163.6484375,36722.3515625,34069.3203125,35791.27734375,52359854336,664810201565.625,1309686.6744186047,1.5140054256954648e+20,0.0002668242972079,20607418304385.64,973965.0,473530,269838,387018.44444599,1.320352327186e+20,35686.6494140625
2021-01-18,35792.23828125,37299.28515625,34883.84375,36630.07421875,49511702429,678206085875.0,1361713.137254902,1.5212881082709246e+20,0.0002363322897219,20607418304385.64,1090991.0,504069,306487,439205.69588755,1.5289718662712e+20,36151.3603515625
2021-01-19,36642.234375,37755.890625,36069.8046875,36069.8046875,57244195486,694544577282.1875,1276811.8467153283,1.492577308043729e+20,0.0002846020128478,20607418304385.64,1004626.0,511899,306198,541438.16640892,1.4937706323957e+20,36634.43359375
2021-01-20,36050.11328125,36378.328125,33570.4765625,35547.75,66834573161,635043535524.5,1285936.7417218543,1.4877710773449445e+20,0.0002904690539089,20607418304385.64,1120775.0,573830,343561,774184.95210594,1.4937650534112e+20,35386.6669921875
2021-01-21,35549.3984375,35552.6796875,30250.75,30825.69921875,75643067688,581852401726.5,1302497.5573770492,1.4526959861152852e+20,0.0003920483849618,20607418304385.64,1018267.0,490006,274848,604375.41113382,1.3005844541485e+20,33044.6318359375
2021-01-22,30817.625,33811.8515625,28953.373046875,33005.76171875,77207272511,604893183291.25,1284886.4934210526,1.4643530712757458e+20,0.0003714723500899,20607418304385.64,1158917.0,576276,346391,632028.22759822,1.4999471479439e+20,31647.15283203125
2021-01-23,32985.7578125,33360.9765625,31493.16015625,32067.642578125,48354737975,594195861254.0,1285637.9923664122,1.4254241943035965e+20,0.0003141700756983,20823531150111.52,995766.0,502218,292741,426026.00783154,1.4172944541953e+20,32476.88427734375
2021-01-24,32064.376953125,32944.0078125,31106.685546875,32289.37890625,48643830599,594646660207.6875,1294948.740506329,1.4686187017171804e+20,0.0002098840655969,20823531150111.52,1082159.0,460502,273854,261535.86419444,1.621708488539e+20,32101.1123046875
2021-01-25,32285.798828125,34802.7421875,32087.787109375,32366.392578125,59897054838,641313194226.0,1382526.463768116,1.4533541557725268e+20,0.0002972021781725,20823531150111.52,1077991.0,331119,282333,381755.86050927,1.4309254817966e+20,32885.68017578125
2021-01-26,32358.61328125,32794.55078125,31030.265625,32569.849609375,60255421470,591158439258.75,1372960.320261438,1.4723598610123163e+20,0.0002725237376493,20823531150111.52,1147229.0,401419,317697,512566.19341838,1.6119725871065e+20,32188.31982421875
2021-01-27,32564.029296875,32564.029296875,29367.138671875,30432.546875,62576762015,565676194916.75,1291053.0135135136,1.4820139867586435e+20,0.000235344477853,20823531150111.52,1101551.0,552186,340498,531884.34366884,1.4708933069327e+20,31231.93603515625
2021-01-28,30441.041015625,33858.3125,30023.20703125,33466.09765625,76517157706,596354236524.375,1305902.154362416,1.51541685794019e+20,0.0002637999381192,20823531150111.52,1100118.0,548606,333383,645224.87908111,1.5354897583268e+20,31947.16455078125
2021-01-29,34318.671875,38406.26171875,32064.814453125,34316.38671875,117894572511,691690759915.125,1317785.7569444445,1.5110289008813526e+20,0.0004090133107841,20823531150111.52,1149104.0,592212,329650,775042.47233191,1.5445082269006e+20,34776.53369140625
2021-01-30,34295.93359375,34834.70703125,32940.1875,34269.5234375,65141828798,638111052036.5625,1304545.598639456,1.526973043735046e+20,0.0004815022141127,20823531150111.52,1142758.0,567394,324175,658750.92053442,1.5642392673366e+20,34085.087890625
2021-01-31,34270.87890625,34288.33203125,32270.17578125,33114.359375,52754542671,612051720842.125,1312213.4411764706,1.513412937638204e+20,0.0003755326018491,20823531150111.52,1028465.0,499477,294725,387659.34646366,1.4024980039849e+20,33485.9365234375
2021-02-01,33114.578125,34638.21484375,32384.228515625,33537.17578125,61400400660,617515524667.125,1314513.0697674418,1.4933501848380978e+20,0.000409260882588,20823531150111.52,1002951.0,503423,282748,537119.43627541,1.3966052880558e+20,33418.54931640625
2021-02-02,33533.19921875,35896.8828125,33489.21875,35510.2890625,63088585433,646277973431.9999,1296040.6830985916,1.4709220217332756e+20,0.000416071069586,20823531150111.52,1114316.0,560211,340945,559792.01088582,1.3932826208829e+20,34607.3974609375
2021-02-03,35510.8203125,37480.1875,35443.984375,37472.08984375,61166818159,688067807294.25,1304692.5838509316,1.4883135199472878e+20,0.0003795403449964,20823531150111.52,1216087.0,599271,369656,516082.11937817,1.6428928299244e+20,36476.7705078125
2021-02-04,37475.10546875,38592.17578125,36317.5,36926.06640625,68838074392,682863614527.75,1288787.6666666667,1.4938475582917394e+20,0.0004548466188032,20823531150111.52,1136126.0,567911,340761,557905.60582188,1.5556069935781e+20,37327.7119140625
2021-02-05,36931.546875,38225.90625,36658.76171875,38144.30859375,58598066402,707671018605.0,1305211.796511628,1.5193224553090777e+20,0.0004125977094214,20823531150111.52,1259442.0,606823,368933,702979.43134621,1.7261614634248e+20,37490.130859375
2021-02-06,38138.38671875,40846.546875,38138.38671875,39266.01171875,71326033653,761121854601.75,1274127.3066666666,1.5583641776816823e+20,0.0004065100964274,21434395961348.92,1092919.0,538336,319411,504495.27869354,1.700208753444e+20,39097.3330078125
2021-02-07,39250.19140625,39621.8359375,37446.15234375,38903.44140625,65500641143,706952091542.625,1373311.4125,1.5798273014165252e+20,0.0003072814000012,21434395961348.92,1163981.0,525380,311864,425669.27017055,1.6950371182931e+20,38805.4052734375
2021-02-08,38886.828125,46203.9296875,38076.32421875,46196.46484375,101467222687,822359590357.8125,1412889.5508982036,1.6777058847599028e+20,0.000321943951399,21434395961348.92,1200420.0,553950,320570,572820.88569429,1.7446548948436e+20,42340.88671875
2021-02-09,46184.9921875,48003.72265625,45166.9609375,46481.10546875,91809846886,873884284317.0,1277634.965034965,1.6444418611095034e+20,0.0005233762945118,21434395961348.92,1167537.0,631879,359286,884667.19617774,1.5876513941607e+20,46459.1953125
2021-02-10,46469.76171875,47145.56640625,43881.15234375,44918.18359375,87301089896,826957321263.0625,1290431.9139072848,1.6635032222827155e+20,0.0004917428310891,21434395961348.92,1198815.0,619003,368579,726539.3755867,1.6003580818481e+20,45603.666015625
2021-02-11,44898.7109375,48463.46875,44187.76171875,47909.33203125,81388911810,897544524451.4375,1272394.1967213114,1.6090169073376975e+20,0.0005521064322668,21434395961348.92,1024639.0,531467,295151,546861.64896941,1.3900984386648e+20,46364.818359375
2021-02-12,47877.03515625,48745.734375,46424.9765625,47504.8515625,76555041196,878811492660.0,1272811.6530612244,1.5781530728211395e+20,0.0006127588436289,21434395961348.92,1140078.0,589382,343203,583120.07946621,1.4807493977312e+20,47638.1494140625
2021-02-13,47491.203125,48047.74609375,46392.28125,47105.515625,70250456155,878926384916.0,1312665.3961038962,1.583382403668999e+20,0.0005129254872739,21434395961348.92,1190191.0,567066,339265,453400.71149682,1.5749096662777e+20,47259.1865234375
2021-02-14,47114.5078125,49487.640625,47114.5078125,48717.2890625,71248675228,905784907755.0,1316766.2297297297,1.5657657556134376e+20,0.0003777721073548,21434395961348.92,1110174.0,489149,295152,314737.32155137,1.7040705942111e+20,48108.486328125
2021-02-15,48696.53515625,48875.5703125,46347.4765625,47945.05859375,77069903166,894591301383.0,1328017.2569444445,1.5354006423808256e+20,0.0003920147291039,21434395961348.92,1064025.0,493904,287841,403270.66472776,1.5358557310609e+20,47966.16015625
2021-02-16,47944.45703125,50341.1015625,47201.3046875,49199.87109375,77049582886,913933178146.3124,1303934.7723577237,1.50625688234849e+20,0.0003925171693817,21434395961348.92,982428.0,505175,289919,421407.16272823,1.3699204046423e+20,48671.68359375
2021-02-17,49207.27734375,52533.9140625,49072.37890625,52149.0078125,80820545404,955547617922.75,1299916.0367647058,1.480859713887527e+20,0.0003910685192761,21434395961348.92,1083100.0,552608,325091,568012.05816373,1.4084050757731e+20,50740.64453125
2021-02-18,52140.97265625,52474.10546875,51015.765625,51679.796875,52054723579,959978962378.125,1303606.2617449665,1.5193023804266008e+20,0.0004789466848977,21434395961348.92,1183416.0,587074,336970,549411.52197285,1.5700406476231e+20,51827.66015625
2021-02-19,51675.98046875,56113.65234375,50937.27734375,55888.1328125,63495496918,1003355349356.875,1307764.9395973154,1.524634168091232e+20,0.000456787746664,21434395961348.92,1158700.0,586329,336936,601828.31548734,1.513893154981e+20,53653.7607421875
2021-02-20,55887.3359375,57505.2265625,54626.55859375,56099.51953125,68145460026,1047957610743.0,1325216.6413793103,1.5295286479703173e+20,0.0004861418556524,21724134900047.28,1182807.0,579689,321585,674389.42672951,1.6313386728074e+20,56029.66015625
2021-02-21,56068.56640625,58330.5703125,55672.609375,57539.9453125,51897585191,1068911295321.375,1427841.3945578232,1.5072364247887784e+20,0.0004530614657747,21724134900047.28,1077189.0,511894,289260,467756.21223022,1.5639717351177e+20,56902.9228515625
2021-02-22,57532.73828125,57533.390625,48967.56640625,54207.3203125,92052420332,994738053506.3752,1353067.09352518,1.512781364288103e+20,0.0004019737229902,21724134900047.28,1096398.0,510402,290358,589764.27355398,1.5077124693454e+20,54560.25390625
2021-02-23,54204.9296875,54204.9296875,45290.58984375,48824.42578125,106102492824,905748505445.0,1296994.0512820513,1.4921337424773012e+20,0.000603297049705,21724134900047.28,982224.0,509582,267458,731838.78369456,1.3386710547558e+20,50631.21875
2021-02-24,48835.0859375,51290.13671875,47213.5,49705.33203125,63695521388,929089247226.375,1305365.3677419354,1.536756264883939e+20,0.0005549178180585,21724134900047.28,1210994.0,603022,355422,757681.80272735,1.586195637043e+20,49261.013671875
2021-02-25,49709.08203125,51948.96875,47093.8515625,47093.8515625,54506565949,947915671363.5,1328375.49375,1.560398605061449e+20,0.0004762284952911,21724134900047.28,1190994.0,569147,331825,611396.93999253,1.7467016404266e+20,48961.4384765625
2021-02-26,47180.46484375,48370.78515625,44454.84375,46339.76171875,350967941479,888479361810.0,1268941.9858156028,1.5521011308237534e+20,0.0005110003225975,21724134900047.28,1120994.0,541112,305427,917105.50622959,1.5192212983605e+20,46586.4638671875
2021-02-27,46344.7734375,48253.26953125,45269.02734375,46188.453125,45910946382,869713224536.6249,1291726.6981132077,1.5689664202013842e+20,0.0003743203008007,21724134900047.28,1239994.0,570639,330817,505406.92054128,1.6972763782594e+20,46513.880859375
2021-02-28,46194.015625,46716.4296875,43241.6171875,45137.76953125,53443887451,808889185577.75,1338186.8449612404,1.542815049589332e+20,0.00033700742947,21724134900047.28,1012234.0,454635,261343,335222.31932265,1.4752217532994e+20,45322.4580078125
2021-03-01,45159.50390625,49784.015625,45115.09375,49631.2421875,53891300112,917810877744.5,1360504.5634920634,1.5157285332773585e+20,0.0003653164051844,21724134900047.28,1027644.0,461176,256920,395663.65649257,1.3945547688737e+20,47422.4638671875
2021-03-02,49612.10546875,50127.51171875,47228.84375,48378.98828125,47530897720,907352513549.0624,1319423.2535211267,1.567295729920863e+20,0.0004213399098237,21724134900047.28,1132578.0,560723,332682,565654.54665286,1.5171770452291e+20,48836.8623046875
2021-03-03,48415.81640625,52535.13671875,48274.3203125,50538.2421875,53220811975,946884463756.875,1313569.3896103897,1.5691156219590695e+20,0.0003852773421045,21724134900047.28,1184676.0,572222,336631,527755.6658052,1.6646114458583e+20,49940.87890625
2021-03-04,50522.3046875,51735.08984375,47656.9296875,48561.16796875,52343816680,924668120796.4376,1289032.9776119404,1.526518562779511e+20,0.0003934109642732,21724134900047.28,1149824.0,528957,305401,506035.20648932,1.4853589342763e+20,49618.873046875
2021-03-05,48527.03125,49396.4296875,46542.515625,48927.3046875,48625928883,896203136089.75,1310780.4,1.537325098163102e+20,0.0003695391321444,21724134900047.28,1140676.0,552109,320422,552178.93041304,1.5007708989379e+20,48348.3203125
2021-03-06,48899.23046875,49147.21875,47257.52734375,48912.3828125,34363564661,885372333010.125,1343405.8187919464,1.5207542986929186e+20,0.0003199114447992,21448277761059.715,1109267.0,489663,292179,389192.03694705,1.6074931374431e+20,48554.08984375
2021-03-07,48918.6796875,51384.3671875,48918.6796875,51206.69140625,43137459378,941885423130.0,1348140.1223021585,1.5318637707637824e+20,0.0002794355151418,21448277761059.715,998275.0,443621,256871,311461.81194516,1.5221847506285e+20,50107.1044921875
2021-03-08,51174.1171875,52314.0703125,49506.0546875,52246.5234375,48597428048,952990173236.5,1442246.2389937106,1.580697319418681e+20,0.0002682208817736,21448277761059.715,1165431.0,469308,279244,407075.51675707,1.6533132908005e+20,51310.19140625
2021-03-09,52272.96875,54824.1171875,51981.83203125,54824.1171875,50912227385,1006802735398.4376,1310209.3846153845,1.5751937977529205e+20,0.0003505661732229,21448277761059.715,1081619.0,540557,311356,579879.3836093,1.5946391716503e+20,53475.7587890625
2021-03-10,54824.01171875,57258.25390625,53290.890625,56008.55078125,57295577614,1051171047942.75,1309461.1140939598,1.5648107021303117e+20,0.0003252490358712,21448277761059.715,1353744.0,555391,328452,538616.78092371,1.5355720916523e+20,55345.4267578125
2021-03-11,55963.1796875,58091.0625,54484.59375,57805.12109375,56772343595,1050646681810.5,1302212.8384615383,1.5557481574875493e+20,0.0003472945405683,21448277761059.715,1061938.0,526724,306618,523195.09530162,1.4711391170198e+20,56585.9892578125
2021-03-12,57821.21875,57996.62109375,55376.6484375,57332.08984375,55689944702,1062377514416.25,1282185.1088435375,1.5504430705867768e+20,0.0003718292085133,21448277761059.715,1160251.0,556541,324478,562254.8635409,1.5635167152078e+20,57131.64453125
2021-03-13,57343.37109375,61683.86328125,56217.97265625,61243.0859375,60669829814,1112769717341.5,1421541.4820143883,1.533406306034128e+20,0.0004044848154421,21448277761059.715,1038695.0,458141,255042,459051.09487042,1.5465488058074e+20,59122.0732421875
2021-03-14,61221.1328125,61597.91796875,59302.31640625,59302.31640625,43901225564,1112937379575.9375,1297887.4347826086,1.5647758806494626e+20,0.0003517449634697,21448277761059.715,1182694.0,547396,329864,444755.17374414,1.6282689349543e+20,60355.9208984375
2021-03-15,59267.4296875,60540.9921875,55393.1640625,55907.19921875,66419369890,1048874884695.0,1366963.9741935483,1.5672716749642498e+20,0.0003269137273659,21448277761059.715,1163318.0,502290,287565,460870.78287815,1.6139048637356e+20,57777.1962890625
2021-03-16,55840.78515625,56833.1796875,53555.02734375,56804.90234375,59749798599,1040368376793.375,1329835.3169014084,1.560447636720484e+20,0.00037726962969,21448277761059.715,1098912.0,557563,312522,601096.84549281,1.596583369563e+20,55758.4736328125
2021-03-17,56825.828125,58969.81640625,54528.62890625,58870.89453125,60258313191,1026182234926.0,1305530.238095238,1.561628555448021e+20,0.000323889385346,21448277761059.715,1147979.0,551284,311411,485176.60192643,1.5369321001421e+20,57298.7919921875
2021-03-18,58893.078125,60116.25,54253.578125,57858.921875,55746041000,1109045122950.375,1254968.9453125,1.5539193647071884e+20,0.0004320357740247,21448277761059.715,1038058.0,547379,287058,439433.37987445,1.4953597032332e+20,57780.45703125
2021-03-19,57850.44140625,59498.375,56643.703125,58346.65234375,49063873786,1101933246762.25,1297267.322580645,1.5591559231490192e+20,0.0003891336657507,21448277761059.715,1210350.0,598245,334469,455976.25343144,1.6103730236558e+20,58084.79296875
2021-03-20,58332.26171875,60031.28515625,58213.296875,58313.64453125,50361731222,1105747511321.25,1329886.2402597405,1.5906113202474516e+20,0.0003244791921104,21865558044610.547,1122267.0,530731,301613,392086.33975519,1.6658872841026e+20,58722.6220703125
2021-03-21,58309.9140625,58767.8984375,56005.6171875,57523.421875,51943414539,1068130219736.25,1429011.2628205128,1.5858231543200855e+20,0.0002647594332026,21865558044610.547,1117798.0,434394,246896,279429.97053687,1.6596970916255e+20,57651.712890625
2021-03-22,57517.890625,58471.48046875,54288.15625,54529.14453125,56521454974,1065050025171.1876,1403164.070967742,1.602301631594633e+20,0.0002738925528259,21865558044610.547,1120360.0,496106,275906,406988.15983979,1.7141737589482e+20,56201.66796875
2021-03-23,54511.66015625,55985.44140625,53470.6953125,54738.9453125,56435023914,1029928447210.75,1355658.1949685535,1.624129953530527e+20,0.0002602246574159,21865558044610.547,1209970.0,557291,306786,664039.75489655,1.7245128399262e+20,54676.685546875
2021-03-24,54710.48828125,57262.3828125,52514.33203125,52774.265625,70567223787,1051504199828.25,1348024.5875,1.6707831106792538e+20,0.00026127231092,21865558044610.547,1177037.0,545019,319111,591038.15771239,1.7204233374388e+20,54315.3671875
2021-03-25,52726.74609375,53392.38671875,50856.5703125,51704.16015625,67999812841,953079967071.0,1303844.5202702703,1.6760250743167087e+20,0.0002868257595134,21865558044610.547,1158598.0,558173,314346,709462.52184841,1.6458810468791e+20,52169.9658203125
2021-03-26,51683.01171875,55137.3125,51579.85546875,55137.3125,56652197978,995268008850.0,1335545.580882353,1.6507504574163023e+20,0.0002618103508583,21865558044610.547,1093917.0,534384,289205,733049.03935879,1.5251368776032e+20,53384.373046875
2021-03-27,55137.56640625,56568.21484375,54242.91015625,55973.51171875,47266542233,1026006309381.875,1288168.5925925926,1.6671878979091284e+20,0.0002511210066662,21865558044610.547,1145113.0,510572,303318,442258.40794124,1.6726627641056e+20,55480.55078125
2021-03-28,55974.94140625,56610.3125,55071.11328125,55950.74609375,47686580918,1051905113786.6876,1301114.3612903226,1.66466368130568e+20,0.0002366347298385,21865558044610.547,1056787.0,438258,250924,343863.24932394,1.7314934491779e+20,55901.7783203125
2021-03-29,55947.8984375,58342.09765625,55139.33984375,57750.19921875,57625587027,1077950070329.0,1313612.081632653,1.6568060519871296e+20,0.0002431819097769,21865558044610.547,1027048.0,467059,267293,450183.23827124,1.6558643026466e+20,56794.8837890625
2021-03-30,57750.1328125,59447.22265625,57251.55078125,58917.69140625,54414116432,1094316460974.0,1300474.0460526317,1.6433884175243123e+20,0.000280576927458,21865558044610.547,1180406.0,588770,342202,476735.09807628,1.6146059922798e+20,58341.6494140625
2021-03-31,58930.27734375,59930.02734375,57726.41796875,58918.83203125,65520826225,1108248102806.0,1344949.8684210526,1.643222963580029e+20,0.0003215042981432,21865558044610.547,1189703.0,583119,322174,496074.33665414,1.6355853683098e+20,58876.388671875
2021-04-01,58926.5625,59586.0703125,58505.27734375,59095.80859375,61669163792,1101978244252.125,1336555.093167702,1.655861282979675e+20,0.0002801869565204,21865558044610.547,1242501.0,586479,342414,502028.85063477,1.7331257407383e+20,59028.4296875
2021-04-02,59098.87890625,60267.1875,58869.28125,59384.3125,58727860620,1110723611175.75,1311789.6402877695,1.6675691557495262e+20,0.0002860822208614,23137439666472.05,1068393.0,534116,307831,517591.86571667,1.6185468263934e+20,59404.9150390625
2021-04-03,59397.41015625,60110.26953125,57603.890625,57603.890625,59641344484,1099203053465.0,1310005.5873015872,1.6303921156492647e+20,0.0003084746194855,23137439666472.05,971025.0,467860,270108,467666.85824964,1.5606186107502e+20,58678.865234375
2021-04-04,57604.83984375,58913.74609375,57168.67578125,58758.5546875,50749662970,1081485436933.375,1344186.1776315789,1.6321394993753106e+20,0.0002853549911078,23137439666472.05,1077033.0,452432,271026,300730.74357863003,1.6592418112923e+20,58111.4541015625
2021-04-05,58760.875,59891.296875,57694.82421875,59057.87890625,60706272115,1103060071167.75,1417918.2808219178,1.644148735091436e+20,0.0002965347169653,23137439666472.05,1104156.0,456730,262777,384603.94053378,1.7091408190615e+20,58851.21875
2021-04-06,59171.93359375,59479.578125,57646.80859375,58192.359375,66058027988,1080335867437.5624,1352802.9568345323,1.6335967661436515e+20,0.0003577942460122,23137439666472.05,1132247.0,548712,290449,743441.70238804,1.6782304274115e+20,58622.669921875
2021-04-07,58186.5078125,58731.14453125,55604.0234375,56048.9375,75645303584,1053779331495.625,1319975.12987013,1.6525316450364598e+20,0.0003203846758241,23137439666472.05,1215391.0,579869,327893,646575.62669193,1.7153538572573e+20,57142.6533203125
2021-04-08,56099.9140625,58338.73828125,55879.0859375,58323.953125,53053855641,1078715781887.8124,1315860.6540880504,1.6691635045056125e+20,0.0003140173431096,23137439666472.05,1226897.0,550968,314025,609020.45046609,1.7975842791644e+20,57160.4228515625
2021-04-09,58326.5625,58937.046875,57807.86328125,58245.00390625,46655208546,1087512834507.0,1310346.7016129033,1.6427627300592127e+20,0.0003893481567082,23137439666472.05,1015896.0,504148,277471,580165.45493759,1.5239160405276e+20,58329.119140625
2021-04-10,58253.77734375,61276.6640625,58038.70703125,59793.234375,58238470525,1125821983046.25,1328340.1976047903,1.7224131674278186e+20,0.0003018861146005,23137439666472.05,1243726.0,554418,331796,549325.14443873,1.8640802936005e+20,59340.595703125
2021-04-11,59846.23046875,60790.5546875,59289.796875,60204.96484375,46280252580,1113629141535.0,1393885.673611111,1.716039695192787e+20,0.0002753929916191,23137439666472.05,1049955.0,440682,251048,327585.60743852,1.7052370273752e+20,60032.88671875
2021-04-12,60175.9453125,61253.03515625,59589.875,59893.453125,51828688519,1120701164906.25,1358101.351724138,1.7048334846914943e+20,0.0002763008544568,23137439666472.05,1068316.0,480801,280178,486448.39288911,1.7014812415513e+20,60228.0771484375
2021-04-13,59890.01953125,63742.28515625,59869.95703125,63503.45703125,69983454362,1185733991483.125,1353055.324137931,1.6963570549268106e+20,0.0003161198654694,23137439666472.05,1225608.0,556361,309818,690862.84097798,1.6726755555078e+20,61751.4296875
2021-04-14,63523.75390625,64863.09765625,61554.796875,63109.6953125,77451779687,1177876759631.25,1301251.7518796993,1.6655898430096792e+20,0.000418377485313,23137439666472.05,1097992.0,560619,300948,824271.5362668,1.518717730477e+20,63262.8359375
2021-04-15,63075.1953125,63821.671875,62208.96484375,63314.01171875,60954381579,1172804006373.75,1297821.5576923075,1.6868246802757393e+20,0.0004345560194917,23137439666472.05,1255339.0,590102,332038,609567.43991055,1.8167943199849e+20,63104.9609375
2021-04-16,63258.50390625,63594.72265625,60222.53125,61572.7890625,84293007468,1153579778888.625,1309772.111111111,1.6849175777826026e+20,0.0005237420701034,23581981443663.848,1114886.0,541226,280300,756585.03572672,1.6736603940491e+20,62162.13671875
2021-04-17,61529.921875,62572.17578125,60361.3515625,60683.8203125,66138759198,1127898328951.5,1354222.74,1.5981226616555762e+20,0.0008203542539053,23581981443663.848,942510.0,451473,209779,569822.96839231,1.2155182861954e+20,61286.8173828125
2021-04-18,60701.88671875,61057.45703125,52829.53515625,56216.18359375,97468872758,1038205226199.125,1296044.947826087,1.5521840643192278e+20,0.0007903035424541,23581981443663.848,959991.0,458874,256088,575589.5780092101,1.2782218196689e+20,57701.265625
2021-04-19,56191.5859375,57520.0546875,54368.59375,55724.265625,65344865159,1020493826325.0,1298692.3804347827,1.4791759569193386e+20,0.0008757897540352,23581981443663.848,829561.0,425034,207672,636711.35815966,1.1360175683947e+20,55951.125
2021-04-20,55681.79296875,57062.1484375,53448.046875,56473.03125,67849323955,1035422217465.5624,1328095.7711864407,1.4426096563762232e+20,0.0010738447905265,23581981443663.848,1054821.0,530934,256381,941953.62781674,1.3666385547909e+20,55666.2548828125
2021-04-21,56471.12890625,56757.97265625,53695.46875,53906.08984375,54926612466,1049292467567.0624,1308885.8333333333,1.4059433413097597e+20,0.0011235108060267,23581981443663.848,998469.0,514735,253999,1254562.60948625,1.3217651820989e+20,55207.6650390625
2021-04-22,53857.10546875,55410.23046875,50583.8125,51762.2734375,74798630778,1023596835428.125,1282993.484126984,1.4084374324382248e+20,0.0011338718986783,23581981443663.848,1042766.0,481237,249384,1153301.85548255,1.4289112913134e+20,52903.35546875
2021-04-23,51739.80859375,52120.79296875,47714.6640625,51093.65234375,86668667320,933397099280.4376,1301332.4492753623,1.3983497874572943e+20,0.0010145372497338,23581981443663.848,1100703.0,489513,282689,1152855.41750219,1.6404628448074e+20,50667.2294921875
2021-04-24,51143.2265625,51167.5625,48805.28515625,50050.8671875,49014494781,939007609728.0,1311677.5037037036,1.365837465725868e+20,0.0006815229587116,23581981443663.848,1089420.0,470676,295507,771733.12254265,1.6251119609039e+20,50291.7353515625
2021-04-25,50052.83203125,50506.01953125,47159.484375,49004.25390625,46117114240,940038552316.125,1359317.761589404,1.4354641856070087e+20,0.0005161278174575,23581981443663.848,1093041.0,401466,255294,572960.06659936,1.7119806222625e+20,49180.6474609375
2021-04-26,49077.79296875,54288.00390625,48852.796875,54021.75390625,58284039825,1002482853010.3124,1323789.1904761903,1.458034635065661e+20,0.0005979596989358,23581981443663.848,985656.0,410035,241510,854811.97434405,1.5822087335946e+20,51560.0869140625
2021-04-27,54030.3046875,55416.96484375,53319.1875,55033.1171875,49448222757,1029513899878.75,1320968.294117647,1.5406318162914886e+20,0.0006030115932001,23581981443663.848,1044528.0,496403,290654,1011150.0035936,1.5279169277401e+20,54449.8935546875
2021-04-28,55036.63671875,56227.20703125,53887.91796875,54824.703125,48000572955,1016281844784.75,1312141.337837838,1.5924729087849552e+20,0.0004852708890846,23581981443663.848,1119464.0,484914,292818,1170930.55740095,1.6808066675917e+20,54994.1162109375
2021-04-29,54858.08984375,55115.84375,52418.02734375,53555.109375,46088929780,1005208692930.0,1294567.375,1.6023426843011744e+20,0.0005283926985793,23581981443663.848,890911.0,425984,247697,630957.04461886,1.4772885315262e+20,53986.767578125
2021-04-30,53568.6640625,57900.71875,53129.6015625,57750.17578125,52395931985,1069716397026.75,1442268.6054421768,1.6024181318602143e+20,0.0005357078850034,23581981443663.848,1087721.0,471634,281939,557655.42583205,1.6084085292705e+20,55587.2900390625
2021-05-01,57714.6640625,58448.33984375,57052.2734375,57828.05078125,42836427360,1073290646024.875,1332910.4427480916,1.589356736905554e+20,0.0004582609344486,23581981443663.848,1008421.0,452114,266585,446529.69071846,1.5711233524489e+20,57760.83203125
2021-05-02,57825.86328125,57902.59375,56141.90625,56631.078125,38177405335,1058554444834.6876,1402236.1046511629,1.6061432355662787e+20,0.0003634766244235,20608845737768.164,1204015.0,389837,242643,216530.28168139,1.6789148155669e+20,57125.3603515625
2021-05-03,56620.2734375,58973.30859375,56590.87109375,57200.29296875,51713139031,1077622933233.0,1443819.0718232044,1.6676239208741434e+20,0.0003578260393996,20608845737768.164,1230709.0,436710,264114,365748.1796068,1.8132234782688e+20,57346.1865234375
2021-05-04,57214.1796875,57214.1796875,53191.42578125,53333.5390625,68564706967,1009854670980.1876,1346740.2057142856,1.6991890702206665e+20,0.000369139776996,20608845737768.164,1203492.0,496086,295062,708524.42358772,1.8790444472306e+20,55238.3310546875
2021-05-05,53252.1640625,57911.36328125,52969.0546875,57424.0078125,69241316747,1078448457598.25,1378050.298245614,1.720462121682294e+20,0.0002972269415054,20608845737768.164,1300611.0,534127,313602,589020.71614045,1.7347106945573e+20,55389.1474609375
2021-05-06,57441.30859375,58363.31640625,55382.5078125,56396.515625,69523285106,1069096952252.8124,1350560.9477124184,1.723536223635836e+20,0.0003436546067979,20608845737768.164,1106957.0,500492,292763,575447.9476999,1.6571035243399e+20,56895.912109375
2021-05-07,56413.953125,58606.6328125,55321.84765625,57356.40234375,68434023376,1076076793396.3124,1310961.8863636365,1.7708564163073543e+20,0.000352558264134,20608845737768.164,1230644.0,538106,319247,700612.65169102,1.7684919859106e+20,56924.708984375
2021-05-08,57352.765625,59464.61328125,56975.2109375,58803.77734375,65382980634,1081218949608.0,1297209.6864864866,1.764690182606568e+20,0.0003277764866337,20608845737768.164,1224665.0,516721,300945,563894.13872883,1.8131531454116e+20,58149.091796875
2021-05-09,58877.390625,59210.8828125,56482.00390625,58232.31640625,65906690347,1074471511035.125,1348554.0785340315,1.805455279279177e+20,0.0003036923029656,20608845737768.164,1224176.0,461418,259574,444374.08905023,1.8657396656762e+20,58200.6484375
2021-05-10,58250.87109375,59519.35546875,54071.45703125,55859.796875,71776546298,1096333625221.5,1397732.3313609466,1.772983410467304e+20,0.000303977013648,20608845737768.164,1213662.0,465029,270514,491693.17855706,1.8973079704348e+20,56925.3701171875
2021-05-11,55847.2421875,56872.54296875,54608.65234375,56704.57421875,61308396325,1049527425335.5,1347007.9825581396,1.795695393754129e+20,0.0003042536984241,20608845737768.164,1227818.0,554009,310635,588267.97251993,1.7447307372361e+20,56008.2529296875
2021-05-12,56714.53125,57939.36328125,49150.53515625,49150.53515625,75215403907,1039819984065.9376,1357671.251497006,1.8016419332741897e+20,0.0002460862981545,20608845737768.164,1230659.0,574177,308927,617860.41932538,1.7386146302667e+20,53238.7412109375
2021-05-13,49735.43359375,51330.84375,46980.01953125,49716.19140625,96721152926,928894334714.0624,1333596.3012048192,1.810300036286897e+20,0.0002653464622509,25046487590083.28,1193864.0,494408,281583,1221594.44760611,1.9760946727775e+20,49440.6220703125
2021-05-14,49682.98046875,51438.1171875,48868.578125,49880.53515625,55737497453,960289707392.8124,1342931.156716418,1.770274284616815e+20,0.0002546999321955,25046487590083.28,1066062.0,460669,253523,1135444.45957737,1.7706860260077e+20,49967.552734375
2021-05-15,49855.49609375,50639.6640625,46664.140625,46760.1875,59161047474,918403174291.5,1314043.7943262411,1.7605086617870582e+20,0.0002924502555411,25046487590083.28,1066161.0,474383,269350,994875.11744638,1.6748502652246e+20,48479.8720703125
2021-05-16,46716.63671875,49720.04296875,43963.3515625,46456.05859375,64047871555,893963713622.6875,1360257.64,1.7103057888351243e+20,0.0002353317652758,25046487590083.28,917638.0,372624,210545,573588.02399625,1.5761301913725e+20,46714.0224609375
2021-05-17,46415.8984375,46623.55859375,42207.2890625,43537.51171875,74903638450,809432743476.0,1352232.8455284552,1.67681273107156e+20,0.0002823590905943,25046487590083.28,941869.0,406119,242609,1404882.64184082,1.527825567776e+20,44696.064453125
2021-05-18,43488.05859375,45812.45703125,42367.83203125,42909.40234375,56187365084,805743291808.3125,1335889.669565217,1.6323637444101367e+20,0.0002958502216923,25046487590083.28,937922.0,435232,247009,774892.46072417,1.4706548512322e+20,43644.4375
2021-05-19,42944.9765625,43546.1171875,30681.49609375,37002.44140625,126358098747,697892712457.5,1319925.8918918918,1.597716244708154e+20,0.0003958292213847,25046487590083.28,915137.0,412406,243445,1030326.0955528,1.3859008897392e+20,38543.7578125
2021-05-20,36753.66796875,42462.984375,35050.6171875,40782.73828125,88281943359,776982869255.375,1317943.4137931035,1.5614220012401915e+20,0.0005719137843135,25046487590083.28,936417.0,436360,237224,1498555.40557882,1.4673049793968e+20,38762.501953125
2021-05-21,40596.94921875,42172.171875,33616.453125,37304.69140625,82051616861,690686357890.5,1275972.7567567567,1.5182406932738402e+20,0.000555519092334,25046487590083.28,952014.0,428888,229666,1388619.65440412,1.4065392775665e+20,38422.56640625
2021-05-22,37371.03125,38831.0546875,35383.68359375,37536.6328125,57377273240,715730868072.0,1302688.1826086957,1.4865948080153828e+20,0.0005240816333318,25046487590083.28,931880.0,389646,228190,977797.37735096,1.3695961088519e+20,37280.6005859375
2021-05-23,37531.44921875,38289.21875,31227.33984375,34770.58203125,78469274361,622352817651.0001,1352765.6290322582,1.4652991099398111e+20,0.0004156780247284,25046487590083.28,1060279.0,346773,199932,974532.60843819,1.5480298429333e+20,35454.6474609375
2021-05-24,34700.36328125,39835.140625,34551.08203125,38705.98046875,67359584098,704400625238.125,1348752.49122807,1.4578289939238293e+20,0.0004482464224371,25046487590083.28,872124.0,355501,202842,1192353.07346371,1.4894899895001e+20,36948.1416015625
2021-05-25,38795.78125,39776.3515625,36581.4296875,38402.22265625,56211915803,714018520560.75,1366311.791044776,1.4694292468584173e+20,0.0003629024873821,25046487590083.28,1015104.0,434836,252024,1234301.33199132,1.6053634756784e+20,38388.9462890625
2021-05-26,38392.625,40782.078125,37905.8359375,39294.19921875,51346735160,726395661940.0,1312518.0603448276,1.4517667830524196e+20,0.0003596762610004,25046487590083.28,902371.0,418286,239195,1264290.22750808,1.4563359403315e+20,39093.6845703125
2021-05-27,39316.890625,40379.6171875,37247.90234375,38436.96875,43210968721,743955246534.1875,1259221.5203252032,1.4845615969215575e+20,0.0002990689396351,25046487590083.28,872689.0,365968,202883,1261690.04670285,1.5995364466481e+20,38845.3447265625
2021-05-28,38507.08203125,38856.96875,34779.0390625,35697.60546875,55200191952,688039778240.0,1304678.0512820513,1.4794412526197844e+20,0.0003172859191522,25046487590083.28,960354.0,406682,231942,1668975.24959999,1.4500861196398e+20,36960.173828125
2021-05-29,35684.15625,37234.5,33693.9296875,34616.06640625,45231013335,642070246665.5,1347643.353448276,1.4785254359876967e+20,0.0002748450187809,25046487590083.28,901554.0,362782,206060,1577179.64010398,1.4039175898494e+20,35307.1630859375
2021-05-30,34607.40625,36400.66796875,33520.73828125,35678.12890625,31646080921,665134956911.875,1466338.6762589929,1.5068799320854685e+20,0.0002250546049457,21047730572451.555,951627.0,299576,175748,886321.35093234,1.4327092152594e+20,35051.7353515625
2021-05-31,35658.59375,37468.25,34241.9453125,37332.85546875,39009847639,693527187241.25,1420590.0074074075,1.491647617057355e+20,0.0002021422762738,21047730572451.555,946214.0,347628,207497,546510.36040464,1.4368393198812e+20,36175.4111328125
2021-06-01,37293.79296875,37896.734375,35787.0859375,36684.92578125,34639423297,678902538751.5,1411303.7364864864,1.4968610151556448e+20,0.0001911255695468,21047730572451.555,911022.0,389119,232764,367043.62705775,1.5177609781047e+20,36915.634765625
2021-06-02,36699.921875,38231.33984375,35966.30859375,37575.1796875,33070867190,713074494742.0,1321186.778481013,1.5230692963125274e+20,0.0002053508220315,21047730572451.555,1040090.0,426687,252837,424856.26928009,1.6209260698612e+20,37118.1875
2021-06-03,37599.41015625,39478.953125,37243.97265625,39208.765625,35460750427,721710040651.4375,1273437.8707482994,1.511227382408495e+20,0.0002050716602759,21047730572451.555,1011137.0,441492,253753,424065.97545902,1.6039119442425e+20,38382.775390625
2021-06-04,39242.484375,39242.484375,35717.72265625,36894.40625,41831090187,692858070710.25,1318724.674074074,1.4972717067315708e+20,0.0001807629974166,21047730572451.555,936365.0,411111,236130,391590.81116087,1.4273730760929e+20,37774.2744140625
2021-06-05,36880.15625,37917.71484375,34900.4140625,35551.95703125,35959473399,679491882627.25,1149383.5343511452,1.5000905582609695e+20,0.0001692038523636,21047730572451.555,818831.0,371879,212197,310729.77184256003,1.4164493533335e+20,36312.560546875
2021-06-06,35538.609375,36436.421875,35304.578125,35862.37890625,28913440585,677627771008.125,930822.4344827586,1.4917117842114766e+20,0.0001277418549316,21047730572451.555,678068.0,302799,183155,902833.07753636,1.4929736016574e+20,35785.4970703125
2021-06-07,35835.265625,36790.5703125,33480.640625,33560.70703125,33683936663,674903277228.125,1150917.9858156028,1.504553745534078e+20,0.0001279371665389,21047730572451.555,876231.0,363904,219216,1035509.54282291,1.4668699738383e+20,34916.7958984375
2021-06-08,33589.51953125,34017.38671875,31114.443359375,33472.6328125,49902050442,595043709367.5,1269844.627586207,1.4985585611652743e+20,0.0001491973651856,21047730572451.555,933735.0,422989,246617,1554187.24671442,1.4881729185309e+20,33048.49560546875
2021-06-09,33416.9765625,37537.37109375,32475.865234375,37345.12109375,53972919008,682168758369.75,1114524.2916666667,1.4822413454728613e+20,0.0001399101396072,21047730572451.555,918793.0,402646,229501,868867.17086776,1.6223776534072e+20,35193.83349609375
2021-06-10,37389.515625,38334.32421875,35847.59375,36702.59765625,43576032854,691337307385.5,1344402.9,1.4266642569477964e+20,0.0001933469252356,21047730572451.555,877745.0,402205,233400,531043.24230674,1.1446047973155e+20,37068.5078125
2021-06-11,36697.03125,37608.6953125,36044.44921875,37334.3984375,38699736985,689665932773.9999,1339794.4117647058,1.3700967148821688e+20,0.0001773478593682,21047730572451.555,864886.0,408883,228526,449123.78198437,1.1521324711207e+20,36921.1435546875
2021-06-12,37340.14453125,37408.92578125,34728.19140625,35552.515625,37924228550,664141053171.75,1511982.5714285714,1.3645632958329537e+20,0.0001927790500622,21047730572451.555,927160.0,380758,220046,329104.65940508,1.2688306226891e+20,36257.4443359375
2021-06-13,35555.7890625,39322.78125,34864.109375,39097.859375,40669112838,675547056746.0,1279985.926229508,1.3505839546430954e+20,0.0001220779803762,21047730572451.555,828459.0,325288,191605,236664.70616004,1.2821357157366e+20,37210.134765625
2021-06-14,39016.96875,40978.36328125,38757.28515625,40218.4765625,43148914673,762324833338.5625,1174140.4761904762,1.3358898566978578e+20,0.0001445574013224,19932791027262.742,906007.0,360954,213701,359495.4393699,1.42482536842e+20,39742.7734375
2021-06-15,40427.16796875,41295.26953125,39609.46875,40406.26953125,46420149185,750502490746.9375,1329643.0942028984,1.3330559528640502e+20,0.0001554281750762,19932791027262.742,1019609.0,470861,264422,578093.96942514,1.3200455026254e+20,40434.5439453125
2021-06-16,40168.69140625,40516.77734375,38176.03515625,38347.0625,39211635100,726156824914.125,1357125.9545454546,1.2856575833034164e+20,0.0001619677180656,19932791027262.742,878560.0,408732,234998,598475.32291964,1.1943896196302e+20,39302.1416015625
2021-06-17,38341.421875,39513.671875,37439.67578125,38053.50390625,37096670047,732008219529.625,1167731.309352518,1.2567974467279525e+20,0.0001380364176733,19932791027262.742,923353.0,412155,249324,547406.22760777,1.2899986246799e+20,38337.068359375
2021-06-18,38099.4765625,38187.26171875,35255.85546875,35787.24609375,36200887275,683739973611.25,1176711.7751937984,1.2811403531142929e+20,0.0001239880108848,19932791027262.742,845202.0,387211,235557,532051.08376391,1.2984773311861e+20,36832.4599609375
2021-06-19,35854.52734375,36457.796875,34933.0625,35615.87109375,31207279719,677312521623.9375,1192118.201923077,1.2759151045081894e+20,0.000155013155474,19932791027262.742,694829.0,320003,193074,364966.71559216,1.0988416791427e+20,35715.314453125
2021-06-20,35563.140625,36059.484375,33432.07421875,35698.296875,36664034054,645033919299.0,1264499.017857143,1.2475854949446387e+20,0.00013160868078,19932791027262.742,682691.0,295060,177893,326902.18980602,1.0518706917708e+20,35188.2490234375
2021-06-21,35641.14453125,35721.640625,31295.935546875,31676.693359375,52809038594,613085556572.125,1347115.4285714286,1.2081737255070315e+20,0.0001743514000576,19932791027262.742,679016.0,277244,163129,470528.93903312,1.0260586522078e+20,33583.853515625
2021-06-22,31622.376953125,33292.453125,28893.62109375,32505.66015625,58964353058,594437455932.375,1382598.523364486,1.1626124810983678e+20,0.0002080337912669,19932791027262.742,852154.0,386058,232450,763720.31697838,1.0066232415846e+20,31578.52783203125
2021-06-23,32515.71484375,34753.41015625,31772.6328125,33723.02734375,46317108925,628512887645.5,1383342.1649484537,1.1324278113664713e+20,0.0002505229736969,19932791027262.742,801417.0,380890,221381,627091.3225622401,9.6191870167657e+19,33191.1962890625
2021-06-24,33682.80078125,35228.8515625,32385.21484375,34662.4375,33123368116,636815289708.0,1379349.121212121,1.0939775549131152e+20,0.0002190081650402,19932791027262.742,811193.0,371005,222479,645671.90149987,9.9528169963663e+19,33989.826171875
2021-06-25,34659.10546875,35487.24609375,31350.884765625,31637.779296875,40230904226,610605021348.75,1372580.6698113207,1.079041554610402e+20,0.0002093864501456,19932791027262.742,821518.0,375348,224474,960724.40724177,1.0662818135775e+20,33283.75390625
2021-06-26,31594.6640625,32637.587890625,30184.501953125,32186.27734375,38585385521,591060933986.25,1444103.1470588236,1.0633339599066032e+20,0.0001822224746596,19932791027262.742,804463.0,330864,195045,879978.16176439,1.0104267799581e+20,31650.7578125
2021-06-27,32287.5234375,34656.12890625,32071.7578125,34649.64453125,35511640894,622451901372.0,1429190.1971830986,1.0092967164597812e+20,0.0001764018073574,19932791027262.742,567065.0,265981,154701,515965.73597201,7.5666166717067e+19,33416.263671875
2021-06-28,34679.12109375,35219.890625,33902.07421875,34434.3359375,33892523752,655065186529.625,1351563.4848484849,9.65532576439755e+19,0.0002414031339328,19932791027262.742,594593.0,286135,160013,428249.20735107,6.8008841754919e+19,34558.85546875
2021-06-29,34475.55859375,36542.109375,34252.484375,35867.77734375,37901460044,678903434846.3749,1400011.21875,9.4434807376406e+19,0.0002319257716583,19932791027262.742,834341.0,388801,230996,611489.59373354,9.511625633448e+19,35284.482421875
2021-06-30,35908.38671875,36074.7578125,34086.15234375,35040.8359375,34059036099,641092989476.3125,1367563.610526316,9.355041264563628e+19,0.0002869180011393,19932791027262.742,850254.0,383674,228205,487414.67689899,8.7845348160399e+19,35277.533203125
2021-07-01,35035.984375,35035.984375,32883.78125,33572.1171875,37838957079,627356992485.75,1397687.686746988,9.13037093609718e+19,0.0003228403287815,19932791027262.742,719432.0,342865,195966,546247.16518495,8.8275411675749e+19,34131.966796875
2021-07-02,33549.6015625,33939.58984375,32770.6796875,33897.046875,38728974942,630511338809.0625,1398534.2828282828,9.178615909544744e+19,0.0003024460216738,19932791027262.742,868149.0,365823,217589,547416.77468829,9.9220027626164e+19,33539.2294921875
2021-07-03,33854.421875,34909.26171875,33402.6953125,34668.546875,24383958643,649622702124.375,1387934.5673076925,9.050192545703875e+19,0.0002991977957334,14363025673659.965,861117.0,378035,225617,523259.16200447,7.752639081445e+19,34208.7314453125
2021-07-04,34665.56640625,35937.56640625,34396.4765625,35287.78125,24924307911,666039320910.8125,1452233.621212121,9.014536248822324e+19,0.000235740850486,14363025673659.965,1010223.0,305886,190009,461440.75654115,9.1709664817128e+19,35071.84765625
2021-07-05,35284.34375,35284.34375,33213.66015625,33746.00390625,26721554282,630949402397.375,1327808.1788617887,8.819270619981047e+19,0.0002280337927529,14363025673659.965,876779.0,321488,204635,332105.74850045,8.8469049084089e+19,34382.087890625
2021-07-06,33723.5078125,35038.53515625,33599.91796875,34235.1953125,26501259870,638646816599.75,1164810.5714285714,8.779829532417085e+19,0.0002180448899418,14363025673659.965,842024.0,359492,220338,342625.33696833,9.587706394068e+19,34149.2890625
2021-07-07,34225.6796875,34997.6640625,33839.2890625,33855.328125,24796027477,647214351177.1875,1124514.984,9.194363201074287e+19,0.0001812747979608,14363025673659.965,789614.0,361841,216171,451441.20068913,9.8845469071479e+19,34229.490234375
2021-07-08,33889.60546875,33907.90625,32133.18359375,32877.37109375,29910396946,617274888398.0,1109222.6917293232,9.201740070392786e+19,0.0001395989744701,14363025673659.965,841600.0,386215,237604,398965.20079531,9.1761634965565e+19,33202.0166015625
2021-07-09,32861.671875,34042.29296875,32318.880859375,33798.01171875,27436021028,629584586078.25,1116112.985074627,9.326018513508835e+19,0.0001225600887411,14363025673659.965,788245.0,364966,224135,409382.23053169,9.6718957417981e+19,33255.21435546875
2021-07-10,33811.2421875,34209.0703125,33116.01171875,33520.51953125,22971873468,635342577691.5,998707.903846154,9.602295767726744e+19,0.0001051626622216,14363025673659.965,793174.0,340943,212071,373048.28039829,1.0725258765944e+20,33664.2109375
2021-07-11,33509.078125,34584.703125,33346.73828125,34240.1875,20108729370,636771504817.6875,980455.6888888888,9.596925712423136e+19,0.0001109591249748,14363025673659.965,667938.0,289905,169298,218756.62473234,9.8259229423745e+19,33920.1767578125
2021-07-12,34254.015625,34592.15625,32697.30859375,33155.84765625,24321499537,625182361970.8125,1205209.1393442622,9.579229354319153e+19,0.0001291064580031,14363025673659.965,790683.0,317316,193086,370632.16557579,8.9822102671749e+19,33674.83203125
2021-07-13,33125.46875,33327.1015625,32261.419921875,32702.025390625,19120856669,614702213363.25,1154594.030075188,9.722654937596917e+19,0.000121221335252,14363025673659.965,814576.0,359999,225493,410379.65177169,9.3228712684649e+19,32854.00390625
2021-07-14,32723.845703125,33061.3984375,31639.125,32822.34765625,21376531210,615089295152.5,1005917.93125,9.823691955725917e+19,0.0001317556764528,14363025673659.965,824673.0,360118,240645,342330.92735167,1.0879963517089e+20,32561.67919921875
2021-07-15,32827.875,33159.640625,31175.708984375,31780.73046875,21300524237,594712552117.25,1053049.4485294118,9.937479893437024e+19,9.85672910735489e-05,14363025673659.965,766840.0,352686,218127,469043.42501399,1.0648710803952e+20,32235.98876953125
2021-07-16,31841.55078125,32218.40625,31100.673828125,31421.5390625,23699476918,602883257315.625,1018953.4421768708,1.000070509311672e+20,8.807424403033341e-05,14363025673659.965,888236.0,365771,230373,426641.21980931,1.0220593489027e+20,31645.54248046875
2021-07-17,31397.30859375,31935.9453125,31223.990234375,31533.068359375,18895018942,595479415205.8125,809900.3116883116,1.0082691377192785e+20,7.102055631463991e-05,14363025673659.965,685229.0,316793,200534,533480.91310703,1.0924439968164e+20,31522.578125
2021-07-18,31533.884765625,32398.99609375,31215.4921875,31796.810546875,18787986667,589108426539.75,729695.4353741497,1.0142426366203236e+20,7.02935770234987e-05,13672594272814.145,610170.0,284638,172733,255874.59013933,9.7185384983432e+19,31736.2958984375
2021-07-19,31800.01171875,31885.859375,30563.734375,30817.83203125,20434789545,575139958292.875,990831.1849315068,1.0372828695139392e+20,8.107410938010677e-05,13672594272814.145,768193.0,302204,192759,295760.1144736,1.0143287645526e+20,31266.859375
2021-07-20,30838.28515625,31006.1875,29360.955078125,29807.34765625,23148267245,564465075766.0,1126145.582191781,1.0420178205755916e+20,7.928537462993438e-05,13672594272814.145,846765.0,377196,238809,449673.67071918,1.021523953792e+20,30253.19384765625
2021-07-21,29796.28515625,32752.326171875,29526.18359375,32110.693359375,28203024559,598773318249.75,1105169.2808219178,1.0141676185064594e+20,6.761109778578239e-05,13672594272814.145,799716.0,370087,235975,414915.17151963,9.393770657224e+19,31046.3720703125
2021-07-22,32138.873046875,32576.400390625,31745.298828125,32313.10546875,19555230518,609933334320.0,988534.9084507042,1.0063310290024212e+20,6.171376954849491e-05,13672594272814.145,772227.0,365670,232179,392869.14198072,9.915568450347e+19,32193.41943359375
2021-07-23,32305.958984375,33581.55078125,32057.892578125,33581.55078125,22552046192,606625569194.125,1055874.1333333333,9.952014380744598e+19,8.809075526636627e-05,13672594272814.145,784453.0,354586,223921,289367.42538261,9.5438809731566e+19,32881.73828125
2021-07-24,33593.73046875,34490.390625,33424.859375,34292.4453125,21664706865,636273326878.875,927802.4934210526,9.881389497831824e+19,5.597805577289505e-05,13672594272814.145,835754.0,339804,217274,275140.82210814,1.0122920293208e+20,33950.3564453125
2021-07-25,34290.29296875,35364.92578125,33881.8359375,35350.1875,20856685287,641996864266.875,766938.7142857143,9.881136519408946e+19,6.525561124928258e-05,13672594272814.145,624046.0,283072,177718,218045.54307357,1.0335015740672e+20,34721.810546875
2021-07-26,35384.03125,40499.67578125,35287.3125,37337.53515625,51022126212,723989937685.0,1030227.5,1.0017589282220953e+20,6.327855841797889e-05,13672594272814.145,951354.0,368372,239036,536097.00459956,1.087735794047e+20,37127.138671875
2021-07-27,37276.03515625,39406.94140625,36441.7265625,39406.94140625,35097370560,717771674589.0,1068721.5,1.0198166771392712e+20,6.662390921337371e-05,13672594272814.145,910922.0,397066,254619,598467.70816538,1.0393837138338e+20,38132.9111328125
2021-07-28,39503.1875,40816.0703125,38862.4375,39995.90625,38702404695,745339958284.9375,1078105.171597633,1.0486713172698567e+20,6.173269699746265e-05,13672594272814.145,885933.0,397183,255384,991958.15240763,1.1549170197824e+20,39794.400390625
2021-07-29,39995.453125,40593.0703125,39352.05859375,40008.421875,27167146027,750352443450.0625,1047612.9236111112,1.0350308485054611e+20,5.795867569850578e-05,13672594272814.145,811969.0,384216,247421,632917.99133755,1.0248267488663e+20,39987.2509765625
2021-07-30,40027.484375,42235.546875,38397.35546875,42235.546875,33072782960,733693738397.4999,931555.775862069,1.077210966176106e+20,6.0694955337956345e-05,13672594272814.145,873831.0,402372,258273,626793.25689359,1.159762520028e+20,40723.9833984375
2021-07-31,42196.3046875,42231.44921875,41110.83203125,41626.1953125,25802845343,780183818839.0625,902322.1790123456,1.0883604497668268e+20,5.445369735153921e-05,14496442856349.12,791192.0,374271,235382,352405.26688739,1.1481762969153e+20,41791.1953125
2021-08-01,41460.84375,42541.6796875,39540.94140625,39974.89453125,26688438115,775494751142.5,746651.9803921569,1.098699671313162e+20,5.3869371157628166e-05,14496442856349.12,661610.0,301810,185595,1175075.03005768,1.1658311921269e+20,40879.58984375
2021-08-02,39907.26171875,40419.1796875,38746.34765625,39201.9453125,25595265436,745077970234.0,1123460.0211267606,1.0997187326790689e+20,5.30335777453501e-05,14496442856349.12,832381.0,341188,215865,1424643.15756081,1.0134105858211e+20,39568.68359375
2021-08-03,39178.40234375,39750.03125,37782.05078125,38152.98046875,26189830450,716673345660.0,1015193.765060241,1.1008310018764564e+20,5.382307442909501e-05,14496442856349.12,815385.0,391935,248290,616847.75352728,1.1695420410796e+20,38715.8662109375
2021-08-04,38213.33203125,39952.296875,37589.1640625,39747.50390625,25372562724,738012563597.125,1057166.4785714287,1.1047236811158767e+20,5.648041141691794e-05,14496442856349.12,778598.0,359743,228503,602123.77027613,1.0749825942986e+20,38875.57421875
2021-08-05,39744.515625,41341.93359375,37458.00390625,40869.5546875,35185031017,728135270282.75,1082192.8525641025,1.1042087304295388e+20,6.4597096708432e-05,14496442856349.12,891665.0,402314,255076,618766.87408655,1.0747992351899e+20,39853.501953125
2021-08-06,40865.8671875,43271.66015625,39932.1796875,42816.5,38226483046,796027440281.25,944737.6204819278,1.1135930152391308e+20,5.485680929402796e-05,14496442856349.12,852032.0,394790,254486,508869.10060224,1.1724335413011e+20,41721.5517578125
2021-08-07,42832.796875,44689.859375,42618.56640625,44555.80078125,40030862141,815004009487.9375,981753.3248407644,1.106705030787856e+20,5.365417826887971e-05,14496442856349.12,850314.0,373755,237742,603202.04929024,1.1557943195515e+20,43674.255859375
2021-08-08,44574.4375,45282.3515625,43331.91015625,43798.1171875,36302664750,826104196552.625,802066.6625,1.12726266203686e+20,4.976171823009573e-05,14496442856349.12,721243.0,311281,195649,276763.34180868,1.1816027544311e+20,44246.7041015625
2021-08-09,43791.92578125,46456.83203125,42848.6875,46365.40234375,38734079049,863846606369.6875,918087.3928571428,1.1312287917845823e+20,5.186827068267412e-05,14496442856349.12,823711.0,353140,226228,536735.9885676,1.146496700011e+20,44865.7119140625
2021-08-10,46280.84765625,46637.98828125,44705.5546875,45585.03125,33546019517,848327542101.0,1092441.1125827814,1.1207425738172976e+20,5.412520124622052e-05,14496442856349.12,887865.0,403956,260949,462335.47839245,1.1457783072665e+20,45802.35546875
2021-08-11,45599.703125,46735.6328125,45351.7109375,45593.63671875,34319709073,872547036778.375,1009009.7080745342,1.155869047635103e+20,4.981801833916071e-05,14496442856349.12,848518.0,405351,263698,376193.25764814,1.1591033368463e+20,45820.1708984375
2021-08-12,45576.87890625,46228.91015625,43861.4453125,44428.2890625,33723620826,830449390892.9375,1098024.3071428572,1.13148576130871e+20,5.263067835702617e-05,14496442856349.12,818588.0,388774,246699,340957.06105162,1.0392089133236e+20,45023.880859375
2021-08-13,44439.69140625,47831.9765625,44282.41796875,47793.3203125,31744259539,871837367063.4374,1177767.3851351351,1.1241002778247329e+20,7.879112429353813e-05,15556093717702.553,940919.0,394989,251429,350886.78056838,1.1348879736192e+20,46086.8515625
2021-08-14,47810.6875,48098.68359375,46177.6328125,47096.9453125,31211354442,882319560945.5625,916797.2592592592,1.1277527832101033e+20,6.512895963739267e-05,15556093717702.553,823904.0,388791,248423,314100.41034393,1.1935338799911e+20,47295.9873046875
2021-08-15,47096.66796875,47357.10546875,45579.58984375,47047.00390625,30988958446,866411675493.0,700568.896969697,1.1587305523112912e+20,5.14008199034131e-05,15556093717702.553,632848.0,271574,184290,397331.65841852,1.313316734037e+20,46770.091796875
2021-08-16,47019.9609375,47998.09765625,45700.3203125,46004.484375,32776876610,870382743979.125,1080713.395209581,1.1860578838496476e+20,5.278164635345426e-05,15556093717702.553,915006.0,374333,228833,273659.87388633,1.3624522229841e+20,46680.7158203125
2021-08-17,45936.45703125,47139.5703125,44512.41796875,44695.359375,33451362600,858871728812.25,1175180.8150289017,1.2123491276930358e+20,6.696996933496379e-05,15556093717702.553,1007921.0,418683,265775,280725.94564705,1.2773024579115e+20,45570.951171875
2021-08-18,44686.75,45952.0625,44364.02734375,44801.1875,32194123075,860833777032.125,1138422.910958904,1.2264951919952491e+20,6.149637057214141e-05,15556093717702.553,870815.0,394202,248907,341522.88965266,1.2097911590653e+20,44951.0068359375
2021-08-19,44741.8828125,46970.76171875,43998.31640625,46717.578125,37204312299,859930890068.25,1163469.3774834438,1.2305131319323846e+20,5.397499836405279e-05,15556093717702.553,895289.0,406585,256732,344402.37769307,1.0919267346732e+20,45607.134765625
2021-08-20,46723.12109375,49342.15234375,46650.70703125,49339.17578125,34706867452,915222157261.875,1086973.586419753,1.2596853002819309e+20,5.707557616160184e-05,15556093717702.553,903424.0,402661,253809,429061.25037411,1.2787980290042e+20,48013.7890625
2021-08-21,49327.07421875,49717.01953125,48312.19921875,48905.4921875,40585205312,925029968912.5,975295.4941860464,1.2549999857804993e+20,5.380751094109005e-05,15556093717702.553,913545.0,397749,255916,514594.72261567,1.2622505143498e+20,49065.4462890625
2021-08-22,48869.10546875,49471.609375,48199.94140625,49321.65234375,25370975378,912471440740.0,833612.0382165605,1.2264482755925382e+20,5.4962633240133344e-05,15556093717702.553,710573.0,300400,185980,312066.10662418,1.2871555452411e+20,48965.5771484375
2021-08-23,49291.67578125,50482.078125,49074.60546875,49546.1484375,34305053719,932071395005.625,1015008.1294117648,1.2339332091784634e+20,5.9885396720258526e-05,15556093717702.553,905578.0,382081,249105,636223.89130393,1.3394247788029e+20,49598.626953125
2021-08-24,49562.34765625,49878.76953125,47687.1171875,47706.1171875,35361168834,906897364281.8124,971848.276243094,1.2707541441867229e+20,5.214680119323883e-05,15556093717702.553,1021178.0,410560,261138,1237353.98893208,1.4253036884522e+20,48708.587890625
2021-08-25,47727.2578125,49202.87890625,47163.61328125,48960.7890625,32646349931,917597021394.5,1017228.729032258,1.290099915764598e+20,5.417086289596526e-05,17615033039278.88,862272.0,414158,264354,1118224.41720957,1.2856916976133e+20,48263.634765625
2021-08-26,49002.640625,49347.58203125,46405.78125,46942.21875,32666549568,880159082096.25,1003689.8053691277,1.293971251125126e+20,4.417664714222184e-05,17615033039278.88,828252.0,407980,263089,1602140.02337668,1.3284473189946e+20,47924.5556640625
2021-08-27,46894.5546875,49112.78515625,46394.28125,49058.66796875,34511076995,906255092127.25,963781.178343949,1.3117761306432745e+20,4.494598903121884e-05,17615033039278.88,834180.0,403286,260740,2262252.92354313,1.3174211453143e+20,47865.072265625
2021-08-28,49072.5859375,49283.50390625,48499.23828125,48902.40234375,28568103401,917719371250.5,992705.4,1.3042714303516475e+20,5.10810828920896e-05,17615033039278.88,779711.0,372742,237586,1837652.69986244,1.2800528709002e+20,48939.4326171875
2021-08-29,48911.25,49644.11328125,47925.85546875,48829.83203125,25889650240,911462889804.75,906078.62,1.317619524169445e+20,4.764630141763404e-05,17615033039278.88,687871.0,298402,189259,1871792.68256251,1.323511055488e+20,48827.7626953125
2021-08-30,48834.8515625,48925.60546875,46950.2734375,47054.984375,31847007016,903944216020.5,1006309.2108843536,1.2741001853007318e+20,4.6579126507701866e-05,17615033039278.88,848788.0,355854,233385,1958462.31148303,1.2569876133456e+20,47941.4287109375
2021-08-31,47024.33984375,48189.55078125,46750.09375,47166.6875,34730363427,891973467728.75,1123638.2394366197,1.2861379262625158e+20,5.021790881505373e-05,17615033039278.88,888507.0,406344,261995,1843563.3612952,1.2349163436803e+20,47282.66796875
2021-09-01,47099.7734375,49111.08984375,46562.4375,48847.02734375,39139399125,893483811258.5,1259043.2283464568,1.2645927250923351e+20,5.940477140728577e-05,17615033039278.88,890966.0,412712,263088,1527825.37726741,1.1918772680881e+20,47905.08203125
2021-09-02,48807.84765625,50343.421875,48652.3203125,49327.72265625,39508070319,932347241394.0,1269261.5283018867,1.2745642103774578e+20,6.553555736028001e-05,17615033039278.88,1109593.0,471199,305987,1470158.02200235,1.2722919226464e+20,49282.828125
2021-09-03,49288.25,50982.2734375,48386.0859375,50025.375,43206179619,951372887912.875,1269071.8333333333,1.2658017308396397e+20,6.7590950167774e-05,17615033039278.88,977738.0,442656,284013,1090615.30812131,1.2969905858298e+20,49670.49609375
2021-09-04,50009.32421875,50545.58203125,49548.78125,49944.625,37471327794,938219280439.0,1016496.980263158,1.2778873869173296e+20,5.6502434123553466e-05,17615033039278.88,853547.0,412362,257945,708592.41297902,1.3516769793715e+20,50012.078125
2021-09-05,49937.859375,51868.6796875,49538.59765625,51753.41015625,30322676319,944764784317.6876,782165.243902439,1.2872986219307498e+20,5.052559386218478e-05,17615033039278.88,710837.0,323438,203069,424828.64377529,1.4079488137404e+20,50774.63671875
2021-09-06,51769.00390625,52700.94140625,51053.6796875,52633.53515625,38884105426,971218162964.5,1039730.1219512196,1.330660273908222e+20,6.458247811512068e-05,17615033039278.88,871510.0,366422,241034,468437.33629309,1.4623193737171e+20,52039.2900390625
2021-09-07,52660.48046875,52853.765625,43285.20703125,46811.12890625,65210059683,878895464011.875,1084209.756097561,1.3579850320102184e+20,6.186514417917025e-05,17615033039278.88,934005.0,422482,281386,497946.92947651,1.444664157732e+20,48902.6455078125
2021-09-08,46827.76171875,47334.0546875,44561.39453125,46091.390625,49007762488,866695812130.0,1196467.9703703704,1.363236584301123e+20,6.332877019051663e-05,18415156832118.24,880222.0,409876,261447,606261.55950484,1.3367930616898e+20,46203.650390625
2021-09-09,45774.7421875,47261.94921875,45669.73828125,46391.421875,38672657013,883785073077.0,1109190.986111111,1.3692440140555131e+20,4.938532761606875e-05,18415156832118.24,910403.0,422939,273674,388581.23711388,1.2857861668583e+20,46274.462890625
2021-09-10,46396.6640625,47031.7421875,44344.484375,44883.91015625,39154666597,854410759418.25,1210426.9568345323,1.3552388156644227e+20,5.149081920893696e-05,18415156832118.24,922066.0,438565,275351,2793624.21985037,1.2964841376524e+20,45664.2001953125
2021-09-11,44869.83984375,45969.29296875,44818.265625,45201.45703125,34499835245,857576817338.75,1229780.2279411764,1.3450148947237103e+20,5.387186545377618e-05,18415156832118.24,896814.0,376874,236350,6295111.91865687,1.2808424998815e+20,45214.7138671875
2021-09-12,45206.62890625,46364.87890625,44790.4609375,46063.26953125,27881980161,864356957398.0,849404.277027027,1.3386501523752334e+20,4.5406021220714265e-05,18415156832118.24,686374.0,308885,191134,1297390.52448519,1.3486726395475e+20,45606.3095703125
2021-09-13,46057.21484375,46598.6796875,43591.3203125,44963.07421875,40969943253,834010433630.5,959256.6730769232,1.3288835010009113e+20,5.339167129832773e-05,18415156832118.24,818135.0,357307,225621,4792980.8338211095,1.4004810238983e+20,45302.572265625
2021-09-14,44960.05078125,47218.125,44752.33203125,47092.4921875,38652152880,879523076467.125,986789.9053254438,1.3514112676275764e+20,5.5828743412608526e-05,18415156832118.24,909536.0,412795,264900,10633162.76786244,1.5551719497901e+20,46005.75
2021-09-15,47098.0,48450.46875,46773.328125,48176.34765625,30484496466,908812065722.5,1243873.4475524474,1.351662363429779e+20,5.787788169024355e-05,18415156832118.24,954646.0,420958,274280,1455019.35059374,1.3302830209149e+20,47624.5361328125
2021-09-16,48158.90625,48486.828125,47079.55859375,47783.359375,31764293754,904136978480.25,1554247.6408450704,1.3541924055274516e+20,6.780219485248236e-05,18415156832118.24,1049624.0,428588,272442,886769.16266727,1.302297111233e+20,47877.1630859375
2021-09-17,47771.00390625,48160.921875,46832.5234375,47267.51953125,28727713711,893962484035.5,1364215.8444444444,1.343569149695768e+20,5.9102532225961305e-05,18415156832118.24,978372.0,416178,264771,768765.69536786,1.272835239381e+20,47507.9921875
2021-09-18,47273.52734375,48791.78125,47087.28515625,48278.36328125,28575630451,910725436351.5,968283.8545454544,1.3814368907457472e+20,4.9151707868730765e-05,18415156832118.24,863660.0,401195,258644,456514.84135694,1.4285050981775e+20,47857.7392578125
2021-09-19,48268.85546875,48328.3671875,46919.8046875,47260.21875,26967722648,897604773826.5625,793785.9760479042,1.4002303000019685e+20,4.612610929320953e-05,18415156832118.24,737396.0,333481,206893,293987.80967196,1.4849890652169e+20,47694.3115234375
2021-09-20,47261.40625,47328.19921875,42598.9140625,42843.80078125,43909845642,826732042604.4375,1124299.5844155843,1.3904960146737091e+20,4.794259267447244e-05,18415156832118.24,943556.0,370090,239737,841888.05559173,1.4604032219956e+20,45008.080078125
2021-09-21,43012.234375,43607.609375,39787.609375,40693.67578125,48701090088,810125667973.875,1234011.4428571428,1.3693690832821282e+20,5.362819911539462e-05,18997641161758.96,911092.0,405228,265203,1270258.17575095,1.3717088820967e+20,41775.2822265625
2021-09-22,40677.953125,43978.62109375,40625.6328125,43574.5078125,38139709246,813923464941.9375,1246750.1048387096,1.3483087981181192e+20,5.814293360174933e-05,18997641161758.96,850938.0,399116,259299,1162481.82697857,1.1936092989161e+20,42214.1787109375
2021-09-23,43560.296875,44942.17578125,43109.33984375,44895.09765625,34244064430,825329077807.5,1032970.821656051,1.382199014697501e+20,4.942489150384843e-05,18997641161758.96,864717.0,399740,270240,968899.86437044,1.4094749662114e+20,44126.7275390625
2021-09-24,44894.30078125,45080.4921875,40936.55859375,42839.75,42839345714,789382317143.4374,1209540.475862069,1.3902246139990952e+20,5.765540149173498e-05,18997641161758.96,938797.0,422248,267876,1163425.53061359,1.4549406113215e+20,43437.775390625
2021-09-25,42840.890625,42996.2578125,41759.921875,42716.59375,31604717236,802696068794.8124,923729.2088607596,1.3959819224590978e+20,4.667942068337575e-05,18997641161758.96,811923.0,388814,246014,801698.9152634001,1.4707585234954e+20,42578.416015625
2021-09-26,42721.62890625,43919.30078125,40848.4609375,43208.5390625,30661222077,816464380487.0,941212.6090225565,1.3511238490258014e+20,4.359678369484376e-05,18997641161758.96,688621.0,322187,196306,1127089.47948093,1.2729892111956e+20,42674.482421875
2021-09-27,43234.18359375,44313.24609375,42190.6328125,42235.73046875,30980029059,814639662029.4375,986017.7947019868,1.3554403503734836e+20,4.439054856587348e-05,18997641161758.96,805677.0,359442,230419,1216743.57862586,1.3898415495681e+20,42993.4482421875
2021-09-28,42200.8984375,42775.14453125,40931.6640625,41034.54296875,30214940550,781303244399.4375,1072341.73125,1.399346274165736e+20,4.792466413251472e-05,18997641161758.96,870958.0,415166,270702,1203365.55341573,1.4741395182176e+20,41735.5625
2021-09-29,41064.984375,42545.2578125,40829.66796875,41564.36328125,30602359905,784686890464.9375,1164387.6590909092,1.4090602607394103e+20,5.473552152743819e-05,18997641161758.96,844096.0,369518,235165,1238294.82776977,1.3597528787825e+20,41501.068359375
2021-09-30,41551.26953125,44092.6015625,41444.58203125,43790.89453125,31141681925,812941369301.25,1400456.721854305,1.3834676148953442e+20,5.069280129996248e-05,18997641161758.96,1052261.0,435932,285239,1383423.48880486,1.3837365018574e+20,42719.8369140625
2021-10-01,43816.7421875,48436.01171875,43320.0234375,48116.94140625,42850641582,891229979597.25,1098466.7792207792,1.3983565600824944e+20,5.172524754609971e-05,18997641161758.96,1018808.0,432347,273646,1244309.18754273,1.5264349140074e+20,45922.4296875
2021-10-02,48137.46875,48282.0625,47465.49609375,47711.48828125,30614346492,901588770066.0,1036504.5265957448,1.4526027569063254e+20,5.084183605084002e-05,18997641161758.96,1021529.0,443218,282612,926366.25266337,1.5737046704324e+20,47899.12890625
2021-10-03,47680.02734375,49130.69140625,47157.2890625,48199.953125,26638115879,901949824582.5,897139.9411764706,1.4800704776746677e+20,4.311052554049563e-05,18997641161758.96,804844.0,364211,222666,648815.95307172,1.5903195530731e+20,48041.990234375
2021-10-04,48208.90625,49456.77734375,47045.00390625,49112.90234375,33383173002,899308248222.625,1190798.548611111,1.4674400964805693e+20,5.106595585655858e-05,18997641161758.96,997657.0,385458,242301,743154.64505485,1.3685713655236e+20,48455.8974609375
2021-10-05,49174.9609375,51839.984375,49072.83984375,51514.8125,35873904236,938613800902.5,1140089.0361445784,1.5033510820092166e+20,4.660277696491087e-05,19893045048575.13,971927.0,449487,299352,906763.63132823,1.6347172348832e+20,50400.6494140625
2021-10-06,51486.6640625,55568.46484375,50488.19140625,55361.44921875,49034730168,1037400705832.25,1240478.2905405406,1.5222465315548948e+20,5.576045081795008e-05,19893045048575.13,956772.0,433918,285592,1006418.01783986,1.5446604000279e+20,53226.1923828125
2021-10-07,55338.625,55338.625,53525.46875,53805.984375,36807860413,1014573991915.25,1427736.8046875,1.4686921908830083e+20,8.289741853199967e-05,19893045048575.13,1103604.0,486766,314019,1344837.11493773,1.2581287323418e+20,54502.17578125
2021-10-08,53802.14453125,55922.98046875,53688.0546875,53967.84765625,34800873924,1022623583684.25,1449999.936,1.4526046541385536e+20,7.864731615666033e-05,19893045048575.13,1021937.0,452167,282088,987773.57312932,1.3096368515573e+20,54345.2568359375
2021-10-09,53929.78125,55397.9453125,53735.14453125,54968.22265625,32491211414,1035100654099.5624,1276095.095890411,1.403916063919286e+20,6.204201299666204e-05,19893045048575.13,994333.0,435022,275917,550253.17148126,1.3416662049959e+20,54507.7734375
2021-10-10,54952.8203125,56401.3046875,54264.2578125,54771.578125,39527792364,1043676842400.0,996473.25477707,1.423220863989832e+20,6.317671921687874e-05,19893045048575.13,853648.0,343905,208499,435042.167034,1.5473250819391e+20,55097.490234375
2021-10-11,54734.125,57793.0390625,54519.765625,57484.7890625,42637331698,1084024267817.5624,1102804.3381294964,1.4244195136459676e+20,6.811025417821306e-05,19893045048575.13,861802.0,372441,232396,838218.1881293,1.5021380912023e+20,56132.9296875
2021-10-12,57526.83203125,57627.87890625,54477.97265625,56041.05859375,41083758949,1059728086471.3124,1352221.844155844,1.4136596652682356e+20,7.101804184482408e-05,19893045048575.13,1077320.0,470790,304506,905277.79474348,1.4335862193331e+20,56418.435546875
2021-10-13,56038.2578125,57688.66015625,54370.97265625,57401.09765625,41684252783,1058626095633.75,1224577.7916666667,1.3907406246523956e+20,6.411316263079117e-05,19893045048575.13,931386.0,436482,281269,732657.39655323,1.4387211670446e+20,56374.7470703125
2021-10-14,57372.83203125,58478.734375,56957.07421875,57321.5234375,36615791366,1080325452355.5,1195701.4716981133,1.4480550520214187e+20,5.630967606489113e-05,19893045048575.13,1009020.0,440802,288175,667830.95929825,1.5504917156443e+20,57532.541015625
2021-10-15,57345.90234375,62757.12890625,56868.14453125,61593.94921875,51780081801,1131286565040.0,1314933.4928571428,1.4655052389912248e+20,6.188424502737165e-05,19893045048575.13,981288.0,470919,293004,907625.53889092,1.4078004258065e+20,59641.28125
2021-10-16,61609.52734375,62274.4765625,60206.12109375,60892.1796875,34250964237,1148067629290.5625,1347212.6992481202,1.4507577121528078e+20,6.646105903898557e-05,19893045048575.13,984480.0,476025,294314,859865.3928583,1.3628365149165e+20,61245.576171875
2021-10-17,60887.65234375,61645.5234375,59164.46875,61553.6171875,29032367511,1145033577373.4375,952714.7564102564,1.4476339748886231e+20,5.15891524192748e-05,19893045048575.13,812529.0,370345,221678,392786.75971591,1.4384346842776e+20,60812.8154296875
2021-10-18,61548.8046875,62614.66015625,60012.7578125,62026.078125,38055562075,1167502457640.75,1076118.7635135136,1.450672185016672e+20,5.628233408444873e-05,19893045048575.13,878457.0,400881,251182,546067.67152028,1.5709753678653e+20,61550.5751953125
2021-10-19,62043.1640625,64434.53515625,61622.93359375,64261.9921875,40471196346,1178146712889.375,1409250.5785714283,1.4462329317557122e+20,5.093446052129772e-05,20082460130830.844,1046773.0,479922,304164,670766.14431983,1.3927880207166e+20,63090.65625
2021-10-20,64284.5859375,66930.390625,63610.67578125,65992.8359375,40788955582,1260395070223.2502,1114160.1962025317,1.4629660832270597e+20,5.164456482800592e-05,20082460130830.844,954112.0,453126,289196,629592.97220645,1.6356295003427e+20,65204.6220703125
2021-10-21,66002.234375,66600.546875,62117.41015625,62210.171875,45908121370,1187841996907.6875,1467294.5986842106,1.4734218668897291e+20,6.809307950707604e-05,20082460130830.844,1122607.0,519390,331329,925030.28192756,1.4531212223454e+20,64232.5908203125
2021-10-22,62237.890625,63715.0234375,60122.796875,60692.265625,38434082775,1145495200234.8125,1248971.331168831,1.4825189225770297e+20,5.834989101904184e-05,20082460130830.844,1025238.0,462337,293354,684577.97955939,1.518776317946e+20,61691.994140625
2021-10-23,60694.62890625,61743.87890625,59826.5234375,61393.6171875,26882546034,1158489236496.8125,1032978.8717948718,1.526909661997754e+20,5.526323573880933e-05,20082460130830.844,861654.0,403708,246701,552682.97854256,1.6176305123299e+20,60914.662109375
2021-10-24,61368.34375,61505.8046875,59643.34375,60930.8359375,27316183882,1129538668234.5,957617.8951048952,1.5024850625514157e+20,4.330498673666246e-05,20082460130830.844,752691.0,368602,215632,411777.43282576,1.3955923828864e+20,60862.08203125
2021-10-25,60893.92578125,63729.32421875,60691.80078125,63039.82421875,31064911614,1198596427479.0,1003345.411111111,1.5764103629378637e+20,4.674253808941828e-05,20082460130830.844,946469.0,412010,254467,484464.67423282,1.7271318028276e+20,62088.71875
2021-10-26,63032.76171875,63229.02734375,59991.16015625,60363.79296875,34878965587,1179203514099.75,1147832.6274509805,1.545953066295273e+20,4.628439945259531e-05,20082460130830.844,980234.0,467744,287904,878559.22424631,1.6590040729905e+20,61654.185546875
2021-10-27,60352.0,61435.18359375,58208.1875,58482.38671875,43657076893,1108804133253.75,1264945.5379310346,1.5566146016096302e+20,4.799598293141782e-05,20082460130830.844,993280.0,463663,292350,823207.90979152,1.4735203849539e+20,59619.439453125
2021-10-28,58470.73046875,62128.6328125,58206.91796875,60622.13671875,45257083247,1153741030900.0,1117471.2710843373,1.5755933376167005e+20,4.090665138384496e-05,20082460130830.844,996424.0,480752,297938,635453.55963475,1.635483856588e+20,59857.1044921875
2021-10-29,60624.87109375,62927.609375,60329.96484375,62227.96484375,36856881767,1177222367959.75,1093169.2716049382,1.5713987492113813e+20,5.198678287087522e-05,20082460130830.844,989635.0,486050,292531,800515.15805341,1.6280836570086e+20,61527.6025390625
2021-10-30,62239.36328125,62330.14453125,60918.38671875,61888.83203125,32157938616,1157568690478.125,1031355.363095238,1.6185545190843607e+20,4.271130376783092e-05,20082460130830.844,969091.0,478006,290857,505684.78682033,1.6269098557827e+20,61844.181640625
2021-10-31,61850.48828125,62406.171875,60074.328125,61318.95703125,32241199927,1142475229154.4375,1184546.1489361702,1.584254986905501e+20,4.225751925563986e-05,20082460130830.844,911253.0,383696,226557,425018.83433304,1.4929236565431e+20,61412.486328125
2021-11-01,61320.44921875,62419.00390625,59695.18359375,61004.40625,36150572843,1161185559520.875,1173074.626760563,1.547353747399113e+20,4.886429661936792e-05,21659344833264.848,1034585.0,407221,252438,539555.4796879101,1.5298502107131e+20,61109.7607421875
2021-11-02,60963.25390625,64242.79296875,60673.0546875,63226.40234375,37746665647,1210611268861.125,1276178.554054054,1.5642703427452695e+20,5.397230808038635e-05,21659344833264.848,1004085.0,471572,287412,687175.59942388,1.6210938474657e+20,62276.3759765625
2021-11-03,63254.3359375,63516.9375,61184.23828125,62970.046875,36124731509,1173845790471.375,1238711.2363636363,1.5887977199839147e+20,5.810143048863306e-05,21659344833264.848,1095856.0,490460,309230,717310.47079202,1.7609947194426e+20,62731.3896484375
2021-11-04,62941.8046875,63123.2890625,60799.6640625,61452.23046875,32615846901,1151047317129.0,1220454.0753424657,1.596118907934961e+20,5.580390618098295e-05,21659344833264.848,959458.0,442602,271672,787496.46651764,1.5999280137582e+20,62079.2470703125
2021-11-05,61460.078125,62541.46875,60844.609375,61125.67578125,30605102446,1151724230225.0,1297178.152317881,1.5907829384689494e+20,5.987744843308721e-05,21659344833264.848,1029745.0,476112,293890,570381.1003653,1.6103054401846e+20,61492.9580078125
2021-11-06,61068.875,61590.68359375,60163.78125,61527.48046875,29094934221,1145346427365.0,1056860.264516129,1.602998491510798e+20,5.35175148318804e-05,21659344833264.848,907502.0,445170,267161,567601.4407355799,1.7131400014067e+20,61087.705078125
2021-11-07,61554.921875,63326.98828125,61432.48828125,63326.98828125,24726754302,1172256936062.5,844664.7261146497,1.6567283381755835e+20,4.128020616514818e-05,21659344833264.848,769087.0,374548,222152,311089.2325351,1.6152536226041e+20,62410.3466796875
2021-11-08,63344.06640625,67673.7421875,63344.06640625,67566.828125,41125608330,1252917280187.5,1242539.4466666668,1.653503164778278e+20,4.613934972235622e-05,21659344833264.848,1013495.0,436816,275713,633248.3138811099,1.6703496590478e+20,65482.17578125
2021-11-09,67549.734375,68530.3359375,66382.0625,66971.828125,42357991721,1262843561906.25,1478944.2,1.6252995137843757e+20,7.176667861424602e-05,21659344833264.848,1108125.0,504806,322799,1091383.5826015,1.4611972658667e+20,67358.490234375
2021-11-10,66953.3359375,68789.625,63208.11328125,64995.23046875,48730828378,1291021982940.0,1371744.8169014084,1.5898486642909135e+20,6.19219467139211e-05,21659344833264.848,998986.0,459320,288368,612935.76136795,1.6309880171295e+20,65986.576171875
2021-11-11,64978.890625,65579.015625,64180.48828125,64949.9609375,35880633236,1227100713375.0,1246699.0,1.634791745093557e+20,5.794590203456279e-05,21659344833264.848,1050520.0,486758,310681,609643.22013108,1.7075097133069e+20,64922.0888671875
2021-11-12,64863.98046875,65460.81640625,62333.9140625,64155.94140625,36084893887,1200229178731.25,1268616.3309859154,1.6145341061391555e+20,5.305620870732914e-05,21659344833264.848,1014905.0,455154,282980,663642.65245205,1.5827036347697e+20,64203.6630859375
2021-11-13,64158.12109375,64915.67578125,63303.734375,64469.52734375,30474228777,1223991032550.0,1093304.1156462585,1.604429041326309e+20,4.7776845160210566e-05,21659344833264.848,874721.0,432987,262904,551566.80945977,1.5762666826395e+20,64211.7646484375
2021-11-14,64455.37109375,65495.1796875,63647.80859375,65466.83984375,25122092191,1209852125606.25,907379.6092715232,1.609399915717282e+20,4.051080961804601e-05,22674148233453.105,788241.0,371994,221833,377217.07439872,1.7530274373966e+20,64766.2998046875
2021-11-15,65521.2890625,66281.5703125,63548.14453125,63557.87109375,30558763548,1219871639100.0,1171884.0490797546,1.6612790435285733e+20,4.292766859222026e-05,22674148233453.105,989976.0,433996,266590,635692.61627961,1.7510989797729e+20,64727.21875
2021-11-16,63721.1953125,63721.1953125,59016.3359375,60161.24609375,46844335592,1146446368470.0,1291163.2876712328,1.666280443343143e+20,4.239594163912156e-05,22674148233453.105,1008361.0,480448,297391,1445392.9892029,1.6950320657184e+20,61654.9931640625
2021-11-17,60139.62109375,60823.609375,58515.41015625,60368.01171875,39178392930,1126004015820.0,1389704.26,1.6754003196611143e+20,4.869895358836307e-05,22674148233453.105,998285.0,454623,289561,1101089.92175951,1.701970758951e+20,59961.6630859375
2021-11-18,60360.13671875,60948.5,56550.79296875,56942.13671875,41388338699,1104768012031.25,1225816.6083916083,1.6530968963946775e+20,3.935940462539852e-05,22674148233453.105,951588.0,468030,293899,1265143.8869759,1.6427263777907e+20,58700.3916015625
2021-11-19,56896.12890625,58351.11328125,55705.1796875,58119.578125,38702407772,1096902990400.0,1254211.4195804195,1.6724983588047494e+20,4.3151888534662446e-05,22674148233453.105,956139.0,458217,284501,923923.11764639,1.6370496433594e+20,57268.0
2021-11-20,58115.08203125,59859.87890625,57469.7265625,59697.1953125,30624264863,1093261535687.5,1156177.1914893617,1.6637858872139878e+20,5.438066071824721e-05,22674148233453.105,889625.0,429855,265953,787899.39073947,1.5742811665588e+20,58785.470703125
2021-11-21,59730.5078125,60004.42578125,58618.9296875,58730.4765625,26123447605,1119056372948.75,992451.6846153848,1.633461196774765e+20,4.113822334005821e-05,22674148233453.105,755931.0,377360,224044,335862.62470976,1.5381493894114e+20,59271.0849609375
2021-11-22,58706.84765625,59266.359375,55679.83984375,56289.2890625,35036121783,1100346433750.0,1241021.5972222222,1.6162249423250693e+20,4.304740169708367e-05,22674148233453.105,959895.0,414937,259504,524873.95439972,1.5750052044477e+20,57485.583984375
2021-11-23,56304.5546875,57875.515625,55632.76171875,57569.07421875,37485803899,1074448148680.0,1170876.5594405597,1.6031201803571986e+20,4.144105846223537e-05,22674148233453.105,943112.0,477185,300228,987386.19786014,1.558209901224e+20,56845.4765625
2021-11-24,57565.8515625,57803.06640625,55964.22265625,56280.42578125,36635566789,1077794192250.0,1224122.5704697988,1.60460335470795e+20,4.539811441324056e-05,22674148233453.105,982353.0,457578,288568,1265207.21370105,1.6652598117929e+20,56903.3916015625
2021-11-25,57165.41796875,59367.96875,57146.68359375,57274.6796875,34284016248,1118633437102.5,1261108.7777777778,1.5899557799120952e+20,5.077084502578483e-05,22674148233453.105,980629.0,476894,290287,1636246.65470755,1.6232554205425e+20,57738.6875
2021-11-26,58960.28515625,59183.48046875,53569.765625,53569.765625,41810748221,1028428929893.75,1412017.3305785125,1.545652234618704e+20,5.347389152020688e-05,22674148233453.105,969323.0,467001,284606,2209200.34320008,1.3824984058213e+20,56320.82421875
2021-11-27,53736.4296875,55329.2578125,53668.35546875,54815.078125,30560857714,1039300579800.0,996609.8724832216,1.563315987641531e+20,3.9926343157156286e-05,22674148233453.105,864339.0,435578,267988,898686.27053564,1.628518175264e+20,54387.2802734375
2021-11-28,54813.0234375,57393.84375,53576.734375,57248.45703125,28116886357,1029993557550.0,1040258.7166666668,1.538185802646328e+20,3.593238552314271e-05,22335659268936.39,750605.0,351167,210239,460278.53671305,1.4915489089804e+20,55758.0146484375
2021-11-29,57291.90625,58872.87890625,56792.52734375,57806.56640625,32370840356,1078309564800.0,1052257.4144736845,1.5631694043911773e+20,3.441869797355152e-05,22335659268936.39,1036725.0,421493,262775,627065.98044452,1.6081748481813e+20,57690.9697265625
2021-11-30,57830.11328125,59113.40234375,56057.28125,57005.42578125,36708594618,1082982933646.25,1206733.92,1.5684118480238356e+20,3.815455186294643e-05,22335659268936.39,1009251.0,504917,318474,1139421.61309273,1.6254684019149e+20,57501.5556640625
2021-12-01,56907.96484375,59041.68359375,56553.08203125,57229.828125,36858195307,1108320754515.0,1415654.4538461538,1.5429712371383982e+20,6.396359952683083e-05,22335659268936.39,994846.0,448087,278970,1251123.36495047,1.4549618906217e+20,57433.1396484375
2021-12-02,57217.37109375,57349.234375,55895.1328125,56477.81640625,32379968686,1066022425800.0,1474339.9583333333,1.53571638634407e+20,6.86393793556257e-05,22335659268936.39,1098887.0,481491,300043,1117201.9647292,1.663743736711e+20,56734.888671875
2021-12-03,56509.1640625,57482.16796875,52496.5859375,53598.24609375,39789134215,1057758005597.5,1213793.5180722892,1.6069195487847344e+20,4.828884137756526e-05,22335659268936.39,1079759.0,491798,308254,903926.96456613,1.7941963273089e+20,55021.541015625
2021-12-04,53727.87890625,53904.6796875,42874.6171875,49200.703125,61385677469,912065023750.0,1018895.9298245612,1.649230531133971e+20,5.990896633237822e-05,22335659268936.39,966510.0,457659,279200,1550721.24826062,1.8213733377488e+20,49926.9697265625
2021-12-05,49201.51953125,49768.1484375,47857.49609375,49368.84765625,37198201161,907836206776.875,1380086.5714285714,1.6770902356781282e+20,0.0001051095436507,22335659268936.39,975215.0,377437,216216,996709.8377288,1.7614109350407e+20,49049.0029296875
2021-12-06,49413.48046875,50929.51953125,47281.03515625,50582.625,37707308001,920585799675.0,1074899.8742138364,1.7025160837145523e+20,5.066265863191664e-05,22335659268936.39,962334.0,403725,251242,1360096.12794544,1.8067072262008e+20,49551.6650390625
2021-12-07,50581.828125,51934.78125,50175.80859375,50700.0859375,33676814852,979755175968.75,1113592.1595092025,1.768950372834512e+20,4.121487662482209e-05,22335659268936.39,1010360.0,473017,296494,1254533.32878471,1.8051924972221e+20,50848.1259765625
2021-12-08,50667.6484375,51171.375,48765.98828125,50504.796875,28479699446,958104436025.0,938095.6927374302,1.82693493921296e+20,3.478266687881397e-05,22335659268936.39,904045.0,412842,267110,670396.7999567,1.9141559286984e+20,50277.4521484375
2021-12-09,50450.08203125,50797.1640625,47358.3515625,47672.12109375,29603577251,914952793500.0,1355099.8513513512,1.804879510125369e+20,4.6114813256962335e-05,22335659268936.39,1012424.0,440392,276021,799716.20294739,1.7656453596395e+20,49069.4296875
2021-12-10,47642.14453125,50015.25390625,47023.69921875,47243.3046875,30966005122,906592270468.75,1108387.2173913044,1.7884593152804556e+20,3.950632682542778e-05,22335659268936.39,1004819.0,450330,276894,635694.4644812699,1.7855005823538e+20,47981.1005859375
2021-12-11,47264.6328125,49458.2109375,46942.34765625,49362.5078125,25775869261,922053052379.375,996396.1644736842,1.7827901817421057e+20,4.080019579780389e-05,24195286980613.617,857919.0,407951,249441,607935.11898424,1.8090976367134e+20,48256.9248046875
2021-12-12,49354.85546875,50724.8671875,48725.8515625,50098.3359375,21939223599,938041427629.375,813741.5810810811,1.794247842307831e+20,3.232402427585434e-05,24195286980613.617,730818.0,356945,214287,253306.48535775,1.7660029803957e+20,49725.9775390625
2021-12-13,50114.7421875,50205.0,45894.84765625,46737.48046875,32166727776,890689500046.25,1006819.3,1.7667672570082076e+20,3.776617256807995e-05,24195286980613.617,836319.0,399263,246071,481231.34223651,1.7271032783502e+20,48238.017578125
2021-12-14,46709.82421875,48431.3984375,46424.49609375,46612.6328125,34638619079,889397515300.0,1237804.9305555555,1.757717620271705e+20,4.622394502467988e-05,24195286980613.617,993148.0,445556,279580,592959.4527878,1.7356817175832e+20,47044.587890625
2021-12-15,48379.75390625,49473.95703125,46671.96484375,48896.72265625,36541828520,884489209822.5,1411140.352112676,1.7272169514803642e+20,4.315073699319535e-05,24195286980613.617,1023999.0,442618,282160,685826.21805689,1.6917082129154e+20,48355.599609375
2021-12-16,48900.46484375,49425.57421875,47529.87890625,47665.42578125,27268150947,919364236293.75,1220124.3777777778,1.7148140326724967e+20,3.7532345478111626e-05,24195286980613.617,951792.0,454244,280834,683668.27083207,1.6602274334316e+20,48380.3359375
2021-12-17,47653.73046875,48004.89453125,45618.21484375,46202.14453125,32902725329,882865853100.0,1239468.5,1.7055067364271443e+20,4.704873268059082e-05,24195286980613.617,922300.0,407958,262278,895456.9064211,1.5719548636558e+20,46869.74609375
2021-12-18,46219.25390625,47313.828125,45598.44140625,46848.77734375,26098292690,887023458925.0,1314343.28,1.6763980943076105e+20,4.391476026047397e-05,24195286980613.617,861386.0,380057,243556,880758.56769832,1.6204822958987e+20,46495.0751953125
2021-12-19,46853.8671875,48089.6640625,46502.953125,46707.015625,25154053861,893551914750.0,796223.62,1.686055331131588e+20,3.29515308253455e-05,24195286980613.617,719632.0,349078,207816,290571.51795616,1.7207328434424e+20,47038.375
2021-12-20,46707.0625,47401.71875,45579.80859375,46880.27734375,30961902129,870450858243.75,1086702.674074074,1.6617843427398828e+20,3.89613157466139e-05,24195286980613.617,846040.0,376227,227179,497458.06998025,1.7087257601315e+20,46642.216796875
2021-12-21,46886.078125,49300.91796875,46698.7734375,48936.61328125,27055803928,915452133277.5,1228895.0653594772,1.6815164562685438e+20,4.053417292660232e-05,24195286980613.617,1041640.0,473080,308443,750685.14200516,1.8465526325065e+20,47955.595703125
2021-12-22,48937.09765625,49544.796875,48450.94140625,48628.51171875,24447979559,930704484631.25,1165032.2142857143,1.706174235143416e+20,3.7175163018927786e-05,24195286980613.617,981294.0,458486,289997,623970.04583247,1.8268486101617e+20,48890.3369140625
2021-12-23,48626.34375,51332.33984375,48065.8359375,50784.5390625,28223878108,926516884856.25,1069118.9038461538,1.740346079170972e+20,3.687351201420919e-05,24195286980613.617,947380.0,459777,287701,510701.51954488,1.8438278389909e+20,49702.2646484375
2021-12-24,50806.05078125,51814.02734375,50514.49609375,50822.1953125,24367912228,964190198793.75,1280973.15,1.7485966844803924e+20,4.33453764449822e-05,24195286980613.617,1055435.0,453308,283481,633829.01239661,1.8096690447757e+20,50989.1923828125
2021-12-25,50854.91796875,51176.59765625,50236.70703125,50429.859375,19030650914,960969307200.0,1251187.5220125786,1.802175837540225e+20,4.422838014556116e-05,24272331996979.97,949645.0,386924,231243,714958.75342967,1.8358154263982e+20,50674.5205078125
2021-12-26,50428.69140625,51196.37890625,49623.10546875,50809.515625,20964372926,947121934520.0,966541.4538461538,1.7812040086327915e+20,3.802344266732963e-05,24272331996979.97,716216.0,326491,181005,226605.67286109,1.7007938269097e+20,50514.4228515625
2021-12-27,50802.609375,51956.328125,50499.46875,50640.41796875,24324345758,973862649825.0,1121315.855263158,1.7850378859187608e+20,4.046747495659418e-05,24272331996979.97,931856.0,413392,242479,548446.72915256,1.6868695840772e+20,50974.7060546875
2021-12-28,50679.859375,50679.859375,47414.2109375,47588.85546875,33430376883,926566547437.5,1436954.3357664233,1.761780503741962e+20,6.628856313332141e-05,24272331996979.97,999099.0,451226,262801,852013.77117812,1.7250295535368e+20,49090.6962890625
2021-12-29,47623.87109375,48119.7421875,46201.49609375,46444.7109375,30049226299,911610408481.25,1404827.1214285714,1.7415380631352214e+20,6.239715575739183e-05,24272331996979.97,1098727.0,459303,266883,845735.6596969,1.7006587978375e+20,47097.455078125
2021-12-30,46490.60546875,47879.96484375,46060.3125,47178.125,26686491018,892924535612.5,1465528.6541353385,1.7104312656580837e+20,6.504156864468977e-05,24272331996979.97,1035536.0,447084,261608,868931.79709785,1.6525785708406e+20,46902.251953125
2021-12-31,47169.37109375,48472.52734375,45819.953125,46306.4453125,36974172400,907644720867.5,1447945.4402985077,1.6957635678971485e+20,7.341996327696916e-05,24272331996979.97,1033559.0,457856,276121,862018.2691445301,1.5516647820997e+20,46942.07421875
2022-01-01,46311.74609375,47827.3125,46288.484375,47686.8125,24582667004,893163256877.5,822356.7771428571,1.730469099947139e+20,5.744516733950374e-05,24272331996979.97,801778.0,345219,203120,357986.86193332,2.0150196118485e+20,47028.5888671875
2022-01-02,47680.92578125,47881.40625,46856.9375,47345.21875,27951569547,895843447895.0,695837.0303030303,1.7891986331871337e+20,4.622612594950909e-05,24272331996979.97,684920.0,318193,187202,375530.49494507,2.0358458810323e+20,47441.1220703125
2022-01-03,47343.54296875,47510.7265625,45835.96484375,46458.1171875,33071628362,882759224018.125,1121253.4184397163,1.789137708431131e+20,4.602813895658677e-05,24272331996979.97,856147.0,373215,221983,447511.49633951,1.7837221870068e+20,46787.087890625
2022-01-04,46458.8515625,47406.546875,45752.46484375,45897.57421875,42494677905,890501462456.25,1194319.4733333334,1.7913366704406207e+20,5.035044232073814e-05,24272331996979.97,961288.0,431752,269759,699507.48843858,1.7235699052426e+20,46378.859375
2022-01-05,45899.359375,46929.046875,42798.22265625,43569.00390625,36851084859,881366085362.5,1214359.2,1.7935655339315603e+20,5.408330184318372e-05,24272331996979.97,925111.0,421101,257435,634107.44224937,1.7824543064753e+20,44798.908203125
2022-01-06,43565.51171875,43748.71875,42645.5390625,43160.9296875,30208048289,814763826875.0,1308408.4117647058,1.8157613858396324e+20,6.0952420533981846e-05,24272331996979.97,953981.0,439764,268511,963501.4639981,1.708862838467e+20,43280.1748046875
2022-01-07,43153.5703125,43153.5703125,41077.4453125,41557.90234375,84196607520,778075305475.0,1149403.375838926,1.819326257457829e+20,5.341537466918715e-05,24272331996979.97,916764.0,430523,264500,665659.54422616,1.7834933187263e+20,42235.6220703125
2022-01-08,41561.46484375,42228.94140625,40672.27734375,41733.94140625,28066355845,789560723925.0,1111041.062937063,1.7771488699071617e+20,4.906998776606591e-05,24371874614345.62,859605.0,374891,225602,466318.93313252,1.7326977725527e+20,41549.15625
2022-01-09,41734.7265625,42663.94921875,41338.16015625,41911.6015625,21294384372,789143049375.0,998826.6785714284,1.722346396091614e+20,4.134509366567928e-05,24371874614345.62,768250.0,363940,219771,393075.76562699,1.7048093591317e+20,41912.109375
2022-01-10,41910.23046875,42199.484375,39796.5703125,41821.26171875,32104232331,773983393187.5,1124777.041958042,1.7300969478916384e+20,3.91177701727898e-05,24371874614345.62,869228.0,393505,238440,459307.87993388,1.7745495368085e+20,41431.88671875
2022-01-11,41819.5078125,43001.15625,41407.75390625,42735.85546875,26327648900,788459503375.0,1264489.762589928,1.7144514514504332e+20,4.487432160567561e-05,24371874614345.62,970709.0,447787,276270,650601.4562245,1.7478109541288e+20,42241.068359375
2022-01-12,42742.1796875,44135.3671875,42528.98828125,43949.1015625,33499938689,823608948937.5,1168179.816993464,1.728863581824699e+20,4.258537906932924e-05,24371874614345.62,964251.0,442142,281281,790410.44439319,1.7845727149277e+20,43338.9091796875
2022-01-13,43946.7421875,44278.421875,42447.04296875,42591.5703125,47691135082,813528663500.0,1009148.3941176472,1.790122468158856e+20,3.948831260352469e-05,24371874614345.62,919856.0,427005,268052,636158.1090821,2.0070837546459e+20,43315.9443359375
2022-01-14,42598.87109375,43346.6875,41982.6171875,43099.69921875,23577403399,815750372531.25,1091424.7904191618,1.830657002946375e+20,3.597033208842233e-05,24371874614345.62,952295.0,438229,277396,696600.64213653,2.0225103081251e+20,42756.96875
2022-01-15,43101.8984375,43724.671875,42669.03515625,43177.3984375,18371348298,823369320843.75,918335.6494252874,1.903184900908813e+20,3.2526923710099966e-05,24371874614345.62,868657.0,407168,252694,420145.58999936,2.0721811355942e+20,43168.2509765625
2022-01-16,43172.0390625,43436.80859375,42691.0234375,43113.87890625,17902097845,818490161781.25,848193.0,1.922972529819686e+20,3.212033682331726e-05,24371874614345.62,758747.0,365199,217384,457743.92826005,2.0199991042782e+20,43103.4375
2022-01-17,43118.12109375,43179.390625,41680.3203125,42250.55078125,21690904261,805928280531.25,986107.5632183908,2.0017838063948307e+20,3.18418011787883e-05,24371874614345.62,903470.0,390256,246694,470275.25040087,2.0577537033274e+20,42557.095703125
2022-01-18,42250.07421875,42534.40234375,41392.21484375,42375.6328125,22417209227,789569415093.75,1154218.5785714283,1.972003986112692e+20,3.380260775968442e-05,24371874614345.62,883234.0,408289,263387,551167.05497624,1.799562419562e+20,42138.0810546875
2022-01-19,42374.0390625,42478.3046875,41242.9140625,41744.328125,23091543258,795500953625.0,1051829.5212121212,1.975393114725217e+20,3.556793264073699e-05,24371874614345.62,919853.0,410639,269421,599436.22000392,1.8833890902144e+20,41959.896484375
2022-01-20,41744.02734375,43413.0234375,40672.82421875,40680.41796875,20382033940,820133829125.0,967645.9777777778,2.013699277153981e+20,3.359926535639452e-05,24371874614345.62,920425.0,413618,266306,463434.4852225,2.1726970014596e+20,41627.5732421875
2022-01-21,40699.60546875,41060.52734375,35791.42578125,36457.31640625,43011992031,741557591125.0,1380877.3846153845,1.9342371852305885e+20,4.213284683236847e-05,26643185256535.465,970319.0,446643,273785,1217369.03638016,1.8654335613066e+20,38502.21875
2022-01-22,36471.58984375,36688.8125,34349.25,35030.25,39714385405,661733436000.0,1406075.7925925923,1.905102020046217e+20,4.713316882083e-05,26643185256535.465,986811.0,419297,261277,1815860.92143321,1.7656323634836e+20,35634.9755859375
2022-01-23,35047.359375,36433.3125,34784.96875,36276.8046875,26017975951,668565253623.75,1085136.0909090908,1.881472374093237e+20,3.980412110653241e-05,26643185256535.465,834060.0,373086,221557,703607.6630626901,1.8686927264056e+20,35635.611328125
2022-01-24,36275.734375,37247.51953125,33184.05859375,36654.328125,41856658597,652819574250.0,1067804.2739726028,1.8660873464164657e+20,3.894861567428225e-05,26643185256535.465,832170.0,378853,237408,971221.21318763,1.933479750995e+20,35840.41015625
2022-01-25,36654.8046875,37444.5703125,35779.4296875,36954.00390625,26428189594,695408046975.0,1176631.7847222222,1.9137153350836545e+20,4.486813312351526e-05,26643185256535.465,909866.0,411322,264356,1169964.04851068,1.9922294402271e+20,36708.2021484375
2022-01-26,36950.515625,38825.41015625,36374.90625,36852.12109375,31324598034,719854543300.0,1123124.7214285715,1.8886124396883427e+20,4.006280956575592e-05,26643185256535.465,854696.0,412141,259969,985214.87253569,1.8486275230046e+20,37250.73828125
2022-01-27,36841.87890625,37148.32421875,35629.28125,37138.234375,25041426629,694352695637.5,1329880.923664122,1.833104361008229e+20,4.694219558674176e-05,26643185256535.465,922950.0,424464,270775,1181482.03732352,1.7472382687767e+20,36689.4296875
2022-01-28,37128.4453125,37952.87890625,36211.109375,37784.33203125,22238830523,705411717500.0,1126996.7483443709,1.878672851819377e+20,4.808189284943098e-05,26643185256535.465,880496.0,398169,250078,1027668.51108815,1.9446594451336e+20,37269.19140625
2022-01-29,37780.71484375,38576.26171875,37406.47265625,38138.1796875,17194183075,711145967306.25,1231938.9856115107,1.876084794631157e+20,5.005649501580551e-05,26643185256535.465,877469.0,397786,247382,1054083.41356157,1.9295625855714e+20,37975.4072265625
2022-01-30,38151.91796875,38266.33984375,37437.7109375,37917.6015625,14643548444,720714095900.0,958772.5748502994,1.9362080869387816e+20,4.512756386444875e-05,26643185256535.465,773622.0,351491,221289,596471.16044941,2.067658174056e+20,37943.392578125
2022-01-31,37920.28125,38647.26171875,36733.57421875,38483.125,20734730465,716709004331.25,1373781.409448819,1.891702373977768e+20,5.607318886115554e-05,26643185256535.465,847829.0,378044,227564,789335.32013907,1.8322355426196e+20,37946.060546875
2022-02-01,38481.765625,39115.1328125,38113.6640625,38743.2734375,20288500328,731797552626.25,1358017.60625,1.923118205807312e+20,4.906095073279084e-05,26643185256535.465,1074885.0,435902,282277,870817.8840815501,2.0090412329224e+20,38613.458984375
2022-02-02,38743.71484375,38834.6171875,36832.73046875,36952.984375,19155189416,708438087521.875,1313745.5915492957,1.9306050009815165e+20,5.256233356403906e-05,26643185256535.465,952902.0,424458,274520,889539.68693533,2.0094054063834e+20,37841.01171875
2022-02-03,36944.8046875,37154.6015625,36375.5390625,37154.6015625,18591534769,700994889825.0,1149419.0526315789,1.9610009672694487e+20,4.0317443488757e-05,26643185256535.465,912856.0,419247,270079,783298.2562781799,2.0093029227435e+20,36907.38671875
2022-02-04,37149.265625,41527.78515625,37093.62890625,41500.875,29412210792,749802779437.5,1138731.0684931506,1.9579648444369148e+20,4.0247160570486834e-05,26690525287405.504,875918.0,405916,256062,680525.24754206,1.9123555996735e+20,39317.888671875
2022-02-05,41501.48046875,41847.1640625,41038.09765625,41441.1640625,19652846215,792809703975.0,1437072.268907563,1.9145764478440944e+20,6.436360149116847e-05,26690525287405.504,942976.0,429411,269319,2343403.51860853,1.5969547738553e+20,41456.9765625
2022-02-06,41441.12109375,42500.78515625,41244.90625,42412.43359375,16142097334,788015262881.25,1195754.6827586207,1.886795770969452e+20,4.989293046298447e-05,26690525287405.504,912047.0,362367,223852,566211.80403134,1.8788474007303e+20,41899.8115234375
2022-02-07,42406.78125,44401.86328125,41748.15625,43840.28515625,28641855926,831506690350.0,1073106.309352518,1.9032124532568886e+20,4.8598314989573695e-05,26690525287405.504,824531.0,369933,234503,971198.78420246,1.9253612257529e+20,43099.271484375
2022-02-08,43854.65234375,45293.8671875,42807.8359375,44118.4453125,33079398868,825578962250.0,1288362.4805194803,1.8874086748257826e+20,5.372434724526147e-05,26690525287405.504,1020231.0,452785,294184,1213035.36768192,1.9511998746296e+20,44018.7001953125
2022-02-09,44096.703125,44727.80078125,43232.96875,44338.796875,23245887300,831836097365.0,1395754.359375,1.8579707174002128e+20,5.4179733519685006e-05,26690525287405.504,912724.0,409305,258293,931332.82745836,1.8172917282103e+20,44099.0673828125
2022-02-10,44347.80078125,45661.171875,43402.80859375,43565.11328125,32142048537,856378780837.5,1387524.0939597315,1.8580426039635653e+20,7.476092150337473e-05,26690525287405.504,958672.0,396823,245501,1113237.67118433,1.9875058253869e+20,44244.2236328125
2022-02-11,43571.12890625,43810.83203125,42114.5390625,42407.9375,26954925781,817127861825.0,1480088.9337748345,1.851488046218203e+20,6.472680270077353e-05,26690525287405.504,1037061.0,433299,274588,761530.71867281,1.9183897631417e+20,42976.109375
2022-02-12,42412.30078125,42992.55078125,41852.57421875,42244.46875,18152390304,799354509775.0,1414787.8392857143,1.9685582021533008e+20,5.867852708136476e-05,26690525287405.504,1050277.0,395198,244467,661789.45675007,2.1567419769059e+20,42375.4736328125
2022-02-13,42236.56640625,42693.0546875,41950.94140625,42197.515625,14741589015,808934970900.0,999359.461988304,2.00993849317701e+20,4.596049344892459e-05,26690525287405.504,878559.0,358853,208897,206067.41286816,2.2944709104197e+20,42269.51953125
2022-02-14,42157.3984375,42775.77734375,41681.95703125,42586.91796875,20827783012,807979353106.25,943761.1901840492,2.064673279461293e+20,4.2333280800075645e-05,26690525287405.504,858250.0,397063,232678,495480.71134453,2.2127743488924e+20,42300.5126953125
2022-02-15,42586.46484375,44667.21875,42491.03515625,44575.203125,22721659051,838173712996.875,1106467.0409356726,2.121046701865251e+20,4.68512916668238e-05,26690525287405.504,984154.0,420476,265169,808021.81678817,2.1448029184872e+20,43579.98046875
2022-02-16,44578.27734375,44578.27734375,43456.69140625,43961.859375,19792547657,828462388781.25,1100103.2341772153,2.15266920207488e+20,4.176753034335517e-05,26690525287405.504,941095.0,439316,273536,833614.28528618,2.2425481504372e+20,44143.7763671875
2022-02-17,43937.0703125,44132.97265625,40249.37109375,40538.01171875,26246662813,795129350629.375,1076533.87654321,2.186637488022929e+20,3.7442583574724967e-05,27967152532434.23,933134.0,435926,263058,830746.079012,2.1446436177796e+20,42214.3564453125
2022-02-18,40552.1328125,40929.15234375,39637.6171875,40030.9765625,23310007704,753277391878.75,1294883.5238095238,2.139615987579139e+20,3.704131660959107e-05,27967152532434.23,874373.0,407659,253173,1102292.81417415,1.8813283571573e+20,40287.4697265625
2022-02-19,40026.0234375,40418.87890625,39713.05859375,40122.15625,13736557863,759005282962.5,1171157.901408451,2.067440287022161e+20,3.3671456340713e-05,27967152532434.23,897860.0,386655,239216,812096.95326431,1.99245298545e+20,40070.029296875
2022-02-20,40118.1015625,40119.890625,38112.8125,38431.37890625,18340576452,728813398800.0,933735.5586206896,2.0637153155910576e+20,2.972661112429704e-05,27967152532434.23,743706.0,345345,206449,562633.9638527,2.0511808704923e+20,39195.5458984375
2022-02-21,38423.2109375,39394.4375,36950.4765625,37075.28125,29280402798,737094921931.25,1071810.2330827068,2.020366162234655e+20,3.3319213666653134e-05,27967152532434.23,791175.0,365035,221649,656459.68610664,1.8475033897358e+20,37960.8515625
2022-02-22,37068.76953125,38359.85546875,36488.93359375,38286.02734375,25493150450,717955838600.0,1216248.6527777778,1.9811174112923383e+20,4.001571529276476e-05,27967152532434.23,918898.0,406567,253924,1048732.03565182,1.9677188960564e+20,37550.896484375
2022-02-23,38285.28125,39122.39453125,37201.81640625,37296.5703125,21849073843,731989482812.5,1011678.4705882352,1.9872009738514783e+20,3.17675179917244e-05,27967152532434.23,841458.0,398988,253033,643545.84808608,2.1366291747329e+20,37976.515625
2022-02-24,37278.56640625,38968.83984375,34459.21875,38332.609375,46383802093,682139078100.0,1228486.820143885,1.969664584650534e+20,3.7047839010536976e-05,27967152532434.23,917957.0,412227,252824,928352.27136736,1.9423607726976e+20,37259.80859375
2022-02-25,38333.74609375,39630.32421875,38111.34375,39214.21875,26545599159,748985530668.75,1309601.2748091605,1.966759531270188e+20,4.636759756334904e-05,27967152532434.23,911884.0,425918,256910,1026192.29789715,1.836981792349e+20,38822.408203125
2022-02-26,39213.08203125,40005.34765625,38702.53515625,39105.1484375,17467554129,745801224225.0,1192223.939849624,1.9363292358411308e+20,3.337603731022037e-05,27967152532434.23,845691.0,398458,241596,640586.25008255,1.8248810705498e+20,39256.5283203125
2022-02-27,39098.69921875,39778.94140625,37268.9765625,37709.78515625,23450127612,746209613762.5,1135366.3813559322,1.8860201635117213e+20,3.220672906312642e-05,27967152532434.23,749424.0,353853,205033,426082.57482358,1.7322272066996e+20,38464.1005859375
2022-02-28,37706.0,43760.45703125,37518.21484375,43193.234375,35690014104,775163523780.0,1035384.4367088608,1.9282193244159132e+20,3.250715363727312e-05,27967152532434.23,855214.0,404936,244895,547887.71441681,2.0994546968796e+20,40544.4765625
2022-03-01,43194.50390625,44793.6015625,42952.5859375,44354.63671875,32479047645,829023161700.0,1217097.30625,1.970751381930753e+20,4.007478999992963e-05,27967152532434.23,1012630.0,456222,284238,1507056.51074788,2.2358221984669e+20,43823.83203125
2022-03-02,44357.6171875,45077.578125,43432.8515625,43924.1171875,29183112630,838568842425.0,1549331.4662162163,1.9592044963561328e+20,0.0001094328324187,27967152532434.23,1117600.0,462518,293929,1236732.98020911,2.0833790678969e+20,44198.041015625
2022-03-03,43925.1953125,44021.578125,41914.75,42451.7890625,24967782593,807283414300.0,1293692.7152777778,1.973603907398772e+20,7.651639876614727e-05,27967152532434.23,972034.0,447074,271021,785642.8001793,1.9849131729058e+20,43078.328125
2022-03-04,42458.140625,42479.61328125,38805.84765625,39137.60546875,28516271427,773792967350.0,1278088.9214285717,1.982405385915546e+20,6.91688640862964e-05,27550332084343.84,924666.0,421091,256604,723025.03952318,1.9794262707598e+20,40720.3017578125
2022-03-05,39148.44921875,39566.3359375,38777.03515625,39400.5859375,16975917450,744413128875.0,1270407.1370967743,1.97035901597e+20,5.5041347567747895e-05,27550332084343.84,831172.0,393258,236797,1046577.9055277,1.8228830106842e+20,39223.1015625
2022-03-06,39404.19921875,39640.17578125,38211.6484375,38419.984375,19745229902,738543244250.0,1131431.4728682172,1.9806578958195183e+20,4.766995729877217e-05,27550332084343.84,789718.0,362110,219900,325789.01734505,1.6786570020688e+20,38919.001953125
2022-03-07,38429.3046875,39430.2265625,37260.203125,38062.0390625,28546143503,741235761000.0,1094156.1836734691,1.967046235498479e+20,4.409166123237051e-05,27550332084343.84,845559.0,376108,234621,425247.49558912,1.938877631437e+20,38295.443359375
2022-03-08,38059.90234375,39304.44140625,37957.38671875,38737.26953125,25776583476,732805149137.5,1373434.1240875912,1.912232668810583e+20,4.344771083782238e-05,27550332084343.84,946192.0,417370,260449,638995.81064335,1.9652911266001e+20,38514.75
2022-03-09,38742.81640625,42465.671875,38706.09375,41982.92578125,32284121034,805433601131.25,1101886.582191781,1.9008828839459104e+20,3.713733383159135e-05,27550332084343.84,886251.0,419631,259571,759471.66238223,2.019767166389e+20,40474.376953125
2022-03-10,41974.0703125,42004.7265625,38832.94140625,39437.4609375,31078064711,744660682500.0,1372712.1773049645,1.902825489841056e+20,4.663824147997435e-05,27550332084343.84,1014396.0,450690,271302,884586.66237457,1.958645903476e+20,40562.2998046875
2022-03-11,39439.96875,40081.6796875,38347.43359375,38794.97265625,26364890465,742248011225.0,1141318.1438356163,1.902165161097665e+20,4.179573411636918e-05,27550332084343.84,880985.0,406664,246732,673928.4326703401,1.9854229433689e+20,39166.013671875
2022-03-12,38794.46484375,39308.59765625,38772.53515625,38904.01171875,14616450657,742740470062.5,1091260.6821192054,1.9331201157382105e+20,4.04458884833967e-05,27550332084343.84,861001.0,402616,248806,441821.66818085,2.0034912031771e+20,38944.90234375
2022-03-13,38884.7265625,39209.3515625,37728.14453125,37849.6640625,17300745310,740045653437.5,846115.993670886,2.008920129236705e+20,3.372811002356006e-05,27550332084343.84,732370.0,344065,208828,350103.57662345,2.1546770096085e+20,38417.9716796875
2022-03-14,37846.31640625,39742.5,37680.734375,39666.75390625,24322159070,739532418100.0,1050714.320261438,2.023520567669292e+20,3.673667773247668e-05,27550332084343.84,850955.0,378831,237669,391870.8153487,2.0992025966095e+20,38734.076171875
2022-03-15,39664.25,39794.62890625,38310.2109375,39338.78515625,23934000868,740721422423.125,1253259.822222222,2.006696223684572e+20,3.916260705866197e-05,27550332084343.84,911892.0,422722,262146,627350.09754886,1.9398572651843e+20,39276.96875
2022-03-16,39335.5703125,41465.453125,39022.34765625,41143.9296875,39616916192,772009598100.0,1258891.629139073,2.0298534318546253e+20,3.6206546805116376e-05,27550332084343.84,1003866.0,471808,280824,763908.80983375,2.0261994516148e+20,40241.8251953125
2022-03-17,41140.84375,41287.53515625,40662.87109375,40951.37890625,22009601093,777022570725.0,1214850.0263157894,2.0393942750364552e+20,3.87162093361618e-05,27550332084343.84,992541.0,461877,270111,716562.82279279,2.1122490464225e+20,41010.6572265625
2022-03-18,40944.83984375,42195.74609375,40302.3984375,41801.15625,34421564942,777139189062.5,1198852.823899371,2.0826453153127645e+20,3.845881131977319e-05,27452707696466.39,978957.0,455686,269122,589063.42589653,2.1132558745983e+20,41311.03515625
2022-03-19,41794.6484375,42316.5546875,41602.66796875,42190.65234375,19664853187,796997589925.0,1178965.8175182482,2.032166700886604e+20,3.728150478473679e-05,27452707696466.39,885814.0,419800,250275,608598.86705325,1.9970059987099e+20,41976.130859375
2022-03-20,42191.40625,42241.1640625,41004.7578125,41247.82421875,20127946682,786234110593.75,888646.4487179487,2.053609669651252e+20,3.208973271554208e-05,27452707696466.39,774238.0,362062,211722,442949.63504264,2.1811758910043e+20,41671.2880859375
2022-03-21,41246.1328125,41454.41015625,40668.04296875,41077.99609375,24615543271,782362572656.25,963145.3782051282,2.058615947255505e+20,3.27126072149182e-05,27452707696466.39,818179.0,384153,233433,663314.11275249,2.0899626331154e+20,41111.6455078125
2022-03-22,41074.10546875,43124.70703125,40948.28125,42358.80859375,32004652376,810149127750.0,1101496.182389937,2.100869749011413e+20,3.808686504494264e-05,27452707696466.39,934157.0,432382,267452,722460.05409637,2.1522835941893e+20,41876.4755859375
2022-03-23,42364.37890625,42893.5078125,41877.5078125,42892.95703125,25242943069,809994938750.0,1341342.5970149254,2.048113444310229e+20,4.284003059046276e-05,27452707696466.39,947424.0,428214,269365,877767.69409575,1.902171438088e+20,42507.087890625
2022-03-24,42886.65234375,44131.85546875,42726.1640625,43960.93359375,31042992291,836111531685.0,1139823.2756410255,2.052114783042903e+20,3.995484345416932e-05,27452707696466.39,959053.0,440829,273594,751931.63014377,2.0690489764997e+20,43426.4013671875
2022-03-25,43964.546875,44999.4921875,43706.28515625,44348.73046875,30574413034,840102327831.25,1255916.0575539568,2.0351219351377307e+20,4.571274984129608e-05,27452707696466.39,945789.0,434686,266219,1164666.17710957,1.9630373831992e+20,44254.763671875
2022-03-26,44349.859375,44735.99609375,44166.2734375,44500.828125,16950455995,840642352562.5,1059055.0958083833,2.0657969749776764e+20,3.9873864909402896e-05,27452707696466.39,948081.0,431750,264578,769476.99891261,2.2039835809176e+20,44438.2392578125
2022-03-27,44505.35546875,46827.546875,44437.29296875,46820.4921875,28160889722,850692512700.0,987411.1188811188,2.047159264704581e+20,3.4279694183414665e-05,27452707696466.39,771716.0,356314,212513,477764.03954388,1.9945908047524e+20,45647.671875
2022-03-28,46821.8515625,48086.8359375,46690.203125,47128.00390625,36362175703,901015876850.0,1290168.6713286713,2.032403998651927e+20,3.64747711145836e-05,27452707696466.39,962842.0,424545,273259,921905.90528814,1.925704544402e+20,47181.7236328125
2022-03-29,47100.4375,48022.2890625,47100.4375,47465.73046875,31397059069,902450114400.0,1139975.6375,2.0410983159660387e+20,3.537353057981145e-05,27452707696466.39,973908.0,440535,287559,783238.39660451,2.2061925827943e+20,47422.2236328125
2022-03-30,47456.8984375,47655.1484375,46746.2109375,47062.6640625,29333883962,895425813575.0,1288713.2551724138,2.0444407527026e+20,3.543132037347903e-05,27452707696466.39,946619.0,429785,292493,849351.55063563,1.9751284069115e+20,47230.23046875
2022-03-31,47062.1484375,47512.02734375,45390.5390625,45538.67578125,33327427106,883115294662.5,1284737.7424242424,2.002978562583187e+20,5.012886048931661e-05,28587155782195.14,908200.0,415239,263306,985349.81813253,1.94309372292e+20,46375.84765625
2022-04-01,45554.1640625,46616.2421875,44403.140625,46281.64453125,38162644287,884316709106.25,1360842.0273972603,2.026413721002102e+20,6.885577015516808e-05,28587155782195.14,1043276.0,454575,293746,994293.00400729,2.0491577384961e+20,45713.7978515625
2022-04-02,46285.5,47028.28125,45782.51171875,45868.94921875,29336594194,879184860025.0,1358914.256,1.956826332467764e+20,6.111824383251831e-05,28587155782195.14,932685.0,417803,264411,870963.26251634,1.8759661229458e+20,46241.310546875
2022-04-03,45859.12890625,47313.4765625,45634.10546875,46453.56640625,25414397610,882056302875.0,1120420.762589928,1.9658986902173725e+20,4.497045441458521e-05,28587155782195.14,810959.0,370641,225763,392931.68108751,1.9209782103456e+20,46315.0693359375
2022-04-04,46445.2734375,46791.08984375,45235.81640625,46622.67578125,32499785455,868268227075.0,1087681.094936709,2.013272726577665e+20,5.002707979380798e-05,28587155782195.14,900502.0,399388,255684,548162.83684611,2.1738798164558e+20,46273.7138671875
2022-04-05,46624.5078125,47106.140625,45544.80859375,45555.9921875,29640604055,869932926063.75,1155960.5359477124,2.004072254891796e+20,3.846732777337176e-05,28587155782195.14,953388.0,438482,278659,559895.67142264,2.2417142092282e+20,46207.8623046875
2022-04-06,45544.35546875,45544.35546875,43193.953125,43206.73828125,39393395788,839428212875.0,1169761.375,2.0286072616585583e+20,3.9459299628192696e-05,28587155782195.14,906815.0,416393,272184,903130.08145136,2.0298513663513e+20,44372.3505859375
2022-04-07,43207.5,43860.69921875,42899.90625,43503.84765625,26101973106,824091794368.75,1233733.5106382978,2.050298435304745e+20,3.646090320498363e-05,28587155782195.14,882009.0,402877,257162,835332.4439732,2.0942859652567e+20,43367.98828125
2022-04-08,43505.13671875,43903.01953125,42183.2890625,42287.6640625,27215995394,829904358468.75,1228508.1640625,2.013572430474864e+20,4.255569894212292e-05,28587155782195.14,875298.0,418168,259671,1370952.22151139,1.9441702201934e+20,42969.77734375
2022-04-09,42282.078125,42786.81640625,42183.25390625,42782.13671875,16050772496,803923772900.0,1143113.2448979593,2.051511716117034e+20,3.9037099081757406e-05,28587155782195.14,898175.0,420266,269101,971975.83173395,1.9669147591156e+20,42508.5712890625
2022-04-10,42781.08984375,43376.37890625,42021.20703125,42207.671875,17654475582,813143766737.5,880145.8108108108,2.080165029372727e+20,3.0725309598535375e-05,28587155782195.14,715341.0,338272,214116,516945.6774517,2.15891069265e+20,42596.5869140625
2022-04-11,42201.0390625,42424.58984375,39373.05859375,39521.90234375,33949912166,774726728400.0,1179141.5774647887,2.042752038676519e+20,3.4476024302288514e-05,28587155782195.14,900712.0,400707,260387,865617.95561212,1.9726611049078e+20,40880.1474609375
2022-04-12,39533.71484375,40617.5859375,39388.328125,40127.18359375,30991500854,767293566475.0,1314375.2567567567,2.025508236362576e+20,3.9336118155792114e-05,28587155782195.14,991663.0,439211,283981,1945843.49205576,2.0743790629114e+20,39916.703125
2022-04-13,40123.5703125,41430.0546875,39712.74609375,41166.73046875,27691105228,784247375775.0,1185400.2444444443,2.0059162863551008e+20,4.070124745482434e-05,28587155782195.14,875973.0,405078,258823,1682967.00448386,2.0472098595525e+20,40608.275390625
2022-04-14,41160.21875,41451.48046875,39695.74609375,39935.515625,24342001973,761662231587.5,1259398.04,2.015205355765368e+20,4.137862709986692e-05,28225928151211.1,969533.0,443219,287042,1878174.4450537,1.9861398108812e+20,40560.740234375
2022-04-15,39939.40234375,40617.72265625,39866.83203125,40553.46484375,21756855753,768689441825.625,1131701.4689655174,2.048955800202358e+20,4.02878434525266e-05,28225928151211.1,892279.0,420344,257481,1876330.23617664,2.0958067722276e+20,40244.35546875
2022-04-16,40552.31640625,40633.6796875,40078.42578125,40424.484375,16833150693,762168897562.5,1050343.9545454546,2.0210752502218303e+20,3.029653726580149e-05,28225928151211.1,781582.0,385100,230627,870719.02047988,1.9562231729814e+20,40422.2265625
2022-04-17,40417.77734375,40570.7265625,39620.89453125,39716.953125,19087633042,769396658400.0,861954.596273292,2.0402028530302737e+20,2.6981086585478365e-05,28225928151211.1,764317.0,362203,216780,315831.49939221,2.1845849980777e+20,40081.587890625
2022-04-18,39721.203125,40986.3203125,38696.19140625,40826.21484375,33705182072,746615757600.0,1055699.0067567567,2.057470049195004e+20,3.054065433059166e-05,28225928151211.1,830121.0,358358,228814,1160844.04120248,2.0893249470243e+20,40057.482421875
2022-04-19,40828.17578125,41672.9609375,40618.6328125,41502.75,25303206547,788805029306.25,1373788.208,2.013659729168848e+20,3.424560807467387e-05,28225928151211.1,937378.0,429819,266760,1435570.17337055,1.8094759060039e+20,41155.6298828125
2022-04-20,41501.74609375,42126.30078125,40961.09765625,41374.37890625,27819532341,785116586968.75,1241858.22,2.030358431168448e+20,3.357958407203672e-05,28225928151211.1,968247.0,436451,285410,1086881.86754908,2.0181374473911e+20,41490.880859375
2022-04-21,41371.515625,42893.58203125,40063.828125,40527.36328125,35372786395,802352247768.75,1070429.8273809524,2.0818904216310907e+20,3.1540938858218944e-05,28225928151211.1,935289.0,434375,279318,1860187.75620945,2.3103477823489e+20,41214.072265625
2022-04-22,40525.86328125,40777.7578125,39315.41796875,39740.3203125,28011716745,749595108006.25,1229331.54,2.060539823634348e+20,4.122031890626463e-05,28225928151211.1,949601.0,427319,266975,2419948.20320266,2.1979003796042e+20,40089.83984375
2022-04-23,39738.72265625,39935.859375,39352.203125,39486.73046875,16138021249,757205220000.0,1018564.5030674848,2.12590638890789e+20,4.147284908573492e-05,28225928151211.1,901241.0,404005,251951,2508356.71938523,2.1766066359264e+20,39628.37890625
2022-04-24,39478.375,39845.92578125,39233.5390625,39469.29296875,17964398167,754676700050.0,889004.9171974523,2.1154069862580227e+20,3.197803125185561e-05,28225928151211.1,761510.0,347584,218931,1762740.89565414,2.2356027494185e+20,39506.783203125
2022-04-25,39472.60546875,40491.75390625,38338.37890625,40458.30859375,35445730570,742864457431.25,1155630.677419355,2.1586798339592228e+20,4.163706747809804e-05,28225928151211.1,928381.0,387440,254201,4093689.70011294,2.2239875995392e+20,39690.26171875
2022-04-26,40448.421875,40713.890625,37884.984375,38117.4609375,34569088416,736606185875.0,1114443.3821656052,2.2264455993777023e+20,3.93976167729385e-05,28225928151211.1,934992.0,423388,277590,3088369.46208501,2.2199575697164e+20,39291.189453125
2022-04-27,38120.30078125,39397.91796875,37997.3125,39241.12109375,30981015184,741154068050.0,1129850.6358024692,2.2326994704207472e+20,4.293404571895163e-05,29794407589312.08,961015.0,437713,286577,4566556.61349371,2.2133234419254e+20,38689.1630859375
2022-04-28,39241.4296875,40269.46484375,38941.421875,39773.828125,33903704907,750039176238.125,1239624.3925925926,2.166744642084125e+20,3.841965510084715e-05,29794407589312.08,917559.0,414215,265005,4039957.81483302,2.2571086029277e+20,39556.5361328125
2022-04-29,39768.6171875,39887.26953125,38235.53515625,38609.82421875,30882994649,742024934568.125,1328534.7631578948,2.199960962271248e+20,4.352801551938198e-05,29794407589312.08,1022135.0,449599,289960,3269197.6637764,2.1353200709118e+20,39125.3115234375
2022-04-30,38605.859375,38771.2109375,37697.94140625,37714.875,23895713731,733191476062.5,1316545.993006993,2.198793364121053e+20,4.654301398601399e-05,29794407589312.08,963359.0,432104,271700,1911795.53922076,2.1825673813023e+20,38197.4716796875
2022-05-01,37713.265625,38627.859375,37585.7890625,38469.09375,27002760110,732566209375.0,930895.5266272188,2.2237417648687383e+20,3.622574809497696e-05,29794407589312.08,863909.0,396997,244354,1515605.01898081,2.3500932866158e+20,38099.001953125
2022-05-02,38472.1875,39074.97265625,38156.5625,38529.328125,32922642426,735954001200.0,978970.0869565216,2.2358359187828084e+20,3.487301591337442e-05,29794407589312.08,866668.0,383438,247779,1615463.28102308,2.5181115968999e+20,38558.2626953125
2022-05-03,38528.109375,38629.99609375,37585.62109375,37750.453125,27326943244,729727591862.5,1236344.823943662,2.263374241250026e+20,3.777349587465046e-05,29794407589312.08,943375.0,426635,275007,2323990.279507,2.2160725194832e+20,38123.544921875
2022-05-04,37748.01171875,39902.94921875,37732.05859375,39698.37109375,36754404490,742762854375.0,1060581.3397435895,2.23664735350434e+20,3.544521609111526e-05,29794407589312.08,909351.0,428265,279558,2499488.92306666,2.2615391246563e+20,38770.34765625
2022-05-05,39695.74609375,39789.28125,35856.515625,36575.140625,43106256317,700283533950.0,1343105.8355263155,2.297531731249277e+20,8.056326441439058e-05,29794407589312.08,988655.0,420553,264562,3779002.21366816,2.1936568542768e+20,37979.1708984375
2022-05-06,36573.18359375,36624.359375,35482.1328125,36040.921875,37795577489,686308344000.0,1489057.8028169014,2.260787234083068e+20,6.143382473004097e-05,29794407589312.08,1106040.0,451130,290044,6219503.88722935,2.2089803454237e+20,36180.1494140625
2022-05-07,36042.50390625,36129.92578125,34940.82421875,35501.953125,24375896406,685372800375.0,1190665.3205128205,2.2817305210209888e+20,6.0275367134753095e-05,29794407589312.08,953294.0,418228,268825,3188028.95370506,2.1977670925536e+20,35653.8017578125
2022-05-08,35502.94140625,35502.94140625,33878.96484375,34059.265625,36763041910,654462476981.25,1000967.3533333334,2.2380482704598e+20,5.485141510820602e-05,29794407589312.08,803873.0,365254,231318,2853997.06649328,2.2094274987696e+20,34736.0283203125
2022-05-09,34060.015625,34222.07421875,30296.953125,30296.953125,63355494961,615417937731.25,1066273.0208333333,2.215370205416961e+20,6.128036868432342e-05,29794407589312.08,853696.0,377386,240097,3811242.36962855,2.2404660655451e+20,32218.9990234375
2022-05-10,30273.654296875,32596.30859375,29944.802734375,31022.90625,59811038817,595622488462.5,1365681.3355263155,2.212319165688786e+20,7.015495911702146e-05,29794407589312.08,1088876.0,465842,298535,6071378.72498673,2.2712823793505e+20,30959.41796875
2022-05-11,31016.18359375,32013.40234375,28170.4140625,28936.35546875,70388855818,592224755037.5,1131588.2837837837,2.2196306545283308e+20,6.0724781227550285e-05,31251101365711.12,916702.0,411205,267264,3313527.17455602,2.3048027914294e+20,30034.0888671875
2022-05-12,28936.734375,30032.439453125,26350.490234375,29047.751953125,66989173272,554006891250.0,1361019.105263158,2.2415534542769737e+20,0.0001150887732267,31251101365711.12,1064833.0,454476,273392,5284340.18762428,2.2986654476747e+20,28591.85400390625
2022-05-13,29030.91015625,30924.802734375,28782.330078125,29283.103515625,42841124537,579812183300.0,1315367.2945205478,2.261869856619136e+20,0.00011342605772,31251101365711.12,1019819.0,441143,273423,4646209.12738015,2.2025697584287e+20,29505.28662109375
2022-05-14,29285.642578125,30192.802734375,28702.91015625,30101.265625,28579868620,547975503534.375,1367223.1007194244,2.226877403036065e+20,9.383275690262938e-05,31251101365711.12,1059113.0,460908,291628,3699885.66163945,2.2553613265635e+20,29570.6552734375
2022-05-15,30098.5859375,31308.19140625,29527.740234375,31305.11328125,25835372065,571264288890.625,1494852.4915254237,2.179572183470754e+20,7.628553698724232e-05,31251101365711.12,987312.0,362110,238758,1577190.14046912,2.0178978484841e+20,30559.90771484375
2022-05-16,31304.375,31305.341796875,29251.884765625,29862.91796875,32613897286,564180603500.0,1468448.6490066226,2.208561181580468e+20,7.213688048647753e-05,31251101365711.12,1067324.0,387768,253578,1082489.37911878,2.2581756357479e+20,30431.1298828125
2022-05-17,29862.408203125,30694.490234375,29570.302734375,30425.857421875,29101473475,574322177000.0,1443618.975308642,2.2441793224956392e+20,7.015384444909053e-05,31251101365711.12,1102668.0,426680,286980,1645659.83280642,2.4149561021383e+20,30138.2646484375
2022-05-18,30424.478515625,30618.716796875,28720.271484375,28720.271484375,31285268319,552523756900.0,1298988.5223880596,2.223651575634005e+20,6.776578063970057e-05,31251101365711.12,871037.0,395917,257558,1262675.95986892,2.1726207302175e+20,29620.9345703125
2022-05-19,28720.359375,30430.751953125,28708.955078125,30314.333984375,33773447707,578194870300.0,1303519.0,2.17631251925584e+20,6.407269507569988e-05,31251101365711.12,877907.0,406598,262616,1281508.85343641,1.967961041721e+20,29543.60009765625
2022-05-20,30311.119140625,30664.9765625,28793.60546875,29200.740234375,30749382605,554390876520.0,1441618.0151515151,2.155869959170348e+20,6.350932393286503e-05,31251101365711.12,947330.0,411436,271334,1001885.16712042,1.9922216608712e+20,29742.6103515625
2022-05-21,29199.859375,29588.869140625,29027.39453125,29432.2265625,17274840442,562050772185.0,1226949.5483870967,2.112768315332809e+20,5.944091230525579e-05,31251101365711.12,812092.0,376726,244359,951553.55728278,1.9864696193146e+20,29312.08740234375
2022-05-22,29432.47265625,30425.861328125,29275.18359375,30323.72265625,21631532270,569282706562.5,1065369.0074626866,2.1123922710860707e+20,5.335324153217848e-05,31251101365711.12,702291.0,310773,197601,450517.08056889,2.1682761153144e+20,29864.31005859375
2022-05-23,30309.396484375,30590.5859375,28975.560546875,29098.91015625,31483454557,577974866301.875,1186745.5714285714,2.12386882527402e+20,5.977832292691018e-05,31251101365711.12,883063.0,371135,253209,559063.84289409,2.1372815030519e+20,29743.61328125
2022-05-24,29101.125,29774.35546875,28786.58984375,29655.5859375,26616506245,559658217406.875,1187500.0211267606,2.0988130231137377e+20,5.6942187936132014e-05,31251101365711.12,892397.0,391937,260099,1173198.7726654,2.2238836963121e+20,29329.4140625
2022-05-25,29653.134765625,30157.78515625,29384.94921875,29562.361328125,27525063551,564502325887.5,1390504.7096774194,2.062108330955849e+20,7.588170865853612e-05,29897409688833.64,904184.0,397713,265091,1096503.59313445,1.9674615731656e+20,29689.5576171875
2022-05-26,29564.77734375,29834.16015625,28261.90625,29267.224609375,36774325352,560491306650.0,1174345.7516778524,2.091061921438955e+20,6.538405452718861e-05,29897409688833.64,914556.0,416521,266766,837952.14848364,2.1608852671679e+20,29232.01708984375
2022-05-27,29251.140625,29346.943359375,28326.61328125,28627.57421875,36582005748,548706106903.125,1248415.84962406,2.093177928681789e+20,6.446488927743329e-05,29897409688833.64,885134.0,412645,264806,1106465.36865998,2.0626361060188e+20,28888.06787109375
2022-05-28,28622.625,28814.900390625,28554.56640625,28814.900390625,35519577634,551894715000.0,1106258.6451612904,2.1430999119408955e+20,5.853382280390277e-05,29897409688833.64,864902.0,394393,254588,972413.48278308,2.1776463709187e+20,28701.748046875
2022-05-29,29019.8671875,29498.009765625,28841.107421875,29445.95703125,18093886409,556071210240.0,1065929.7006802722,2.137301465280822e+20,5.063534785057255e-05,29897409688833.64,746482.0,326478,213080,449599.71210322,2.235637299275e+20,29201.2353515625
2022-05-30,29443.365234375,31949.630859375,29303.572265625,31726.390625,39277993274,583844049937.5,1174103.7414965986,2.144386532903208e+20,5.04359530785695e-05,29897409688833.64,835262.0,354671,240615,473805.66724766,2.2347799900118e+20,30605.73974609375
2022-05-31,31723.865234375,32249.86328125,31286.154296875,31792.310546875,33538210634,610783267155.625,1258620.587837838,2.1535602145767896e+20,4.374155482022216e-05,29897409688833.64,947585.0,389187,268359,776167.38041394,2.170993150206e+20,31763.04833984375
2022-06-01,31792.5546875,31957.28515625,29501.587890625,29799.080078125,41135817341,587518983300.0,1349583.6029411764,2.1572508397344155e+20,6.327496883985854e-05,29897409688833.64,942619.0,411634,272303,1326406.87316115,2.1669877025586e+20,30762.626953125
2022-06-02,29794.890625,30604.734375,29652.705078125,30467.48828125,29083562061,576910047775.0,1431691.5118110236,2.1104456096268435e+20,7.288155270007376e-05,29897409688833.64,938947.0,399981,261641,1111321.96031041,1.8832859102087e+20,30129.95458984375
2022-06-03,30467.806640625,30633.03515625,29375.689453125,29704.390625,26175547452,562701575312.5,1269888.625,2.1273445194909765e+20,6.906125436690525e-05,29897409688833.64,941907.0,433844,281664,936674.72410323,2.0254358708753e+20,30045.23046875
2022-06-04,29706.138671875,29930.564453125,29500.005859375,29832.9140625,16588370958,568862988225.0,1157956.7611940298,2.110473138180672e+20,6.381901780132828e-05,29897409688833.64,833537.0,372811,238353,661686.88458865,2.0262224226167e+20,29742.40576171875
2022-06-05,29835.1171875,30117.744140625,29574.44921875,29906.662109375,17264085441,570839393156.875,953438.9230769232,2.0808304035230823e+20,5.1842827391919934e-05,29897409688833.64,736167.0,330512,206236,329234.9126125,2.1850546338073e+20,29858.4931640625
2022-06-06,29910.283203125,31693.291015625,29894.1875,31370.671875,31947336829,600175419843.75,1080004.2905405406,2.0844225716464507e+20,4.622704162003154e-05,29897409688833.64,851530.0,363915,240341,411680.15200746,2.1693531595431e+20,30717.1083984375
2022-06-07,31371.7421875,31489.68359375,29311.68359375,31155.478515625,40770974039,569539505250.0,1138463.6011904762,2.115605969129513e+20,4.393462350286538e-05,29897409688833.64,951496.0,401205,267678,764058.91752424,2.3980655264386e+20,30832.14697265625
2022-06-08,31151.48046875,31253.69140625,29944.404296875,30214.35546875,30242059107,581274722125.0,1051648.1017964073,2.1761810922046666e+20,4.417983238443477e-05,30283293547736.68,891652.0,404581,263639,891882.47272183,2.5304732775906e+20,30640.98291015625
2022-06-09,30215.279296875,30609.310546875,30020.265625,30111.998046875,21692004719,577568122925.0,1060675.0705128205,2.2873032626494e+20,4.050353090435394e-05,30283293547736.68,890323.0,410757,250256,566864.89872798,2.4574337698359e+20,30239.21337890625
2022-06-10,30110.330078125,30245.80859375,28978.146484375,29083.8046875,29867476527,561163488600.0,1100365.8896551724,2.326744490908516e+20,3.993215533638317e-05,30283293547736.68,841547.0,378410,243948,654927.1556794799,2.2647371578186e+20,29604.5224609375
2022-06-11,29084.666015625,29401.916015625,28236.212890625,28360.810546875,27246574439,540950886658.125,1119096.4838709678,2.3493251049743188e+20,5.724015381611739e-05,30283293547736.68,910860.0,410779,261221,981150.15203122,2.2527813897412e+20,28770.9013671875
2022-06-12,28373.513671875,28502.685546875,26762.6484375,26762.6484375,34163220274,534993578390.0,1049738.5413533836,2.305064755410864e+20,4.422852958781118e-05,30283293547736.68,741893.0,339942,220530,618355.82476911,2.1081782915291e+20,27600.3740234375
2022-06-13,26737.578125,26795.58984375,22141.2578125,22487.388671875,68204556440,443117063497.5,1346641.758064516,2.258527916007132e+20,8.142894747194067e-05,30283293547736.68,883615.0,374898,238958,2601689.4581770003,1.9058000202065e+20,24540.45361328125
2022-06-14,22487.986328125,23018.951171875,20950.818359375,22206.79296875,50913575242,432047650125.0,1438179.769736842,2.2237485690465128e+20,9.168297835638204e-05,30283293547736.68,1111445.0,488347,308405,7936891.7958069295,2.2224176587628e+20,22166.13720703125
2022-06-15,22196.73046875,22642.671875,20178.376953125,22572.83984375,54912007015,407775862812.5,1313483.6333333333,2.1818325570017408e+20,9.50555830827281e-05,30283293547736.68,992631.0,434838,281984,8736008.86188055,2.2491206208564e+20,21897.65478515625
2022-06-16,22576.3046875,22868.921875,20265.2265625,20381.650390625,31183975654,400244760172.5,1270854.4146341465,2.1204844620768743e+20,9.298529947615428e-05,30283293547736.68,875015.0,405654,242056,7742267.93239278,2.0790798213356e+20,21523.02587890625
2022-06-17,20385.71875,21243.3125,20326.51953125,20471.482421875,27132421514,393201108281.25,1451067.5983606558,2.0700468770402864e+20,8.753548602666327e-05,30283293547736.68,943374.0,432173,267259,7225872.98426859,1.7640869481077e+20,20606.75830078125
2022-06-18,20473.42578125,20736.041015625,17708.623046875,19017.642578125,42009436760,362962525629.0,1321042.700729927,2.0467152685232564e+20,8.70511908109324e-05,30283293547736.68,886274.0,403467,248948,6502275.53788695,1.9764970541156e+20,19483.93310546875
2022-06-19,19010.90234375,20683.822265625,18067.15234375,20553.271484375,35329942625,377846204743.4375,1025968.2953020134,2.060883907722496e+20,7.327754446783046e-05,30283293547736.68,798867.0,363366,218079,4391047.8606627,2.2734115581854e+20,19578.787109375
2022-06-20,20553.37109375,20913.322265625,19689.169921875,20599.537109375,30818458597,396574362543.75,1045329.8478260868,2.101178444641787e+20,6.064106949949221e-05,30283293547736.68,776941.0,352857,222534,2993507.85563188,2.0358674648113e+20,20438.85009765625
2022-06-21,20594.294921875,21620.62890625,20415.0625,20710.59765625,28970212744,408437653762.5,1138001.7291666667,2.0652144710177178e+20,6.55406225083341e-05,30283293547736.68,864259.0,394643,248077,2812367.46122157,2.153681388457e+20,20835.14599609375
2022-06-22,20719.4140625,20835.75,19848.078125,19987.029296875,28574793478,383715807131.25,1266549.869230769,2.056139281691101e+20,6.507279996036858e-05,30283293547736.68,863098.0,403055,252325,2429911.05010655,2.0356519176908e+20,20347.56787109375
2022-06-23,19986.607421875,21135.76171875,19950.1171875,21085.876953125,26188097173,388712005712.5,1176437.0857142855,2.013635532539009e+20,6.2438343699219e-05,29570168636357.99,855614.0,406752,260309,1991874.82915368,2.0368968872724e+20,20539.5908203125
2022-06-24,21084.6484375,21472.91796875,20777.51171875,21231.65625,24957784918,398495942687.5,1154908.9552238807,2.059834097606565e+20,5.925941666836933e-05,29570168636357.99,824904.0,388565,244715,2241348.85106226,2.0804077896635e+20,21141.68359375
2022-06-25,21233.609375,21520.9140625,20964.5859375,21502.337890625,18372538715,399758740098.125,1144393.70625,2.1278798557796703e+20,6.346458814253397e-05,29570168636357.99,827679.0,385109,242244,1592848.57755375,2.1607614354285e+20,21305.36181640625
2022-06-26,21496.494140625,21783.724609375,21016.26953125,21027.294921875,18027170497,407195762800.0,1275856.1037037035,2.088625393120443e+20,6.541715675203781e-05,29570168636357.99,695790.0,331220,210766,957354.89500176,2.0681221353077e+20,21330.94580078125
2022-06-27,21028.23828125,21478.08984375,20620.19921875,20735.478515625,20965695707,396662912712.5,1412547.25,2.0751506587414128e+20,5.06865734772592e-05,29570168636357.99,865431.0,348998,231786,1116665.33040877,1.97227278785e+20,20965.50146484375
2022-06-28,20731.544921875,21164.423828125,20228.8125,20280.634765625,21381535161,393515718750.0,1156402.974025974,2.080218456183065e+20,5.966428143151583e-05,29570168636357.99,918889.0,405606,261513,2377744.29915771,2.2258990208694e+20,20601.35400390625
2022-06-29,20281.169921875,20364.15625,19937.791015625,20104.0234375,23552740328,383803377468.75,1223502.5655172414,2.103416444127752e+20,5.326997562015504e-05,29570168636357.99,897705.0,400974,258000,2351268.54738016,2.128751803176e+20,20171.78515625
2022-06-30,20108.3125,20141.16015625,18729.65625,19784.7265625,26267239923,365425601632.0,1086178.5827814569,2.1236683028166443e+20,5.392411004264366e-05,29570168636357.99,838951.0,393082,245523,3091086.81963551,2.283394232608e+20,19690.9638671875
2022-07-01,19820.470703125,20632.671875,19073.708984375,19269.3671875,30767551159,367053660260.0,1214108.3836477988,2.1851862385060115e+20,6.327166124858346e-05,29570168636357.99,1013025.0,468319,295615,3826956.3576023,2.3620415036648e+20,19699.0546875
2022-07-02,19274.8359375,19371.748046875,19027.08203125,19242.255859375,18100418740,366928164934.1876,1293007.650793651,2.1090789924178703e+20,6.738045326574286e-05,29570168636357.99,848196.0,398053,245794,3224054.34035655,1.9398046994431e+20,19228.98046875
2022-07-03,19242.095703125,19558.26953125,18966.951171875,19297.076171875,16390821947,363915680488.875,921829.144736842,2.1442848876337745e+20,4.884570039546436e-05,29570168636357.99,745521.0,354422,217213,2194674.73198217,2.1131521459587e+20,19266.09814453125
2022-07-04,19297.314453125,20258.748046875,19063.06640625,20231.26171875,21594638208,378287799491.875,940030.935897436,2.210645004703166e+20,5.153469111048732e-05,29570168636357.99,774947.0,350739,224433,2283719.0998134,2.3295016756602e+20,19712.59765625
2022-07-05,20225.353515625,20635.466796875,19341.232421875,20190.115234375,26715546990,372507764532.1876,1296741.406779661,2.1155686056523645e+20,6.917290957462507e-05,29570168636357.99,828243.0,362217,237179,2685125.59191406,1.8727655122478e+20,20098.0419921875
2022-07-06,20194.619140625,20595.529296875,19823.51171875,20548.24609375,24598943708,384422832956.25,1423167.5169491526,2.0606850649149224e+20,8.387267360958475e-05,29570168636357.99,900863.0,392300,250231,2491578.69982243,1.8138519037387e+20,20290.4765625
2022-07-07,20547.814453125,21771.81640625,20296.103515625,21637.587890625,25814972520,398624133150.0,1268835.803921569,2.0631516963667047e+20,9.448115502197088e-05,29152798808271.883,974589.0,434811,287198,1857015.22517348,2.1028043477854e+20,21063.33056640625
2022-07-08,21637.154296875,22314.94140625,21257.453125,21731.1171875,49899834488,419165057718.75,1196900.0062893082,2.050816784061017e+20,8.547994696208667e-05,29152798808271.883,966763.0,435416,284702,2458280.27317316,2.2361336736609e+20,21735.16650390625
2022-07-09,21716.828125,21877.138671875,21445.95703125,21592.20703125,29641127858,412729890431.25,1199674.5,2.0479870289405687e+20,7.598313557587033e-05,29152798808271.883,792581.0,358134,224686,2169300.01680356,1.9577039319082e+20,21658.03271484375
2022-07-10,21591.080078125,21591.080078125,20727.123046875,20860.44921875,28688807249,399312066562.5,900312.2919254658,2.071434522578537e+20,7.031865151905252e-05,29152798808271.883,756587.0,341015,217504,1193411.78563955,2.2023165741033e+20,21192.43310546875
2022-07-11,20856.353515625,20856.353515625,19924.5390625,19970.556640625,24150249025,390280379450.0,1115615.2462686568,2.031199659980612e+20,5.897240044305674e-05,29152798808271.883,791294.0,350826,229316,2048332.96943608,1.974180051259e+20,20401.95068359375
2022-07-12,19970.474609375,20043.4453125,19308.53125,19323.9140625,25810220018,379514203435.5,1180461.143884892,2.039649914895383e+20,6.980343590526881e-05,29152798808271.883,865653.0,384379,255333,4434805.84366471,1.9923107172754e+20,19661.59130859375
2022-07-13,19325.97265625,20223.052734375,18999.953125,20212.07421875,33042430345,372406798487.1875,1325617.286885246,2.0343087423778773e+20,8.01621325698263e-05,29152798808271.883,811331.0,349216,219688,3860958.72217889,1.8639640843416e+20,19690.26318359375
2022-07-14,20211.466796875,20789.89453125,19689.2578125,20569.919921875,31158743333,389488433993.75,1541658.4310344828,1.984230501895421e+20,0.000111842552297,29152798808271.883,919378.0,408845,276641,3510769.8913039,1.707042721609e+20,20315.134765625
2022-07-15,20573.15625,21138.244140625,20397.0,20836.328125,25905575359,397945739118.75,1344766.3985507246,1.9551409092077427e+20,0.0001007005432356,29152798808271.883,924446.0,411069,278682,2730938.22703423,1.9341631382723e+20,20736.18212890625
2022-07-16,20834.103515625,21514.404296875,20518.8984375,21190.31640625,24302954056,399665544687.5,1082017.314102564,1.977242691194328e+20,8.72542299867786e-05,29152798808271.883,830628.0,371647,244301,2451402.47562575,2.133692544291e+20,21014.4306640625
2022-07-17,21195.041015625,21600.640625,20778.1796875,20779.34375,22927802083,403901743293.75,1089878.836065574,1.937900755418689e+20,7.97713107948097e-05,29152798808271.883,700955.0,317209,203533,1499827.0550971,1.9546836676456e+20,21088.30126953125
2022-07-18,20781.912109375,22633.033203125,20781.912109375,22485.689453125,39974475562,429051456487.5,1170504.0510948906,1.922381020178432e+20,8.133025581912933e-05,29152798808271.883,841921.0,352665,238137,1783900.5745051,1.9119042458966e+20,21670.63671875
2022-07-19,22467.849609375,23666.962890625,21683.40625,23389.43359375,48765202697,441177989037.5,1403181.053030303,1.9345650526093807e+20,0.0001016932520548,29152798808271.883,938587.0,401376,269239,2480756.01786648,1.8914114045347e+20,22801.9130859375
2022-07-20,23393.19140625,24196.818359375,23009.94921875,23231.732421875,42932549127,461459467125.0,1382233.4193548388,1.899976604863748e+20,8.70545524472379e-05,29152798808271.883,870820.0,371857,244541,2056064.07893916,1.9249677830014e+20,23457.9228515625
2022-07-21,23233.201171875,23388.322265625,22431.1484375,23164.62890625,33631012204,432676180833.75,1358938.1544117648,1.934740017410967e+20,0.0001002303393749,29152798808271.883,940193.0,421240,285024,2193077.58843811,1.9103210678137e+20,23054.3251953125
2022-07-22,23163.751953125,23671.927734375,22603.416015625,22714.978515625,31421555646,444883896450.0,1185008.5428571429,1.9457297700986192e+20,8.395971649846586e-05,27692567959233.59,856480.0,396625,270510,2252458.7609219803,1.8899120413351e+20,23038.5185546875
2022-07-23,22706.984375,22977.2109375,22002.91015625,22465.478515625,24021799169,424373514350.0,1124842.9552238807,1.924282948121045e+20,6.8983142011389e-05,27692567959233.59,777935.0,362898,239178,2698888.25529503,1.8503384414401e+20,22538.14599609375
2022-07-24,22465.509765625,22974.001953125,22306.83984375,22609.1640625,23565495303,436291964000.0,872294.2628205129,1.9371285909923552e+20,5.760227477422295e-05,27692567959233.59,715791.0,330150,204073,1435989.24867431,2.1812119541761e+20,22588.87890625
2022-07-25,22607.15625,22649.12109375,21361.642578125,21361.701171875,35574561406,418567065493.75,1025018.6470588236,1.9637513672049728e+20,4.93826067905659e-05,27692567959233.59,830657.0,359825,234384,1995968.15198055,2.1248999752321e+20,21994.9052734375
2022-07-26,21361.12109375,21361.12109375,20776.81640625,21239.75390625,28624673855,396829066950.0,1177836.694267516,2.00139572260433e+20,5.087299888594368e-05,27692567959233.59,931253.0,388737,260310,3560802.05890258,2.1161786316744e+20,21184.703125
2022-07-27,21244.169921875,22986.529296875,21070.806640625,22930.548828125,31758955233,410778217575.0,1035327.3012048192,2.0809854319932585e+20,5.140180873370062e-05,27692567959233.59,881498.0,399416,263737,3372671.98133505,2.264486042438e+20,22058.013671875
2022-07-28,22933.640625,24110.470703125,22722.265625,23843.88671875,40212386158,454135800125.625,1261137.6,2.077343535183097e+20,5.176159992281984e-05,27692567959233.59,961779.0,411565,274682,2265258.59323373,2.074389607638e+20,23402.56591796875
2022-07-29,23845.212890625,24294.787109375,23481.173828125,23804.6328125,35887249746,459118799012.5,1257985.2765957448,2.108273149887472e+20,5.676908725930505e-05,27692567959233.59,921547.0,415374,274985,2489371.79313663,1.9840265002176e+20,23856.45166015625
2022-07-30,23796.818359375,24572.580078125,23580.5078125,23656.20703125,28148218301,469687602750.0,1144366.725352113,2.0667651423285985e+20,5.280733627159305e-05,27692567959233.59,858102.0,395412,253438,1526523.21435617,1.9484506004814e+20,23901.5283203125
2022-07-31,23652.0703125,24121.642578125,23275.703125,23336.896484375,23553591896,454333568437.5,1078740.8296296296,2.032243677401112e+20,5.4424294657800695e-05,27692567959233.59,778899.0,356729,221070,1116805.14946489,1.8786573523187e+20,23596.578125
2022-08-01,23336.71875,23464.787109375,22890.796875,23314.19921875,25849159141,445861833225.0,1126220.8905109488,2.012211911005482e+20,5.662396977437207e-05,27692567959233.59,816617.0,346157,225504,1487290.10838698,1.936506580632e+20,23251.62548828125
2022-08-02,23308.43359375,23415.041015625,22710.083984375,22978.1171875,28389250717,439732748812.5,1159515.125,2.0333569504043372e+20,5.328190436953897e-05,27692567959233.59,969806.0,414006,279137,2871804.37624866,2.1675505877576e+20,23102.9189453125
2022-08-03,22981.302734375,23578.650390625,22747.8359375,22846.5078125,26288169966,446346747000.0,1258711.3986013986,1.985618009279711e+20,5.714430156913367e-05,27692567959233.59,913419.0,404697,273463,3135502.58056997,2.0469870289948e+20,23038.57421875
2022-08-04,22848.21484375,23198.009765625,22485.701171875,22630.95703125,25120229769,437401523125.0,1334205.873015873,1.963108558569544e+20,5.845091191834555e-05,28174668481289.41,893847.0,396723,265901,3189361.71603065,1.8546148718233e+20,22790.720703125
2022-08-05,22626.833984375,23422.828125,22612.177734375,23289.314453125,28881249043,440442996525.0,1154102.8278145697,1.982604593063681e+20,6.451715022205423e-05,28174668481289.41,890268.0,406507,264575,3017394.91939506,2.0542115818774e+20,22987.78857421875
2022-08-06,23291.423828125,23326.5625,22961.279296875,22961.279296875,15978259885,443867485062.5,1162161.9285714286,2.0124525010987847e+20,7.18095986912246e-05,28174668481289.41,938440.0,424232,272010,3465391.23641636,2.1023726349065e+20,23135.13623046875
2022-08-07,22963.505859375,23359.009765625,22894.556640625,23175.890625,15886817043,440129000520.0,849360.4472049689,2.0543806155024007e+20,5.665113607836381e-05,28174668481289.41,732305.0,326924,203155,842204.94315299,2.3137893091407e+20,23098.24072265625
2022-08-08,23179.52734375,24203.689453125,23176.546875,23809.486328125,28575544847,458735086496.25,1011378.0432098764,2.1163095036368224e+20,5.581508310628373e-05,28174668481289.41,858715.0,371247,244807,2591257.86255378,2.168304551461e+20,23592.3125
2022-08-09,23811.484375,23898.615234375,22982.0,23164.318359375,23555719219,441468015012.5,1244091.6617647058,2.0596027446151057e+20,7.604024630068541e-05,28174668481289.41,876332.0,386307,249776,3815691.67296067,1.9840951608859e+20,23464.1044921875
2022-08-10,23162.8984375,24127.4140625,22771.51953125,23947.642578125,32837431722,459230625506.25,1374786.3605442178,2.0792056527273705e+20,8.288280222907883e-05,28174668481289.41,1012683.0,418486,275809,3399004.80076556,2.0750483223911e+20,23502.36865234375
2022-08-11,23948.345703125,24822.62890625,23900.99609375,23957.529296875,37127036580,465851438538.75,1374461.0357142857,2.1124831829032072e+20,6.796400365698108e-05,28174668481289.41,978825.0,417027,271262,3230552.80693614,1.9991748639823e+20,24157.375
2022-08-12,23957.203125,24412.56640625,23657.265625,24402.818359375,27265804688,458776301687.5,1202661.8482758622,2.0907007131106748e+20,6.457305064458455e-05,28174668481289.41,909987.0,413592,265675,1658014.63123042,2.054560681667e+20,24107.46337890625
2022-08-13,24402.1875,24860.05078125,24346.115234375,24424.068359375,22987346289,469238184456.25,1136138.7074829931,2.0670694500406752e+20,5.477712606010128e-05,28174668481289.41,876144.0,411105,256933,1374877.80366614,2.079149284037e+20,24508.10546875
2022-08-14,24429.056640625,24974.9140625,24206.259765625,24319.333984375,22994133555,469072186537.5,1156108.1968503937,2.0105027969790385e+20,4.338420945345164e-05,28174668481289.41,787484.0,346774,211436,758685.30164657,1.7734984663147e+20,24482.39111328125
2022-08-15,24318.31640625,25135.58984375,23839.775390625,24136.97265625,35123501685,463676224367.5,1094724.7894736845,2.000902449153085e+20,3.79774312557383e-05,28174668481289.41,877590.0,373405,238529,1394000.5361786,2.0699640422063e+20,24357.66357421875
2022-08-16,24126.13671875,24228.416015625,23733.5,23883.291015625,27753685646,456989918861.25,1270807.2739726028,2.011600256531233e+20,4.525593705145429e-05,28174668481289.41,951096.0,403304,261261,2709294.8366027,2.0650474484697e+20,23992.8359375
2022-08-17,23881.31640625,24407.05859375,23243.353515625,23335.998046875,30931623076,447163238742.5,1364373.7132352942,1.9987974888779963e+20,5.633238137728956e-05,28174668481289.41,934222.0,387233,248793,2460521.77876856,2.0205501664056e+20,23716.931640625
2022-08-18,23341.0390625,23563.83203125,23177.6015625,23212.73828125,23747613147,448582619248.75,1402671.3106060603,1.9782470265787623e+20,5.089789716554935e-05,28351606743493.773,937262.0,415872,289086,2160869.30812405,1.8252608185704e+20,23323.802734375
2022-08-19,23213.3125,23213.3125,20868.84765625,20877.552734375,40509610260,410262969003.75,1189569.0975609757,2.009633409337877e+20,5.128454719986037e-05,28351606743493.773,976858.0,442641,275022,2543408.95784264,2.2899716151364e+20,22043.25634765625
2022-08-20,20872.841796875,21350.806640625,20856.73046875,21166.060546875,27595671000,407580935217.5,966619.5952380951,2.059111851906116e+20,4.44667779244529e-05,28351606743493.773,868132.0,400285,247713,3533182.35540745,2.4057456804174e+20,21061.60986328125
2022-08-21,21160.392578125,21668.845703125,21103.197265625,21534.12109375,23102307723,409808180086.25,1011815.0962962965,2.0783100653688475e+20,3.9017998079101614e-05,28351606743493.773,756675.0,341357,203030,2730435.79656321,2.018938853838e+20,21366.63916015625
2022-08-22,21531.462890625,21531.462890625,20939.18359375,21398.908203125,31666498758,409168590382.5,1001674.8881578948,2.0774069300096103e+20,3.740981540799324e-05,28351606743493.773,819412.0,359106,231646,2932559.8455091,2.0794468332297e+20,21350.25439453125
2022-08-23,21401.044921875,21646.203125,20955.138671875,21528.087890625,31878280659,410878335375.0,1118228.0649350649,2.106279486650247e+20,4.548960728069463e-05,28351606743493.773,894295.0,397845,258327,3816880.27053061,2.2023459662713e+20,21382.61865234375
2022-08-24,21526.455078125,21783.076171875,21195.005859375,21395.01953125,31962253368,413623065510.0,1113002.383233533,2.207054434424333e+20,4.180537764327189e-05,28351606743493.773,949867.0,401551,259716,2999989.49281352,2.3402779890527e+20,21474.88916015625
2022-08-25,21395.458984375,21789.63671875,21362.44140625,21600.904296875,31028679593,413609168131.25,1094745.0723684211,2.195451001294266e+20,3.955261571808956e-05,28351606743493.773,879187.0,395880,256507,2292105.30878123,2.0954341240344e+20,21537.1103515625
2022-08-26,21596.0859375,21804.908203125,20199.482421875,20260.01953125,42326789564,397498351745.0,1003727.1468926554,2.201732224674364e+20,4.1859852988788753e-05,28351606743493.773,922208.0,417043,265626,1439318.40550332,2.4634762048574e+20,20965.1240234375
2022-08-27,20262.48046875,20340.775390625,19890.5234375,20041.73828125,30116729776,382450635417.5,1169669.907142857,2.181660729942804e+20,4.289421949733685e-05,28351606743493.773,854725.0,396401,242946,2618813.51338854,2.1102841332336e+20,20133.87939453125
2022-08-28,20041.03515625,20139.0546875,19616.814453125,19616.814453125,24366810591,383149494760.0,821411.3372093023,2.250723844041466e+20,3.773109983508817e-05,28351606743493.773,755657.0,329070,197075,1438494.15273204,2.3091908062493e+20,19853.4296875
2022-08-29,19615.154296875,20357.462890625,19600.78515625,20297.994140625,32637854078,387621153095.0,1109966.5933333333,2.2367788134000712e+20,3.914101202950793e-05,28351606743493.773,881151.0,375489,238580,2008181.49461901,2.1361399112801e+20,19967.84912109375
2022-08-30,20298.611328125,20542.64453125,19617.640625,19796.80859375,34483360283,378200886328.125,1133854.152866242,2.2229733121729656e+20,4.58472567925906e-05,28351606743493.773,931714.0,401478,260210,2744579.30260021,2.2676130126436e+20,20063.92626953125
2022-08-31,19799.58203125,20420.990234375,19799.58203125,20049.763671875,33225232872,385573109130.625,1173869.2088607594,2.265410069404465e+20,4.585627609494946e-05,30977051760460.062,919483.0,397339,260012,3176331.06729114,2.3467270425995e+20,20017.4794921875
2022-09-01,20050.498046875,20198.390625,19653.96875,20127.140625,30182031010,379028062338.1875,1270253.891304348,2.2250995968111388e+20,5.670236919986914e-05,30977051760460.062,923339.0,408205,262882,2907548.0430653,2.1878665881352e+20,20007.49951171875
2022-09-02,20126.072265625,20401.568359375,19814.765625,19969.771484375,29123998928,389707788960.0,1390886.944,2.175146920799284e+20,5.701452822279821e-05,30977051760460.062,926579.0,411970,260038,3023055.99119689,2.0719655063064e+20,20078.04443359375
2022-09-03,19969.71875,20037.009765625,19698.35546875,19832.087890625,23613051457,378398851485.0,1483022.40625,2.161850220240797e+20,7.115543722765281e-05,30977051760460.062,974303.0,439345,271712,2277736.57075337,1.9416608267128e+20,19884.29296875
2022-09-04,19832.470703125,19999.689453125,19636.81640625,19986.712890625,25245861652,378662149046.875,825974.7318435754,2.226808058236304e+20,5.0889855191256827e-05,30977051760460.062,770634.0,357556,215940,1408179.92617526,2.6480465050878e+20,19863.92236328125
2022-09-05,19988.7890625,20031.16015625,19673.046875,19812.37109375,28813460025,379965013120.0,1077927.7382550335,2.242317648463113e+20,5.472437045235333e-05,30977051760460.062,867664.0,352787,224979,2491069.17932164,2.4178871071971e+20,19876.341796875
2022-09-06,19817.724609375,20155.26953125,18800.171875,18837.66796875,43403978910,379498129835.0,1154675.3205128205,2.260162050958043e+20,5.274885679391365e-05,30977051760460.062,922074.0,398732,267747,4067598.94882061,2.3170303050307e+20,19402.70849609375
2022-09-07,18837.68359375,19427.171875,18644.466796875,19290.32421875,35239757134,361821058284.375,1289510.5,2.232187500782485e+20,5.94498137240854e-05,30977051760460.062,934307.0,410629,265198,5355838.67092394,2.2405331923159e+20,19049.91162109375
2022-09-08,19289.94140625,19417.3515625,19076.71484375,19329.833984375,32194477850,368766164478.25,1391712.453125,2.2198469916487883e+20,5.786680021526055e-05,30977051760460.062,904789.0,402216,252717,3488372.07156338,2.0470609801068e+20,19278.46044921875
2022-09-09,19328.140625,21439.41015625,19310.962890625,21381.15234375,48469528171,408207601800.0,1364863.476510067,2.2632158457666303e+20,5.992605141416096e-05,30977051760460.062,1023207.0,466026,294627,3143246.1973686,2.1666775254671e+20,20364.91650390625
2022-09-10,21376.912109375,21760.275390625,21168.72265625,21680.5390625,36913738894,406084083531.25,1124980.9872611463,2.310428640856736e+20,5.302115776430124e-05,30977051760460.062,903831.0,423036,259051,1536810.6180664198,2.4483473045427e+20,21496.6123046875
2022-09-11,21678.54296875,21770.552734375,21406.9453125,21769.255859375,34493951963,414990946681.25,935738.738095238,2.297422933756844e+20,5.130400687566653e-05,30977051760460.062,845145.0,383339,222233,920443.90985594,2.6090813717932e+20,21656.32421875
2022-09-12,21770.1484375,22439.181640625,21603.896484375,22370.44921875,50212088965,423702359302.5,1100556.8993710692,2.318084197553217e+20,4.718876962792028e-05,30977051760460.062,927845.0,396878,248307,809882.17845303,2.4705526228754e+20,22045.9189453125
2022-09-13,22371.48046875,22673.8203125,20062.669921875,20296.70703125,51091116622,399044665951.25,1233223.510067114,2.335454398499632e+20,5.1818903678879385e-05,30977051760460.062,944490.0,411946,265570,1542961.46980661,2.3452527915642e+20,21351.16943359375
2022-09-14,20184.5546875,20467.201171875,19793.396484375,20241.08984375,37872380889,386476618893.75,1517072.4628099173,2.286695543191712e+20,6.490487565679484e-05,32045359565303.145,936080.0,414628,267968,3398800.70159721,2.0002305193031e+20,20171.560546875
2022-09-15,20242.2890625,20318.166015625,19636.734375,19701.2109375,36389011503,377723062200.0,1261804.0212765958,2.319446373456132e+20,6.325490564999926e-05,32045359565303.145,924308.0,428797,272708,3404199.20496525,2.2471627742668e+20,19974.60009765625
2022-09-16,19704.005859375,19870.62890625,19400.076171875,19772.583984375,30123362273,376547747489.375,1254711.6,2.3336254338386595e+20,6.187664598696063e-05,32045359565303.145,938455.0,432699,269185,2179523.46102559,2.2421548967037e+20,19686.82373046875
2022-09-17,19777.033203125,20162.53125,19777.033203125,20127.576171875,24957448100,382499221613.5,1182829.7635135136,2.3135372285280253e+20,7.868827291522551e-05,32045359565303.145,901342.0,420543,257318,1738161.39168272,2.3405999454747e+20,19961.04345703125
2022-09-18,20127.234375,20127.234375,19387.4921875,19419.505859375,31254779144,379531391262.5,922844.7232704402,2.288906650248825e+20,5.981643719323759e-05,32045359565303.145,774768.0,374014,220040,1012610.36033988,2.6230014323773e+20,19765.36669921875
2022-09-19,19418.572265625,19639.48046875,18390.318359375,19544.12890625,40177002624,365640807352.5,1090014.0620689655,2.284535129020057e+20,5.2004086219979024e-05,32045359565303.145,840863.0,375978,234586,2971090.44762079,2.3137755664466e+20,19248.125
2022-09-20,19545.591796875,19602.45703125,18813.455078125,18890.7890625,36791346508,368883260800.0,1268357.5899280575,2.272882208476766e+20,5.478305121917788e-05,32045359565303.145,902867.0,410995,262636,3017188.59249847,2.2450901973478e+20,19213.0732421875
2022-09-21,18891.283203125,19674.630859375,18290.314453125,18547.400390625,46363793975,368334554296.50006,1211785.7397260277,2.320834917505956e+20,5.332664164424273e-05,32045359565303.145,895871.0,396629,259767,2805597.65042776,2.3162311023153e+20,18850.9072265625
2022-09-22,18534.650390625,19456.91015625,18415.591796875,19413.55078125,41135767926,363670364333.75,1263231.6,2.323551867391797e+20,5.224276607914664e-05,32045359565303.145,909719.0,409897,263991,2878447.10526803,2.2169693898014e+20,18955.17578125
2022-09-23,19412.400390625,19464.671875,18617.552734375,19297.638671875,38896078052,358594763007.5,1366658.768,2.281925426247764e+20,5.472824044054277e-05,32045359565303.145,884715.0,422872,268033,1901471.82076608,2.0314332594142e+20,19198.06591796875
2022-09-24,19296.990234375,19310.197265625,18861.974609375,18937.01171875,26149643168,366163434945.0,1192688.598540146,2.259298329510705e+20,5.447803611154851e-05,32045359565303.145,837156.0,408250,247677,1354469.9485098,2.2119418949965e+20,19101.54345703125
2022-09-25,18936.310546875,19134.732421875,18696.46875,18802.09765625,23359966112,364020181733.75,908221.3642384106,2.2439687521244384e+20,4.602489310990232e-05,32045359565303.145,741267.0,347610,205164,681193.51575707,2.3870230727103e+20,18892.40234375
2022-09-26,18803.900390625,19274.873046875,18721.28515625,19222.671875,44148798321,366316391718.75,1138321.9470198676,2.253097524040932e+20,5.551283028516184e-05,32045359565303.145,878446.0,398659,250314,2095562.8904479,2.352752697467e+20,19005.6826171875
2022-09-27,19221.83984375,20338.455078125,18915.66796875,19110.546875,58571439619,381346868310.0,1393023.3015873015,2.2168331929888244e+20,5.815138369554189e-05,32045359565303.145,900340.0,404597,266099,1773088.93405591,2.1251607004375e+20,19396.62744140625
2022-09-28,19104.62109375,19688.34375,18553.296875,19426.720703125,53071298734,372139602559.6875,1206015.278145695,2.217645042526989e+20,5.897546723531956e-05,31360548173144.85,916674.0,405457,270581,2501844.22718477,2.2692909044486e+20,19193.24560546875
2022-09-29,19427.779296875,19589.265625,18924.353515625,19573.05078125,41037843771,369837284853.75,1143875.8402777778,2.229881220392082e+20,5.242950416260964e-05,31360548173144.85,816715.0,384124,255729,1760096.72509055,2.32411148572e+20,19378.6123046875
2022-09-30,19573.431640625,20109.849609375,19265.662109375,19431.7890625,43975248085,378439015510.0,1178692.791411043,2.308554779168783e+20,5.654069920223635e-05,31360548173144.85,973957.0,451118,291189,1693223.72499083,2.4247998304423e+20,19595.18310546875
2022-10-01,19431.10546875,19471.154296875,19231.08203125,19312.095703125,18719537670,370394932740.0,1041941.6235294116,2.3683395534291983e+20,5.738963551740106e-05,31360548173144.85,895450.0,416430,256967,1173615.62183409,2.6882611515188e+20,19361.359375
2022-10-02,19311.849609375,19370.30859375,18970.62109375,19044.107421875,20765955327,366914117876.25,922211.5747126436,2.428220690822568e+20,4.518150516766913e-05,31360548173144.85,842304.0,374396,223118,674104.038196,2.7192576744518e+20,19174.2216796875
2022-10-03,19044.068359375,19653.54296875,19025.2265625,19623.580078125,30484729489,370663600240.0,1141904.5,2.4253806848082097e+20,3.9229547897749455e-05,31360548173144.85,874657.0,387401,240742,1170473.27372169,2.3902000949435e+20,19336.6044921875
2022-10-04,19623.583984375,20380.34375,19523.83984375,20336.84375,35887278685,385367416170.0,1163767.1607142857,2.5131214585953167e+20,3.972049972406181e-05,31360548173144.85,958253.0,431135,289920,1651713.67455427,2.5415496292704e+20,19966.15283203125
2022-10-05,20335.900390625,20343.748046875,19801.80078125,20160.716796875,33223790572,383379703699.375,969141.5027027028,2.615398587954553e+20,3.5907530267147697e-05,31360548173144.85,900457.0,402637,271086,1537413.34832061,2.7851260312348e+20,20160.54150390625
2022-10-06,20161.0390625,20408.392578125,19900.087890625,19955.443359375,34711412966,383775749160.0,1150911.2876712328,2.579537311924916e+20,3.505320005964141e-05,31360548173144.85,868559.0,413121,268270,938468.9439816,2.4459111581359e+20,20106.24072265625
2022-10-07,19957.55859375,20041.0859375,19395.79296875,19546.849609375,29227315390,375330080250.0,1214881.3493975904,2.5592613326544224e+20,3.973086113243623e-05,31360548173144.85,935974.0,439917,276148,810326.3330332399,2.5399262303358e+20,19735.32177734375
2022-10-08,19546.328125,19601.6953125,19299.4140625,19416.568359375,16437423167,373725598125.0,930619.4971428572,2.572085080683989e+20,3.252813881965747e-05,31360548173144.85,853172.0,414222,250368,1308225.6059375,2.7110140226884e+20,19466.00146484375
2022-10-09,19417.478515625,19542.5390625,19349.259765625,19446.42578125,16837262532,374727546195.0,852162.2363636363,2.615474161346024e+20,2.6896891951610232e-05,31360548173144.85,769868.0,363761,217236,862530.8487202,2.7027969276575e+20,19438.92578125
2022-10-10,19446.416015625,19515.466796875,19102.978515625,19141.484375,27425022774,369541231250.625,972234.4629629628,2.6090350078116305e+20,3.0085849029632367e-05,35610794164371.65,823505.0,373081,237848,1384761.70217919,2.6202256454428e+20,19301.58642578125
2022-10-11,19139.0,19241.9609375,18925.603515625,19051.41796875,28711532910,367188630125.0,1107681.6419753083,2.6195602338185422e+20,3.2572050626371245e-05,35610794164371.65,902492.0,406548,267094,1809970.8352258,2.9488860807639e+20,19089.49560546875
2022-10-12,19052.646484375,19203.19921875,19029.7578125,19157.4453125,24950173846,366760326040.3125,1160589.9866666666,2.673234891573972e+20,3.380035268366022e-05,35610794164371.65,869582.0,411079,264061,1718979.27846301,2.6560517896535e+20,19110.76220703125
2022-10-13,19156.966796875,19453.328125,18319.822265625,19382.904296875,44219840004,351796818961.87506,1374789.675,2.5828485664131567e+20,4.761934347484185e-05,35610794164371.65,843026.0,410346,258147,1854786.38081504,2.3481036041749e+20,19078.25537109375
2022-10-14,19382.533203125,19889.146484375,19115.408203125,19185.65625,38452356727,375606057073.125,1309702.1647058823,2.6464288701042e+20,5.426381051182623e-05,35610794164371.65,1011380.0,465144,297855,1540150.1324449,2.7755366262447e+20,19393.18603515625
2022-10-15,19185.4375,19212.541015625,19019.25,19067.634765625,16192235532,366964946841.25,1201963.8251748253,2.6256686085583205e+20,4.452004565446492e-05,35610794164371.65,877845.0,414757,257149,807989.16935423,2.653375530267e+20,19121.2158203125
2022-10-16,19068.9140625,19389.603515625,19068.9140625,19268.09375,17988916650,367534357728.5625,889176.5153374233,2.7006627942398657e+20,3.504015322796678e-05,35610794164371.65,767594.0,375197,223980,377099.41584912,2.765308332902e+20,19198.88134765625
2022-10-17,19268.5625,19635.802734375,19173.333984375,19550.7578125,27472552998,374708093006.25,1145636.8613138683,2.634537361352432e+20,4.402195682272279e-05,35610794164371.65,807847.0,380909,241238,601450.05693931,2.5536877682947e+20,19407.1142578125
2022-10-18,19550.466796875,19666.994140625,19144.76953125,19334.416015625,30580012344,371432943866.25,1266567.6911764706,2.5766895364550525e+20,6.089306957779296e-05,35610794164371.65,831904.0,379994,248930,885421.20898648,2.5739875557264e+20,19424.16162109375
2022-10-19,19335.02734375,19348.416015625,19127.6875,19139.53515625,22425387184,369644005250.0,1340408.2108433736,2.623232180968967e+20,6.883823519956748e-05,35610794164371.65,936397.0,407378,273742,957611.27077773,2.6433273607316e+20,19237.66650390625
2022-10-20,19138.0859375,19315.19921875,18971.458984375,19053.740234375,24493974420,369413865005.0,1268616.1944444445,2.658895424184029e+20,5.043565171590692e-05,35610794164371.65,892886.0,408799,267701,1104377.90649668,2.6231143612799e+20,19119.62109375
2022-10-21,19053.203125,19237.384765625,18770.970703125,19172.46875,32459287866,367655092282.5,1171861.7094594594,2.6324411249132493e+20,4.525638307260631e-05,35610794164371.65,867165.0,418708,265156,1079162.62919439,2.6818303567613e+20,19058.5068359375
2022-10-22,19172.380859375,19248.068359375,19132.244140625,19208.189453125,16104440957,368832378492.0625,1066708.2080536913,2.6237812927922664e+20,4.2150583737578106e-05,35610794164371.65,845161.0,409613,246138,973810.12963794,2.702573935437e+20,19190.220703125
2022-10-23,19207.734375,19646.65234375,19124.197265625,19567.0078125,22128794335,368181238419.75,938971.616438356,2.616332124831052e+20,3.552928447819344e-05,35610794164371.65,738036.0,358479,211496,588992.88241512,2.5941320514625e+20,19386.39794921875
2022-10-24,19567.76953125,19589.125,19206.32421875,19345.572265625,30202235805,370406019701.25,1241176.3409090908,2.604510459801822e+20,4.076022308430746e-05,36835682546787.98,869486.0,402776,253133,742993.31547803,2.5202039351728e+20,19427.19775390625
2022-10-25,19344.96484375,20348.412109375,19261.447265625,20095.857421875,47761524910,380739140040.375,1207502.681818182,2.5869307360104025e+20,4.67494345485284e-05,36835682546787.98,827001.0,369266,237191,625959.7861061,2.4864948711942e+20,19762.67041015625
2022-10-26,20092.236328125,20938.134765625,20076.1171875,20770.44140625,58895950537,399993138256.25,1433463.5395683453,2.5456757365859067e+20,8.540413318489035e-05,36835682546787.98,969716.0,448205,304494,1481606.93150607,2.4777408768751e+20,20469.232421875
2022-10-27,20772.802734375,20854.044921875,20255.373046875,20285.8359375,49625110402,394615048710.625,1204757.836879433,2.564461119872553e+20,6.933454169246685e-05,36835682546787.98,875543.0,393588,260011,1313263.48167157,2.7090299343551e+20,20542.01416015625
2022-10-28,20287.95703125,20724.98046875,20086.068359375,20595.3515625,43994715910,392890051496.25,1181160.7236842106,2.570267298227659e+20,6.460114561931445e-05,36835682546787.98,913343.0,441999,289110,894235.57016907,2.6414797662932e+20,20423.58935546875
2022-10-29,20595.103515625,20988.39453125,20566.484375,20818.4765625,40369840645,401673679902.5,1150775.6012658228,2.5911515325552617e+20,6.211875833219594e-05,36835682546787.98,933873.0,450350,271087,720684.31188327,2.8737746155104e+20,20742.11474609375
2022-10-30,20817.982421875,20917.005859375,20547.462890625,20635.603515625,31486345556,397007065620.0,1180841.1732283465,2.545109857675447e+20,5.790200347423277e-05,36835682546787.98,807404.0,392815,226237,563543.88633411,2.4718016287488e+20,20729.513671875
2022-10-31,20633.6953125,20795.3203125,20287.458984375,20495.7734375,45668466815,391377001937.5,1133483.049689441,2.6407358354606152e+20,5.669563147877825e-05,36835682546787.98,936828.0,433438,270595,638018.0318166399,2.828747485354e+20,20553.06201171875
2022-11-01,20494.8984375,20647.2890625,20359.845703125,20485.2734375,39819303159,392448669520.0,1144508.0580645162,2.7331474919344656e+20,5.077321110896617e-05,36835682546787.98,906714.0,418708,269368,1100255.66595258,2.8488717101393e+20,20496.82666015625
2022-11-02,20482.958984375,20742.810546875,20087.134765625,20159.50390625,55552169483,391843313604.375,1307235.8206896551,2.7034987945531176e+20,5.362201405005331e-05,36835682546787.98,958105.0,440925,286974,1464344.71325155,2.628901246059e+20,20368.10205078125
2022-11-03,20162.689453125,20382.095703125,20086.240234375,20209.98828125,43228750179,388739439249.375,1267959.3405797102,2.696331590044482e+20,7.273230323303099e-05,36835682546787.98,907234.0,438550,277727,2014751.5092411,2.6170233078897e+20,20210.25341796875
2022-11-04,20208.76953125,21209.560546875,20188.01953125,21147.23046875,64072727950,400734503840.0,1206908.0,2.682683584267113e+20,6.351425510071176e-05,36835682546787.98,855671.0,418518,261042,2429472.67147908,2.6364574610595e+20,20688.39501953125
2022-11-05,21144.83203125,21446.88671875,21097.634765625,21282.69140625,37846047609,409034106656.25,1284192.9589041097,2.646683014253316e+20,6.97368747461396e-05,36835682546787.98,943188.0,461678,290514,1664079.60915305,2.5511996327998e+20,21243.01123046875
2022-11-06,21285.056640625,21345.376953125,20920.19140625,20926.486328125,35082693210,408032640000.0,1010939.9733333334,2.700884391501102e+20,5.987679078277425e-05,36835682546787.98,819729.0,379748,229006,2220639.61224715,2.7564166470449e+20,21119.27783203125
2022-11-07,20924.62109375,21053.24609375,20489.97265625,20602.81640625,53510852236,398770181271.875,1160504.2689655172,2.64856173065191e+20,5.680030701823141e-05,36762198818467.21,874554.0,418191,255164,2842615.87088992,2.6800008648557e+20,20767.6640625
2022-11-08,20600.671875,20664.607421875,17603.544921875,18541.271484375,118992465607,374206842181.25,1271932.4620689654,2.6270342793178297e+20,7.256486381549501e-05,36762198818467.21,955291.0,429998,274811,1603489.39850609,2.6468621669902e+20,19352.52392578125
2022-11-09,18543.76171875,18590.458984375,15682.6923828125,15880.7802734375,102905151606,328496645676.875,1251581.6981132077,2.7009366107400064e+20,7.565872926230202e-05,36762198818467.21,1024778.0,481424,295175,956691.28188399,2.8249306618666e+20,17174.42333984375
2022-11-10,15883.158203125,18054.3125,15834.0185546875,17586.771484375,83202283721,336367014401.875,1321032.0,2.6836179615050963e+20,9.028927605451866e-05,36762198818467.21,1040334.0,528924,301915,1778696.2416577,2.8144085754376e+20,16839.565185546875
2022-11-11,17583.251953125,17650.943359375,16543.482421875,17034.29296875,55871616488,323753091172.5,1434077.3529411764,2.6515919343236825e+20,7.841703574677622e-05,36762198818467.21,934850.0,484585,277004,1559851.85725856,2.3535664310021e+20,17202.99267578125
2022-11-12,17036.875,17066.67578125,16651.775390625,16799.185546875,29717699419,324538043746.875,1038008.220338983,2.720778861219936e+20,7.274615864327182e-05,36762198818467.21,941280.0,483506,262337,846897.44034,2.9893104534292e+20,16888.6279296875
2022-11-13,16799.72265625,16920.765625,16320.634765625,16353.365234375,27209183682,317979858606.25,1242653.5925925926,2.6995809967634307e+20,6.71360810698708e-05,36762198818467.21,865293.0,438982,229037,505563.75881057,2.5469693886368e+20,16598.6220703125
2022-11-14,16352.0283203125,17109.32421875,15872.94140625,16618.19921875,49630243054,318341065087.5,1248598.9389312975,2.658104761402248e+20,7.998284732845883e-05,36762198818467.21,916780.0,447774,249051,630939.32172476,2.4799650682899e+20,16488.123291015625
2022-11-15,16617.484375,17051.962890625,16542.55078125,16884.61328125,36599436183,326121520916.25,1342175.2482269504,2.6470570289606843e+20,0.0001284160299709,36762198818467.21,931909.0,445477,263789,754924.67162718,2.4817591248e+20,16774.15283203125
2022-11-16,16884.341796875,16960.294921875,16430.111328125,16669.439453125,33925512989,317374406840.25,1324193.9444444445,2.618746910743343e+20,0.0001281305877777,36762198818467.21,927783.0,434036,264862,620447.06027003,2.7207819382919e+20,16736.046875
2022-11-17,16670.42578125,16726.439453125,16460.68359375,16687.517578125,27868914022,317796069230.625,1295573.469387755,2.598358125131245e+20,0.0001322173237684,36762198818467.21,897681.0,421925,258027,566922.72487011,2.7194711677497e+20,16636.2666015625
2022-11-18,16687.912109375,16947.05859375,16564.611328125,16697.77734375,26862218609,320342427957.5,1365204.5652173914,2.6553862461768984e+20,0.0001541702159619,36762198818467.21,923305.0,444399,274678,751401.64175004,2.4715810786155e+20,16724.33984375
2022-11-19,16696.220703125,16797.876953125,16570.41015625,16711.546875,16106223492,320225721574.0,1412986.2846153846,2.551598692860079e+20,0.0001258919639281,36762198818467.21,959343.0,435497,267189,459125.97626445,2.6214706373737e+20,16694.013671875
2022-11-20,16712.919921875,16746.779296875,16248.6923828125,16291.83203125,21313378652,318294154828.125,1529419.754601227,2.601075837541885e+20,8.67514402762162e-05,36762198818467.21,1136304.0,412084,238364,424295.35247998,2.7874693978261e+20,16500.055908203125
2022-11-21,16291.2236328125,16291.2236328125,15599.046875,15787.2841796875,37429485518,309519274143.75,1323727.3953488371,2.5888029237233648e+20,8.643440203162417e-05,36950494067222.414,897737.0,402099,241777,421200.65232639,2.4730027088969e+20,15992.194580078125
2022-11-22,15782.30078125,16253.0478515625,15656.6064453125,16189.76953125,30726828760,312693653757.1875,1435228.4113475175,2.598197057897385e+20,9.88297434017338e-05,36950494067222.414,992536.0,454519,285037,562233.26356106,2.4405069282565e+20,15970.43115234375
2022-11-23,16195.5888671875,16638.193359375,16170.5029296875,16610.70703125,32958875628,315564259602.0,1471433.1860465116,2.556372834572438e+20,0.0001091320976911,36950494067222.414,938898.0,428438,258570,550813.28376953,2.4889825424871e+20,16403.748046875
2022-11-24,16611.63671875,16771.474609375,16501.767578125,16604.46484375,26129037414,317998784906.25,1560452.7142857143,2.513117656666629e+20,0.0001158151539235,36950494067222.414,958072.0,418809,253535,518324.69810186,2.4011022817769e+20,16622.3359375
2022-11-25,16602.26953125,16603.31640625,16388.404296875,16521.841796875,18678255976,317186219956.875,1528674.977443609,2.5214444066556858e+20,9.848750657311324e-05,36950494067222.414,995365.0,420593,257108,386163.89232501,2.4254119254484e+20,16528.9580078125
2022-11-26,16521.576171875,16666.86328125,16416.228515625,16464.28125,18000008764,317291733161.25,1540151.2181818185,2.4283910511191684e+20,0.0001064357695253,36950494067222.414,903782.0,419016,253286,373566.52963002,2.0450562841861e+20,16517.2373046875
2022-11-27,16463.8828125,16594.40625,16437.025390625,16444.626953125,20443898509,318368021822.5,1185298.5496183203,2.392694415770404e+20,9.043853500242728e-05,36950494067222.414,788811.0,366103,212171,269656.17282566,2.3228992852505e+20,16484.9853515625
2022-11-28,16440.22265625,16482.93359375,16054.5302734375,16217.322265625,27743025156,310205883550.0,1307345.4848484849,2.37694436490994e+20,8.167399363628947e-05,36950494067222.414,870337.0,395959,245140,448405.01654036,2.4410732487163e+20,16298.752197265625
2022-11-29,16217.6396484375,16522.2578125,16139.396484375,16444.982421875,23581685468,315023078240.0,1333999.6785714286,2.3884762686949687e+20,8.633815630911386e-05,36950494067222.414,974495.0,445858,279651,411148.14534032,2.5191619218725e+20,16331.069091796875
2022-11-30,16445.4765625,17190.9375,16445.4765625,17168.56640625,29523576583,324303580718.75,1247365.572463768,2.404502190657994e+20,8.80159882117412e-05,36950494067222.414,896274.0,405621,259241,414905.49981081,2.6158227212826e+20,16812.6142578125
2022-12-01,17168.001953125,17197.498046875,16888.388671875,16967.1328125,22895392882,326301481982.5,1263000.6013071896,2.433060083772267e+20,0.0001045781483146,36950494067222.414,996699.0,458675,284746,457193.68260555,2.6903067753744e+20,17055.25537109375
2022-12-02,16968.68359375,17088.66015625,16877.880859375,17088.66015625,19539705127,325771486741.875,1381221.303030303,2.433219214942617e+20,0.0001020434821535,36950494067222.414,951101.0,464582,292523,402263.33436431,2.5309609093499e+20,17005.97119140625
2022-12-03,17090.09765625,17116.041015625,16888.140625,16908.236328125,16217776704,326151681680.0,1377241.0406504066,2.4470763844512704e+20,0.0001039188477795,36950494067222.414,889810.0,426559,254795,304813.4392714,2.2703626887775e+20,17000.62890625
2022-12-04,16908.169921875,17157.767578125,16903.439453125,17130.486328125,16824520830,327705644921.875,1111852.5488721805,2.5046729977032963e+20,8.391010054069987e-05,36950494067222.414,795706.0,377563,217126,204543.454916,2.470981547272e+20,17024.9658203125
2022-12-05,17128.89453125,17378.15234375,16922.431640625,16974.826171875,22209086834,328584429501.0,1252209.1294964028,2.53161429930606e+20,7.75119963639207e-05,36950494067222.414,917519.0,416862,255770,304270.26448341,2.5528109792971e+20,17101.076171875
2022-12-06,16975.23828125,17091.86328125,16939.921875,17089.50390625,19889922369,326657855160.0,1220675.346666667,2.552911775774779e+20,7.739351777442415e-05,34244331613176.184,936498.0,413037,267041,402431.93563683,2.5677153351352e+20,17024.1318359375
2022-12-07,17089.505859375,17109.376953125,16750.55859375,16848.126953125,19675404389,323937681595.625,1183938.1073825504,2.502371523431352e+20,8.173089096363256e-05,34244331613176.184,896074.0,428528,273019,349622.57610948,2.5551551835785e+20,16949.39208984375
2022-12-08,16847.349609375,17267.916015625,16788.783203125,17233.474609375,20496603770,325663223047.0625,976113.4411764706,2.5242137017612363e+20,5.722893564674979e-05,34244331613176.184,861186.0,419959,264198,298571.22180176,2.9126052730523e+20,17034.380859375
2022-12-09,17232.1484375,17280.546875,17100.8359375,17133.15234375,20328426366,330408812947.5,1083735.6585365853,2.6052746680808967e+20,5.251766530878399e-05,34244331613176.184,918522.0,443834,272974,383497.56217717,2.7634660248403e+20,17186.6708984375
2022-12-10,17134.220703125,17216.826171875,17120.68359375,17128.724609375,12706781969,331057803401.875,1305831.355263158,2.6642247726457065e+20,5.5849579373696216e-05,34244331613176.184,885424.0,398806,245919,296297.22610522,2.5241858300357e+20,17150.11376953125
2022-12-11,17129.7109375,17245.634765625,17091.8203125,17104.193359375,14122486832,329976707620.625,1104789.8857142858,2.6303293638846297e+20,4.031281353377351e-05,34244331613176.184,807762.0,383955,221579,241181.39705317,2.557300366563e+20,17142.83984375
2022-12-12,17102.5,17212.564453125,16899.39453125,17206.4375,19617581341,327219461100.0,1042172.6375838926,2.603487764668617e+20,4.037910058324385e-05,34244331613176.184,822861.0,394876,237465,295786.41336276,2.5335171942726e+20,17105.22412109375
2022-12-13,17206.44140625,17930.0859375,17111.763671875,17781.318359375,26634741631,341403948020.0,1252163.3243243245,2.6364939412781744e+20,5.111752781964308e-05,34244331613176.184,958037.0,462021,287297,520366.93171969,2.509194570609e+20,17507.40234375
2022-12-14,17782.06640625,18318.53125,17739.513671875,17815.650390625,25534481470,347555559998.75,1076145.3086419753,2.5944440957458983e+20,4.7153852577895816e-05,34244331613176.184,899331.0,442751,273731,395162.34421893,2.8035073955562e+20,17913.9404296875
2022-12-15,17813.64453125,17846.744140625,17322.58984375,17364.865234375,20964448341,334959068907.5,1274098.147887324,2.5482059925355908e+20,7.201366009241599e-05,34244331613176.184,928519.0,457135,281553,402886.41055237,2.3708968316479e+20,17586.9609375
2022-12-16,17364.546875,17505.525390625,16584.701171875,16647.484375,24031608960,326527414455.0,1152547.255033557,2.523788390823783e+20,5.839673946616138e-05,34244331613176.184,893936.0,460580,273903,430054.86552948,2.5246988848898e+20,17025.564453125
2022-12-17,16646.982421875,16800.58984375,16614.029296875,16795.091796875,14463581825,321283072130.625,1353071.4672131147,2.4601487276994072e+20,7.377888827380471e-05,34244331613176.184,885407.0,441925,260127,358576.30630256,2.1644199583209e+20,16714.17333984375
2022-12-18,16795.609375,16815.38671875,16697.8203125,16757.9765625,10924354698,322380789067.5,1144710.8358208956,2.4559348393194488e+20,6.163586460817901e-05,34244331613176.184,888647.0,217594,115295,214097.29700555,2.3625853942304e+20,16766.6982421875
2022-12-19,16759.041015625,16807.52734375,16398.13671875,16439.6796875,17221074814,320785906881.25,1137297.3904109588,2.458285039946039e+20,6.391632867163032e-05,35364065900457.12,891887.0,215106,231818,289674.78063597,2.5464712771718e+20,16601.09619140625
2022-12-20,16441.787109375,17012.984375,16427.8671875,16906.3046875,22722096615,325737009622.5,1333015.9855072463,2.44789586861398e+20,6.550999310882945e-05,35364065900457.12,915610.0,432416,274264,443820.88181031,2.379195093337e+20,16697.23583984375
2022-12-21,16904.52734375,16916.80078125,16755.912109375,16817.53515625,14882945045,324347209921.875,1263007.7194244603,2.383424352903072e+20,6.631411116630788e-05,35364065900457.12,899127.0,428265,271755,386999.65330607,2.4699908416686e+20,16848.69384765625
2022-12-22,16818.380859375,16866.673828125,16592.408203125,16830.341796875,16441573050,320101337772.5,1271739.6917293232,2.392349674349745e+20,6.080785337292982e-05,35364065900457.12,892068.0,434505,272078,354257.62797172,2.4230644488167e+20,16776.951171875
2022-12-23,16829.64453125,16905.21875,16794.458984375,16796.953125,15329265213,323979492890.625,1186845.510791367,2.378219975599593e+20,6.324420471192328e-05,35364065900457.12,855216.0,430388,264860,389562.34863386,2.5040472853027e+20,16831.56884765625
2022-12-24,16796.9765625,16864.703125,16793.52734375,16847.755859375,9744636213,324096164062.5,1458980.4660194174,2.3293975070480227e+20,7.054209139177859e-05,35364065900457.12,813142.0,412658,249738,303021.22432208,1.8959427798561e+20,16825.74072265625
2022-12-25,16847.505859375,16860.5546875,16755.25390625,16841.986328125,11656379938,323444041200.0,1059770.6076923078,2.323878406013922e+20,7.674959733978811e-05,35364065900457.12,720912.0,349660,209457,188966.01896709,2.0691370943943e+20,16826.3251953125
2022-12-26,16842.25,16920.123046875,16812.369140625,16919.8046875,11886957804,323512979728.125,1033063.128,2.2965551029532472e+20,6.755574297129182e-05,35364065900457.12,696445.0,335399,202242,211282.16250138,2.3023392972618e+20,16873.63671875
2022-12-27,16919.291015625,16959.845703125,16642.072265625,16717.173828125,15748580239,323250181443.75,1302957.3983050848,2.2560487376856243e+20,8.692432793840218e-05,35364065900457.12,807426.0,380329,234294,269200.42654984,2.118875812546e+20,16809.595703125
2022-12-28,16716.400390625,16768.169921875,16497.556640625,16552.572265625,17005713920,318974917000.0,1134457.694267516,2.299287300174877e+20,8.975822973192167e-05,35364065900457.12,909354.0,433910,271264,293149.84441291,2.5303959124205e+20,16633.6748046875
2022-12-29,16552.322265625,16651.755859375,16508.68359375,16642.341796875,14472237479,319808221012.5,1221717.2432432433,2.3031161425636232e+20,8.033932937311452e-05,35364065900457.12,929163.0,442788,268167,399546.46498386,2.7437872601158e+20,16588.77587890625
2022-12-30,16641.330078125,16643.427734375,16408.474609375,16602.5859375,15929162910,318658609225.0,1308542.3916083917,2.319982767282552e+20,7.522356564217676e-05,35364065900457.12,945759.0,462066,277992,420375.37773729,2.5386023134968e+20,16573.95458984375
2022-12-31,16603.673828125,16628.986328125,16517.51953125,16547.49609375,11239186456,319467100980.625,1135557.6726190476,2.451730692147905e+20,6.14365233440782e-05,35364065900457.12,926784.0,453023,269276,339690.15458176,2.938331116713e+20,16574.4189453125
2023-01-01,16547.9140625,16630.439453125,16521.234375,16625.080078125,9244361700,318749262193.75,955498.8666666668,2.5386790796059083e+20,4.510404554561105e-05,35364065900457.12,736416.0,350247,198658,248250.8435666,2.6955814850953e+20,16581.1669921875
2023-01-02,16625.509765625,16759.34375,16572.228515625,16688.470703125,12097775227,322096019600.0,917719.3270440252,2.639995288235498e+20,3.5831588940690524e-05,35364065900457.12,753438.0,356770,212563,225258.19992217,2.6969085016031e+20,16661.38818359375
2023-01-03,16688.84765625,16760.447265625,16622.37109375,16679.857421875,13903079207,321053200481.25,1131252.013071895,2.7127205494673755e+20,3.987495690917039e-05,34093570325203.844,890157.0,405426,249357,380809.27820957,2.5750251444073e+20,16687.880859375
2023-01-04,16680.205078125,16964.5859375,16667.763671875,16863.23828125,18421743322,324399359375.0,1241965.7785234898,2.665722279890956e+20,5.320571626914006e-05,34093570325203.844,926555.0,424443,277298,469456.18179541,2.6843697806572e+20,16793.9482421875
2023-01-05,16863.47265625,16884.021484375,16790.283203125,16836.736328125,13692758566,324359638070.625,1207825.431372549,2.6880635508047223e+20,5.320541335027519e-05,34093570325203.844,928292.0,453489,280174,342504.46676297,2.5523358233902e+20,16843.62841796875
2023-01-06,16836.47265625,16991.994140625,16716.421875,16951.96875,14413662913,324326529675.0,1185853.2111801242,2.6716074735306408e+20,5.276766378672824e-05,34093570325203.844,931650.0,458611,277205,359311.87551618,2.6849943000062e+20,16874.21435546875
2023-01-07,16952.1171875,16975.017578125,16914.19140625,16955.078125,7714767174,326191213590.0,891654.0,2.686137022660561e+20,3.592905452136317e-05,34093570325203.844,804716.0,419085,261127,276206.01318121,3.0287990887466e+20,16949.10107421875
2023-01-08,16954.146484375,17091.14453125,16924.05078125,17091.14453125,9768827914,327698053998.75,936447.5225806452,2.692511823861045e+20,3.229030476945233e-05,34093570325203.844,771258.0,387261,234702,197398.57810051,2.5809980789066e+20,17015.12158203125
2023-01-09,17093.9921875,17389.95703125,17093.9921875,17196.5546875,18624736866,332745356610.0,1111342.8413793102,2.671748167708189e+20,3.3137836627110734e-05,34093570325203.844,871343.0,412884,261402,400836.84994919,2.5539554739513e+20,17193.6240234375
2023-01-10,17192.94921875,17484.720703125,17162.990234375,17446.29296875,15808338949,333786107430.0,1412054.113095238,2.6761610937203445e+20,3.802133807868999e-05,34093570325203.844,1128748.0,463243,303876,451303.72527639,2.721792721344e+20,17321.73828125
2023-01-11,17446.359375,17934.896484375,17337.994140625,17934.896484375,18372283782,333795627646.25,1266313.1698113207,2.6911353471108304e+20,3.7901051346308006e-05,34093570325203.844,969730.0,452739,296886,413048.48274776,2.7983679990728e+20,17663.53662109375
2023-01-12,18117.59375,19030.087890625,17995.203125,18869.587890625,34971338710,348624125914.375,1309773.888888889,2.714210520970571e+20,5.0315944147145335e-05,34093570325203.844,935818.0,434374,282170,368178.3245244,2.4838123925758e+20,18503.1181640625
2023-01-13,18868.90625,19964.322265625,18753.1640625,19909.57421875,29225029694,370854857454.75,1328546.255033557,2.6005336213179816e+20,5.38499459041966e-05,34093570325203.844,1004481.0,505123,328861,466572.31141507,2.5741770644281e+20,19373.99169921875
2023-01-14,19910.537109375,21075.142578125,19907.828125,20976.298828125,38967784639,400499876205.0,1259181.0297619049,2.643725246677061e+20,5.1168788626044814e-05,34093570325203.844,1061195.0,501496,326852,475421.151584,2.7937787266883e+20,20467.45166015625
2023-01-15,20977.484375,20993.748046875,20606.986328125,20880.798828125,19298407543,403041056687.5,913216.8554216868,2.669931046459621e+20,3.55283889177831e-05,34093570325203.844,822487.0,427744,263413,284654.38408671,2.9050525399182e+20,20864.75439453125
2023-01-16,20882.224609375,21360.875,20715.74609375,21169.6328125,26792494050,404383494375.0,1027095.46875,2.748086355377968e+20,3.0274927918360817e-05,37590453655497.086,848269.0,418993,274966,355629.49411185,3.0266433343962e+20,21032.11962890625
2023-01-17,21175.833984375,21438.66015625,20978.533203125,21161.51953125,24999983362,407108640375.0,1253855.2322580644,2.7273360132664404e+20,3.891227216221265e-05,37590453655497.086,986753.0,462570,310506,403229.19119909,2.8175249916676e+20,21188.63671875
2023-01-18,21161.05078125,21564.501953125,20541.544921875,20688.78125,30005625418,404342067858.75,1330101.48630137,2.767573117660937e+20,4.734179002086353e-05,37590453655497.086,956065.0,463622,311069,403747.21957588,2.6813210953383e+20,20988.9697265625
2023-01-19,20686.74609375,21163.01171875,20685.380859375,21086.79296875,21152848261,402154772453.75,1343187.006993007,2.786202459951652e+20,5.454505518075509e-05,37590453655497.086,889570.0,443370,291859,388392.37335196,2.7811565499202e+20,20905.48291015625
2023-01-20,21085.373046875,22692.357421875,20919.126953125,22676.552734375,28799154319,407354729535.0,1272851.7615384615,2.7429551145953644e+20,5.906317428424573e-05,37590453655497.086,885618.0,464830,299614,326864.08995691,2.5612349053499e+20,21843.3525390625
2023-01-21,22677.427734375,23282.34765625,22511.833984375,22777.625,32442278429,443973935943.75,1254764.2482269504,2.714761818869905e+20,6.734214021773022e-05,37590453655497.086,912982.0,461579,301474,381679.32454779,2.494010444411e+20,22812.30859375
2023-01-22,22777.986328125,23056.73046875,22387.900390625,22720.416015625,24746386230,439382215687.5,1155625.7925925923,2.6934829325045105e+20,4.949005210206219e-05,37590453655497.086,813594.0,422287,255844,276262.14687443,2.6773834046525e+20,22735.75830078125
2023-01-23,22721.087890625,23126.486328125,22654.3046875,22934.431640625,26518700512,440709050430.0,1066586.076923077,2.6779589564695622e+20,5.592437127633265e-05,37590453655497.086,859918.0,414897,266874,306628.53612798,2.9149796527112e+20,22859.07763671875
2023-01-24,22929.626953125,23134.01171875,22549.744140625,22636.46875,26405069715,442019740001.25,1203060.6577181208,2.6804510001463496e+20,5.346036376814499e-05,37590453655497.086,918921.0,442959,299394,359485.07264311,2.7342389273821e+20,22812.462890625
2023-01-25,22639.267578125,23722.099609375,22406.076171875,23117.859375,30685366709,435351620850.0,1066918.827160494,2.726785848644441e+20,4.9961772954029e-05,37590453655497.086,886364.0,448324,301886,364788.57689132,2.8577762463591e+20,22971.32568359375
2023-01-26,23108.955078125,23237.078125,22911.373046875,23032.77734375,26357839322,442258489693.125,1092119.389937107,2.791595060516617e+20,3.828578865584115e-05,37590453655497.086,877481.0,445477,296029,335997.203206,3.1600087740957e+20,23072.5458984375
2023-01-27,23030.716796875,23417.720703125,22654.59375,23078.728515625,25383335641,442930692837.5,1063400.7658227847,2.867349051386697e+20,4.180375160392777e-05,37590453655497.086,860763.0,453552,296148,402681.90270445,2.942430467021e+20,23045.43994140625
2023-01-28,23079.96484375,23165.896484375,22908.845703125,23031.08984375,14712928379,443730035433.75,1149371.757961783,2.912188178645753e+20,5.279721359938409e-05,37590453655497.086,917185.0,464237,300043,337979.68539155,2.9600945087281e+20,23046.44921875
2023-01-29,23031.44921875,23919.890625,22985.0703125,23774.56640625,27423687259,453672620816.25,922195.18125,2.9271017356344014e+20,3.473095497704402e-05,39350942467772.63,766665.0,394237,246341,187346.14721437,3.1006537268059e+20,23427.744140625
2023-01-30,23774.6484375,23789.34765625,22657.58203125,22840.138671875,27205595568,446758748600.0,1179402.9,2.947927829305919e+20,3.175226347504835e-05,39350942467772.63,886273.0,444500,294229,307501.06461106,2.9874155565898e+20,23265.42919921875
2023-01-31,22840.796875,23225.021484375,22765.568359375,23139.283203125,22837828665,445703842706.875,1560442.0256410255,2.919307776492904e+20,4.992403713551616e-05,39350942467772.63,929465.0,465339,312531,408402.32078864,2.4134866811353e+20,22992.66748046875
2023-02-01,23137.8359375,23764.5390625,22877.75,23723.76953125,26683255504,443098359655.0,1540400.1023622048,2.803374004527765e+20,6.383097754929552e-05,39350942467772.63,968243.0,481029,330101,402486.50607459,2.4799296204653e+20,23375.9736328125
2023-02-02,23720.82421875,24167.2109375,23468.595703125,23471.87109375,32066936882,459699969646.25,1428140.4897959183,2.800215340084928e+20,6.405402216819911e-05,39350942467772.63,987365.0,489038,332368,391099.3444408,2.860391388814e+20,23707.12548828125
2023-02-03,23469.412109375,23678.103515625,23279.955078125,23449.322265625,27083066007,455059393587.5,1484398.3055555555,2.7646001746553045e+20,6.42748790923417e-05,39350942467772.63,1019661.0,524521,349647,354770.26232193,2.7416651470682e+20,23469.1982421875
2023-02-04,23446.3203125,23556.94921875,23291.794921875,23331.84765625,15639298538,451575147781.875,1671378.0153846154,2.7202429321192577e+20,8.224091906925185e-05,39350942467772.63,940407.0,465729,303111,269505.29704901,2.5942469811785e+20,23406.72802734375
2023-02-05,23332.248046875,23423.435546875,22841.759765625,22955.666015625,19564262605,445268747825.0,1672573.6097560977,2.750113781874753e+20,5.5900993883456834e-05,39350942467772.63,816648.0,427814,273684,275208.27528873,2.9690618618011e+20,23138.27734375
2023-02-06,22954.021484375,23119.279296875,22692.025390625,22760.109375,23825006542,443823627968.125,2021079.5625,2.681412662276171e+20,5.853873294475629e-05,39350942467772.63,845778.0,430753,287888,302770.37623169,2.7586565991887e+20,22881.35888671875
2023-02-07,22757.267578125,23310.974609375,22756.2578125,23264.291015625,27187964471,441678453836.25,2179106.3732394367,2.7248702247646265e+20,7.408042842118921e-05,39350942467772.63,891738.0,443295,292866,326546.83546346,2.7900549692742e+20,23022.19775390625
2023-02-08,23263.416015625,23367.958984375,22731.09765625,22939.3984375,25371367758,441118732657.5,2145237.4413793106,2.79708969609751e+20,5.964332197168328e-05,39350942467772.63,930617.0,459851,320376,322178.5460357,2.7879159233227e+20,23075.4677734375
2023-02-09,22946.56640625,22996.4375,21773.974609375,21819.0390625,32572572185,436037972145.0,2157731.737179487,2.8205821209261176e+20,5.903538879496002e-05,39350942467772.63,1005856.0,525650,354287,338822.8060442,3.0090050133124e+20,22384.00439453125
2023-02-10,21819.005859375,21941.185546875,21539.392578125,21651.18359375,27078406594,417774792680.625,2180443.5646258504,2.8377114950096247e+20,6.904162723539456e-05,39350942467772.63,907183.0,470961,310963,791041.91206042,3.0345001091013e+20,21737.69189453125
2023-02-11,21651.841796875,21891.41015625,21618.44921875,21870.875,16356226232,419288247896.875,2117441.3092105263,2.904488860949372e+20,9.05288091641078e-05,39350942467772.63,950823.0,469707,305147,732406.54215381,2.9060571715993e+20,21758.14404296875
2023-02-12,21870.90234375,22060.994140625,21682.828125,21788.203125,17821046406,423379515600.0,2604784.8846153845,2.9027312157483768e+20,8.382152232827647e-05,39156400059293.19,769571.0,401144,243167,429551.07738712,3.042052852723e+20,21850.73193359375
2023-02-13,21787.0,21898.4140625,21460.087890625,21808.1015625,23918742607,416336865861.875,2222964.2774193548,2.913298757341349e+20,7.174252821537533e-05,39156400059293.19,942750.0,437661,288761,393807.05361621,3.0325809691219e+20,21738.40087890625
2023-02-14,21801.822265625,22293.140625,21632.39453125,22220.8046875,26792596581,425033920987.5,2267855.6871165643,3.00469240946599e+20,8.170706028350647e-05,39156400059293.19,955388.0,460442,312656,408072.67021817,3.1421906286401e+20,21987.04052734375
2023-02-15,22220.5859375,24307.841796875,22082.76953125,24307.841796875,32483312909,440272032241.25,2284210.867549669,3.031363860777423e+20,0.0001054643494716,39156400059293.19,881277.0,451369,300940,399352.3887685,3.00496406868e+20,23229.759765625
2023-02-16,24307.349609375,25134.1171875,23602.5234375,23623.474609375,39316664596,482930226350.0,2146214.5721925134,3.093466055570226e+20,9.12803794082684e-05,39156400059293.19,1141936.0,529402,363408,615257.5906622,3.4222178910604e+20,24166.8662109375
2023-02-17,23621.283203125,24924.041015625,23460.755859375,24565.6015625,41358451255,465531087562.5,2014973.7142857143,3.1453568410942446e+20,9.254706494002748e-05,39156400059293.19,1018698.0,463819,308808,621572.36567196,3.2793459321284e+20,24142.92041015625
2023-02-18,24565.296875,24798.8359375,24468.373046875,24641.27734375,19625427158,476330417367.5,2051651.343373494,3.198996240383324e+20,7.46695336598251e-05,39156400059293.19,1022908.0,445492,298323,441881.00459867,3.3021747162286e+20,24618.44580078125
2023-02-19,24640.02734375,25093.0546875,24327.642578125,24327.642578125,25555105670,481025813190.0,2232725.233532934,3.2360634308172146e+20,6.889195161013328e-05,39156400059293.19,950549.0,393964,250383,278014.84108064,3.2649986591785e+20,24597.091796875
2023-02-20,24336.623046875,25020.458984375,23927.91015625,24829.1484375,28987376573,481310315985.0,2239794.5194805195,3.202265418196955e+20,6.332655869983063e-05,39156400059293.19,877026.0,392491,262735,377888.78459183,3.0073369968426e+20,24528.53515625
2023-02-21,24833.048828125,25126.8515625,24200.36328125,24436.353515625,31252098714,474030063067.5,2101400.675324675,3.180677814093264e+20,6.363617758219732e-05,39156400059293.19,932539.0,419816,283373,447858.45254609,3.0196890850606e+20,24649.154296875
2023-02-22,24437.41796875,24472.33984375,23644.318359375,24188.84375,30199996781,457961265562.5,1839284.612244898,3.1259336963665147e+20,6.393397870291134e-05,39156400059293.19,960683.0,418860,279287,490704.30828419,2.9614889559812e+20,24185.72998046875
2023-02-23,24190.71875,24572.08984375,23693.919921875,23947.4921875,30476264066,462365175387.5,2021099.520958084,3.1277908317252754e+20,6.516630716122826e-05,39156400059293.19,1026471.0,456334,293162,494056.58064697,3.0978547686315e+20,24101.05517578125
2023-02-24,23946.0078125,24103.705078125,23007.072265625,23198.126953125,26811744928,451212464543.75,1930948.92,3.056613417447898e+20,5.957935275102678e-05,39156400059293.19,1008650.0,470050,297289,450557.30441419,3.0088977695039e+20,23563.72802734375
2023-02-25,23200.125,23210.2109375,22861.55859375,23175.375,16100721565,444156323428.125,1766543.275229358,2.915071733506844e+20,6.418485616683333e-05,43053844193928.45,825435.0,427523,273998,335478.1129373,2.551466243356e+20,23111.8173828125
2023-02-26,23174.150390625,23654.3671875,23084.220703125,23561.212890625,16644534842,448660689298.75,2145136.922535212,2.8996927945710544e+20,5.876490859561439e-05,43053844193928.45,835884.0,416893,266508,272516.38814074,2.899570097463e+20,23368.48779296875
2023-02-27,23561.451171875,23857.890625,23205.87890625,23522.87109375,22660763494,454720264008.75,1640101.945945946,2.940238170458513e+20,6.106968366987446e-05,43053844193928.45,890119.0,410578,269655,297724.51966624,3.3218865885262e+20,23537.02294921875
2023-02-28,23521.837890625,23585.384765625,23077.650390625,23147.353515625,20535363434,454062397915.0,1930905.9931972788,2.9461796480562083e+20,7.940207956948502e-05,43053844193928.45,1014861.0,480788,327236,458910.22151092,3.0430011038134e+20,23333.056640625
2023-03-01,23150.9296875,23880.6328125,23088.626953125,23646.55078125,24662841200,457818660525.0,1928868.8766233767,3.013634146668544e+20,7.664319430788015e-05,43053844193928.45,1031454.0,537683,370196,501961.94455421,3.210249304718e+20,23441.68505859375
2023-03-02,23647.01953125,23739.138671875,23245.021484375,23475.466796875,20386398516,451233867343.75,2202678.0875,3.0387165448884814e+20,6.273423831114449e-05,43053844193928.45,958014.0,511291,346270,384893.51787198,3.5135563427373e+20,23526.66162109375
2023-03-03,23476.6328125,23479.34765625,22213.23828125,22362.6796875,26062404610,431340060731.25,1803641.3265306123,3.065475538995189e+20,8.36025978397845e-05,43053844193928.45,1013142.0,508812,340429,399178.21914066,3.2382089046158e+20,22882.974609375
2023-03-04,22362.923828125,22405.177734375,22198.98046875,22353.349609375,11166012913,430966585553.125,2152340.26875,3.271460365289432e+20,7.136279277760044e-05,43053844193928.45,952203.0,504439,332078,349067.35838981,3.4159795959944e+20,22330.10791015625
2023-03-05,22354.14453125,22613.685546875,22307.142578125,22435.513671875,13317001733,433413849221.875,2005512.32278481,3.245197688542848e+20,6.066318180719855e-05,43053844193928.45,979401.0,431005,289697,303618.68645805,3.4033367737023e+20,22427.62158203125
2023-03-06,22436.81640625,22584.29296875,22331.314453125,22429.7578125,17353192895,435556078050.0,1944756.475524476,3.259623664739302e+20,6.156190845390907e-05,43053844193928.45,882406.0,429034,298844,350436.17412214,3.1009215188607e+20,22445.54541015625
2023-03-07,22428.322265625,22527.41796875,22011.26171875,22219.76953125,22765452204,431268561220.0,1998354.86875,3.3328508452950684e+20,7.86206484710667e-05,43053844193928.45,1052216.0,518454,365876,489134.37245978,3.2077619445066e+20,22296.69287109375
2023-03-08,22216.44140625,22268.896484375,21708.05078125,21718.080078125,22536575684,427802725466.25,1961381.888111888,3.2592303930720374e+20,7.455218195967316e-05,43053844193928.45,898055.0,445185,300693,532313.2608884,3.2775266351902e+20,21977.8671875
2023-03-09,21720.080078125,21802.716796875,20210.306640625,20363.021484375,30364664171,418311322125.0,1823957.4273504275,3.1464828678521265e+20,0.0001245929276552,43053844193928.45,825359.0,421233,295004,428143.57433095,2.7587340480645e+20,21024.03125
2023-03-10,20367.001953125,20370.595703125,19628.25390625,20187.244140625,39578257695,386675333237.5,1730717.035971223,3.113648586307184e+20,0.0001343157249765,43053844193928.45,996135.0,507525,356515,550327.01685041,2.8562250022253e+20,20138.27392578125
2023-03-11,20187.876953125,20792.525390625,20068.66015625,20632.41015625,30180288176,388434915050.0,2207700.7529411763,3.141776886106115e+20,0.000101691033656,43551722213590.37,1009284.0,534313,346624,530410.62190434,3.4017317048497e+20,20420.3681640625
2023-03-12,20628.029296875,22185.03125,20448.806640625,22163.94921875,29279035521,396989021405.0,2426678.398773006,3.1714684114531864e+20,8.357427871605518e-05,43551722213590.37,847247.0,442729,272722,361394.55577538,3.5934988051279e+20,21356.4541015625
2023-03-13,22156.40625,24550.837890625,21918.19921875,24197.533203125,49466362688,465617711130.0,2162569.617834395,3.244274964777052e+20,8.192765924998889e-05,43551722213590.37,936274.0,437783,292449,438300.92543415,3.4393767742375e+20,23205.744140625
2023-03-14,24201.765625,26514.716796875,24081.18359375,24746.07421875,54622230164,502167746306.25,1818117.1266666667,3.204765971068968e+20,9.554074826583904e-05,43551722213590.37,1020800.0,486980,345412,667553.13170232,3.3144783391679e+20,24885.93505859375
2023-03-15,24770.92578125,25240.615234375,23964.91015625,24375.9609375,43655701450,475829970962.5,1827707.176470588,3.197224813403944e+20,0.0001000520877299,43551722213590.37,975690.0,481045,342027,513226.23463773,3.100390078125e+20,24588.10302734375
2023-03-16,24373.45703125,25190.326171875,24225.111328125,25052.7890625,33866061747,482044794772.5,2021597.788321168,3.229207306165636e+20,0.0001101943257042,43551722213590.37,884905.0,447675,290644,481677.78942478,3.03443177657e+20,24710.4208984375
2023-03-17,25055.123046875,27787.8125,24955.169921875,27423.9296875,50730261335,510846132347.5,1930721.0633802817,3.255210346368369e+20,0.0001185124472648,43551722213590.37,1019949.0,479356,324072,486645.90929185,3.0546562914846e+20,26305.5087890625
2023-03-18,27448.1171875,27725.953125,26636.26171875,26965.87890625,35723036817,527105066446.25,2091150.975757576,3.264769624384221e+20,0.0001298108359958,43551722213590.37,1046157.0,506640,332705,526929.07389215,3.4358583505881e+20,27194.052734375
2023-03-19,26969.50390625,28440.560546875,26907.716796875,28038.67578125,37769448859,533509196512.5,2431436.6710526315,3.2151728455100544e+20,0.0001065541355344,43551722213590.37,809209.0,415859,262590,358563.55623889,3.3487618789159e+20,27589.1142578125
2023-03-20,28041.6015625,28527.724609375,27242.880859375,27767.236328125,44774027664,536031787178.75,2072635.059602649,3.194316639800075e+20,8.985488049921232e-05,43551722213590.37,939265.0,462006,326274,461418.23528054,3.3025595632754e+20,27894.86083984375
2023-03-21,27768.392578125,28439.5625,27439.646484375,28175.81640625,36102192830,543169356571.25,1936111.6666666667,3.1851649059801734e+20,8.672859935764899e-05,43551722213590.37,968779.0,450002,321631,554046.51391924,3.1654598430905e+20,27955.8544921875
2023-03-22,28158.720703125,28803.3359375,26759.99609375,27307.4375,33382021890,556286931225.0,2165340.176829268,3.25558129962168e+20,0.0001076148563822,43551722213590.37,967308.0,475142,315908,541256.84124911,3.3933179263084e+20,27757.37255859375
2023-03-23,27301.95703125,28729.84375,27183.36328125,28333.97265625,24220433689,553685676677.5,2338323.8372093025,3.366330105814344e+20,0.0001301525027727,43551722213590.37,920385.0,436595,298437,520535.05280652,3.7002596451163e+20,27887.2841796875
2023-03-24,28324.111328125,28388.4375,27039.265625,27493.28515625,25980310960,544791061575.0,2497579.052631579,3.465392325648486e+20,0.0001493238211957,46843400286276.55,861476.0,438858,288483,569881.33881908,3.9896326331169e+20,27811.27490234375
2023-03-25,27487.337890625,27791.826171875,27196.234375,27494.70703125,13383005987,535338001030.0,2068363.3541666667,3.4598918627593e+20,0.0001237201793668,46843400286276.55,898620.0,448377,292306,352486.7548908,3.5795791539166e+20,27492.5263671875
2023-03-26,27495.5234375,28178.14453125,27445.046875,27994.330078125,13878363192,539198297000.0,2323500.775510204,3.469821633214827e+20,8.663708901207095e-05,46843400286276.55,844257.0,421832,277277,279354.08306629,3.4259620437544e+20,27778.26123046875
2023-03-27,27994.068359375,28037.92578125,26606.689453125,27139.888671875,18188895178,520327037733.75,2020964.8987341768,3.552412445616001e+20,7.813893159573299e-05,46843400286276.55,996422.0,431668,290976,311237.37963116,3.4273441065636e+20,27444.64306640625
2023-03-28,27132.888671875,27460.71875,26677.818359375,27268.130859375,17783600385,521807285300.625,1801205.6666666667,3.520652214709774e+20,8.337338281967959e-05,46843400286276.55,950765.0,451842,316653,374787.02409543,3.2768186676386e+20,27134.88916015625
2023-03-29,27267.03125,28619.54296875,27259.662109375,28348.44140625,20684945906,550214042437.5,1947232.3863636365,3.485772712932353e+20,8.555290098336765e-05,46843400286276.55,927073.0,447455,307413,342702.83820858,3.1874906434214e+20,27873.66943359375
2023-03-30,28350.140625,29159.90234375,27720.16015625,28033.5625,22435349951,547186903100.0,2055068.7337662333,3.4300994345075606e+20,8.680811604850982e-05,46843400286276.55,967979.0,482163,325295,378012.01130905,3.5825967517536e+20,28315.94140625
2023-03-31,28032.26171875,28639.896484375,27583.71484375,28478.484375,19001327598,550905589187.5,1914771.612244898,3.383255405972541e+20,8.141208981588201e-05,46843400286276.55,1014933.0,470832,306271,506524.84144967,3.5212846413767e+20,28183.58935546875
2023-04-01,28473.33203125,28802.45703125,28297.171875,28411.03515625,10876469901,549558498500.0,1748567.3194444445,3.382048001187929e+20,0.0001187900461053,46843400286276.55,1093239.0,536116,335753,379922.75029379,3.1594014053539e+20,28495.9990234375
2023-04-02,28462.845703125,28518.958984375,27884.087890625,28199.30859375,12284641999,544518606450.0,1853538.1095890407,3.392310123008162e+20,7.589898106942246e-05,46843400286276.55,1016990.0,459080,322230,273261.32675294,3.4761013741372e+20,28266.30029296875
2023-04-03,28183.080078125,28475.623046875,27276.720703125,27790.220703125,19556501327,543325600756.25,1798094.4265734265,3.338417041055135e+20,6.922527245785145e-05,46843400286276.55,958451.0,472723,366442,322476.93061277,3.4144709911431e+20,27931.4111328125
2023-04-04,27795.2734375,28433.7421875,27681.3046875,28168.08984375,15284538859,542248679787.5,1769214.9444444445,3.368515450005212e+20,8.989900903935013e-05,46843400286276.55,1029465.0,520560,371155,471763.83790288,3.3202613525835e+20,28019.6025390625
2023-04-05,28169.7265625,28739.23828125,27843.763671875,28177.984375,17052315986,543878789062.5,1817070.587412588,3.389514976398047e+20,8.666246693634304e-05,46843400286276.55,984031.0,507022,365129,523305.3497972,3.4794452610296e+20,28232.67822265625
2023-04-06,28175.2265625,28178.384765625,27738.759765625,28044.140625,13837809380,544196997750.0,1957954.71875,3.4260251248804325e+20,9.381210192192092e-05,47887764338536.25,1051863.0,568910,355998,495545.37001043,3.553981545814e+20,28034.1279296875
2023-04-07,28038.966796875,28111.59375,27794.03125,27925.859375,10861680497,540314633950.0,1825403.644927536,3.405885119924227e+20,8.316226551023283e-05,47887764338536.25,954738.0,529673,347851,388402.7052222,3.5032165195772e+20,27967.61279296875
2023-04-08,27920.513671875,28159.86328125,27883.38671875,27947.794921875,9373255556,541926764250.0,2088351.04,3.414954396282132e+20,7.211668815940211e-05,47887764338536.25,906470.0,480542,333446,277890.56320998,3.4881270273326e+20,27977.8896484375
2023-04-09,27952.3671875,28532.830078125,27828.48046875,28333.05078125,12175322951,540388105537.5,2166579.8625,3.494248311138275e+20,5.9158612256970334e-05,47887764338536.25,964042.0,437745,317811,261188.75886009,3.6193047591006e+20,28161.68212890625
2023-04-10,28336.02734375,29771.46484375,28189.271484375,29652.98046875,19282400094,550313467500.0,1627578.174603175,3.432783061715612e+20,7.062478070380367e-05,47887764338536.25,884398.0,398805,278231,285342.72666742,3.2405778462967e+20,28987.43603515625
2023-04-11,29653.6796875,30509.083984375,29609.30078125,30235.05859375,20121259843,584208234225.0,1644671.8115942029,3.430480675704327e+20,7.984283471527067e-05,47887764338536.25,1020119.0,473048,345047,487994.81128136,3.2802055105801e+20,30001.78076171875
2023-04-12,30231.58203125,30462.48046875,29725.57421875,30139.052734375,18651929926,580157150625.0,1899454.987654321,3.515356793865333e+20,7.934448968815914e-05,47887764338536.25,1053451.0,501437,356047,783950.75647141,3.713643400962e+20,30139.67236328125
2023-04-13,29892.740234375,30539.845703125,29878.623046875,30399.06640625,17487721001,589313398781.25,1717519.5185185184,3.4298861523070484e+20,7.466404339575687e-05,47887764338536.25,979347.0,468167,321460,386945.16404691,3.4089028510967e+20,30177.56884765625
2023-04-14,30409.5625,31005.607421875,30044.498046875,30485.69921875,22659995079,585452434750.0,1895393.103448276,3.450349674794898e+20,7.927942245925254e-05,47887764338536.25,981274.0,460454,317259,438391.92490771,3.4960700740392e+20,30486.341796875
2023-04-15,30490.75,30601.740234375,30245.8828125,30318.49609375,11940685378,588424030012.5,1783061.846625767,3.4863690850945525e+20,8.741208644096476e-05,47887764338536.25,1095489.0,465860,307308,598042.33033005,3.6279364951449e+20,30414.21728515625
2023-04-16,30315.9765625,30555.537109375,30157.83203125,30315.35546875,12854816417,587384414050.0,1853845.8449612404,3.409036003407693e+20,7.315589381999171e-05,47887764338536.25,837370.0,378384,241100,349051.87290096004,3.3342975375128e+20,30336.17529296875
2023-04-17,30317.146484375,30319.197265625,29275.37109375,29445.044921875,17872186762,568412818906.25,1801913.3529411764,3.498163496157095e+20,6.087939449044469e-05,47887764338536.25,920621.0,414256,299153,377685.88489652,3.3899414380761e+20,29839.18994140625
2023-04-18,29449.091796875,30470.302734375,29154.849609375,30397.552734375,19480529496,583225712662.5,1803978.049689441,3.5643544927130065e+20,6.936843361182519e-05,47887764338536.25,1092611.0,443556,311200,416293.61784089,3.8685727523382e+20,29867.94921875
2023-04-19,30394.1875,30411.0546875,28669.8984375,28822.6796875,24571565421,566242378050.0,1816812.0507246377,3.4751548175980115e+20,6.305467090588727e-05,47887764338536.25,934762.0,427325,294551,347226.42408069,3.5369445039831e+20,29574.455078125
2023-04-20,28823.68359375,29076.400390625,28037.2578125,28245.98828125,21340360360,553458262500.0,1697680.6849315069,3.5264162989479454e+20,6.954171177111965e-05,48712405953118.43,1009755.0,448259,306326,331005.36192866,3.440012332127e+20,28545.83251953125
2023-04-21,28249.23046875,28349.96875,27177.365234375,27276.91015625,20759504330,541656422775.0,1667781.634920635,3.460547103536618e+20,7.465993492327716e-05,48712405953118.43,938088.0,485501,325001,420295.94275694,3.1589945071088e+20,27763.36865234375
2023-04-22,27265.89453125,27872.142578125,27169.5703125,27817.5,13125734602,532220390625.0,1744457.0628930817,3.4708580219504126e+20,5.625661311963901e-05,48712405953118.43,964244.0,462351,351031,374516.70459874,3.7006109141457e+20,27531.27685546875
2023-04-23,27816.14453125,27820.244140625,27400.314453125,27591.384765625,12785446832,531741583612.5,1600305.718309859,3.518984702569793e+20,3.4882090342900386e-05,48712405953118.43,786224.0,407022,408311,257819.30409389,3.5338757135925e+20,27657.02197265625
2023-04-24,27591.73046875,27979.982421875,27070.849609375,27525.33984375,17703288330,527875221881.25,1730259.1357142858,3.466995230744632e+20,4.083521830168496e-05,48712405953118.43,903717.0,421645,395439,282160.84044091,3.4063190076832e+20,27541.9755859375
2023-04-25,27514.873046875,28371.078125,27207.931640625,28307.59765625,17733373139,529678137218.75,1622592.853846154,3.4054368672719385e+20,7.114761724348098e-05,48712405953118.43,911500.0,405155,364242,317738.73337063,3.1992939288782e+20,27850.3701171875
2023-04-26,28300.05859375,29995.837890625,27324.548828125,28422.701171875,31854242019,577067902800.0,1611723.4452554744,3.375657060370827e+20,6.623592068127825e-05,48712405953118.43,903123.0,434096,447864,311270.69173531,3.263320776215e+20,28510.78662109375
2023-04-27,28428.46484375,29871.546875,28402.88671875,29473.787109375,27153445027,564760715156.25,1538348.7322834646,3.304125748145197e+20,9.691625187333692e-05,48712405953118.43,889350.0,432874,392348,362477.00857666,3.1097158937652e+20,29044.17138671875
2023-04-28,29481.013671875,29572.791015625,28929.609375,29340.26171875,17544464887,564438517968.75,1615971.861111111,3.366732502352575e+20,9.52871412241226e-05,48712405953118.43,899130.0,450019,484641,330190.14741431,3.499826357804e+20,29330.9189453125
2023-04-29,29336.56640625,29452.455078125,29088.04296875,29248.48828125,10662634333,568218116287.5,1585508.8473282442,3.311431752266828e+20,9.386165444457818e-05,48712405953118.43,843764.0,422335,440323,259458.18198059,3.2313003959797e+20,29281.38818359375
2023-04-30,29245.515625,29952.029296875,29114.021484375,29268.806640625,14652199272,577558520550.0,1645388.660130719,3.3279757427224294e+20,8.078121634334847e-05,48712405953118.43,774460.0,394934,587811,247214.06001175,3.5680110446212e+20,29395.09326171875
2023-05-01,29227.103515625,29329.935546875,27680.79296875,28091.568359375,18655599976,545352201712.5,1647510.2147239265,3.4175033018251e+20,9.655115430913346e-05,48712405953118.43,845445.0,420605,605609,284209.00881462,3.9368035017395e+20,28582.35009765625
2023-05-02,28087.17578125,28881.298828125,27924.123046875,28680.537109375,16432924527,553044839343.75,1647855.86013986,3.445886637799703e+20,0.0001534165571091,48712405953118.43,776181.0,376827,536613,288040.00226316,3.6638613552929e+20,28393.28369140625
2023-05-03,28680.494140625,29259.533203125,28178.388671875,29006.30859375,19122972518,548655386531.25,1620677.9436619717,3.4663555916052346e+20,0.0002927780214914,48712405953118.43,958488.0,450086,487357,295432.71217825,3.3542307239115e+20,28781.18115234375
2023-05-04,29031.3046875,29353.185546875,28694.0390625,28847.7109375,15548678514,559777944825.0,1606853.0657894737,3.5592521514042314e+20,0.000210514976228,48005534313578.78,914999.0,439561,510055,403863.2021868,3.7549395371564e+20,28981.56005859375
2023-05-05,28851.48046875,29668.908203125,28845.509765625,29534.384765625,17936566518,567895057400.0,1589390.472,3.484994152400407e+20,0.0002822521827259,48005534313578.78,860534.0,421878,433009,388926.36164501,2.9683868832619e+20,29225.07080078125
2023-05-06,29538.859375,29820.126953125,28468.966796875,28904.623046875,15913866714,555102366100.0,1660960.1266666667,3.535892961721789e+20,0.0003231145477067,48005534313578.78,789156.0,396336,589717,334438.87535722,3.2808229038878e+20,29183.14404296875
2023-05-07,28901.623046875,29157.517578125,28441.3671875,28454.978515625,11301355486,561049677750.0,1659683.1355932204,3.4195654606296934e+20,0.0004238558104083,48005534313578.78,604247.0,321755,491277,397387.21223954,3.1837205721025e+20,28738.87158203125
2023-05-08,28450.45703125,28663.271484375,27310.134765625,27694.2734375,19122903752,540954689912.5,1704837.5194805197,3.411128743290174e+20,0.0010305325583271,48005534313578.78,630555.0,323586,663113,226374.88105555,3.5452625185317e+20,28029.5341796875
2023-05-09,27695.068359375,27821.400390625,27375.6015625,27658.775390625,14128593256,531451414031.25,1678178.067114094,3.384709834003552e+20,0.0008682868380137,48005534313578.78,719963.0,346913,602792,361207.59255353,3.5431607653681e+20,27637.71142578125
2023-05-10,27654.63671875,28322.6875,26883.669921875,27621.755859375,20656025026,545500236181.25,1691668.9527027027,3.3990711252350874e+20,0.0006166389659037,48005534313578.78,786669.0,392124,593320,352237.34084399,3.5123838948808e+20,27620.6875
2023-05-11,27621.0859375,27621.94140625,26781.826171875,27000.7890625,16724343943,527147256212.5,1671017.886904762,3.4548218739495286e+20,0.0003356771629172,48005534313578.78,888653.0,397798,636587,325566.69579026,3.9963573191306e+20,27256.41064453125
2023-05-12,26987.662109375,27055.646484375,25878.4296875,26804.990234375,19313599897,509813215450.0,1738056.92481203,3.4968424129026386e+20,0.0003680632839097,48005534313578.78,774641.0,368660,455990,387688.36341093,3.3551241575389e+20,26681.68212890625
2023-05-13,26807.76953125,27030.482421875,26710.873046875,26784.078125,9999171605,519271988531.25,1675371.322147651,3.48807454318359e+20,0.0002513703054111,48005534313578.78,780513.0,394667,572245,288628.58663896,3.5593818716437e+20,26833.30078125
2023-05-14,26788.974609375,27150.9765625,26661.35546875,26930.638671875,10014858959,524802307862.5,1722416.2426035502,3.613965668051991e+20,0.0001660733059936,48005534313578.78,785847.0,378515,641925,215910.80138773,3.7771470010318e+20,26882.986328125
2023-05-15,26931.384765625,27646.34765625,26766.09765625,27192.693359375,14413231792,531551923000.0,1734492.493670886,3.679039517571964e+20,0.0001356902490998,48005534313578.78,797124.0,374178,575994,262600.19530636,3.8994534753706e+20,27134.130859375
2023-05-16,27171.513671875,27299.3046875,26878.947265625,27036.650390625,12732238816,523846099531.25,1710578.8482758622,3.687008556238185e+20,0.0002064815767826,48005534313578.78,766229.0,365425,539510,379976.0567609,3.5509599559615e+20,27096.60400390625
2023-05-17,27035.470703125,27465.927734375,26600.14453125,27398.802734375,15140006925,518914012200.0,1722360.491017964,3.680375073460024e+20,0.0001569637234458,48005534313578.78,835686.0,403603,609132,436482.20715095,3.8086120380694e+20,27125.08642578125
2023-05-18,27401.650390625,27466.52734375,26415.1015625,26832.208984375,15222938600,526282715000.0,1645260.304054054,3.700668266024977e+20,0.0001935415271891,49549703178592.68,819622.0,408207,508935,366794.08826004,3.8092629704179e+20,27028.8720703125
2023-05-19,26826.75390625,27128.619140625,26700.2109375,26890.12890625,11258983301,521792247468.75,1694178.0965517242,3.705174368094722e+20,0.0002595827494584,49549703178592.68,883752.0,435500,496265,345001.88142053003,3.4626515185345e+20,26886.42822265625
2023-05-20,26888.841796875,27155.158203125,26843.27734375,27129.5859375,7044911360,522625845862.5,1739815.3162393162,3.597019145693744e+20,0.0002272881063991,49549703178592.68,731181.0,368889,387146,252683.12803191,3.2334122389496e+20,27004.2158203125
2023-05-21,27118.423828125,27265.91796875,26706.921875,26753.826171875,8647416921,521974018162.5,1781351.8917197452,3.568338720334114e+20,0.0001547654670155,49549703178592.68,770579.0,375315,492307,188305.33450394,3.7221386594071e+20,26961.2724609375
2023-05-22,26749.892578125,27045.734375,26549.734375,26851.27734375,11056770492,521127642300.0,1760526.2352941176,3.592643137486054e+20,0.0001353319481709,49549703178592.68,817224.0,368940,518589,251982.86027788,3.6177897708448e+20,26799.15966796875
2023-05-23,26855.9609375,27434.68359375,26816.1796875,27225.7265625,13697203143,529623651050.0,1787125.4551282052,3.6302732927161e+20,0.000133440439239,49549703178592.68,845506.0,430829,542939,350210.74117438,3.8615897009564e+20,27083.1376953125
2023-05-24,27224.603515625,27224.603515625,26106.576171875,26334.818359375,16299104428,510030776075.0,1708831.8230769231,3.535594456162911e+20,0.0001526046058215,49549703178592.68,818937.0,392870,401303,389290.22255382,3.4897636957779e+20,26722.650390625
2023-05-25,26329.4609375,26591.51953125,25890.59375,26476.20703125,13851122697,508234550625.0,1817469.0700636944,3.594385959478539e+20,0.0001864679153497,49549703178592.68,907824.0,438061,446449,409065.95984872,3.6090482464337e+20,26321.9453125
2023-05-26,26474.181640625,26916.669921875,26343.94921875,26719.291015625,12711619225,519288859031.25,1613278.38,3.5796073786985493e+20,0.0001899327506918,49549703178592.68,956701.0,499597,536236,337228.89690862,3.879540171982e+20,26613.52294921875
2023-05-27,26720.181640625,26888.8828125,26621.140625,26868.353515625,7892015141,517064940431.25,1749209.8310810812,3.671831444248144e+20,0.0001508776328979,49549703178592.68,917386.0,469696,476042,276882.09124957,3.5703920765784e+20,26774.6396484375
2023-05-28,26871.158203125,28193.44921875,26802.751953125,28085.646484375,14545229578,528606923775.0,1766324.5220125786,3.690561185025095e+20,0.0001272535037456,49549703178592.68,873427.0,455092,480560,239973.29175662,3.8016499555287e+20,27488.25146484375
2023-05-29,28075.591796875,28432.0390625,27563.876953125,27745.884765625,15181308984,535088962500.0,1690478.294117647,3.726824936173877e+20,0.0001254750574434,49549703178592.68,828916.0,416197,513287,304566.62615648,3.8928606731105e+20,27954.34814453125
2023-05-30,27745.123046875,28044.759765625,27588.501953125,27702.349609375,13251081851,537113036037.5,1751179.2611464967,3.742788051308861e+20,0.0001436854309924,49549703178592.68,929800.0,476047,525624,421893.68158841,3.9589696849294e+20,27770.18359375
2023-05-31,27700.529296875,27831.677734375,26866.453125,27219.658203125,15656371534,522151324312.5,1633773.2516556291,3.757236034440691e+20,0.0001634886851729,49549703178592.68,969692.0,491119,470579,471530.70942026,3.6950456611893e+20,27404.57958984375
2023-06-01,27218.412109375,27346.10546875,26671.720703125,26819.97265625,14678970415,521048247950.0,1684593.4921875,3.693558105345212e+20,0.0001842588870049,51234338863442.89,865812.0,422792,364485,375373.52405375,3.3173918024819e+20,27014.052734375
2023-06-02,26824.556640625,27303.861328125,26574.64453125,27249.58984375,14837415000,525013017187.5,1636166.1360946745,3.794136279608589e+20,0.0001786161825599,51234338863442.89,987550.0,459681,460057,407986.63526698,4.0791678919504e+20,26988.1630859375
2023-06-03,27252.32421875,27317.052734375,26958.00390625,27075.12890625,8385597470,527712284943.75,1635452.2408759124,3.766635816079822e+20,0.0001185734139172,51234338863442.89,886247.0,456516,433089,322815.79048814,3.7396166161247e+20,27150.62744140625
2023-06-04,27075.123046875,27407.01953125,26968.224609375,27119.06640625,9360912318,527773351062.5,1799766.4427480916,3.709055265873264e+20,0.0001129967694972,51234338863442.89,852119.0,384420,340625,253585.27240523,3.3272105873965e+20,27142.3583984375
2023-06-05,27123.109375,27129.982421875,25445.16796875,25760.09765625,21513292646,505280054898.125,1651957.0,3.660636340617898e+20,0.0001249347696174,51234338863442.89,826670.0,357299,330993,368936.27760366,3.7953216972697e+20,26364.58935546875
2023-06-06,25732.109375,27313.8203125,25434.8671875,27238.783203125,21929670693,505288653618.75,1707310.775,3.706475835617612e+20,0.0001726613196571,51234338863442.89,996132.0,475213,467091,542393.84890207,3.8581610177363e+20,26429.89501953125
2023-06-07,27235.650390625,27332.181640625,26146.98828125,26345.998046875,19530045082,510099184375.0,1558786.508196721,3.609175345068782e+20,0.0002261365323387,51234338863442.89,912198.0,457054,423764,460800.40407233,3.4494810294867e+20,26765.20458984375
2023-06-08,26347.654296875,26797.513671875,26246.6640625,26508.216796875,11904824295,518445707375.0,1686049.2258064516,3.715943619896293e+20,0.0001839766495504,51234338863442.89,987270.0,441909,429223,423220.17730225,3.6987741529991e+20,26475.01220703125
2023-06-09,26505.923828125,26770.2890625,26339.314453125,26480.375,11015551640,513430276893.75,1659984.9041916167,3.702415986117583e+20,0.0001766866613407,51234338863442.89,974617.0,425671,389920,332995.92640915,4.2402558544502e+20,26523.9755859375
2023-06-10,26481.76171875,26531.044921875,25501.8359375,25851.240234375,19872933189,498187301112.5,1734616.338028169,3.736172846127243e+20,0.0001848843602379,51234338863442.89,931762.0,404095,335828,292780.02387064,3.908251551554e+20,26091.470703125
2023-06-11,25854.03125,26203.439453125,25668.986328125,25940.16796875,10732609603,499710754537.5,2071447.4216216216,3.898264569025589e+20,9.491662122888612e-05,51234338863442.89,962703.0,413013,435614,391038.1994753,4.3310291035437e+20,25916.65625
2023-06-12,25934.28515625,26087.919921875,25675.197265625,25902.5,11677889997,501013877343.75,1721095.04964539,3.9129879766134345e+20,9.774689174708332e-05,51234338863442.89,852718.0,361570,348083,476453.20513225,3.783377694178e+20,25899.9755859375
2023-06-13,25902.94140625,26376.3515625,25728.365234375,25918.728515625,14143474486,500514576162.5,1748620.480263158,3.933199863397904e+20,0.0001074569470404,51234338863442.89,954833.0,449864,399229,489405.99441396,3.8919340543796e+20,25981.5966796875
2023-06-14,25920.2578125,26041.80078125,24902.15234375,25124.67578125,14265717766,503851511837.5,1678757.0084033613,3.8777038780249394e+20,0.000108555584436,52350439455487.47,803123.0,372393,330712,363195.6527872,3.3665842103042e+20,25497.2216796875
2023-06-15,25121.673828125,25735.30859375,24797.16796875,25576.39453125,15837384409,484667537000.0,1761821.525974026,3.884399619429273e+20,9.713996395126646e-05,52350439455487.47,925421.0,463851,442734,470442.15509021,3.6781052607271e+20,25307.63623046875
2023-06-16,25575.283203125,26463.173828125,25245.357421875,26327.462890625,16324646965,497343443418.75,1673958.8280254777,3.8452384367288864e+20,8.384635571731096e-05,52350439455487.47,933280.0,498221,511884,465799.98985246,4.0578447261458e+20,25902.8193359375
2023-06-17,26328.6796875,26769.39453125,26174.4921875,26510.67578125,11090276850,513898311512.5,1652397.3941605838,3.825222686719432e+20,0.0001067480774002,52350439455487.47,872423.0,435077,441678,357991.69082839,3.7610459602037e+20,26445.810546875
2023-06-18,26510.45703125,26675.92578125,26325.890625,26336.212890625,9565695129,515363992508.75,1931185.4722222225,3.707972808331066e+20,7.37633723482599e-05,52350439455487.47,863258.0,459114,420950,350375.70432019,3.6279211240335e+20,26462.12158203125
2023-06-19,26335.44140625,26984.611328125,26312.83203125,26851.029296875,12826986222,513035521200.0,1856838.8831168832,3.75040782776858e+20,6.52046393520223e-05,52350439455487.47,892378.0,416159,475325,520000.64675801,4.0452377605674e+20,26620.978515625
2023-06-20,26841.6640625,28388.96875,26668.791015625,28327.48828125,22211859147,525904773725.0,1715535.223076923,3.7126824440624185e+20,7.498135347124725e-05,52350439455487.47,893193.0,483175,418812,377292.66238432,3.5406626047799e+20,27556.72802734375
2023-06-21,28311.310546875,30737.330078125,28283.41015625,30027.296875,33346760979,579415761375.0,1603937.828125,3.730178260921103e+20,0.0001040431008254,52350439455487.47,921984.0,466236,388761,578631.59717961,3.4454858988746e+20,29339.8369140625
2023-06-22,29995.935546875,30495.998046875,29679.158203125,29912.28125,20653160491,578159015500.0,1617983.723076923,3.657456516071434e+20,0.0001302338014168,52350439455487.47,960736.0,463014,379156,472277.74277568,3.2086881412067e+20,30020.84326171875
2023-06-23,29896.3828125,31389.5390625,29845.21484375,30695.46875,24115570085,599030262675.0,1683643.514925373,3.5724630709677785e+20,0.0001006181451162,52350439455487.47,968398.0,480887,395669,415181.95316425,3.669142323339e+20,30456.6513671875
2023-06-24,30708.73828125,30804.1484375,30290.146484375,30548.6953125,12147822496,591506451137.5,1727741.8785714286,3.553781775460107e+20,0.0001042968712291,52350439455487.47,975552.0,479749,367288,335199.86088046,3.5494818120684e+20,30587.93212890625
2023-06-25,30545.150390625,31041.271484375,30327.943359375,30480.26171875,12703464114,593844064800.0,1882536.5862068965,3.624404814299704e+20,8.495045860137548e-05,52350439455487.47,922593.0,445120,351002,395763.4543514,3.7179406475248e+20,30598.65673828125
2023-06-26,30480.5234375,30636.029296875,29955.744140625,30271.130859375,16493186997,591057335137.5,1742814.836734694,3.553464182986413e+20,7.589655024614037e-05,52350439455487.47,966538.0,449241,387990,379600.62340212,4.0051442764586e+20,30335.85693359375
2023-06-27,30274.3203125,31006.787109375,30236.650390625,30688.1640625,16428827944,593279425000.0,1735801.9597315437,3.6029312216114266e+20,7.122963620722615e-05,52350439455487.47,977793.0,520621,470790,478680.79654695,3.808264145264e+20,30551.48046875
2023-06-28,30696.560546875,30703.279296875,29921.822265625,30086.24609375,14571500779,590779241062.5,1687062.5564516129,3.5695485750441175e+20,7.998114643395427e-05,52350439455487.47,894411.0,442529,372878,354983.15110304,3.2319426001195e+20,30351.97705078125
2023-06-29,30086.1875,30796.25,30057.203125,30445.3515625,13180860821,592337383393.75,1677453.1875,3.613711979656496e+20,9.230888853553823e-05,50646206431058.09,864587.0,443159,389918,430240.08048372,3.1169278622675e+20,30346.248046875
2023-06-30,30441.353515625,31256.86328125,29600.275390625,30477.251953125,26387306197,583824026418.75,1661071.0256410255,3.638050176162657e+20,7.629047522543996e-05,50646206431058.09,1006014.0,495489,451007,529460.72581183,4.0247809555826e+20,30443.93603515625
2023-07-01,30471.84765625,30641.2890625,30328.865234375,30590.078125,9086606733,593869136156.25,1645876.2101449275,3.617328357576038e+20,8.371747388194413e-05,50646206431058.09,958895.0,429144,354544,466446.60770462,3.5399005039124e+20,30508.02001953125
2023-07-02,30587.26953125,30766.140625,30264.01953125,30620.76953125,10533418042,592149813468.75,1744601.0,3.625458755786969e+20,8.012867173406719e-05,50646206431058.09,936817.0,341161,293247,271517.87301167,3.7505349529399e+20,30559.5498046875
2023-07-03,30624.515625,31375.61328125,30586.513671875,31156.439453125,15271884873,602918395300.0,1839432.8407643312,3.62760360923277e+20,7.388651335215639e-05,50646206431058.09,1002149.0,390888,324779,361510.11820847,4.0265725243266e+20,30935.7705078125
2023-07-04,31156.865234375,31325.197265625,30659.35546875,30777.58203125,12810828427,601333332875.0,1699725.2028985508,3.600255619237818e+20,7.039347087265349e-05,50646206431058.09,953021.0,429421,364211,400855.52832775,3.4273733052633e+20,30979.75
2023-07-05,30778.724609375,30877.330078125,30225.61328125,30514.166015625,12481622280,588992695550.0,1709389.8089171974,3.7129217457848045e+20,4.488858725038689e-05,50646206431058.09,955726.0,447180,482697,352142.63112194,3.8491828730665e+20,30598.95849609375
2023-07-06,30507.150390625,31460.052734375,29892.2265625,29909.337890625,21129219509,590862386081.25,1647862.523076923,3.6977563340753135e+20,5.155913254778086e-05,50646206431058.09,906286.0,449365,369761,399398.22074084,3.5479755373301e+20,30442.19189453125
2023-07-07,29907.998046875,30434.64453125,29777.28515625,30342.265625,13384770155,589456108037.5,1732486.4969325154,3.7015141911534895e+20,3.84990081847715e-05,50646206431058.09,1002491.0,537498,522678,451873.22040272,4.0616941089974e+20,30115.54833984375
2023-07-08,30346.921875,30374.4375,30080.16015625,30292.541015625,7509378699,586772630168.75,1806287.634920635,3.923699894139118e+20,2.9213712871635284e-05,50646206431058.09,1046351.0,496100,568770,312206.35689492,4.6501481595224e+20,30273.51513671875
2023-07-09,30291.611328125,30427.58984375,30085.591796875,30171.234375,7903327692,589718072431.25,1758094.2023809524,3.91257468000074e+20,2.305834440759681e-05,50646206431058.09,907204.0,526589,584087,325573.84072329,4.2836877921853e+20,30244.0068359375
2023-07-10,30172.423828125,31026.083984375,29985.39453125,30414.470703125,14828209155,588582314200.0,1707739.1719745223,4.045963240356376e+20,2.5811291014103427e-05,50646206431058.09,919702.0,500760,558375,369996.98762436,4.1096379804938e+20,30399.59326171875
2023-07-11,30417.6328125,30788.314453125,30358.09765625,30620.951171875,12151839152,594517021518.75,1721713.6405228758,4.0302272821450224e+20,3.485711619912835e-05,50646206431058.09,981301.0,499559,488730,378258.79017712,3.7938298605349e+20,30546.2490234375
2023-07-12,30622.24609375,30959.96484375,30228.8359375,30391.646484375,14805659717,595241661918.75,1669090.5833333333,3.999475770822406e+20,4.396263599922293e-05,53911173001054.586,902975.0,482247,422098,384038.34364276,3.5855019030908e+20,30550.67333984375
2023-07-13,30387.48828125,31814.515625,30268.3515625,31476.048828125,23686079548,602514122275.0,1655124.5970149254,3.999651173158678e+20,4.128759519990357e-05,53911173001054.586,890497.0,475690,431408,418675.37356405,3.5675115991753e+20,30986.60107421875
2023-07-14,31474.720703125,31582.25390625,29966.38671875,30334.068359375,20917902660,607281994873.125,1598071.9076923076,3.819311698376806e+20,5.819309858161205e-05,53911173001054.586,936930.0,491020,411030,464951.59903724,3.4395883868641e+20,30839.357421875
2023-07-15,30331.783203125,30407.78125,30263.462890625,30295.806640625,8011667756,589060825850.0,1626641.641221374,3.730771202959e+20,4.532896084948901e-05,53911173001054.586,908695.0,499742,411259,286242.90744267,3.6099590066749e+20,30324.70849609375
2023-07-16,30297.47265625,30437.560546875,30089.669921875,30249.1328125,8516564470,590916141000.0,1718041.2105263155,3.704895197677608e+20,2.7359455372828628e-05,53911173001054.586,919378.0,551344,583445,298624.33348909,3.9476154885024e+20,30268.458984375
2023-07-17,30249.626953125,30336.400390625,29685.783203125,30145.888671875,13240156074,586278912056.25,1665778.5323741008,3.637509549181481e+20,3.256452481815004e-05,53911173001054.586,895405.0,493516,480616,294278.74136835,3.8547369398271e+20,30104.4248046875
2023-07-18,30147.0703125,30233.65625,29556.427734375,29856.5625,13138897269,581334829562.5,1705291.5337423312,3.711572502302672e+20,3.341750790847147e-05,53911173001054.586,1037737.0,558476,576913,414358.34024458,4.2079573353636e+20,29948.42919921875
2023-07-19,29862.046875,30184.181640625,29794.26953125,29913.923828125,12128602812,582490224056.25,1735794.3509933774,3.840217513922156e+20,3.6087280085640365e-05,53911173001054.586,936862.0,506812,504435,381955.33871571,4.14066253937e+20,29938.60546875
2023-07-20,29915.25,30195.53125,29638.095703125,29792.015625,14655207121,579424282425.0,1662513.1782945737,3.814573009178696e+20,4.6088687411718574e-05,53911173001054.586,864025.0,472498,423362,315285.89674819,3.6274590315884e+20,29885.22314453125
2023-07-21,29805.111328125,30045.998046875,29733.8515625,29908.744140625,10972789818,580359172981.25,1529165.347826087,3.7501511960486937e+20,7.330818248753964e-05,53911173001054.586,854392.0,410889,317808,300337.12411769,3.202294026716e+20,29873.42626953125
2023-07-22,29908.697265625,29991.615234375,29664.12109375,29771.802734375,7873300598,581315997281.25,1654931.3515625,3.736343614349666e+20,0.0001019691217193,53911173001054.586,929798.0,398212,310493,208908.41671417,3.300263593453e+20,29834.05908203125
2023-07-23,29790.111328125,30330.640625,29741.52734375,30084.5390625,9220145050,581131163250.0,1713783.2838709678,3.791620195263255e+20,7.96612100265959e-05,53911173001054.586,919343.0,486779,518501,160080.46476022,3.9030813123116e+20,29986.70458984375
2023-07-24,30081.662109375,30093.39453125,28934.294921875,29176.916015625,15395817395,565178924550.0,1688491.8333333333,3.739582244555602e+20,5.533580754230657e-05,53911173001054.586,858312.0,454828,474099,246338.72971266,3.9077879491492e+20,29571.56689453125
2023-07-25,29178.970703125,29353.16015625,29062.43359375,29227.390625,10266772793,567753047562.5,1725482.769736842,3.740601088350545e+20,3.5146682280058235e-05,53911173001054.586,964493.0,552652,543337,248549.83190086,4.0697792783207e+20,29205.48876953125
2023-07-26,29225.759765625,29675.552734375,29113.912109375,29354.97265625,13497554655,569839223812.5,1681018.8214285714,3.66847702495451e+20,4.292027473070028e-05,52328312063443.84,960063.0,512996,455719,301758.51737937,3.7277615170244e+20,29342.54931640625
2023-07-27,29353.798828125,29560.966796875,29099.3515625,29210.689453125,10770779217,570621958800.0,1613562.8134328355,3.652726582063698e+20,4.999453095467142e-05,52328312063443.84,934429.0,466726,383577,296383.02360206,3.5404810197486e+20,29306.20166015625
2023-07-28,29212.1640625,29521.513671875,29125.845703125,29319.24609375,11218474952,571232173012.5,1677148.448979592,3.756761534797293e+20,4.4096704131625686e-05,52328312063443.84,944392.0,505360,480271,388412.14283917,3.6671815768261e+20,29294.6923828125
2023-07-29,29319.4453125,29396.84375,29264.166015625,29356.91796875,6481775959,569507513100.0,1628701.5144927537,3.791991541967484e+20,4.145321962654595e-05,52328312063443.84,920382.0,511383,445356,209953.93017885,3.7875554338801e+20,29334.34326171875
2023-07-30,29357.09375,29443.169921875,29059.501953125,29275.30859375,8678454527,571788015000.0,1649765.722627737,3.71887109001611e+20,3.3368713118134445e-05,52328312063443.84,872023.0,518471,480114,141117.79966633,3.5830815795885e+20,29283.7685546875
2023-07-31,29278.314453125,29489.873046875,29131.578125,29230.111328125,11656781982,568765767756.25,1722341.0180722892,3.788265449471516e+20,2.9319857330229712e-05,52328312063443.84,966530.0,512642,578679,220083.00302224,4.2950205346751e+20,29282.46923828125
2023-08-01,29230.873046875,29675.732421875,28657.0234375,29675.732421875,18272392391,561946473562.5,1680707.4316546763,3.716691263077147e+20,4.162132511280572e-05,52328312063443.84,951001.0,486580,430386,282478.97466034,3.5456185542096e+20,29309.84033203125
2023-08-02,29704.146484375,29987.998046875,28946.509765625,29151.958984375,19212655598,569926481975.0,1588645.9455782312,3.738075981837127e+20,4.952385494511158e-05,52328312063443.84,996406.0,446737,388060,262825.75438818,3.9183098973835e+20,29447.6533203125
2023-08-03,29161.8125,29375.70703125,28959.48828125,29178.6796875,12780357746,568457083937.5,1646586.3790849673,3.820775606302487e+20,4.810960623339469e-05,52328312063443.84,1038536.0,457173,455803,299619.39743928,4.0728271504393e+20,29168.921875
2023-08-04,29174.3828125,29302.078125,28885.3359375,29074.091796875,12036639988,569104629275.0,1604847.3623188406,3.7677549943823886e+20,6.746307259021776e-05,52328312063443.84,977822.0,447760,360572,234194.13307161,3.6075121104505e+20,29108.97216796875
2023-08-05,29075.388671875,29102.46484375,28957.796875,29042.126953125,6598366353,564325836750.0,1670008.489051095,3.775597720727571e+20,5.116101739435241e-05,52328312063443.84,930187.0,470155,439338,205385.34011128,3.4654904703199e+20,29044.4443359375
2023-08-06,29043.701171875,29160.822265625,28963.833984375,29041.85546875,7269806994,563594138006.25,1683714.408163265,3.808187448608693e+20,3.2978360316743776e-05,52328312063443.84,911657.0,558517,507287,158079.56636711,3.9956259586007e+20,29052.55322265625
2023-08-07,29038.513671875,29244.28125,28724.140625,29180.578125,13618163710,560355576412.5,1748942.7142857143,3.809737210426478e+20,3.2492950449288486e-05,52328312063443.84,966239.0,500051,562111,223498.56253856,4.2175912180318e+20,29046.87841796875
2023-08-08,29180.01953125,30176.796875,29113.814453125,29765.4921875,17570561357,574481708525.0,1578016.9772727273,3.7844401505962885e+20,8.334470710567757e-05,52328312063443.84,909659.0,396458,332748,291049.41277075,3.5081682612387e+20,29559.03076171875
2023-08-09,29766.6953125,30093.435546875,29376.80078125,29561.494140625,18379521213,578828218050.0,1661974.3618421052,3.803330520084008e+20,6.014044820624705e-05,52391178981379.36,966754.0,493329,484933,313281.37567872,3.7436330821257e+20,29699.6064453125
2023-08-10,29563.97265625,29688.564453125,29354.447265625,29429.591796875,11865344789,572879863587.5,1595541.2109375,3.714667609854036e+20,6.405665966732995e-05,52391178981379.36,879399.0,402547,363844,388618.06605608,3.7196658220222e+20,29509.14404296875
2023-08-11,29424.90234375,29517.7734375,29253.517578125,29397.71484375,10195168197,570788061750.0,1604521.326923077,3.787058423328573e+20,5.292522973543693e-05,52391178981379.36,1045426.0,576115,504341,281353.19204571,3.8146107669864e+20,29398.47705078125
2023-08-12,29399.787109375,29465.11328125,29357.587890625,29415.96484375,6194358008,572627293031.25,1565246.8588957055,3.870428815260179e+20,4.685971627556592e-05,52391178981379.36,917753.0,464776,460623,234673.976148,4.0307940397348e+20,29409.61328125
2023-08-13,29416.59375,29441.43359375,29265.806640625,29282.9140625,7329897180,571095086756.25,1677046.2575757576,3.783780210431309e+20,3.03521077641411e-05,52391178981379.36,853622.0,473026,471604,137601.69962129,3.6818646767663e+20,29351.68701171875
2023-08-14,29283.263671875,29660.25390625,29124.10546875,29408.443359375,14013695304,575307717600.0,1755583.95,3.8103647723310285e+20,2.813291930443419e-05,52391178981379.36,940844.0,483067,583985,207287.93435466,4.1533475061776e+20,29369.0166015625
2023-08-15,29408.048828125,29439.12109375,29088.853515625,29170.34765625,12640195779,569853394312.5,1682056.404494382,4.036001708525274e+20,2.823233132892172e-05,52391178981379.36,1072329.0,589316,628946,282639.221076,4.5605630283839e+20,29276.5927734375
2023-08-16,29169.07421875,29221.9765625,28701.779296875,28701.779296875,14949271904,566514961775.0,1621352.2418300654,4.009538674782982e+20,3.855046906324375e-05,52391178981379.36,954847.0,444131,474371,323897.49735346,4.1763103432407e+20,28948.65234375
2023-08-17,28699.802734375,28745.947265625,25409.111328125,26664.55078125,31120851211,543369449525.0,1682397.0919540229,4.151808342635157e+20,3.1653345537044266e-05,52391178981379.36,1051045.0,537038,596813,495638.80479314,4.2668345138059e+20,27379.85302734375
2023-08-18,26636.078125,26808.1953125,25668.921875,26049.556640625,24026236529,506319601306.25,1598988.037037037,4.10784414445745e+20,4.7958419482559546e-05,52391178981379.36,1005735.0,489959,403602,391013.64741823,3.7422523818228e+20,26290.68798828125
2023-08-19,26047.83203125,26249.44921875,25802.408203125,26096.205078125,10631443812,507139330237.5,1658396.0746268656,4.024799596772633e+20,4.7721764526987805e-05,52391178981379.36,848319.0,433156,430750,265095.27355579,3.5695857935389e+20,26048.9736328125
2023-08-20,26096.861328125,26260.681640625,26004.314453125,26189.583984375,9036580420,507381598725.0,1742316.2774566475,4.1018344082245406e+20,2.379048017517677e-05,52391178981379.36,1022230.0,547019,685479,160703.62448955,4.2924235300415e+20,26137.8603515625
2023-08-21,26188.69140625,26220.201171875,25846.087890625,26124.140625,13371557893,504545970012.5,1682466.5414012738,4.053194056529748e+20,2.6809979827282102e-05,52391178981379.36,921141.0,449456,568094,202166.22367026,4.1172453899348e+20,26094.7802734375
2023-08-22,26130.748046875,26135.5078125,25520.728515625,26031.65625,14503820706,504626722343.75,1628036.0652173914,3.976954287972953e+20,3.409986154461965e-05,52391178981379.36,890579.0,454342,444692,295719.23840756,3.9615469351593e+20,25954.66015625
2023-08-23,26040.474609375,26786.8984375,25804.998046875,26431.640625,16985265785,508818669993.75,1747043.6975308645,3.9828137672515374e+20,4.8416289181693645e-05,55621444139429.57,986855.0,458428,446031,310121.68745004,4.1309098008909e+20,26266.0029296875
2023-08-24,26431.51953125,26554.91015625,25914.92578125,26162.373046875,12871532023,506232183625.0,1608105.9777777777,3.925307553825102e+20,4.83217315240783e-05,55621444139429.57,900435.0,433479,388005,287481.44920057,3.9440082405668e+20,26265.93212890625
2023-08-25,26163.6796875,26248.103515625,25786.8125,26047.66796875,12406045118,504658432781.25,1601732.8489208634,4.008936407917112e+20,4.0359179327097975e-05,55621444139429.57,914988.0,462999,426065,242897.7543533,3.7415262363652e+20,26061.56591796875
2023-08-26,26047.234375,26107.384765625,25983.87890625,26008.462890625,6034817316,506976604400.0,1641692.682170543,3.982776358955605e+20,3.828715001064223e-05,55621444139429.57,859125.0,485253,446335,235037.10156413,3.7586407030119e+20,26036.740234375
2023-08-27,26008.2421875,26165.373046875,25965.09765625,26089.693359375,6913768611,508670971931.25,1669932.756097561,3.825622909591781e+20,3.31834574057936e-05,55621444139429.57,850841.0,487381,438346,146926.01228633,3.2968688151083e+20,26057.1015625
2023-08-28,26089.615234375,26198.578125,25880.599609375,26106.150390625,11002805166,508611544625.0,1647114.017699115,3.72131621354452e+20,4.007370311137364e-05,55621444139429.57,804939.0,433350,358909,174110.43564862,3.2881798614103e+20,26068.73583984375
2023-08-29,26102.486328125,28089.337890625,25912.62890625,27727.392578125,29368391712,534746566150.0,1639635.4900662252,3.7232949787568085e+20,4.354259756591244e-05,55621444139429.57,1002496.0,506226,464404,336556.85174232,4.01360156355e+20,26957.96142578125
2023-08-30,27726.083984375,27760.16015625,27069.20703125,27297.265625,16343655235,529844598768.75,1630498.5774647887,3.737580767362788e+20,4.6259718310825966e-05,55621444139429.57,950629.0,463777,437042,313402.92308861,3.9129255467472e+20,27463.17919921875
2023-08-31,27301.9296875,27456.078125,25752.9296875,25931.47265625,20181001451,524200204750.0,1586047.9846153846,3.684888519004774e+20,5.878961967744211e-05,55621444139429.57,921622.0,449004,411151,295111.6566757,3.6515479310834e+20,26610.6025390625
2023-09-01,25934.021484375,26125.869140625,25362.609375,25800.724609375,17202862221,502823468306.25,1745991.7054794522,3.736693406639109e+20,6.094334448160535e-05,55621444139429.57,964080.0,491677,422786,299766.75064344,4.1289643870219e+20,25805.80615234375
2023-09-02,25800.91015625,25970.28515625,25753.09375,25868.798828125,10100387473,504328860512.5,1670797.3694267515,3.79019043615984e+20,5.061995866027648e-05,55621444139429.57,1018965.0,543401,505567,230599.89965705,4.2104945495544e+20,25848.27197265625
2023-09-03,25869.47265625,26087.1484375,25817.03125,25969.56640625,8962524523,503847264931.25,1693708.7777777778,3.908444722263684e+20,3.558988157373121e-05,55621444139429.57,873072.0,495254,577659,147009.35967011,4.318353060956e+20,25935.8046875
2023-09-04,25968.169921875,26081.525390625,25657.025390625,25812.416015625,10680635106,502373133112.5,1664434.4620253164,4.12172238121916e+20,3.493816293510157e-05,55621444139429.57,897392.0,508760,616810,167873.41082787,4.283626419253e+20,25879.7841796875
2023-09-05,25814.95703125,25858.375,25589.98828125,25779.982421875,11094740040,501419749600.0,1546167.6456692913,3.995425575414092e+20,4.588784019559267e-05,55621444139429.57,897182.0,522500,492452,184730.92961944,3.7823732833814e+20,25760.82568359375
2023-09-06,25783.931640625,25953.015625,25404.359375,25753.236328125,12752705327,498715672150.0,1544746.11971831,3.993518274215224e+20,5.772620183176064e-05,54150142369480.0,1015088.0,579080,526488,290435.71050432,3.6056249121622e+20,25723.6357421875
2023-09-07,25748.3125,26409.302734375,25608.201171875,26240.1953125,11088307100,502048202075.0,1610474.371212121,3.97298390321496e+20,6.680321288741906e-05,54150142369480.0,942357.0,530934,453869,261066.45627673,3.6379123166457e+20,26001.5029296875
2023-09-08,26245.208984375,26414.005859375,25677.48046875,25905.654296875,10817356400,503258695375.0,1673660.768115942,3.9369875383238256e+20,6.420195309071337e-05,54150142369480.0,944812.0,464639,483060,238809.19664884,3.8584872740099e+20,26060.58740234375
2023-09-09,25905.42578125,25921.9765625,25810.494140625,25895.677734375,5481314132,504546568750.0,1609834.992481203,3.831817725475695e+20,7.971207729284211e-05,54150142369480.0,1040717.0,593923,445397,178968.12120782002,3.6509451786858e+20,25883.3935546875
2023-09-10,25895.2109375,25978.130859375,25640.26171875,25832.2265625,7899553047,502059186118.75,1704685.358490566,3.84186699065365e+20,4.61472830708444e-05,54150142369480.0,1094860.0,707259,651964,140718.13038493,4.2175571122486e+20,25836.45751953125
2023-09-11,25831.71484375,25883.947265625,24930.296875,25162.654296875,14600006467,489288564928.125,1582594.9726027397,3.785767220568044e+20,0.0001023501164318,54150142369480.0,967003.0,543140,471177,206023.23406994,3.9967126296202e+20,25452.1533203125
2023-09-12,25160.658203125,26451.939453125,25133.078125,25833.34375,18657279324,510272373937.5,1597953.2222222222,3.894374847814828e+20,6.5882330902542e-05,54150142369480.0,1169336.0,595057,508065,275926.45018127,4.2394324503158e+20,25644.7548828125
2023-09-13,25837.5546875,26376.11328125,25781.123046875,26228.32421875,13072077070,513177328787.5,1615628.8307692308,3.857392173957365e+20,7.220551354686035e-05,54150142369480.0,973860.0,520844,414967,234689.85369656,3.7887379632411e+20,26055.77880859375
2023-09-14,26228.27734375,26774.623046875,26171.451171875,26539.673828125,13811359124,519965230500.0,1686656.5838509316,3.962317528333508e+20,5.565079031028027e-05,54150142369480.0,1117406.0,625878,567777,248794.54789139,4.1019421571237e+20,26428.50634765625
2023-09-15,26533.818359375,26840.498046875,26240.701171875,26608.693359375,11479735788,512864042043.75,1698410.5297297298,4.1620390129803415e+20,4.7931159974616615e-05,54150142369480.0,1227816.0,768191,691791,257813.42637453,4.8803629348852e+20,26555.927734375
2023-09-16,26606.19921875,26754.76953125,26473.890625,26568.28125,7402031417,517081159162.5,1680289.1333333333,4.241588325610494e+20,4.504898606886687e-05,54150142369480.0,1093419.0,679665,625003,201896.07757585,4.622970974144e+20,26600.78515625
2023-09-17,26567.927734375,26617.998046875,26445.07421875,26534.1875,6774210670,517516287656.25,1727660.4294871795,4.2692719990758094e+20,4.380290861615528e-05,54150142369480.0,1037553.0,667200,638417,128361.32684922,4.09995266365e+20,26541.296875
2023-09-18,26532.994140625,27414.734375,26415.515625,26754.28125,15615339655,531340364168.75,1731593.668831169,4.273412125587185e+20,6.0459727018997865e-05,54150142369480.0,1064233.0,684752,645283,197082.98983258,4.3310120217883e+20,26779.38134765625
2023-09-19,26760.8515625,27488.763671875,26681.60546875,27211.1171875,13807690550,534216678946.875,1693565.0,4.280731912554644e+20,9.381058857862388e-05,57119871304635.31,1078380.0,531266,522564,252073.65099443,4.0144054231501e+20,27035.58447265625
2023-09-20,27210.228515625,27379.505859375,26864.08203125,27132.0078125,13281116604,529952593959.375,1654771.7571428572,4.289501185283532e+20,9.124609007146548e-05,57119871304635.31,1025594.0,540529,504999,233295.35368649,3.9580507782557e+20,27146.4560546875
2023-09-21,27129.83984375,27152.939453125,26389.30078125,26567.6328125,13371443708,518488363750.0,1632758.5151515151,4.182938734405991e+20,0.0001011219270106,57119871304635.31,992715.0,516838,453080,251678.9245696,3.8932991872304e+20,26809.92822265625
2023-09-22,26564.056640625,26726.078125,26495.533203125,26579.568359375,10578746709,519365262067.5,1674418.7338129496,4.0435819253864576e+20,9.322656239364662e-05,57119871304635.31,1055706.0,570139,490699,230421.21776798,3.8937843457708e+20,26591.30908203125
2023-09-23,26578.556640625,26634.185546875,26520.51953125,26579.390625,7404700301,518009743887.5,1637598.439189189,4.047290333846347e+20,9.595905049342785e-05,57119871304635.31,1061212.0,604990,533614,192560.85536151,4.0384053802743e+20,26578.1630859375
2023-09-24,26579.373046875,26716.05859375,26221.05078125,26256.826171875,8192867686,518217120458.125,1673333.643312102,4.0728461236244906e+20,8.142237555921106e-05,57119871304635.31,1072849.0,572045,555023,153969.434909,4.4997550627198e+20,26443.3271484375
2023-09-25,26253.775390625,26421.5078125,26011.46875,26298.48046875,11997833257,511643182500.0,1720777.953488372,3.9924857763833925e+20,0.0001187161414921,57119871304635.31,972235.0,386231,261640,245096.47133856,3.9809591247526e+20,26246.30810546875
2023-09-26,26294.7578125,26389.884765625,26090.712890625,26217.25,9985498161,509544610593.75,1728891.8333333333,4.0294069720509737e+20,9.593556443088492e-05,57119871304635.31,1128323.0,416105,324495,296198.17279084,4.1112229056791e+20,26248.1513671875
2023-09-27,26209.498046875,26817.841796875,26111.46484375,26352.716796875,11718380997,511809539062.5,1691708.9735099338,4.091750896408363e+20,9.553819689001068e-05,57119871304635.31,998564.0,379300,298329,260561.09881299,4.1736241696928e+20,26372.88037109375
2023-09-28,26355.8125,27259.5,26327.322265625,27021.546875,14079002707,526009084650.0,1751734.7610062894,4.17601424658635e+20,7.670524405373286e-05,57119871304635.31,1083875.0,411288,421567,278382.93799719,4.3413007624544e+20,26741.04541015625
2023-09-29,27024.841796875,27225.9375,26721.763671875,26911.720703125,10396435377,524288605078.125,1693142.3731343283,4.201378118213825e+20,9.07716784120968e-05,57119871304635.31,963480.0,424001,303948,262659.74254885,4.0599319747726e+20,26971.06591796875
2023-09-30,26911.689453125,27091.794921875,26888.96875,26967.916015625,5331172801,526523625202.5,1730890.95035461,4.161145433935076e+20,8.560276162939199e-05,57119871304635.31,1033863.0,408867,293631,254914.55565109,4.1356460622788e+20,26965.09228515625
2023-10-01,26967.396484375,28047.23828125,26965.09375,27983.75,9503917434,529181510400.0,1727971.920289855,4.053089242949975e+20,6.525884008318049e-05,57119871304635.31,909504.0,404425,301513,191248.21078628,3.9392274333139e+20,27490.86962890625
2023-10-02,27976.798828125,28494.458984375,27347.787109375,27530.78515625,19793041322,546881986186.25,1805711.4671052631,4.1396286210270665e+20,6.448515336688575e-05,57119871304635.31,968017.0,418434,350695,281446.70890559,4.2488138474241e+20,27837.45751953125
2023-10-03,27508.251953125,27667.19140625,27216.001953125,27429.978515625,11407814187,533334134996.25,1850967.99378882,4.234866024236152e+20,8.680898118107196e-05,57321508229258.04,966014.0,431099,313461,316245.76853314,4.6001000504555e+20,27455.35595703125
2023-10-04,27429.07421875,27826.658203125,27248.10546875,27799.39453125,11143355314,534422634375.0,1820941.0217391304,4.173656533645575e+20,0.0001021252959044,57321508229258.04,995654.0,391738,283774,265240.76195322,4.2338629198928e+20,27575.80810546875
2023-10-05,27798.646484375,28091.861328125,27375.6015625,27415.912109375,11877253670,537635814086.25,1513589.0425531915,4.091811256533121e+20,8.973392895760373e-05,57321508229258.04,922775.0,428099,309815,313494.49395094,3.8230625943091e+20,27670.50537109375
2023-10-06,27412.123046875,28252.537109375,27215.552734375,27946.59765625,13492391599,545071327177.5,1448263.9683544305,4.203040237936707e+20,0.0001277473305226,57321508229258.04,920666.0,436532,307637,278797.5550614,4.3826461915138e+20,27706.70263671875
2023-10-07,27946.78125,28028.091796875,27870.423828125,27968.83984375,6553044316,545325724590.625,1498972.1552795032,4.294310958253674e+20,0.00017606047426,57321508229258.04,873588.0,403545,266900,256937.99791534,4.64568030595e+20,27953.5341796875
2023-10-08,27971.677734375,28102.169921875,27740.662109375,27935.08984375,7916875290,544500143550.0,1845892.7662337665,4.365394656141281e+20,7.150110884345224e-05,57321508229258.04,792246.0,363276,239601,157486.23902158,4.5929084015525e+20,27937.39990234375
2023-10-09,27934.47265625,27989.470703125,27302.5625,27583.677734375,12007668568,535562586750.0,1819084.0849673203,4.345239421721839e+20,6.142162879232622e-05,57321508229258.04,864732.0,393475,281061,207406.99110468,4.1641516245522e+20,27702.5458984375
2023-10-10,27589.201171875,27715.84765625,27301.654296875,27391.01953125,9973350678,534311640393.75,1784998.6560509554,4.315068246182472e+20,7.346436308088242e-05,57321508229258.04,868648.0,365923,259562,237310.4053655,4.7373819155134e+20,27499.4306640625
2023-10-11,27392.076171875,27474.115234375,26561.099609375,26873.3203125,13648094333,523103388525.0,1571468.0571428572,4.520294676767274e+20,6.961465481186229e-05,57321508229258.04,909309.0,392502,285004,306800.75582829,4.8155374582706e+20,27075.15283203125
2023-10-12,26873.29296875,26921.439453125,26558.3203125,26756.798828125,9392909295,520240790387.5,1388945.5,4.537269965806881e+20,8.741862181722558e-05,57321508229258.04,831782.0,384063,262389,320815.98420706,4.3782526464057e+20,26777.462890625
2023-10-13,26752.87890625,27092.697265625,26686.322265625,26862.375,15165312851,521260097287.5,1444682.8068965515,4.48672232647455e+20,8.692674764893135e-05,57321508229258.04,896593.0,408703,274875,237727.50968132,4.294217487857e+20,26848.568359375
2023-10-14,26866.203125,26969.0,26814.5859375,26861.70703125,5388116782,525479883031.25,1715281.0479452056,4.3795215768493136e+20,6.089222411613472e-05,57321508229258.04,906871.0,414900,281604,214684.81737611,4.0894347896511e+20,26877.8740234375
2023-10-15,26858.01171875,27289.169921875,26817.89453125,27159.65234375,7098201980,524923057281.25,1860026.717647059,4.50735569316156e+20,4.6707317716235975e-05,57321508229258.04,753331.0,373623,253739,141548.58925617,4.6692601435061e+20,27031.18212890625
2023-10-16,27162.62890625,29448.138671875,27130.47265625,28519.466796875,27833876539,547760352300.0,1734683.354609929,4.378260811332421e+20,5.282788410412482e-05,61030681983175.59,858632.0,393734,283237,273644.4386667,4.335488053427e+20,28065.1767578125
2023-10-17,28522.09765625,28618.751953125,28110.185546875,28415.748046875,14872527508,555984449550.0,1714646.6903225807,4.4065215950234e+20,7.50432990545071e-05,61030681983175.59,990036.0,406085,292017,367354.76216884,4.6857473488682e+20,28416.69580078125
2023-10-18,28413.53125,28889.009765625,28174.251953125,28328.341796875,12724128586,551501582343.75,1587385.701388889,4.391514734764478e+20,6.624171290328471e-05,61030681983175.59,900966.0,389324,273845,328163.82677202,4.4382074154703e+20,28451.28369140625
2023-10-19,28332.416015625,28892.474609375,28177.98828125,28719.806640625,14448058195,560235020656.25,1710196.5375,4.425025074162317e+20,6.734791681263954e-05,61030681983175.59,949595.0,418542,291150,319436.72985666,4.6996136711976e+20,28530.67138671875
2023-10-20,28732.8125,30104.0859375,28601.669921875,29682.94921875,21536125230,576810955731.25,1558318.431818182,4.423206661375862e+20,7.099577308830876e-05,61030681983175.59,937104.0,432861,294229,387622.70350217,3.9872558265203e+20,29280.37939453125
2023-10-21,29683.380859375,30287.482421875,29481.751953125,29918.412109375,11541146996,584272827075.0,1473089.7518796993,4.385518039661469e+20,6.380005353889068e-05,61030681983175.59,861529.0,402568,266722,213154.00577268,4.2934454800289e+20,29842.7568359375
2023-10-22,29918.654296875,30199.43359375,29720.3125,29993.896484375,10446520040,582427250675.0,1603935.394736842,4.382923939163328e+20,5.207449771037741e-05,61030681983175.59,795944.0,378921,255719,170815.17174845,4.6378196991699e+20,29958.07421875
2023-10-23,30140.685546875,34370.4375,30097.828125,33086.234375,38363572311,603209698643.75,1925980.239263804,4.509650138615154e+20,4.840936149047802e-05,61030681983175.59,910993.0,405020,278461,287720.69507685,4.7133343623661e+20,31923.79638671875
2023-10-24,33077.3046875,35150.43359375,32880.76171875,33901.52734375,44934999645,657722710875.0,1597002.1317829457,4.3973361137408855e+20,7.788460475820636e-05,61030681983175.59,1062111.0,464912,350216,518809.95263866,4.3558644931357e+20,33752.5068359375
2023-10-25,33916.04296875,35133.7578125,33709.109375,34502.8203125,25254318008,681104016237.5,1615376.537414966,4.412006652456143e+20,9.182741868760336e-05,61030681983175.59,1093417.0,571722,501830,416321.20213359,4.2309722769203e+20,34315.4326171875
2023-10-26,34504.2890625,34832.91015625,33762.32421875,34156.6484375,19427195376,664659411875.0,1649936.3821656052,4.411918248923898e+20,7.283911294351699e-05,61030681983175.59,1109412.0,537977,444346,319380.99390594,4.4209176901456e+20,34314.04296875
2023-10-27,34156.5,34238.2109375,33416.88671875,33909.80078125,16418032871,665233785000.0,1644469.553846154,4.389811269874386e+20,6.951374415719634e-05,61030681983175.59,936829.0,466070,361128,371977.74257942,4.3009935694385e+20,33930.349609375
2023-10-28,33907.72265625,34399.390625,33874.8046875,34089.57421875,10160330825,667379066737.5,1662189.3040935672,4.5358084984306165e+20,4.0946022379184535e-05,61030681983175.59,1107337.0,629822,594481,297023.79884824,5.119179926559e+20,34067.873046875
2023-10-29,34089.37109375,34743.26171875,33947.56640625,34538.48046875,11160323986,673190604075.0,1673398.9931972788,4.52152671669684e+20,3.274269853024952e-05,61030681983175.59,910109.0,500188,473958,161027.8705617,4.4624080843299e+20,34329.669921875
2023-10-30,34531.7421875,34843.93359375,34110.97265625,34502.36328125,17184860315,676893184162.5,1666301.9724137932,4.4543907439958045e+20,3.342129421268787e-05,62463471666732.73,960163.0,512108,428299,261437.63053953,4.5197836638983e+20,34497.2529296875
2023-10-31,34500.078125,34719.25390625,34083.30859375,34667.78125,15758270810,669760344312.5,1691298.4779874214,4.627326353027711e+20,4.104071985492065e-05,62463471666732.73,1101704.0,529440,443895,288941.67977487,4.9221574225668e+20,34492.60546875
2023-11-01,34657.2734375,35527.9296875,34170.69140625,35437.25390625,22446272005,670145757375.0,1628728.012658228,4.747025781715914e+20,4.460254449606596e-05,62463471666732.73,1058699.0,547795,469873,304931.59909073,4.7720251218789e+20,34948.287109375
2023-11-02,35441.578125,35919.84375,34401.57421875,34938.2421875,20998158544,677281471818.75,1579603.569105691,4.563569156098704e+20,6.280027024296327e-05,62463471666732.73,932310.0,457917,356309,346945.92866181,4.2920562225017e+20,35175.3095703125
2023-11-03,34942.47265625,34942.47265625,34133.44140625,34732.32421875,17158456701,679248526950.0,1614189.7792207792,4.615040491231072e+20,5.448875450665844e-05,62463471666732.73,1062550.0,559512,486225,338428.21813433,4.5533214128049e+20,34687.677734375
2023-11-04,34736.32421875,35256.03125,34616.69140625,35082.1953125,9561294264,678462478312.5,1676216.9367088608,4.606215275559223e+20,0.0001141643943058,62463471666732.73,1091536.0,652085,623095,222287.41476682,4.6991678814634e+20,34922.810546875
2023-11-05,35090.01171875,35340.33984375,34594.2421875,35049.35546875,12412743996,680861055500.0,1724868.3788819876,4.7385827730894166e+20,0.0001101876606265,62463471666732.73,1065736.0,697399,698935,171712.98888952,5.2671912666932e+20,35018.4873046875
2023-11-06,35044.7890625,35286.02734375,34765.36328125,35037.37109375,12693436420,685539342356.25,1664701.7368421052,4.643800278961616e+20,0.000121992856879,62463471666732.73,982410.0,508943,492709,215760.61290687,4.3110721749287e+20,35033.3876953125
2023-11-07,35047.79296875,35892.41796875,34545.81640625,35443.5625,18834737789,678480938769.375,1633255.690140845,4.589343864702867e+20,0.0001853275007088,62463471666732.73,1057844.0,484158,465532,313419.86129695,4.2204633874364e+20,35232.3974609375
2023-11-08,35419.4765625,35994.41796875,35147.80078125,35655.27734375,17295394918,688374551702.5,1639009.8,4.542245130124803e+20,0.0002065631915633,62463471666732.73,964954.0,523315,537843,337271.63093015,4.4961393910131e+20,35554.2431640625
2023-11-09,35633.6328125,37926.2578125,35592.1015625,36693.125,37762672382,724547856214.375,1653781.1526717558,4.524598584627418e+20,0.0003211763044722,62463471666732.73,940237.0,552428,531234,415949.50864679,4.2375776301239e+20,36461.279296875
2023-11-10,36702.25,37493.80078125,36362.75390625,37313.96875,22711265155,724096115125.0,1620920.0,4.5298659940461806e+20,0.00044145737199,62463471666732.73,1074009.0,521944,516737,389783.58156959,4.7640561353201e+20,36968.193359375
2023-11-11,37310.0703125,37407.09375,36773.66796875,37138.05078125,13924272142,725150619850.0,1689535.626506024,4.543115043513857e+20,0.0001902490702088,62463471666732.73,1132250.0,675825,647995,268312.62246557,4.8735185422896e+20,37157.220703125
2023-11-12,37133.9921875,37227.69140625,36779.1171875,37054.51953125,11545715999,726397617650.0,1659239.2352941176,4.502166318693352e+20,0.0001796584631567,62463471666732.73,995358.0,649567,627930,195948.19058891,4.8187645733333e+20,37048.830078125
2023-11-13,37070.3046875,37405.1171875,36399.60546875,36502.35546875,19057712790,718790166731.25,1720093.125874126,4.601447539253229e+20,0.000213305271202,64678587803496.61,945486.0,553624,590095,220984.91738623,4.7382493809751e+20,36844.345703125
2023-11-14,36491.7890625,36753.3515625,34948.5,35537.640625,23857403554,706178441718.75,1654217.3664122138,4.611424300720874e+20,0.0001995459606101,64678587803496.61,979759.0,462734,464231,297270.08866154,4.2275118023847e+20,35932.8203125
2023-11-15,35548.11328125,37964.89453125,35383.78125,37880.58203125,27365821679,711369067500.0,1630603.1224489796,4.585315086306759e+20,0.0002075518219478,64678587803496.61,981837.0,520813,537337,336226.68844961,4.6112061729442e+20,36694.3427734375
2023-11-16,37879.98046875,37934.625,35545.47265625,36154.76953125,26007385366,711460914556.25,1652009.904109589,4.672553183454159e+20,0.0004546086238241,64678587803496.61,897919.0,543050,615292,294560.00956969,4.6828295825206e+20,36878.7119140625
2023-11-17,36164.82421875,36704.484375,35901.234375,36596.68359375,22445028430,704516141262.5,1640891.1875,4.647473216820308e+20,0.000486710720793,64678587803496.61,930142.0,502029,551573,340581.87320235,4.8131443559376e+20,36341.806640625
2023-11-18,36625.37109375,36839.28125,36233.3125,36585.703125,11886022717,717119066487.5,1683274.470967742,4.672381383242548e+20,0.0004935147843309,64678587803496.61,972383.0,561232,632891,237747.08123533,4.9007182358267e+20,36570.9169921875
2023-11-19,36585.765625,37509.35546875,36414.59765625,37386.546875,12915986553,715139534596.875,1709644.5895953758,4.734225642775469e+20,0.0003234864829329,64678587803496.61,950714.0,574956,712807,195625.10452228,5.3717945080346e+20,36974.06640625
2023-11-20,37374.07421875,37756.8203125,36882.53125,37476.95703125,20888209068,732794470237.5,1692444.314465409,4.9152964419842205e+20,0.0002635851962624,64678587803496.61,967813.0,556306,640749,253689.86255004,5.1900098132876e+20,37372.595703125
2023-11-21,37469.16015625,37631.140625,35813.8125,35813.8125,25172163756,722349556350.0,1845592.5704225355,4.932700196303807e+20,0.0003549827782027,64678587803496.61,953293.0,495383,486318,419284.38222027,4.9340532749614e+20,36681.9814453125
2023-11-22,35756.5546875,37856.98046875,35670.97265625,37432.33984375,24397247860,712943246025.0,1694734.3821656052,4.987452626405606e+20,0.0002852341965568,64678587803496.61,1062089.0,575047,577726,401468.31998181,4.9066452735116e+20,36679.2119140625
2023-11-23,37420.43359375,37643.91796875,36923.86328125,37289.62109375,14214948217,722558004425.0,1665847.888888889,5.015736367058074e+20,0.0003746507821062,64678587803496.61,964138.0,575822,624800,368369.42754095,4.8600781911145e+20,37319.458984375
2023-11-24,37296.31640625,38415.33984375,37261.60546875,37720.28125,22922957823,747911897343.75,1721224.577181208,4.973067898608787e+20,0.0001872739419533,64678587803496.61,1009566.0,514337,544872,331489.08715836,4.84656003353e+20,37673.3857421875
2023-11-25,37721.4140625,37892.4296875,37617.41796875,37796.79296875,9099571165,737626314843.75,1814651.95625,5.001313317659238e+20,0.0001585050258518,64678587803496.61,1072784.0,632715,590481,297133.80584059,5.2219976271819e+20,37757.013671875
2023-11-26,37796.828125,37820.30078125,37162.75,37479.12109375,13744796068,732441558150.0,1813882.091503268,4.9882488044802304e+20,0.0001343628857019,67957790298897.88,994983.0,661337,619967,206897.90514601,5.2917812612776e+20,37564.75
2023-11-27,37454.19140625,37559.35546875,36750.12890625,37254.16796875,19002925720,719195874975.0,1798529.0073529412,4.875235996076516e+20,0.0001680289736732,67957790298897.88,967314.0,577014,515635,320421.19999597,4.511453769208e+20,37254.4609375
2023-11-28,37247.9921875,38368.48046875,36891.08984375,37831.0859375,21696137014,733505374050.0,1789417.6554054054,4.901598935723561e+20,0.0001795304341563,67957790298897.88,1016632.0,522878,491528,353291.54972007,4.9055896358929e+20,37584.662109375
2023-11-29,37826.10546875,38366.11328125,37612.6328125,37858.4921875,20728546658,739953614950.0,1563320.1458333333,4.909686826698902e+20,0.0001752504827,67957790298897.88,923066.0,406617,375782,384151.38826898,4.8847139905982e+20,37915.8359375
2023-11-30,37861.1171875,38141.75390625,37531.140625,37712.74609375,18115982627,734975609981.25,1697845.5867768596,4.79954065548348e+20,0.0001687920297244,67957790298897.88,861927.0,413818,373632,375193.91460507,4.3631809876871e+20,37811.689453125
2023-12-01,37718.0078125,38954.109375,37629.359375,38688.75,23512784002,751618503562.5,1919620.2716049384,4.857251400560319e+20,0.0002132712261284,67957790298897.88,1057056.0,507375,472895,441372.18719156,5.2723066296684e+20,38247.556640625
2023-12-02,38689.27734375,39678.9375,38652.59375,39476.33203125,15534035612,759514359900.0,1677562.2898550725,4.824780309435467e+20,0.0001410543436848,67957790298897.88,944528.0,478024,433496,296397.54878432,4.946392478697e+20,39124.28515625
2023-12-03,39472.20703125,40135.60546875,39298.1640625,39978.390625,15769696322,778153490850.0,1712041.2451612905,4.845917233804047e+20,0.0001941625973814,67957790298897.88,872075.0,536926,639521,233449.7659669,4.9219382138147e+20,39721.091796875
2023-12-04,39978.62890625,42371.75,39978.62890625,41980.09765625,39856129827,807420428925.0,1695655.726744186,5.037254967070018e+20,0.0002118307886278,67957790298897.88,1020413.0,544780,686661,372265.29345664,5.8031370041944e+20,41077.2763671875
2023-12-05,41986.265625,44408.6640625,41421.1484375,44080.6484375,36312154535,827703377250.0,1647943.524822695,4.987666928015461e+20,0.0004126515055899,67957790298897.88,955211.0,457663,498934,413658.89634352,5.0421434689351e+20,42974.181640625
2023-12-06,44080.0234375,44265.76953125,43478.08203125,43746.4453125,29909761586,857411660781.25,1463969.4916666667,4.880158772639184e+20,0.0006912274086095,67957790298897.88,718392.0,317956,420859,526942.65042753,4.2295685247261e+20,43892.580078125
2023-12-07,43769.1328125,44042.58984375,42880.6484375,43292.6640625,27635760671,854277716987.5,1636032.2713178294,4.894292489060397e+20,0.0004649893660738,67957790298897.88,920179.0,426213,443569,469201.86173298,4.3891248300215e+20,43496.2587890625
2023-12-08,43293.13671875,44705.515625,43125.296875,44166.6015625,24421116687,856913055000.0,1759495.2786885246,4.72791064246959e+20,0.0004215809651137,67957790298897.88,891940.0,405960,370060,438718.44464449,4.1540785585365e+20,43822.6376953125
2023-12-09,44180.01953125,44361.2578125,43627.59765625,43725.984375,17368210171,862590262050.0,1737802.1806451613,4.761940022831236e+20,0.0002554369876785,67957790298897.88,968809.0,496747,533054,324567.26855271,5.0806753096333e+20,43973.71484375
2023-12-10,43728.3828125,44034.625,43593.28515625,43779.69921875,13000481418,859402633856.25,1745090.2635135136,4.7998445499585534e+20,0.0002363566635045,67305906902031.39,889687.0,519794,563969,223243.87968303,5.0822342012162e+20,43783.998046875
2023-12-11,43792.01953125,43808.375,40234.578125,41243.83203125,40632672038,818019831012.5,1788272.162162162,4.660059169913698e+20,0.0002211322465509,67305906902031.39,895925.0,459305,531517,372828.33152849,4.8048946951672e+20,42269.701171875
2023-12-12,41238.734375,42048.3046875,40667.5625,41450.22265625,24779520132,808743373500.0,1677181.1103448276,4.642386715145581e+20,0.0002407800928777,67305906902031.39,970279.0,447949,499043,487012.73160319,5.0822020182719e+20,41351.2060546875
2023-12-13,41468.46484375,43429.78125,40676.8671875,42890.7421875,26797884674,820210612637.5,1593276.4569536424,4.8087372873889546e+20,0.0002554206027388,67305906902031.39,857973.0,458228,594984,367784.82845845,4.8522752111796e+20,42116.4638671875
2023-12-14,42884.26171875,43390.859375,41767.08984375,43023.97265625,25578530178,830291351793.75,1461112.8924050634,4.96907964624981e+20,0.0005554279782156,67305906902031.39,689465.0,342495,619527,339501.67668068,5.2755599705238e+20,42766.5458984375
2023-12-15,43028.25,43087.82421875,41692.96875,41929.7578125,19639442462,819114170500.0,1637031.2589928058,4.9802243632596576e+20,0.0006545531452343,67305906902031.39,745163.0,418499,557437,323468.22808387,4.8942930741546e+20,42434.7001953125
2023-12-16,41937.7421875,42664.9453125,41723.11328125,42240.1171875,14386729590,831702047437.5,1647611.512345679,5.005926797437602e+20,0.0006413690846347,67305906902031.39,889024.0,471004,626799,334604.19206885,5.3866747147387e+20,42141.4794921875
2023-12-17,42236.109375,42359.49609375,41274.54296875,41364.6640625,16678702876,818081448056.25,1677651.9548387097,5.07978482166437e+20,0.001044199890059,67305906902031.39,690190.0,383125,667449,176453.05613773002,5.0968782879168e+20,41808.703125
2023-12-18,41348.203125,42720.296875,40530.2578125,42623.5390625,25224642008,807670356781.25,1650715.6518987345,5.074945507410763e+20,0.0006736117050312,67305906902031.39,824900.0,445720,623361,326807.29106437,5.2879677839437e+20,41805.57421875
2023-12-19,42641.51171875,43354.296875,41826.3359375,42270.52734375,23171001281,831512088337.5,1664648.5165562914,5.160717639249606e+20,0.000707522801192,67305906902031.39,843122.0,430034,582527,370419.9274193,5.4155422096258e+20,42523.16796875
2023-12-20,42261.30078125,44275.5859375,42223.81640625,43652.25,27868908174,863423745887.5,1704928.3625,5.15999569056823e+20,0.0006539505825974,67305906902031.39,827226.0,462422,655341,391116.63073558,5.2019093082918e+20,43103.23828125
2023-12-21,43648.125,44240.66796875,43330.05078125,43869.15234375,22452766169,857436324631.25,1682557.3421052631,5.23945260816829e+20,0.0006820843947498,67305906902031.39,799490.0,455082,616365,345258.07490206,4.9959966720323e+20,43771.9990234375
2023-12-22,43868.98828125,44367.95703125,43441.96875,43997.90234375,21028503216,855265941450.0,1716294.1895424838,5.155649992817708e+20,0.0005886822331325,67305906902031.39,905761.0,468068,587211,365225.05780485,5.2066293934207e+20,43919.2041015625
2023-12-23,44012.19921875,44015.69921875,43351.35546875,43739.54296875,13507796558,857037740212.5,1732882.5474860335,5.331564182814305e+20,0.0003669757037244,72006146478567.1,1021608.0,528654,667804,311473.85985474,6.1394050953013e+20,43779.69921875
2023-12-24,43728.3671875,43945.5234375,42786.91796875,43016.1171875,18830554085,856434837556.25,1794009.1898734176,5.404123147346983e+20,0.0002950710759921,72006146478567.1,859982.0,514139,643369,227549.40430442,5.6605297758348e+20,43369.2314453125
2023-12-25,43010.57421875,43765.09375,42765.76953125,43613.140625,21115795370,854341284600.0,1831076.919463088,5.403693758888742e+20,0.0002692178506397,72006146478567.1,762596.0,448428,595647,212841.57193169,5.4875085600432e+20,43288.64453125
2023-12-26,43599.84765625,43603.17578125,41676.48828125,42520.40234375,30026850982,830628443856.25,1797251.0137931034,5.317123966946075e+20,0.0003015724586827,72006146478567.1,727256.0,389179,575849,310181.90908083,5.21709750424e+20,42849.978515625
2023-12-27,42518.46875,43683.16015625,42167.58203125,43442.85546875,25260941032,842414190125.0,1700378.2481751824,5.360138443037107e+20,0.0003610304706664,72006146478567.1,785802.0,449765,571700,363858.67399916,4.7821463390979e+20,42953.0166015625
2023-12-28,43468.19921875,43804.78125,42318.55078125,42627.85546875,22992093014,831495772250.0,1660679.452830189,5.17646966879337e+20,0.0007126561355087,72006146478567.1,742877.0,340853,382278,388735.76791193,4.1270950359987e+20,43054.8466796875
2023-12-29,42614.64453125,43124.32421875,41424.0625,42099.40234375,26000021055,827815415812.5,1694937.9477124184,5.214352939390291e+20,0.0003561290068085,72006146478567.1,933767.0,484982,588235,349145.21750589,5.1868346549175e+20,42315.6083984375
2023-12-30,42091.75390625,42584.125,41556.2265625,42156.90234375,16013925945,829965448987.5,1621771.8106060603,5.02029765622351e+20,0.0005051554994559,72006146478567.1,775140.0,369376,457638,331045.92954575,5.0311627670137e+20,42097.251953125
2023-12-31,42152.09765625,42860.9375,41998.25390625,42265.1875,16397498810,831674744731.25,1693259.0714285714,5.097820085126671e+20,0.0004583897088604,72006146478567.1,841448.0,522033,743870,253828.99461214,5.838015863721e+20,42319.119140625
2024-01-01,42280.234375,44175.4375,42214.9765625,44167.33203125,18426978443,838354748625.0,1685423.5430463576,5.063638648740083e+20,0.0004121359153384,72006146478567.1,802107.0,455351,700058,264055.54357387003,5.3357944679277e+20,43209.4951171875
2024-01-02,44187.140625,45899.70703125,44176.94921875,44957.96875,39335274536,887301240468.75,1639547.6148148149,5.0088597119407705e+20,0.0003492545965812,72006146478567.1,792335.0,347855,426641,354359.49442522,5.117784550492e+20,44805.44140625
2024-01-03,44961.6015625,45503.2421875,40813.53515625,42848.17578125,46342323118,841253894487.5,1771359.8860759493,5.132516832892372e+20,0.0003031112879348,72006146478567.1,976878.0,433253,494994,373187.74543382,5.2263180179528e+20,43531.638671875
2024-01-04,42855.81640625,44770.0234375,42675.17578125,44179.921875,30448091210,864333985775.0,1801329.8616352202,5.410644040253733e+20,0.0002962494886154,72006146478567.1,943063.0,426796,450522,455047.50488934,5.8347108872835e+20,43620.234375
2024-01-05,44192.98046875,44353.28515625,42784.71875,44162.69140625,32336029347,851133207600.0,1733274.7077922078,5.434384325775575e+20,0.0002606893373873,72006146478567.1,992751.0,491335,454368,427430.19177178,5.6587236082488e+20,43873.4189453125
2024-01-06,44178.953125,44227.6328125,43475.15625,43989.1953125,16092503468,860025472100.0,1907239.6617647056,5.400454456749304e+20,0.0002569633329957,73197634206448.34,804891.0,407526,385098,364233.15240144,5.1789657724217e+20,43967.734375
2024-01-07,43998.46484375,44495.5703125,43662.23046875,43943.09765625,19330573863,863881354831.25,1769748.2093023255,5.232633588064828e+20,0.0002190384588616,73197634206448.34,748844.0,342613,365814,319983.8661593,4.7799137716717e+20,44024.8408203125
2024-01-08,43948.70703125,47218.0,43244.08203125,46970.50390625,42746192015,881723904737.5,1717699.93220339,5.110094241434571e+20,0.0002181234624653,73197634206448.34,741674.0,375506,388001,287583.27767947,4.2502962712027e+20,45345.3232421875
2024-01-09,46987.640625,47893.69921875,45244.71484375,46139.73046875,39821290992,919384096012.5,1670336.098591549,5.120813876947548e+20,0.0003014042132413,73197634206448.34,847892.0,381548,474364,435198.71742524,5.050245736978e+20,46566.4462890625
2024-01-10,46121.5390625,47647.22265625,44483.15234375,46627.77734375,50114613298,890580819375.0,1822613.0,5.077423427258455e+20,0.0002344443335613,73197634206448.34,844038.0,375405,369779,577690.31683192,5.0894290812442e+20,46219.9228515625
2024-01-11,46656.07421875,48969.37109375,45678.64453125,46368.5859375,45833734549,915437392800.0,1606193.688235294,5.142129237221271e+20,0.0001950518570501,73197634206448.34,963676.0,445080,462190,544324.69134894,5.8178671784192e+20,46918.1689453125
2024-01-12,46354.79296875,46498.13671875,41903.76953125,42853.16796875,43332698900,869879580887.5,1645316.326666667,5.128679969163604e+20,0.0003390716853814,73197634206448.34,890231.0,348658,343311,575170.92563013,5.7971646271774e+20,44402.466796875
2024-01-13,42799.4453125,43234.66015625,42464.14453125,42842.3828125,20601860469,844820615275.0,1687170.006060606,5.259799337628839e+20,0.0001739103727749,73197634206448.34,902243.0,454427,532627,467222.91672196,6.0559519871905e+20,42835.158203125
2024-01-14,42842.26171875,43065.59765625,41724.61328125,41796.26953125,17521429522,840801683650.0,1737151.8014184395,5.3380947369257874e+20,0.000318556706901,73197634206448.34,736243.0,495759,653172,176756.61984637,5.2202304493613e+20,42357.185546875
2024-01-15,41715.06640625,43319.72265625,41705.41796875,42511.96875,22320220558,828153047600.0,1728168.1333333333,5.321725987719884e+20,0.0003189342734595,73197634206448.34,778269.0,426920,498348,239544.91725048,4.4276724678467e+20,42313.0439453125
2024-01-16,42499.3359375,43566.2734375,42085.99609375,43154.9453125,24062872740,846968163600.0,1734915.1319444445,5.339776740514501e+20,0.0002335484984372,73197634206448.34,825653.0,427030,541669,408837.12314332,4.7663075523743e+20,42826.6376953125
2024-01-17,43132.1015625,43189.890625,42189.30859375,42742.65234375,20851232595,832900778118.75,1688345.1157894738,5.109243389407454e+20,0.000303266287928,73197634206448.34,700862.0,343801,321497,494461.20175239,4.0079831027949e+20,42813.48828125
2024-01-18,42742.3125,42876.34765625,40631.171875,41262.05859375,25218357242,835013883275.0,1756267.7669172932,5.024891775042079e+20,0.0002419333992299,73197634206448.34,835460.0,481967,498154,490894.3288124,4.7562124371024e+20,41877.97265625
2024-01-19,41278.4609375,42134.16015625,40297.45703125,41618.40625,25752407154,802787581406.25,1673811.0469798658,5.01001258667232e+20,0.0001973674350271,73197634206448.34,903826.0,434910,495592,481168.70599474,5.3220924474251e+20,41332.12109375
2024-01-20,41624.58984375,41877.89453125,41446.82421875,41665.5859375,11586690904,814292259900.0,1717340.4755244756,4.8587371099900746e+20,0.0001474691101907,70343519904866.805,839801.0,467535,534564,377970.58307439,5.0412596907725e+20,41653.7236328125
2024-01-21,41671.48828125,41855.3671875,41497.0078125,41545.78515625,9344043642,816465487975.0,1683853.142857143,4.751147454261221e+20,0.0001174733752986,70343519904866.805,765049.0,465770,593426,173846.52525057,4.783441828376e+20,41642.412109375
2024-01-22,41553.65234375,41651.20703125,39450.1171875,39507.3671875,31338708143,798016166400.0,1707225.304054054,4.812037925475998e+20,0.0001479542170691,70343519904866.805,850600.0,432761,516112,304222.35341972,5.2683290737942e+20,40540.5859375
2024-01-23,39518.71484375,40127.3515625,38521.89453125,39845.55078125,29244553045,767039135675.0,1550148.3164556962,4.946370985939619e+20,0.0002183361265972,70343519904866.805,891026.0,399621,383784,436106.53072388,5.5959351864249e+20,39503.3779296875
2024-01-24,39877.59375,40483.78515625,39508.796875,40077.07421875,22359526178,784879468437.5,1745788.6821192054,5.175125593596714e+20,0.0001950928967658,70343519904866.805,879732.0,365267,358089,494703.04262491,5.1699076162247e+20,39986.8125
2024-01-25,40075.55078125,40254.48046875,39545.6640625,39933.80859375,18491782013,780449556600.0,1691255.6687116565,5.274740761741216e+20,0.00019165472035,70343519904866.805,1022796.0,343684,319292,472613.95427235,5.9711910526518e+20,39952.3759765625
2024-01-26,39936.81640625,42209.38671875,39825.69140625,41816.87109375,25598119893,810924026050.0,1587657.463414634,5.3770169158189246e+20,0.000125176538927,70343519904866.805,967758.0,438173,434608,426669.87250553,5.6507311142072e+20,40947.19140625
2024-01-27,41815.625,42195.6328125,41431.28125,42120.0546875,11422941934,819730672812.5,1727511.1012658228,5.481051296556526e+20,0.0001122989809875,70343519904866.805,922411.0,478453,532967,341017.52973061,5.6859432092818e+20,41890.6484375
2024-01-28,42126.125,42797.17578125,41696.91015625,42035.59375,16858971687,828932805975.0,1772353.6706586827,5.595122383830168e+20,8.72150134561047e-05,70343519904866.805,956003.0,592047,655093,165379.04392644,5.7520883517605e+20,42163.951171875
2024-01-29,42030.9140625,43305.8671875,41818.33203125,43288.24609375,20668476578,833801042175.0,1756007.878787879,5.637159981135032e+20,8.555802857125533e-05,70343519904866.805,901867.0,523971,659684,244667.64978369,5.6759432965799e+20,42610.83984375
2024-01-30,43300.2265625,43838.9453125,42711.37109375,42952.609375,23842814518,850195973775.0,1706883.8794326242,5.604533565226256e+20,0.0001050646335902,70343519904866.805,924051.0,460146,482861,445592.43476288,5.3027549868667e+20,43200.7880859375
2024-01-31,42946.25,43717.40625,42298.9453125,42582.60546875,24673628793,850251620900.0,1664735.1879699249,5.392549095102613e+20,0.0001048550439119,70343519904866.805,867412.0,444097,482784,460060.36053707,4.7530702919212e+20,42886.3017578125
2024-02-01,42569.76171875,43243.16796875,41879.19140625,43075.7734375,21423953779,835129570500.0,1707790.7785234898,5.310459272422792e+20,0.0001235073068577,70343519904866.805,967265.0,445022,445643,551793.75940354,4.8757725998256e+20,42691.9736328125
2024-02-02,43077.640625,43422.48828125,42584.3359375,43185.859375,18603843039,846749921537.5,1813110.6818181816,5.390225268303517e+20,0.0001538979069225,75502165623893.72,945072.0,451903,429363,338653.19722709,6.3351633251699e+20,43067.5810546875
2024-02-03,43184.96484375,43359.94140625,42890.80859375,42992.25,11169245236,845285800106.25,1575453.1627906978,5.476429427784672e+20,0.000163303220921,75502165623893.72,857159.0,447170,460685,264576.13873029,6.4938097245748e+20,43106.9912109375
2024-02-04,42994.94140625,43097.64453125,42374.83203125,42583.58203125,14802225490,842325156750.0,1605235.7763157894,5.505888521559656e+20,0.0004304595614677,75502165623893.72,790578.0,403387,419285,174009.47831506,5.8240291586551e+20,42762.75
2024-02-05,42577.62109375,43494.25,42264.81640625,42658.66796875,18715487317,835148775350.0,1461108.037037037,5.585941920377269e+20,0.0002907262881765,75502165623893.72,799214.0,307696,292064,226109.82401659,5.8606730042149e+20,42748.8388671875
2024-02-06,42657.390625,43344.1484375,42529.01953125,43084.671875,16798476726,847061005781.25,1381468.8987341772,5.793136903536223e+20,0.0002123758267977,75502165623893.72,802254.0,297755,262410,336483.52261672,5.9516049177226e+20,42903.8076171875
2024-02-07,43090.01953125,44341.94921875,42775.95703125,44318.22265625,21126587775,844514724168.75,1530156.9814814816,6.04673909328212e+20,0.0001697723192177,75502165623893.72,928491.0,399524,376558,344895.65037542,6.2032885438296e+20,43631.537109375
2024-02-08,44332.125,45575.83984375,44332.125,45301.56640625,26154524080,891215592162.5,1516320.4149659865,5.957680336112804e+20,0.0001759237033505,75502165623893.72,837012.0,359792,343948,367558.648364,5.7383700951733e+20,44885.4140625
2024-02-09,45297.3828125,48152.49609375,45260.82421875,47147.19921875,39316770844,924484076100.0,1599037.725609756,5.9075327259706e+20,0.0001851947781555,75502165623893.72,930503.0,355599,315559,379073.68423258,5.7167906580573e+20,46464.4755859375
2024-02-10,47153.52734375,48146.171875,46905.3203125,47771.27734375,16398681570,929611464687.5,1628495.0,5.886914031004554e+20,0.0001196765802111,75502165623893.72,940702.0,361143,345881,293339.77407359,5.940014600739e+20,47494.07421875
2024-02-11,47768.96875,48535.9375,47617.40625,48293.91796875,19315867136,944626741625.0,1731172.7071428571,5.821067530946252e+20,8.470614057624361e-05,75502165623893.72,849123.0,431027,411805,206060.60779652,5.4467828627782e+20,48054.0576171875
2024-02-12,48296.38671875,50280.4765625,47745.76171875,49958.22265625,34511985805,980201256150.0,1886681.7602339184,5.91637534542692e+20,0.0001163504357068,75502165623893.72,953724.0,380157,352806,262751.24335784,6.0956374385741e+20,49070.2119140625
2024-02-13,49941.359375,50358.390625,48406.49609375,49742.44140625,35593051468,956633514375.0,1684720.748201439,5.743841167887347e+20,0.0001892164836827,75502165623893.72,890289.0,377313,349721,460203.02221329,5.7435023066701e+20,49612.171875
2024-02-14,49733.4453125,52021.37109375,49296.83203125,51826.6953125,39105608050,1012713711475.0,2238124.921985816,5.641352055539953e+20,0.0001761784905058,75502165623893.72,784983.0,349418,294549,439555.23715438,5.1546054211025e+20,50719.5859375
2024-02-15,51836.78515625,52820.06640625,51371.62890625,51938.5546875,38564360533,1019516301125.0,2078676.1794871795,5.753964674935896e+20,0.0001465443537562,81725299822043.22,847660.0,347490,303384,552654.57303683,5.9192982380042e+20,51991.7587890625
2024-02-16,51937.7265625,52537.96875,51641.3671875,52160.203125,28180567298,1016891474625.0,1864624.5942028984,5.644339790468886e+20,0.0001067833938125,81725299822043.22,882375.0,390836,316803,419299.36975147,5.7820069576971e+20,52069.31640625
2024-02-17,52161.67578125,52191.9140625,50669.66796875,51662.99609375,20009091006,1001782400200.0,1798922.7642857144,5.651635951066224e+20,9.590957622199718e-05,81725299822043.22,822717.0,373177,323896,324455.79606193,5.7567751691646e+20,51671.5634765625
2024-02-18,51661.96875,52356.96484375,51233.70703125,52122.546875,17595377311,1016331708731.25,1913765.4885496185,5.65544197949868e+20,8.01086675932704e-05,81725299822043.22,778250.0,355877,310093,156504.14491484,5.4179969052366e+20,51843.796875
2024-02-19,52134.8125,52483.32421875,51711.8203125,51779.14453125,21362184346,1023208351593.75,1693639.3695652173,5.556395921813388e+20,7.113377394219883e-05,81725299822043.22,843972.0,414545,391307,275458.45856028,5.3568504209059e+20,52027.275390625
2024-02-20,51777.7265625,52945.05078125,50792.3125,52284.875,33353758256,1014592559062.5,1688191.4615384615,5.49347509377341e+20,8.240757233052932e-05,81725299822043.22,805594.0,396876,371731,293347.2847167,5.4949156387861e+20,51949.9912109375
2024-02-21,52273.53515625,52368.81640625,50671.7578125,51839.1796875,28624907020,1003331557800.0,1881745.1744966444,5.6492475780516826e+20,8.3284078660341e-05,81725299822043.22,867666.0,432449,401117,402485.70168296,5.881876492359e+20,51788.322265625
2024-02-22,51854.64453125,52009.61328125,50926.29296875,51304.97265625,25413900611,1012679287200.0,1858500.6171875,5.547315115501863e+20,8.108447511959648e-05,81725299822043.22,807619.0,395356,345955,310472.76782617,5.457228585951e+20,51523.880859375
2024-02-23,51283.90625,51497.93359375,50561.77734375,50731.94921875,21427078270,999709848450.0,1784367.7236842106,5.62760366696075e+20,7.363303307724501e-05,81725299822043.22,883314.0,410685,401424,357753.62341392,5.9898941347433e+20,51018.8916015625
2024-02-24,50736.37109375,51684.1953125,50585.4453125,51571.1015625,15174077879,1004111468718.75,1658156.4135338345,5.575065095676872e+20,7.577281536864195e-05,81725299822043.22,830806.0,412835,364066,276763.85593233,5.7351970144537e+20,51144.2783203125
2024-02-25,51565.21484375,51950.02734375,51306.171875,51733.23828125,15413239245,1011035078593.75,1790175.430379747,5.6999587396172494e+20,7.05902594188086e-05,81725299822043.22,884370.0,384268,368863,189892.74661249,6.2600734877216e+20,51638.6630859375
2024-02-26,51730.5390625,54938.17578125,50931.03125,54522.40234375,34074411896,1036574656881.25,1741629.8092105263,5.81449839018961e+20,6.53559208440986e-05,81725299822043.22,873791.0,394981,392466,236489.73458855,6.1858578179582e+20,53030.537109375
2024-02-27,54519.36328125,57537.83984375,54484.19921875,57085.37109375,49756832031,1112760613250.0,1674842.9777777777,5.84070171414979e+20,0.000111583334677,81725299822043.22,942011.0,405909,389480,498494.91281505,5.4730230917782e+20,55906.693359375
2024-02-28,57071.09765625,63913.1328125,56738.42578125,62504.7890625,83239156760,1196202975900.0,1851281.330985916,5.818523925423094e+20,0.0001258736305219,81725299822043.22,936819.0,444500,403840,537834.18477717,5.732485208345e+20,60056.861328125
2024-02-29,62499.18359375,63585.64453125,60498.73046875,61198.3828125,65496611844,1233453230000.0,1666788.4696969695,5.8421290111176016e+20,0.0001871334768826,81725299822043.22,1011120.0,482013,394638,741036.1678682,5.5313191882342e+20,61945.4853515625
2024-03-01,61168.0625,63155.1015625,60802.52734375,62440.6328125,40186368423,1203380645400.0,1692222.722972973,5.79512636842674e+20,0.0001559375521242,79351228131136.77,1018797.0,486621,423747,615120.56507941,5.7783854011024e+20,61891.5810546875
2024-03-02,62431.65234375,62458.69921875,61657.2890625,62029.84765625,23888473685,1213883436975.0,1704742.2826086956,5.771408538328312e+20,0.0001322185130685,79351228131136.77,926305.0,413625,366836,396595.51235722,5.5535880674636e+20,62144.3720703125
2024-03-03,62031.578125,63230.2109375,61435.0234375,63167.37109375,26253811450,1222113929475.0,1889180.0986842103,5.737889344821581e+20,0.0001166463759027,79351228131136.77,838029.0,407124,383014,225478.85311373,5.7218282303453e+20,62466.0458984375
2024-03-04,63137.00390625,68537.03125,62386.51953125,68330.4140625,70670471105,1304830300100.0,1767584.6268656717,5.618993867696224e+20,0.0001745627051997,79351228131136.77,857463.0,399876,367995,317525.34188847,5.3085593786731e+20,65597.7421875
2024-03-05,68341.0546875,69170.625,59323.91015625,63801.19921875,102802940877,1318881416587.5,1767172.77124183,5.6805350330576975e+20,0.000265158920554,79351228131136.77,1067515.0,454775,396194,634489.63388746,6.0004292797438e+20,65159.197265625
2024-03-06,63776.05078125,67637.9296875,62848.671875,66106.8046875,68750229073,1306269074043.75,1753930.373239437,5.664285041082392e+20,0.0002055447997483,79351228131136.77,950054.0,422158,373505,766834.09220018,5.9428993700535e+20,65092.3642578125
2024-03-07,66099.7421875,68029.921875,65655.53125,66925.484375,46989543159,1325929076062.5,1783304.5639534884,5.8798530747640585e+20,0.0001290933107486,79351228131136.77,1035211.0,465293,450747,566307.92679764,6.4812987768521e+20,66677.669921875
2024-03-08,66938.09375,70083.0546875,66230.453125,68300.09375,59202881172,1334130603750.0,1875719.7735849053,5.907291275032384e+20,0.0001206108402299,79351228131136.77,931607.0,445863,398748,416281.93885718,6.3775479077839e+20,67887.923828125
2024-03-09,68299.2578125,68673.0546875,68053.125,68498.8828125,21609650379,1344283381406.25,1669351.245614035,6.141566704209908e+20,0.0001198720822964,79351228131136.77,973967.0,425354,394209,398249.51706374,6.4855110098079e+20,68381.080078125
2024-03-10,68500.2578125,70005.203125,68239.9765625,69019.7890625,35683977532,1362816358481.25,1698060.2847222222,6.192914800822029e+20,0.0001032499230397,79351228131136.77,868776.0,410726,368502,241794.0051514,5.8297316509079e+20,68941.306640625
2024-03-11,69020.546875,72850.7109375,67194.8828125,72123.90625,65716656765,1418108488387.5,1723307.981818182,6.263049301549814e+20,8.804457003558378e-05,79351228131136.77,976812.0,416218,397091,407669.27228191,6.4425079585401e+20,70297.51171875
2024-03-12,72125.125,72825.65625,68728.8515625,71481.2890625,62554434520,1410157065062.5,1739593.6283783785,6.192780838894141e+20,0.0001252537976785,79351228131136.77,1131997.0,406759,348663,496322.60237237,5.9792997099838e+20,71290.23046875
2024-03-13,71482.1171875,73637.4765625,71334.09375,73083.5,48212536929,1428990079687.5,1746664.685314685,6.16120553100667e+20,9.510102305893268e-05,79351228131136.77,971142.0,417020,362159,497246.40345711,5.9472190264506e+20,72384.296875
2024-03-14,73079.375,73750.0703125,68563.0234375,71396.59375,59594605698,1395355697343.75,1730472.51875,6.149760730903643e+20,9.10256295637368e-05,83947913181361.55,1112379.0,442341,366476,597578.25784248,6.3477158575158e+20,71697.265625
2024-03-15,71387.875,72357.1328125,65630.6953125,69403.7734375,78320453976,1340105225362.5,1635959.4511278195,6.037695699357848e+20,0.0001205720070871,83947913181361.55,980736.0,379891,313524,523498.53710907,5.5699509116766e+20,69694.869140625
2024-03-16,69392.484375,70046.2734375,64801.39453125,65315.1171875,46842198371,1343677751250.0,1671639.7322834646,5.852746871387676e+20,0.0001199474469604,83947913181361.55,863665.0,371392,345827,297893.77335293,5.483681176249e+20,67388.8173828125
2024-03-17,65316.34375,68845.71875,64545.31640625,68390.625,44716864318,1337155945781.25,1773358.2027027027,5.935452096080649e+20,7.702330340169194e-05,83947913181361.55,864516.0,345907,336656,228773.12419753,6.1809260764229e+20,66774.5009765625
2024-03-18,68371.3046875,68897.1328125,66594.2265625,67548.59375,49261579492,1323951567187.5,1784428.8223684211,5.909720699279358e+20,7.493007388273267e-05,83947913181361.55,896991.0,410340,412681,335226.08351471,6.2610363107694e+20,67852.814453125
2024-03-19,67556.1328125,68106.9296875,61536.1796875,61912.7734375,74215844794,1256894247600.0,1714555.080882353,5.902446584059607e+20,0.0001106435134715,83947913181361.55,933722.0,442483,457260,456380.02115306,5.8943715984387e+20,64778.00390625
2024-03-20,61930.15625,68115.2578125,60807.78515625,67913.671875,66792634382,1249530020887.5,1836235.9523809524,6.049418874436101e+20,9.066232072642196e-05,83947913181361.55,959275.0,394141,388094,400208.06394999,6.941436290997e+20,64691.7177734375
2024-03-21,67911.5859375,68199.9921875,64580.91796875,65491.390625,44480350565,1306790790600.0,1780167.528455285,5.8939621807122167e+20,0.0001051079686649,83947913181361.55,866172.0,371699,334450,420011.03396845,5.4746477274289e+20,66545.9716796875
2024-03-22,65489.9296875,66623.75,62355.37109375,63778.76171875,41401116964,1255843480925.0,1784766.3230769231,5.877368142508045e+20,0.0001235399777345,83947913181361.55,814531.0,375068,352115,444607.88836708,5.2171288451245e+20,64561.953125
2024-03-23,63802.72265625,65976.3984375,63038.4921875,64062.203125,24738964812,1280555691100.0,1733164.4714285715,5.970491426007527e+20,8.500983009815989e-05,83947913181361.55,911226.0,358407,316830,499585.57203311,5.969982885589e+20,64219.9541015625
2024-03-24,64070.75390625,67622.7578125,63825.8515625,67234.171875,27206630673,1290363095325.0,1765546.6813186812,6.178542856558754e+20,7.065714222938768e-05,83947913181361.55,929419.0,354002,336801,174608.892013,7.2786322956454e+20,65688.3837890625
2024-03-25,67234.09375,71162.59375,66414.8359375,69958.8125,42700139523,1373598780291.875,1779722.2330827068,6.068669539607502e+20,5.831364705844298e-05,83947913181361.55,875844.0,330498,309156,223781.04323198,6.0087930969626e+20,68692.583984375
2024-03-26,69931.328125,71535.7421875,69335.609375,69987.8359375,36010437368,1381420773300.0,1982118.5736434108,5.974810095180841e+20,0.0001124765774817,83947913181361.55,867474.0,357433,319972,447989.88920318,5.5940914408647e+20,70197.62890625
2024-03-27,69991.8984375,71727.6875,68381.9296875,69455.34375,40827113309,1355897481681.25,2025907.695035461,5.813961366305839e+20,8.616939795921549e-05,83947913181361.55,814190.0,347877,320759,433581.70584437,5.8180380692318e+20,69889.21484375
2024-03-28,69452.7734375,71546.0234375,68895.5078125,70744.953125,34374900617,1402589712880.625,1751929.7714285713,5.879583523651957e+20,8.622467429408835e-05,83947913181361.55,996952.0,238795,208808,196507.01582266,6.0215448603404e+20,70159.814453125
2024-03-29,70744.796875,70913.09375,69076.65625,69892.828125,25230851763,1360780279106.25,1668610.6046511629,6.031774302457278e+20,7.297933960380173e-05,83126997340024.61,811516.0,364752,405605,311992.05043385,5.8868511130663e+20,70156.84375
2024-03-30,69893.4453125,70355.4921875,69601.0625,69645.3046875,17130241883,1377606667655.0,1782559.267857143,6.131315701375644e+20,6.009953773212887e-05,83126997340024.61,892135.0,415118,550287,175158.53945828,6.4791332236824e+20,69873.826171875
2024-03-31,69647.78125,71377.78125,69624.8671875,71333.6484375,20050941373,1384852990745.0,1997178.3777777776,5.908560497176074e+20,7.515058804173702e-05,83126997340024.61,753902.0,333461,346455,159264.12019302,5.8844060250238e+20,70496.01953125
2024-04-01,71333.484375,71342.09375,68110.6953125,69702.1484375,34873527352,1343874286837.5,2312719.463087248,5.958005853696789e+20,8.838369421341119e-05,83126997340024.61,802867.0,329085,299019,295400.97265272,5.9325453779716e+20,70122.10546875
