Date,YF_Op,YF_Hi,YF_Lo,YF_Cls,YF_Vol,ES_AvgTransFee,ES_AvgGasPrc,ES_BlkCnt,ES_BlkSz,ES_BlkTm,ES_ActAdd,ES_DepCon,ES_GasLmt,ES_GasUsd,ES_VerCon,OL_MktCap,OL_NewAdd,OL_ChnTrans,OL_ChnVol,D_AvgPrc
2017-11-09,308.6449890136719,329.4519958496094,307.0559997558594,320.8840026855469,893249984,0.22,15785570759,6195,13929,13.79,191221,51000,6718203,24998074107,48,29549597070.13256,107924.0,484538,18200819.18596968,316.5092468261719
2017-11-10,320.6709899902344,324.7179870605469,294.5419921875,299.25299072265625,885985984,0.19,15036090671,6300,13413,13.52,189377,42629,6715532,23709873840,67,29235520706.271828,100455.0,447845,13675881.173931152,309.7959899902344
2017-11-11,298.58599853515625,319.4530029296875,298.1919860839844,314.6809997558594,842300992,0.19,15394750336,6267,12665,13.58,160813,30604,6714315,22677610504,31,28932120163.52641,90339.0,421015,13204121.530113423,307.7279968261719
2017-11-12,314.69000244140625,319.15301513671875,298.51300048828125,307.9079895019531,1613479936,0.21,18011273725,6245,13233,13.83,184566,27014,6712808,22925780729,56,29390147269.422184,95159.0,435550,18208651.15907772,310.06600189208984
2017-11-13,307.0249938964844,328.4150085449219,307.0249938964844,316.71600341796875,1041889984,0.22,16603636136,6225,14443,13.65,181735,29034,6714950,24529577479,69,30304908659.45377,92372.0,439701,13980422.350758092,314.79524993896484
2017-11-14,316.76300048828125,340.177001953125,316.76300048828125,337.6310119628906,1069680000,0.24,16704405736,6122,16232,13.87,200518,22702,6714816,25946874938,88,30776164950.06106,87794.0,456385,10719957.021519668,327.83350372314453
2017-11-15,337.9639892578125,340.9119873046875,329.81298828125,333.35699462890625,722665984,0.25,17408995522,6237,16453,13.69,223801,32304,6714993,27301153015,77,32138369467.63073,105824.0,519217,15519724.668040773,335.51148986816406
2017-11-16,333.4429931640625,336.15899658203125,323.6059875488281,330.92401123046875,797254016,0.24,16023943398,6154,15278,13.8,203311,37185,6714876,25488120832,88,31721949793.092453,100843.0,500572,15001357.925389169,331.03299713134766
2017-11-17,330.1669921875,334.9639892578125,327.52301025390625,332.3940124511719,621732992,0.24,16406020669,6235,15301,13.66,213857,39371,6715914,26784225318,78,31984500494.937363,99736.0,527952,16954653.419076663,331.26200103759766
2017-11-18,331.9800109863281,349.6159973144531,327.68701171875,347.61199951171875,649638976,0.19,13339014477,6215,14628,13.71,184534,20088,6715508,24532718494,40,31559559140.61171,108734.0,473011,14026396.60689896,339.2237548828125
2017-11-19,347.4010009765625,371.2909851074219,344.739990234375,354.385986328125,1181529984,0.22,14229082585,6266,14551,13.6,190248,15515,6714834,23975090718,46,34230680994.78554,77238.0,449378,12720582.556889571,354.4544906616211
2017-11-20,354.093994140625,372.1369934082031,353.2890014648437,366.7300109863281,807027008,0.26,16089304528,6176,16654,13.81,220195,11954,6713109,26027982305,85,34679764572.963455,96314.0,507333,16158683.060373597,361.5625
2017-11-21,367.4429931640625,372.4700012207031,350.6929931640625,360.4010009765625,949912000,0.25,17548793491,6174,16182,13.8,218786,13914,6715338,25906539931,81,35428324633.504906,96993.0,529870,17121237.64674622,362.75174713134766
2017-11-22,360.31201171875,381.4200134277344,360.1470031738281,380.6520080566406,800819008,0.25,16469836119,6242,15978,13.67,221517,17558,6716259,26017543726,75,34847857502.405045,102601.0,543224,17030213.903094124,370.6327590942383
2017-11-23,381.4389953613281,425.5480041503906,376.0880126953125,410.1659851074219,1845680000,0.27,15992127664,6190,16029,13.73,226587,20908,6715977,26725364867,77,39589635721.2138,95269.0,534787,16861831.95009087,398.3102493286133
2017-11-24,412.5010070800781,480.9729919433594,402.7579956054688,474.9110107421875,2292829952,0.28,15456892039,6234,15104,13.68,218669,20574,6713855,26317732352,74,39543119594.505486,115050.0,526149,16403109.9743723,442.78575134277344
2017-11-25,475.6759948730469,485.1919860839844,461.0530090332031,466.2760009765625,1422080000,0.24,12891179323,6201,16192,13.69,217824,17320,6717095,27394849746,55,45569312927.85049,143052.0,582150,15424277.32512082,472.0492477416992
2017-11-26,465.9739990234375,472.7229919433594,451.6059875488281,471.3299865722656,1197779968,0.31,14953923259,6169,16099,13.79,221071,19358,6715381,27674135132,80,44153914097.16278,91857.0,512176,15388348.66841722,465.40824127197266
2017-11-27,471.531005859375,493.4049987792969,468.4849853515625,480.3550109863281,1396480000,0.29,15537337870,6086,22187,14.02,261418,11180,6717512,30599511959,61,46134728975.41965,102164.0,596422,18651621.68320798,478.4440002441406
2017-11-28,480.51800537109375,482.4800109863281,466.3469848632813,472.9020080566406,1346499968,0.31,16779210323,6094,18980,13.95,279130,27819,6717145,30288687055,73,46095688455.28391,113474.0,632945,22545553.765813254,475.56175231933594
2017-11-29,473.281005859375,522.3070068359375,425.0710144042969,427.5230102539063,2675940096,0.29,17499867713,6108,18539,13.92,300257,13008,6716943,29519996063,91,47671892487.11046,136728.0,646205,29228578.199764084,462.0455093383789
2017-11-30,431.2149963378906,465.49700927734375,401.2430114746094,447.114013671875,1903040000,0.28,16354038320,6151,18059,13.83,286670,9617,6716861,28880894729,92,39256042877.60332,112790.0,651132,28702166.50607905,436.2672576904297
2017-12-01,445.2090148925781,472.6090087890625,428.31201171875,466.5400085449219,1247879936,0.31,14561757161,6127,18184,13.89,269459,19158,6718817,31811531693,79,43900048172.24516,124891.0,641016,20418603.912791666,453.1675109863281
2017-12-02,466.85101318359375,476.239013671875,456.6530151367188,463.4490051269531,943649984,0.25,13179215357,6053,17954,14.07,271772,10478,6720306,30183667434,60,45094146320.34218,112814.0,625443,22445696.689461254,465.79801177978516
2017-12-03,463.7049865722656,482.8139953613281,451.85198974609375,465.8529968261719,990556992,0.27,14068434201,6029,19326,14.08,294406,8424,6721650,33003047721,52,44419268513.87356,100872.0,642128,22977472.39989956,466.05599212646484
2017-12-04,466.0539855957031,474.7770080566406,453.31201171875,470.2040100097656,1005550016,0.53,21962218932,5671,19741,14.86,277304,13428,6722294,34887121288,55,44847316121.92413,122546.0,712422,25424221.00113996,466.08675384521484
2017-12-05,470.29400634765625,473.5580139160156,457.6600036621094,463.281005859375,1216720000,0.78,30921177676,5588,19800,14.94,291425,10495,6726859,35038771633,56,45069102356.49757,136151.0,713651,11970137.125695186,466.19825744628906
2017-12-06,462.60400390625,462.7080078125,420.2099914550781,428.5880126953125,1998259968,0.82,42116421717,5473,21174,15.36,382371,14972,6722801,33872524569,31,43870554702.35615,172379.0,763422,10956453.272531988,443.52750396728516
2017-12-07,426.3689880371094,441.3970031738281,414.4110107421875,434.4079895019531,2129570048,1.43,59656597683,5798,17899,14.57,292205,35111,6730260,37125990058,46,40942492270.433815,180354.0,696178,14006447.84020913,429.14624786376953
2017-12-08,434.989013671875,466.06201171875,422.3670043945313,456.031005859375,2336379904,1.36,61102848374,5803,21220,14.58,334093,8584,6735817,37650148331,48,43637116926.87376,141058.0,726526,10515375.282383136,444.8622589111328
2017-12-09,457.343994140625,504.1470031738281,456.25299072265625,473.50201416015625,2003849984,1.42,55563635227,5813,19891,14.51,314888,11226,6777454,38152909553,25,45389727896.02735,124105.0,736665,6876278.773430763,472.8115005493164
2017-12-10,472.78900146484375,472.78900146484375,429.5140075683594,441.7210083007813,1404179968,1.17,43572173439,5781,20864,14.57,316657,16451,7555518,41534619670,70,43520182309.66124,114982.0,716602,7053218.335503466,454.20325469970703
2017-12-11,440.3580017089844,516.968994140625,439.10400390625,515.135986328125,1771440000,0.95,35272081823,5749,23554,14.68,383467,8920,7799361,42190609044,88,45630273432.293465,124102.0,806220,6524235.496309955,477.8917465209961
2017-12-12,522.2860107421875,657.3179931640625,504.4939880371094,651.4310302734375,5179829760,1.17,38367405491,5715,25607,14.73,413364,7740,7906762,42534383833,58,51552776099.889946,135742.0,823580,11557468.992395887,583.8822555541992
2017-12-13,644.906005859375,747.9929809570312,597.7979736328125,702.7670288085938,4524539904,1.11,38631503447,5659,26216,14.96,439382,18767,7995336,41625003479,91,59588606420.59296,187657.0,911003,11919317.757793607,673.3659973144531
2017-12-14,700.593994140625,753.1209716796875,664.989013671875,695.8159790039062,3821580032,1.26,41791954659,5694,26049,14.82,464402,29552,7995365,43964305213,93,66703882014.260895,217981.0,919706,12762402.760224553,703.6299896240234
2017-12-15,696.3759765625,697.1320190429688,621.0609741210938,684.447998046875,2758710016,1.1,35432934113,5800,26180,14.52,428067,24662,7995378,42607604617,74,67072339233.15821,234393.0,927417,11025755.58779784,674.7542419433594
2017-12-16,686.1920166015625,718.385009765625,680.7860107421875,696.208984375,2165690112,1.13,35296363949,5775,26389,14.58,403702,22489,7996145,42279195527,42,67392066504.25759,172386.0,897615,9264257.428760117,695.3930053710938
2017-12-17,696.2369995117188,735.8250122070312,696.2369995117188,719.9749755859375,2147389952,0.96,29121338315,5781,25965,14.66,401426,43866,7995227,41694276203,74,69034365137.09781,220553.0,884771,8524519.598615602,712.0684967041016
2017-12-18,721.7319946289062,803.927978515625,689.2310180664062,794.64501953125,3249230080,0.93,27442929390,5781,27932,14.67,470459,45705,7996603,43186977264,73,70596642879.40207,222245.0,926909,8757426.511095282,752.3840026855469
2017-12-19,793.9010009765625,881.9439697265625,785.3419799804688,826.822998046875,4096549888,1.11,34330952644,5604,31463,15.02,503283,19790,7995859,43342615632,83,79111011879.66516,224213.0,1090329,11085356.06546984,822.0024871826172
2017-12-20,827.5159912109375,845.06201171875,756.0040283203125,819.0859985351562,3969939968,1.4,41559360197,5571,27465,15.03,493822,22585,7996312,41579518582,52,77742410944.59167,243439.0,999424,13022285.20405513,811.9170074462891
2017-12-21,820.2360229492188,880.5430297851562,792.6890258789062,821.06298828125,3569060096,1.3,41640835518,5570,30221,15.07,538201,19480,7997245,42822071285,74,76733204490.93394,269935.0,1053582,13919694.086121237,828.6327667236328
2017-12-22,822.6430053710938,827.6829833984375,543.7620239257812,674.8599853515625,4977710080,0.98,40786863196,5652,29198,14.92,568084,28223,7995981,42339693488,50,63295098732.50962,286117.0,1109544,14502018.315915314,717.2369995117188
2017-12-23,681.3159790039062,763.89501953125,679.7310180664062,719.3870239257812,2480339968,0.92,33285710975,5947,26198,14.25,451498,35105,7995367,41686739250,51,71093755439.70378,223879.0,961108,11476214.15487262,711.0822601318359
2017-12-24,721.7689819335938,721.7689819335938,614.9219970703125,694.1480102539062,2300549888,0.91,30228420219,5981,20519,14.14,346300,69315,7995468,39798116384,54,63109385296.52118,229797.0,848212,9337834.102244228,688.1519927978516
2017-12-25,698.8699951171875,782.52099609375,698.8699951171875,765.833984375,2491760128,0.73,26111076108,6032,21721,14.17,359700,61572,7995920,36883633123,81,73173286182.44456,206300.0,748457,7271620.790214878,736.5237426757812
2017-12-26,763.3699951171875,786.7899780273438,760.9349975585938,773.8359985351562,2201159936,0.69,25927218047,5992,22433,14.23,397073,66748,7996823,38712289894,69,74676547353.4848,197316.0,739438,6093596.212650543,771.2327423095703
2017-12-27,774.969970703125,789.2529907226562,738.4130249023438,762.8419799804688,2100029952,0.67,25108575762,5966,24734,14.2,425320,46015,7996690,41512701145,105,75463459730.58868,268238.0,907095,11175367.150987333,766.3694915771484
2017-12-28,762.2080078125,763.3189697265625,701.18701171875,737.0230102539062,2389149952,0.63,24132948080,5889,25965,14.46,452868,37115,7996541,41331549758,81,71448243855.7278,247564.0,943499,12856177.81537562,740.9342498779297
2017-12-29,740.3889770507812,770.1170043945312,729.6079711914062,753.5919799804688,2648969984,0.68,25027593719,5786,29542,14.71,544455,35621,7996704,43383854091,67,72944703782.65144,263546.0,1019822,13124307.005644524,748.4264831542969
2017-12-30,753.8150024414062,753.8150024414062,685.2310180664062,717.2570190429688,3187780096,0.59,24163343242,5773,29346,14.66,582403,28540,7996467,41534605727,64,68549335258.52757,311717.0,1169572,18345420.46417564,727.5295104980469
2017-12-31,712.2119750976562,760.3480224609375,710.1190185546875,756.7329711914062,2554269952,0.68,24709168252,5907,25038,14.27,440956,52317,7996646,40470099836,56,69924246668.9083,259185.0,963666,12360507.863968404,734.8529968261719
2018-01-01,755.7570190429688,782.530029296875,742.0040283203125,772.6409912109375,2595760128,0.64,23306357402,5926,24025,14.2,453142,66339,7996099,39876127062,48,74459964485.31429,228600.0,921621,7122700.480175779,763.2330169677734
2018-01-02,772.3460083007812,914.8300170898438,772.3460083007812,884.4439697265625,5783349760,0.79,26315022737,5750,30157,14.74,588284,30118,7996534,42671435301,46,85733036907.64885,262615.0,1066915,12362448.862670569,835.9915008544922
2018-01-03,886.0,974.4710083007812,868.4509887695312,962.719970703125,5093159936,0.94,27919698108,5540,32473,15.12,631269,16495,7997271,41794056176,58,85355736359.67975,326698.0,1229867,15966635.09317318,922.9104919433594
2018-01-04,961.7130126953124,1045.0799560546875,946.0859985351562,980.9219970703124,6502859776,1.04,33357029107,5454,33681,15.39,704786,9457,7998221,41332879147,58,92337308139.20528,349897.0,1287725,17167092.23424169,983.4502410888672
2018-01-05,975.75,1075.3900146484375,956.3250122070312,997.719970703125,6683149824,2.42,84460889356,5341,33416,15.56,692927,7499,7997843,40379621205,66,101172927710.453,378697.0,1319628,20848570.083851032,1001.2962493896484
2018-01-06,995.1539916992188,1060.7099609375,994.6220092773438,1041.6800537109375,4662219776,2.99,95788574583,5416,32655,15.59,659531,8658,7998194,41149583911,53,97059201129.36684,352426.0,1278317,19195040.73895186,1023.04150390625
2018-01-07,1043.010009765625,1153.1700439453125,1043.010009765625,1153.1700439453125,5569880064,2.82,74588438927,5528,31266,15.15,599293,13665,7998061,42259801663,69,105626944980.28944,271240.0,1128451,11832255.936419114,1098.0900268554688
2018-01-08,1158.260009765625,1266.9300537109375,1016.0499877929688,1148.530029296875,8450970112,2.75,73644673858,5408,32502,15.42,645895,12320,7998440,41554528829,69,105433337202.47652,290603.0,1199593,14259125.396553466,1147.4425201416016
2018-01-09,1146.0,1320.97998046875,1145.489990234375,1299.739990234375,7965459968,3.17,76790296973,5377,33037,15.45,701526,12195,7998237,40838021653,76,117133377232.83044,300326.0,1251747,16826166.1016155,1228.052490234375
2018-01-10,1300.3399658203125,1417.3800048828125,1226.5999755859375,1255.8199462890625,9214950400,3.92,95442073535,5415,30646,15.31,645543,23895,7998394,41211834716,61,132244951437.88931,325432.0,1218734,17345422.71942765,1300.0349731445312
2018-01-11,1268.0899658203125,1337.300048828125,1135.1700439453125,1154.9300537109375,7235899904,3.04,82600430565,5430,31298,15.47,650421,16082,7998324,40874997008,50,119069011253.7986,321926.0,1174531,17714858.947825458,1223.8725280761719
2018-01-12,1158.2900390625,1296.0400390625,1120.0899658203125,1273.199951171875,5222300160,2.62,60014533220,5419,30655,15.46,593834,20945,7998442,41302749226,93,120931179892.44864,299502.0,1125398,14373213.694767931,1211.9049987792969
2018-01-13,1270.469970703125,1432.8800048828125,1270.469970703125,1396.4200439453125,5746760192,2.83,63717170951,5394,31264,15.57,631490,20690,7998694,41404605848,87,125628134407.19284,276371.0,1140661,10590708.279129175,1342.5599975585938
2018-01-14,1397.47998046875,1400.56005859375,1286.2099609375,1366.77001953125,4841630208,2.81,58397110440,5625,29323,14.78,579715,32501,7998479,42756086884,104,135009476576.96588,246843.0,1149089,18902301.84920522,1362.7550048828125
2018-01-15,1365.2099609375,1390.5899658203125,1290.5999755859375,1291.9200439453125,4781100032,2.36,53860527328,5424,31846,15.34,694740,16358,7999213,42043952117,69,130563840271.93642,252326.0,1122412,17414153.050011486,1334.5799865722656
2018-01-16,1292.6300048828125,1292.6300048828125,875.5449829101562,1053.68994140625,8405139968,1.83,54778776336,5522,32767,15.02,719094,11342,7998961,42377287097,91,120570122773.3536,277903.0,1269457,13858405.155081712,1128.6237335205078
2018-01-17,1061.3399658203125,1090.22998046875,780.9219970703125,1014.25,8545160192,1.66,52114059603,5572,32427,14.96,703315,10981,7998965,42082782990,95,92614096517.20256,291229.0,1254066,16008184.341373064,986.6854858398438
2018-01-18,1016.4400024414062,1100.31005859375,967.7589721679688,1036.280029296875,5938319872,1.81,53748001984,5569,31705,14.9,669434,8673,7999398,42002307855,99,99512839988.63509,286486.0,1264617,16731120.508932952,1030.197265625
2018-01-19,1028.8199462890625,1093.219970703125,1003.7100219726562,1039.0999755859375,4084450048,1.86,51161244711,5685,28846,14.67,529466,8968,7998880,40650250975,119,103092746603.20609,225099.0,1119561,11320667.31842895,1041.2124786376953
2018-01-20,1044.949951171875,1167.1099853515625,1044.949951171875,1155.1500244140625,3975190016,2.08,51085545977,5873,27414,14.38,450908,14100,7998943,42221424863,109,104439393149.19984,190117.0,1006701,7779681.041238476,1103.0399780273438
2018-01-21,1155.6800537109375,1155.6800537109375,1021.5,1049.5799560546875,3378089984,1.38,40356756648,5810,26798,14.44,582463,27216,7998945,41120535667,65,110200769812.84103,225340.0,949893,8021088.077634953,1095.6100158691406
2018-01-22,1055.3499755859375,1089.0999755859375,930.7410278320312,1003.260009765625,3810099968,1.23,33802546511,5883,25864,14.31,496789,48136,7998628,42384341493,97,93322060920.35596,231407.0,976654,8209756.522930917,1019.6127471923828
2018-01-23,1004.1699829101562,1023.22998046875,920.5399780273438,986.22900390625,3556699904,1.53,39247302060,5898,25079,14.37,459297,65956,7998364,42585249220,112,98521416382.25674,249937.0,973627,10073238.627490196,983.542236328125
2018-01-24,987.4769897460938,1062.43994140625,965.8079833984376,1058.780029296875,3944039936,1.5,37646911483,5961,24566,14.16,438354,71296,7998790,41116424115,119,100279539250.8591,259481.0,931440,9439824.482007112,1018.6262359619141
2018-01-25,1063.219970703125,1104.6600341796875,1034.739990234375,1056.030029296875,4050190080,1.4,33569002791,5910,23671,14.29,358125,49565,7998366,38694327499,103,100580883894.52956,224524.0,874759,6548957.1236366695,1064.6625061035156
2018-01-26,1052.699951171875,1080.5999755859375,996.7839965820312,1055.1700439453125,3617690112,1.05,28114173259,5910,26059,14.24,463444,15548,7998293,40325654323,112,102179881242.56648,212270.0,847303,7569486.774586451,1046.313491821289
2018-01-27,1055.75,1121.97998046875,1042.1199951171875,1107.0699462890625,3002870016,1.09,27546279427,6004,22450,14.04,401484,21348,7998084,36907616933,90,106500542447.64728,191915.0,869470,7785880.131305987,1081.72998046875
2018-01-28,1111.780029296875,1257.77001953125,1111.780029296875,1246.010009765625,5372329984,1.23,27800189170,6017,24197,14.03,419513,27121,7998118,39324531791,79,109879860864.5422,164701.0,873214,7092972.758342395,1181.8350219726562
2018-01-29,1246.699951171875,1256.699951171875,1169.0799560546875,1182.3599853515625,3715079936,1.59,37028443300,5925,25248,14.31,453838,23553,7998334,40261018198,122,116793561673.62633,177299.0,933304,8448950.292088054,1213.7099609375
2018-01-30,1184.1300048828125,1184.6300048828125,1058.969970703125,1071.1300048828125,4107859968,1.25,30081646328,5867,25224,14.31,433204,30979,7998034,40864587588,161,111499276269.13193,176994.0,881220,7810070.276639139,1124.7149963378906
2018-01-31,1071.0899658203125,1128.6600341796875,1034.5,1118.31005859375,3757560064,1.35,29402730461,5883,24902,14.4,435646,24133,7998107,41266872563,136,107323343987.68208,191404.0,909813,9651989.57000696,1088.1400146484375
2018-02-01,1119.3699951171875,1161.3499755859375,984.8189697265624,1036.7900390625,5261680128,1.58,40436332603,5778,26328,14.59,487376,12246,7997985,41536066787,103,110829994658.3874,180151.0,935513,8057092.412224689,1075.5822448730469
2018-02-02,1035.77001953125,1035.77001953125,757.97998046875,915.7849731445312,6713290240,1.12,35386250064,5865,26186,14.43,480521,16202,7997566,40854960763,129,92923609645.87823,200988.0,1056443,11956690.01879877,936.3262481689453
2018-02-03,919.2109985351562,991.9429931640624,847.6900024414062,964.0189819335938,3243480064,1.06,29301000333,5973,22592,14.16,387179,39572,7997718,39679298889,128,93016963142.49226,179600.0,843638,7838645.7229734,930.7157440185547
2018-02-04,964.6669921875,969.031982421875,805.0640258789062,834.6820068359375,2997090048,0.87,29029951503,5960,22742,14.16,391710,31525,7997955,38898471198,137,84181946967.6096,180745.0,798069,5415960.327901302,893.3612518310547
2018-02-05,834.9580078125,856.64599609375,644.5989990234375,697.9509887695312,4269530112,0.69,26867195837,6025,24175,14.0,421744,33022,7997493,40245262197,163,81458062281.00055,164222.0,822587,6162027.546280371,758.5384979248047
2018-02-06,707.7369995117188,796.4390258789062,574.4190063476562,793.1220092773438,6518269952,0.82,27964527864,5926,24934,14.31,426817,21576,7997730,39381740316,143,72379000051.38026,181115.0,915423,9839693.908247134,717.9292602539062
2018-02-07,790.427978515625,851.2000122070312,723.4329833984375,757.0679931640625,3896179968,0.78,26694182218,5913,22972,14.32,392058,23012,7997852,38974098416,139,79193277154.19496,178669.0,837909,8265830.484282616,780.5322418212891
2018-02-08,755.843017578125,845.0859985351562,755.843017578125,817.8070068359375,3708189952,0.78,24968333160,6002,20093,14.03,320196,30479,7997334,37504769448,138,78615093226.35458,131618.0,746704,4817119.420375577,793.6447601318359
2018-02-09,818.47998046875,884.0040283203125,788.833984375,883.864990234375,2495820032,0.78,22856286885,5936,22095,14.26,370462,26386,7997095,38742315523,144,78645813404.9829,128468.0,713247,4398131.54548043,843.7957458496094
2018-02-10,882.4669799804688,917.4000244140624,825.5770263671875,860.4149780273438,2930530048,0.76,23836230354,6022,22121,14.02,390968,26474,7997319,40043083880,86,82641621915.79099,151400.0,866049,6358270.483454178,871.4647521972656
2018-02-11,859.2880249023438,859.2880249023438,788.2219848632812,814.6599731445312,2486650112,0.68,21902813565,5955,20982,14.26,347349,26970,7996376,38287873264,97,83125202234.74876,142312.0,762541,4591128.128854192,830.364501953125
2018-02-12,817.5079956054688,875.93701171875,817.5079956054688,868.7069702148438,2243450112,0.67,20824108310,5945,22178,14.21,395977,21470,7997134,38752828307,153,83616212264.07533,166713.0,843321,4735181.004171936,844.9149932861328
2018-02-13,869.2930297851562,870.708984375,828.8369750976562,845.2579956054688,2081170048,0.71,21675219499,5965,20432,14.23,337583,23984,7996573,37040485585,143,83729859691.40225,148325.0,780280,6552513.945667478,853.5242462158203
2018-02-14,844.2789916992188,926.4290161132812,844.2789916992188,923.5609741210938,2818370048,0.79,22501126990,5860,21848,14.45,356929,26611,7996785,36680999206,177,88111435956.08,127017.0,713128,4624260.608578718,884.6369934082031
2018-02-15,923.72802734375,951.947998046875,911.1110229492188,936.9760131835938,2900100096,0.76,21565784189,5966,21805,14.2,369500,28220,7996112,38240882715,139,91187875455.19614,148317.0,785043,5615042.162812413,930.9407653808594
2018-02-16,934.7860107421876,950.0050048828124,917.8480224609376,944.2100219726562,2369449984,0.8,21590561665,5958,20711,14.22,312694,29456,7996526,37933382560,160,91662440562.10228,148731.0,718698,5131602.378441096,936.7122650146484
2018-02-17,944.7479858398438,976.594970703125,940.7540283203124,974.114990234375,2525720064,0.86,21836733413,6036,21891,14.05,318130,28799,7996281,39190067077,90,93891377724.6361,141766.0,740649,4317679.312714532,959.0529937744141
2018-02-18,973.3489990234376,982.9329833984376,915.4450073242188,923.9210205078124,2567290112,0.93,23119908681,5984,20735,14.12,314609,26517,7996018,39397382859,107,92300736320.31429,121676.0,790996,4748809.508557055,948.9120025634766
2018-02-19,921.6680297851562,957.7769775390624,921.5540161132812,943.864990234375,2169019904,0.76,19905796465,5898,21811,14.34,356303,32270,7996493,39606612657,125,90991619532.1872,132744.0,760409,3698366.165486098,936.2160034179688
2018-02-20,943.5670166015624,965.2650146484376,892.9539794921875,895.3709716796875,2545260032,0.74,20246730594,5814,24413,14.42,378454,11220,7996977,41973901118,150,92111872003.0766,147565.0,892277,4197736.588030554,924.2892456054688
2018-02-21,894.135009765625,912.375,830.56298828125,849.9710083007812,2531729920,0.73,19358082715,5849,23307,14.37,351755,8560,7997205,40847542931,128,83043695779.94055,150222.0,835376,4833313.741751265,871.7610015869141
2018-02-22,849.2620239257812,875.926025390625,802.6680297851562,812.844970703125,2150370048,0.65,17902757911,5873,21747,14.4,329592,10870,7996379,38837227832,130,80740472748.73955,166864.0,839789,4403730.771448568,835.1752624511719
2018-02-23,811.5850219726562,886.3179931640625,794.791015625,864.1890258789062,2334820096,0.73,18833737841,5926,20793,14.25,315850,11320,7997181,37991211338,117,81996095873.46072,176479.0,725289,6056724.645449927,839.2207641601562
2018-02-24,861.593017578125,879.531005859375,818.5499877929688,840.5150146484375,1926579968,0.71,19384760070,5850,21265,14.4,282273,7206,7997429,38209268440,67,81884271003.94498,227769.0,715783,2912618.7863956126,850.0472564697266
2018-02-25,839.458984375,853.14599609375,822.3809814453125,844.8099975585938,1646960000,0.67,16760068675,5858,20566,14.39,282268,8798,7996610,37805002395,120,80984086439.87495,199726.0,724238,2648526.6078223595,839.9489898681641
2018-02-26,845.2780151367188,880.3920288085938,842.3189697265625,869.3150024414062,2044480000,0.64,17771487138,5803,21652,14.54,350654,15718,7997155,37390079297,207,85750135075.09702,142308.0,708035,2724111.638161044,859.3260040283203
2018-02-27,870.364990234375,896.2589721679688,867.0969848632812,878.2650146484375,2053980032,0.71,17894714377,5865,20964,14.32,334755,18436,7996273,37544097966,159,85276010331.87529,133743.0,706791,1902887.823212467,877.9964904785156
2018-02-28,877.9340209960938,890.1079711914062,855.1240234375,855.198974609375,1963980032,0.89,20187807483,5898,21593,14.25,358559,12593,7997168,39310780770,170,86977805290.45613,162902.0,721726,1762018.0337388967,869.5912475585938
2018-03-01,856.0120239257812,880.302001953125,851.9199829101562,872.2000122070312,1868519936,0.73,18473527342,5879,20663,14.37,328359,12212,7996704,37659539662,123,84898894099.83977,141715.0,685019,1924492.7705079247,865.1085052490234
2018-03-02,871.7639770507812,876.3779907226562,852.4219970703125,856.85302734375,1894419968,0.84,20451455718,5899,22550,14.25,336320,19933,7997108,39983716238,107,83791320074.64044,130440.0,728322,1775261.287082595,864.354248046875
2018-03-03,856.7109985351562,868.4539794921875,855.2069702148438,857.2249755859375,1699369984,0.65,16322757085,5949,21173,14.22,294134,14992,7996663,37865237862,101,84714995364.36841,117411.0,708010,1279352.0267679917,859.3992309570312
2018-03-04,856.1859741210938,867.9500122070312,840.280029296875,866.677978515625,1697939968,0.74,17306576278,5881,20794,14.33,273683,12411,7997235,38730214278,125,83070726900.93945,126435.0,640939,1133839.6505355232,857.7734985351562
2018-03-05,866.8460083007812,869.9199829101562,853.52001953125,853.6840209960938,1898489984,0.72,19642692604,5885,22566,14.36,342785,14370,7996637,38793616163,137,85034039357.05467,117392.0,738410,1521075.6433398582,860.9925079345703
2018-03-06,853.8170166015625,853.8170166015625,809.9310302734375,816.9509887695312,1943069952,0.59,18179260115,5890,21623,14.37,345762,17481,7997133,37307686369,151,81555173733.20955,121172.0,709294,2066946.8863696305,833.6290130615234
2018-03-07,816.27099609375,825.6069946289062,726.5469970703125,752.8309936523438,2175419904,0.58,19767121442,5915,22824,14.26,448020,17719,7997476,38466490967,124,79706844071.50536,125238.0,778214,2180206.456675454,780.3139953613281
2018-03-08,752.5700073242188,773.7670288085938,696.1690063476562,704.5960083007812,1891640064,0.55,18357044883,5856,21478,14.42,329913,15346,7997092,37448073374,127,72683571522.24615,140671.0,716574,1900728.6813256587,731.7755126953125
2018-03-09,702.197021484375,729.156005859375,648.1069946289062,728.916015625,2233019904,0.56,17752199400,5898,20374,14.33,317341,14909,7997539,37016588949,123,68757617155.38925,143437.0,662243,2124479.76133914,702.0940093994141
2018-03-10,730.1599731445312,748.031005859375,682.6950073242188,686.8900146484375,1532960000,0.46,14790736580,5893,18862,14.3,296475,15759,7997158,36078405981,114,71902953893.77376,144512.0,600859,1520231.6985576288,711.9440002441406
2018-03-11,685.31201171875,735.8309936523438,668.1229858398438,723.3389892578125,1562680064,0.43,13799398206,5957,18612,14.14,270699,14174,7996944,34925525031,101,69561080194.59631,98620.0,586526,1191938.7212125277,703.1512451171875
2018-03-12,724.406005859375,742.5139770507812,683.2680053710938,699.8309936523438,1764999936,0.53,15351654962,5823,21668,14.42,312269,7374,7996625,37215624308,147,68469123763.72187,121039.0,665416,1329946.3541453215,712.5047454833984
2018-03-13,698.1530151367188,713.7349853515625,682.3499755859375,690.8270263671875,1425959936,0.39,13206717876,5865,20946,14.43,319563,11013,7997047,35427163435,137,68392676702.45526,144238.0,699555,2661132.744631201,696.2662506103516
2018-03-14,691.218994140625,702.7839965820312,594.0999755859375,614.291015625,1810560000,0.39,14203805847,5843,20106,14.41,342301,14377,7996306,35522019946,137,64422977967.25107,150986.0,684920,2248187.7358813747,650.5984954833984
2018-03-15,614.8389892578125,620.6160278320312,579.5050048828125,611.3040161132812,1770460032,0.37,14353164971,5881,20056,14.32,319299,16444,7997122,35374686934,125,57760807165.44618,150645.0,666591,2322770.7293534214,606.5660095214844
2018-03-16,611.7780151367188,623.1680297851562,587.8619995117188,601.666015625,1417350016,0.39,16340801409,5918,19502,14.24,300746,10377,7996821,34947118314,137,58804109218.94375,133721.0,617645,1626236.7728828364,606.1185150146484
2018-03-17,601.677978515625,609.1510009765625,549.0960083007812,552.7789916992188,1267810048,0.29,12252599210,5856,17376,14.46,272699,3922,7996541,31445915711,105,58833975838.90308,103836.0,626025,1291456.236166415,578.1759948730469
2018-03-18,551.6400146484375,551.6400146484375,460.0880126953125,538.6439819335938,2685499904,0.29,12747853336,5933,20197,14.33,309524,4099,7996742,36562436097,75,45800982031.52916,121838.0,645088,3030383.546610181,525.5030059814453
2018-03-19,546.6259765625,558.0999755859375,519.1229858398438,556.7260131835938,2046790016,0.3,13093728143,5961,20642,14.23,347729,5889,7996874,35802695120,138,54218628032.64098,155860.0,703281,2493046.4917020863,545.1437377929688
2018-03-20,556.7219848632812,567.0900268554688,521.2039794921875,557.1749877929688,1833680000,0.32,13429840214,5959,20067,14.19,310437,15077,7996569,34824000498,128,54732515766.1433,103513.0,681516,2342459.749035931,550.5477447509766
2018-03-21,559.0999755859375,589.6069946289062,550.572021484375,561.7319946289062,1781270016,0.36,14142299137,5934,20630,14.21,322853,27734,7996538,36536924121,116,55844146626.75128,108079.0,692248,1920434.184365778,565.2527465820312
2018-03-22,562.10302734375,577.5659790039062,523.0889892578125,539.7020263671875,1523459968,0.37,14406721931,6014,17883,14.02,305757,35935,7996860,33771872051,112,52298936323.76019,110413.0,663126,1941519.65013376,550.6150054931641
2018-03-23,539.864013671875,540.4869995117188,512.1270141601562,539.6190185546875,1596349952,0.36,15620447607,5968,18847,14.22,362118,35325,7996364,34522177147,142,50796954047.83062,112787.0,632294,2197252.298334268,533.0242614746094
2018-03-24,542.572021484375,545.3820190429688,526.0800170898438,526.4390258789062,1300009984,0.32,13781856544,6058,16599,13.98,323999,28438,7995834,32878378111,74,53275424299.5581,96816.0,658479,1503711.3754813804,535.1182708740234
2018-03-25,522.7030029296875,535.8209838867188,515.6589965820312,524.2869873046875,1151170048,0.33,13537750854,6024,14982,14.12,240239,25229,7996187,31986241666,73,51237114507.00007,96109.0,541728,1058269.377380042,524.6174926757812
2018-03-26,524.2869873046875,526.3790283203125,470.4400024414063,489.9509887695313,1638880000,0.34,18175711428,6004,17841,14.11,299394,16691,7995999,31967319199,171,51420424314.440994,87361.0,568666,1906532.7432721024,502.7642517089844
2018-03-27,489.5899963378906,491.4590148925781,449.9710083007813,450.1159973144531,1617939968,0.28,14361185569,5923,17230,14.31,277447,12902,7996119,30405543514,150,46127533695.70762,108104.0,630414,3341474.900221272,470.2840042114258
2018-03-28,450.2909851074219,466.21099853515625,444.8609924316406,446.2789916992188,1514179968,0.28,14632876426,5949,17283,14.17,264748,5615,7995329,29579341741,172,44433442717.78409,98281.0,579079,3061366.6475087493,451.9104919433594
2018-03-29,448.0750122070313,450.81298828125,385.81298828125,385.9679870605469,1970230016,0.26,15636728747,5867,17508,14.38,286067,5968,7996294,30620605384,123,43511842905.42819,97392.0,577422,2592946.066638018,417.66724395751953
2018-03-30,385.9049987792969,409.9289855957031,368.6329956054688,394.6449890136719,1878130048,0.22,12774734071,5938,18457,14.24,304059,11467,7995868,33817911220,118,37297073691.30936,111596.0,617768,3018523.125561453,389.77799224853516
2018-03-31,395.0039978027344,418.4679870605469,392.9530029296875,396.4570007324219,1323920000,0.19,11477477292,6050,17025,14.01,259653,11507,7995317,33628710263,91,39718763483.10485,113689.0,592996,1939130.5376701343,400.72049713134766
2018-04-01,397.2539978027344,400.5280151367188,363.8049926757813,379.6069946289063,1256930048,0.17,11102468465,6016,15893,14.11,242924,28623,7995829,32806978500,77,35948313714.88511,110647.0,567293,1441266.3203370534,385.29850006103516
2018-04-02,379.6990051269531,395.1709899902344,377.5929870605469,386.4249877929688,1102259968,0.2,12126196454,6094,16871,13.92,273669,30365,7995427,34275278877,157,38613406746.634544,111438.0,584408,1502056.0662480365,384.7219924926758
2018-04-03,387.31201171875,418.9679870605469,383.5320129394531,416.89300537109375,1363399936,0.21,12293014582,5999,19076,14.12,297313,26114,7995928,36638070285,185,40057667014.88592,112265.0,622774,1805031.54895622,401.67625427246094
2018-04-04,416.4849853515625,417.4719848632813,375.30999755859375,380.5429992675781,1287730048,0.17,10971643800,6001,18676,14.17,278604,48725,7996559,38069223989,177,39884986465.89229,136352.0,639101,1866851.92792066,397.4524917602539
2018-04-05,379.9469909667969,387.7160034179688,369.8160095214844,383.2319946289063,1210680064,0.27,15470303694,6056,19496,14.01,323318,48851,7995770,38406031856,127,37338745071.948265,152522.0,677403,1512822.653851711,380.17774963378906
2018-04-06,382.7309875488281,385.1950073242188,366.9110107421875,370.2850036621094,967105984,0.2,13576704140,6051,17769,14.01,297370,50295,7995448,39892595936,135,37457510100.364174,132629.0,668856,1520008.654467972,376.28050231933594
2018-04-07,370.3800048828125,393.0589904785156,369.9360046386719,385.3139953613281,951475008,0.17,10753965447,6049,15831,14.06,257955,30618,7995610,35226156928,104,37602132754.74654,123539.0,565022,1067682.6493623855,379.67224884033203
2018-04-08,385.7430114746094,402.5899963378906,385.60198974609375,400.5079956054688,948488000,0.19,10486377770,6058,17233,13.97,277445,24732,7995932,36718092042,121,39637270741.11409,95012.0,578971,1457316.715952606,393.6107482910156
2018-04-09,400.8569946289063,429.2510070800781,390.6099853515625,398.5260009765625,1478390016,0.2,11897226799,5995,18630,14.21,300919,14296,7995328,36420879261,178,39132311772.63474,111944.0,615825,1991772.646968967,404.81099700927734
2018-04-10,399.4110107421875,415.8880004882813,393.8789978027344,414.2430114746094,1196000000,0.21,12186519151,6073,17582,13.93,274869,18954,7994995,34498152250,188,39504796819.60028,86416.0,567260,1425403.876696529,405.8552551269531
2018-04-11,415.0239868164063,430.5400085449219,412.4710083007813,430.5400085449219,1439040000,0.23,12413186820,5962,18496,14.23,283631,23061,7995464,36167887453,125,41546887501.40795,115415.0,603706,1636397.364791411,422.1437530517578
2018-04-12,430.1610107421875,493.0580139160156,417.4129943847656,492.9410095214844,2519360000,0.27,13472050250,5898,21244,14.39,320576,14571,7996310,38944530354,144,45830035179.37998,116408.0,667168,2285884.5490127243,458.3932571411133
2018-04-13,493.1600036621094,526.469970703125,482.6589965820313,492.7349853515625,2419249920,0.3,15622290969,5923,21136,14.21,325286,22202,7995802,39941881291,104,50792670649.1782,104735.0,720464,2736807.986002314,498.75598907470703
2018-04-14,492.5799865722656,512.0239868164062,488.2789916992188,501.4779968261719,1519079936,0.26,12185010900,5917,18148,14.29,275453,23234,7995440,37051422552,108,50067674236.111534,103090.0,643700,1358436.9560496283,498.5902404785156
2018-04-15,502.8800048828125,531.7020263671875,502.8800048828125,531.7020263671875,1726089984,0.25,11501339825,5939,18672,14.18,281542,14926,7995513,37279688415,131,50461403380.0098,103530.0,604836,1172187.782123457,517.291015625
2018-04-16,532.073974609375,534.197021484375,500.25,511.1470031738281,1758979968,0.26,11892614029,5932,20768,14.26,299241,26727,7996201,41367262885,164,49915588915.15823,122644.0,654234,1491740.4366317906,519.4169998168945
2018-04-17,511.1449890136719,518.031005859375,502.5639953613281,502.8940124511719,1760359936,0.24,12173043612,5835,22300,14.39,319361,16832,7996298,40466251221,145,50160199462.24347,127360.0,714419,1662135.7419346687,508.6585006713867
2018-04-18,503.3089904785156,525.0919799804688,503.0450134277344,524.7890014648438,1762940032,0.32,14288533754,5795,22474,14.55,304728,26578,7997089,41752401881,128,50124517748.02931,149980.0,716203,1806470.5894170976,514.0587463378906
2018-04-19,524.0380249023438,567.8889770507812,523.2620239257812,567.8889770507812,2256869888,0.31,12808754360,5810,25206,14.51,337828,14846,7996634,42227790268,143,53981075948.86656,206633.0,774583,1969502.1085033645,545.7695007324219
2018-04-20,567.989013671875,618.7150268554688,560.2830200195312,615.718017578125,2849469952,0.33,12534360242,5715,26386,14.71,354452,11271,7996506,41929292299,122,57962380501.82926,133176.0,845709,2520748.2961328696,590.67626953125
2018-04-21,616.0040283203125,621.8880004882812,578.5499877929688,605.39501953125,2612460032,0.28,11341532081,5883,21672,14.37,363413,44753,7997111,40430887565,73,60123710891.74037,118550.0,776689,2074144.8697123032,605.4592590332031
2018-04-22,606.1190185546875,640.7670288085938,593.8690185546875,621.8599853515625,2426269952,0.3,11663977885,5902,23074,14.31,377403,34693,7996738,40830020164,74,62633935549.948654,113720.0,728993,1448008.083080883,615.6537628173828
2018-04-23,621.198974609375,646.7000122070312,621.0349731445312,642.5479736328125,2386830080,0.31,12244561688,5776,24241,14.58,400340,24762,7996422,40462293418,156,63828785237.13938,115437.0,795011,2740151.8948649326,632.8704833984375
2018-04-24,643.3980102539062,708.875,643.3980102539062,708.1580200195312,3581860096,0.41,14321823448,5720,25599,14.76,398806,16441,7996819,40514357609,158,66081229750.29347,121703.0,809984,4249965.542941219,675.9572601318359
2018-04-25,707.06201171875,707.06201171875,600.2119750976562,615.416015625,4216140032,0.35,13557508252,5818,25145,14.43,354255,10159,7997113,40232833784,127,66572849925.13316,115541.0,804813,2766179.6591971386,657.4380035400391
2018-04-26,618.0789794921875,663.1810302734375,604.0070190429688,662.8090209960938,2984009984,0.39,14271989942,5867,24705,14.34,348776,7300,7996732,39885121068,140,61258735756.04269,102463.0,799793,2410125.965885184,637.0190124511719
2018-04-27,662.1090087890625,684.8679809570312,647.031982421875,647.031982421875,2598129920,0.41,14685431596,5714,24120,14.79,333756,10654,7996686,38211862312,130,66731335001.406296,91775.0,762638,2370284.197929891,660.2602386474609
2018-04-28,644.64599609375,691.4420166015625,644.64599609375,683.677978515625,2496659968,0.46,17582460945,5713,24555,14.81,336485,3518,7996023,37348503833,64,66024242218.126976,85900.0,777341,1999329.4956066536,666.1029968261719
2018-04-29,683.9119873046875,697.7559814453125,670.5130004882812,688.8809814453125,2740559872,0.5,15442471407,5833,24654,14.4,311137,5423,7996692,39452701435,93,67568487871.44803,85406.0,764014,1857817.8635549224,685.2654876708984
2018-04-30,689.760986328125,694.4390258789062,666.1170043945312,669.9240112304688,2853100032,0.49,16262401104,5724,25891,14.71,351507,7042,7996668,39894191248,148,67756783933.67231,106549.0,762492,1908863.1778882104,680.0602569580078
2018-05-01,670.4630126953125,674.4030151367188,637.5399780273438,673.6129760742188,2678960128,0.42,14281953004,5622,24618,14.93,318286,7967,7996009,40429240606,135,63896208371.685165,118876.0,756099,2168156.658570975,664.0047454833984
2018-05-02,674.0750122070312,688.8419799804688,667.4199829101562,687.1489868164062,2822269952,0.42,14722424091,5712,25626,14.75,354323,6450,7996979,41267021917,145,67693503207.5527,112416.0,754954,2749572.5550047937,679.3714904785156
2018-05-03,686.5910034179688,784.3410034179688,686.5910034179688,779.5430297851562,4210939904,0.53,16368874314,5681,26338,14.82,386469,6124,7996969,41099388553,129,74071337280.22693,117581.0,814602,2933875.264692956,734.2665100097656
2018-05-04,776.7750244140625,803.7459716796875,762.6320190429688,785.6240234375,3533410048,0.43,14696638866,5632,27766,14.91,638527,4180,7996916,40546297144,120,76577428556.63322,111859.0,894591,2839558.4529936914,782.1942596435547
2018-05-05,784.5830078125,827.4550170898438,784.2369995117188,816.1199951171875,3035040000,0.44,13440494470,5741,24103,14.61,389457,5797,7996943,41102779063,86,81350490118.03156,102475.0,953378,2157716.7520248336,803.0987548828125
2018-05-06,816.0880126953125,835.0570068359375,764.8829956054688,792.3109741210938,3105570048,0.44,13668120194,5763,22388,14.57,367166,15269,7997255,41025646645,100,81911645098.3647,93292.0,669075,1684490.5528063597,802.0847473144531
2018-05-07,793.3389892578125,795.7579956054688,710.177978515625,753.7249755859375,4316120064,0.42,13631658303,5835,23088,14.49,396945,19177,7997160,40758232103,165,75133089502.00822,123534.0,782681,3735852.965221095,763.2499847412109
2018-05-08,755.0089721679688,774.2490234375,728.1290283203125,752.8569946289062,2920489984,0.45,16204375940,5734,23859,14.67,395701,12544,7997317,40304578684,144,73211263269.13301,123368.0,802677,2547743.9104809696,752.5610046386719
2018-05-09,752.9019775390625,759.5289916992188,718.4719848632812,752.2750244140625,2877870080,0.47,15052534314,5730,24510,14.65,383316,5114,7997121,41056578641,97,71968878963.79005,113634.0,829876,2293609.484144361,745.7944946289062
2018-05-10,752.5789794921875,766.7479858398438,726.6640014648438,727.2769775390625,2748950016,0.62,18434177249,5683,26750,14.72,384352,3787,7996727,42077652571,96,75707525259.28862,111209.0,845615,2617762.8742340966,743.3169860839844
2018-05-11,727.0130004882812,736.9769897460938,669.8250122070312,679.5859985351562,3290080000,0.59,18760220475,5751,25118,14.59,381229,9506,7996362,42137062466,133,72710865814.13567,116615.0,828861,2490940.83479696,703.3502502441406
2018-05-12,679.8770141601562,691.4110107421875,644.0659790039062,686.0479736328125,2668480000,0.43,13466355305,5754,23752,14.61,372004,4334,7997006,41947482619,84,67526148436.08384,123877.0,814134,1848506.229337949,675.3504943847656
2018-05-13,687.1749877929688,741.31201171875,675.3189697265625,733.4959716796875,2362500096,0.5,14402165925,5760,23520,14.58,350874,5591,7996329,42095138110,73,72288774809.5699,116150.0,784629,1390012.5783691553,709.3254852294922
2018-05-14,732.7329711914062,742.1699829101562,695.7919921875,730.5490112304688,3005110016,0.61,18385997794,5638,25932,14.94,389530,6831,7996682,41575121024,142,69872035704.95418,121927.0,753437,2607881.761384251,725.3109893798828
2018-05-15,731.1430053710938,739.052001953125,700.9949951171875,708.8709716796875,2523069952,0.61,18370030387,5732,24792,14.69,394959,4402,7996907,42107807607,139,71459992160.66452,127003.0,798263,2210093.010379154,720.0152435302734
2018-05-16,708.0869750976562,710.2000122070312,682.541015625,707.0499877929688,2476130048,0.63,18298682673,5645,24743,14.85,404851,5962,7997338,41845709141,115,68213311343.86109,134861.0,803973,1902109.0516698093,701.9694976806641
2018-05-17,708.718017578125,718.8330078125,668.833984375,672.656982421875,2350619904,0.63,18994356610,5704,24608,14.69,405109,4159,7996974,42283965497,148,70423096504.06064,122984.0,818554,1879845.5446776191,692.260498046875
2018-05-18,672.1019897460938,695.031005859375,663.8090209960938,694.3670043945312,2305740032,0.62,18721721358,5636,24643,14.97,407182,7626,7996450,41377791441,126,67618456927.9652,127782.0,828783,1912610.9624168049,681.3272552490234
2018-05-19,695.072021484375,715.5780029296875,686.791015625,696.530029296875,2021549952,0.55,17766897892,5603,24459,14.92,419001,2822,7997353,40966882698,101,69243047219.61179,156921.0,858695,1384795.4498570724,698.4927673339844
2018-05-20,697.9229736328125,723.7529907226562,692.6690063476562,715.3690185546875,2156910080,0.56,16896601978,5642,23759,14.87,376988,3841,7996626,41219233468,109,71033626333.45389,124802.0,801097,1363685.6521846815,707.4284973144531
2018-05-21,717.1929931640625,719.2780151367188,692.4940185546875,699.2219848632812,2005170048,0.59,17929703654,5687,25580,14.76,389891,4062,7996622,41831890123,175,71078430321.48132,135888.0,769506,1701465.7356103929,707.0467529296875
2018-05-22,700.177978515625,700.9760131835938,644.0260009765625,647.7410278320312,2230469888,0.6,19404072640,5601,25326,14.9,417019,3055,7996602,41456171332,162,68057802145.289154,109155.0,813644,2371536.602708284,673.2302551269531
2018-05-23,646.6699829101562,651.635986328125,572.9520263671875,583.5850219726562,2995429888,0.54,19763806846,5655,25965,14.79,401871,4678,7995546,41325261694,191,60138425627.92602,124109.0,841666,2669307.9611070715,613.7107543945312
2018-05-24,584.5360107421875,610.8179931640625,557.2059936523438,601.7550048828125,2791099904,0.53,18505927074,5563,25467,15.14,410529,6486,7996180,41191748706,139,59711710602.01563,118077.0,821593,3275010.7798774573,588.5787506103516
2018-05-25,602.1400146484375,617.1859741210938,575.6240234375,586.7340087890625,2110919936,0.5,18300433853,5635,24930,14.89,386640,4634,7996846,41338035589,144,60071203005.54333,95668.0,799050,2030725.270567458,595.4210052490234
2018-05-26,587.426025390625,606.1749877929688,583.5120239257812,587.280029296875,1694300032,0.46,15815615114,5719,23053,14.63,370234,2622,7996987,41591669448,94,60284114733.282845,115842.0,786746,1656445.4568160214,591.0982666015625
2018-05-27,588.52001953125,590.3280029296875,562.8660278320312,572.6680297851562,1788790016,0.4,14776104835,5634,23497,14.97,393679,2480,7996710,41421746726,101,57222633996.26317,106075.0,754504,1467773.2471330988,578.5955200195312
2018-05-28,573.0449829101562,576.0490112304688,512.552001953125,516.0360107421875,2356900096,0.51,21322427757,5704,25414,14.69,438416,3744,7996001,42560712962,156,53186125686.68703,129880.0,853558,3702176.851521642,544.4205017089844
2018-05-29,516.1480102539062,572.2639770507812,516.1480102539062,565.3880004882812,2330820096,0.58,21228260655,5649,25332,14.73,401388,4122,7996905,42472863563,119,52593730970.04574,105765.0,811916,2625810.9343674663,542.4869995117188
2018-05-30,566.8300170898438,583.135986328125,545.4310302734375,559.5900268554688,2053970048,0.59,21433398617,5609,25508,14.91,404789,3497,7996867,41831306449,146,55146560690.19376,126333.0,825470,2626216.316626587,563.7467651367188
2018-05-31,558.4970092773438,585.5380249023438,557.0659790039062,577.64501953125,1985040000,0.74,26020776841,5647,27436,14.87,410576,3016,7996404,43057803542,127,57596081240.1229,114572.0,846052,2461965.819495004,569.6865081787109
2018-06-01,578.6719970703125,589.093017578125,567.6649780273438,580.0430297851562,1945890048,0.67,22281817392,5624,25130,14.88,365994,2764,7996119,42221792114,156,57336074715.61576,94556.0,755973,3246124.619599452,578.8682556152344
2018-06-02,580.4290161132812,597.0770263671875,577.322021484375,591.8079833984375,1880390016,0.46,16102612105,5632,24617,14.79,394146,2503,7997320,40901201957,94,57752714419.98138,122617.0,761763,1618628.8698595816,586.6590118408203
2018-06-03,591.2589721679688,624.5130004882812,591.2589721679688,618.3289794921875,1832550016,0.45,15436188157,5619,25077,14.99,408190,3375,7997154,41445574359,98,59325528680.29828,106269.0,824213,1230922.328657168,606.3399810791016
2018-06-04,619.43701171875,623.4290161132812,583.7470092773438,592.9849853515625,1903430016,0.54,19065322604,5672,26427,14.73,388906,5478,7997105,42323300929,170,61851449129.28616,124820.0,812164,2038943.4319977893,604.8995056152344
2018-06-05,593.406005859375,611.3300170898438,580.9819946289062,609.302978515625,1844269952,0.49,17186633256,5591,25848,14.93,374315,3654,7997666,41485005616,158,59410308467.081566,138823.0,773810,2208604.555678896,598.7552490234375
2018-06-06,610.2620239257812,611.6430053710938,596.39599609375,607.1240234375,1756530048,0.65,19741822241,5633,24376,14.85,368497,3242,7997676,40366304070,189,61090487464.00345,119675.0,769515,2458911.1486601024,606.3562622070312
2018-06-07,607.68701171875,616.1439819335938,601.6929931640625,605.18701171875,1880140032,0.49,16981460044,5639,24384,14.84,395149,3597,7997423,40967193153,200,60725792691.325264,110490.0,774524,2324117.303749709,607.6777496337891
2018-06-08,605.4429931640625,608.8109741210938,595.593017578125,601.0770263671875,1637779968,0.46,15945608934,5679,24513,14.8,357936,4233,7997661,41672235526,159,60521509385.19237,108278.0,743588,2582759.9088910604,602.7310028076172
2018-06-09,600.905029296875,608.5830078125,597.56201171875,597.56201171875,1519309952,0.34,12618229591,5610,24163,14.9,382920,3837,7996230,40490126878,123,60686158542.90602,165777.0,721879,1427300.3314443915,601.1530151367188
2018-06-10,594.344970703125,594.344970703125,511.8890075683594,526.47900390625,2234880000,0.3,12552615017,5641,24560,14.94,388785,14978,7996849,40957162688,106,56993564470.773865,115414.0,773670,1743394.8839592375,556.7644882202148
2018-06-11,524.8569946289062,536.8579711914062,515.2689819335938,533.2839965820312,1982119936,0.33,13950267534,5657,24470,14.89,384748,16016,7997541,41470336349,213,53465578533.664696,99313.0,784878,2429560.239461375,527.5669860839844
2018-06-12,532.7100219726562,538.9550170898438,491.2349853515625,496.8429870605469,1932760064,0.3,14048931400,5714,23682,14.68,337754,16430,7996828,41570624158,260,52938790593.00838,97762.0,744187,2259693.698251724,514.9357528686523
2018-06-13,498.01800537109375,501.9049987792969,459.0039978027344,477.4939880371094,2080130048,0.29,14416451849,5752,25448,14.67,358452,21803,7996692,40679789777,219,46705537937.06924,110889.0,808394,4472179.39615657,484.1052474975586
2018-06-14,478.3810119628906,523.5449829101562,467.4660034179688,519.7420043945312,2458650112,0.36,15916958110,5765,24149,14.67,362152,8265,7996220,36689286279,232,48842068364.77016,118392.0,762220,4763875.783477853,497.2835006713867
2018-06-15,520.47998046875,521.3049926757812,487.468994140625,491.0039978027344,1808269952,0.38,16804997297,5782,22615,14.62,378228,3612,7996483,37425182608,159,50587673219.86972,98469.0,747384,4355837.974479323,505.06449127197266
2018-06-16,490.41400146484375,503.2229919433594,488.85101318359375,499.6419982910156,1314109952,0.45,24848435239,5871,26353,14.35,299073,9907,7996562,40920378464,109,49469986376.58345,105502.0,718993,2291097.4560670136,495.5325012207031
2018-06-17,499.4599914550781,507.6409912109375,498.6480102539063,500.447998046875,1264870016,0.24,11225914551,5915,19968,14.3,316567,2965,7997123,39762305224,90,50347948659.307175,80355.0,640188,1186542.9592996717,501.5492477416992
2018-06-18,499.3829956054688,521.7960205078125,494.0660095214844,518.8909912109375,1513869952,0.25,11823977189,5954,22074,14.18,329956,9188,7997124,40588419803,154,49837241398.50743,90520.0,664890,1656162.594900709,508.5340042114258
2018-06-19,519.0230102539062,542.35302734375,516.31201171875,537.9569702148438,1726569984,0.32,14427312991,5802,25000,14.53,364512,9440,7997373,41529355327,185,51769356111.58688,101164.0,757534,1974902.072612343,528.9112548828125
2018-06-20,538.5059814453125,541.0150146484375,519.3690185546875,536.2680053710938,1596290048,0.29,13472257819,5823,25587,14.42,375823,7136,7996842,42492438577,207,52237635159.34026,91680.0,792197,2221849.1287072403,533.7895050048828
2018-06-21,536.447021484375,543.7169799804688,524.2589721679688,527.3670043945312,1462070016,0.29,13047918845,5872,23526,14.29,369142,13746,7997573,42185388286,239,54354275509.59344,108863.0,778320,2005603.2376255367,532.9474945068359
2018-06-22,527.1939697265625,527.1939697265625,456.87701416015625,465.8169860839844,2226030080,0.53,38878511772,5820,24500,14.51,374568,5043,7997058,41118162291,238,47440611228.75412,133789.0,772594,2521986.5892076204,494.2704849243164
2018-06-23,466.2739868164063,479.1289978027344,462.39300537109375,474.5199890136719,1651379968,0.24,14029394940,5922,20591,14.24,330059,7180,7997115,37530869888,122,47090717035.77131,116290.0,716977,1723192.122151519,470.57899475097656
2018-06-24,474.76800537109375,475.3590087890625,426.468994140625,457.6719970703125,2490579968,0.35,16163435399,5881,20968,14.35,341625,6400,7996853,37766116343,73,42765151188.96003,139453.0,649758,1835453.772262948,458.56700134277344
2018-06-25,455.9360046386719,470.343994140625,448.89599609375,460.30999755859375,4007950080,0.29,15637044897,5665,25228,14.88,479604,3687,7997459,39552748088,223,46661754004.48902,110578.0,769140,2459838.6580453,458.87149810791016
2018-06-26,460.7330017089844,461.2130126953125,432.7720031738281,432.7720031738281,1356560000,0.23,12011100131,5748,23860,14.59,366154,5364,7996631,40325053173,226,46022336995.57588,117806.0,766082,2665334.3743518502,446.8725051879883
2018-06-27,432.2439880371094,444.2430114746094,424.8389892578125,442.364990234375,1368940032,0.22,12446563365,5847,24580,14.45,375754,4006,7997355,40864261407,203,43560846580.63232,123005.0,791744,2210994.788723651,435.92274475097656
2018-06-28,442.2900085449219,443.6180114746094,419.6830139160156,422.364990234375,1360790016,0.21,11696277117,5762,23926,14.62,387761,3932,7996957,39892109183,168,43522590235.98439,110388.0,752402,1790366.3442464562,431.98900604248047
2018-06-29,422.5870056152344,441.7929992675781,407.9469909667969,436.0090026855469,1564499968,0.23,12115784768,5764,23219,14.62,367634,4821,7997361,39736452466,162,42429011702.195656,103345.0,739131,2280019.553304021,427.08399963378906
2018-06-30,436.2090148925781,458.7969970703125,436.2090148925781,455.1799926757813,1475939968,1.43,34210516007,5870,22085,14.29,249734,1904,7997418,43190516935,66,45015058563.01109,108936.0,631491,1660913.7180936206,446.5987548828125
2018-07-01,455.2420043945313,457.1390075683594,446.385009765625,453.9179992675781,1511730048,2.35,59842298209,5837,22500,14.38,194680,1537,7997780,44488940344,79,45366544959.35991,75943.0,621414,1119620.341672736,453.17100524902344
2018-07-02,453.8240051269531,479.1300048828125,447.1109924316406,475.3469848632813,1625789952,5.71,86348485003,5929,19625,14.17,233290,1077,7997320,44403826830,109,47742367276.36324,83072.0,500513,1385417.948203949,463.8529968261719
2018-07-03,475.385986328125,483.85400390625,462.5820007324219,464.1950073242188,1683939968,3.24,82063750329,5809,22047,14.54,229397,1502,7998027,43841659879,184,47314545345.17737,124457.0,591041,1957302.427045318,471.5042495727539
2018-07-04,464.1510009765625,481.4360046386719,455.18499755859375,467.3179931640625,1549769984,3.08,59083789609,5837,18915,14.44,227125,1733,7997570,44201388565,164,47649136342.85117,77897.0,475058,1866588.5595141985,467.02249908447266
2018-07-05,467.2869873046875,483.2250061035156,464.6289978027344,474.4119873046875,1828610048,2.27,48722316331,5808,21492,14.5,248750,2576,7997598,43708739479,263,48022037625.120735,61468.0,556982,1631937.079359271,472.38824462890625
2018-07-06,474.3569946289063,479.6520080566406,457.614990234375,474.0119934082031,1627609984,3.44,70207114167,5844,19221,14.4,216614,1604,7997355,43792443117,167,47372482639.29887,58749.0,432569,1763832.925552983,471.40899658203125
2018-07-07,474.0570068359375,491.6600036621094,466.83599853515625,491.6600036621094,1358360064,3.03,60236707195,5820,19710,14.51,213953,1789,7997489,43915762993,106,47360286220.93237,45804.0,485083,1231597.8713157426,481.0532531738281
2018-07-08,492.0679931640625,503.1990051269531,488.4169921875,489.1189880371094,1344560000,1.06,35585852337,5697,22366,14.75,268811,1954,7997465,40007496507,129,49520557583.42623,49128.0,578132,1425340.0856394772,493.20074462890625
2018-07-09,488.87799072265625,490.85198974609375,475.1749877929688,476.6820068359375,1533799936,0.79,25829787141,5855,22362,14.37,285438,2412,7997465,43370048739,248,48700859584.87383,68367.0,687349,1863188.057091315,482.89674377441406
2018-07-10,476.1619873046875,478.3179931640625,433.9599914550781,434.4240112304688,1789069952,0.46,21324119980,5783,23429,14.54,287127,4333,7997848,41946839108,185,44446084629.63198,95327.0,654753,2049697.02691216,455.7159957885742
2018-07-11,434.5150146484375,447.3160095214844,429.5069885253906,446.51800537109375,1422470016,0.58,19054597794,5931,22106,14.21,266502,2425,7998137,43293417007,196,44730017607.08518,90273.0,701382,1581659.0889958811,439.46400451660156
2018-07-12,446.50201416015625,446.50201416015625,422.80999755859375,430.0740051269531,1495440000,1.04,29189063475,5993,21238,14.15,250056,2660,7997820,44373182422,160,43405056754.28359,68868.0,540853,1391918.4223457042,436.47200775146484
2018-07-13,430.7409973144531,442.3630065917969,430.7409973144531,434.0270080566406,1489670016,1.18,29846792155,5953,20793,14.27,233407,3260,7998220,45172389925,151,44312495400.9889,66350.0,594375,1429837.1382488287,434.46800231933594
2018-07-14,434.510986328125,439.4339904785156,431.4739990234375,436.08599853515625,1235820032,2.5,57677945355,6006,19583,14.13,226291,2141,7997630,45337468864,56,44057055683.01637,47200.0,472496,965405.675555101,435.3762435913086
2018-07-15,435.8829956054688,454.0010070800781,433.9209899902344,449.8500061035156,1350160000,3.53,48216188725,6067,18676,13.99,225376,4099,7997870,44769838833,51,45567089281.28342,68061.0,416641,858386.5429317309,443.4137496948242
2018-07-16,450.4249877929688,480.6579895019531,446.7980041503906,480.6579895019531,1858680064,0.4,18562899613,5851,23433,14.48,328178,9836,7997219,42392342609,293,45265138127.68803,106302.0,718473,1871770.206447574,464.6347427368164
2018-07-17,480.0769958496094,508.7799987792969,468.9150085449219,501.00201416015625,2288100096,0.36,17548648323,5889,23583,14.33,337052,16885,7997955,42744624469,237,47724263359.69313,125078.0,707613,1784356.8247599006,489.6935043334961
2018-07-18,500.8380126953125,513.4329833984375,474.3590087890625,480.5130004882813,2371559936,0.31,15413432909,5757,23590,14.71,390950,16695,7996824,41558538732,154,49692828239.36646,105322.0,732498,2318203.80441362,492.28575134277344
2018-07-19,480.62799072265625,483.239990234375,465.1419982910156,469.6189880371094,2068739968,0.28,13033482562,5793,23728,14.56,358454,17550,7996822,42598680722,293,48011414437.459,107161.0,719403,2012841.3681151536,474.65724182128906
2018-07-20,469.3070068359375,469.3070068359375,443.6929931640625,450.697998046875,1821350016,0.37,15878840129,5838,21230,14.58,329711,24937,7997656,43107705894,247,46323661296.82602,118890.0,713636,1800691.9123061746,458.2512512207031
2018-07-21,450.6789855957031,468.0830078125,445.7760009765625,462.4360046386719,1504310016,0.44,15826395751,5997,19169,14.12,281166,36394,7997780,43848849860,143,45948872201.76502,125623.0,614258,1621552.8737024793,456.7434997558594
2018-07-22,462.43798828125,470.8980102539063,458.1189880371094,459.6570129394531,1338589952,0.25,11032570831,5975,20793,14.23,323244,12790,7996800,43686039590,105,47281379967.34545,96860.0,645437,999451.5591965384,462.7779998779297
2018-07-23,459.4389953613281,469.7659912109375,449.7279968261719,450.8529968261719,1596999936,0.33,15546838989,5862,23066,14.49,385356,9663,7996724,43020718994,158,46762108983.8248,80010.0,730731,1665882.207557907,457.44649505615234
2018-07-24,451.135986328125,481.1419982910156,450.5650024414063,479.37298583984375,2287520000,0.29,15414715967,5815,24225,14.61,408341,11176,7997333,42108371249,203,45708481063.482864,89532.0,794081,2028623.71539908,465.55399322509766
2018-07-25,479.906005859375,482.8680114746094,466.4739990234375,472.4930114746094,1930780032,0.27,13351179160,5900,24159,14.41,409874,17978,7996782,42981057409,200,47106264313.05927,107797.0,786526,1556692.8708675604,475.4352569580078
2018-07-26,472.33099365234375,483.6960144042969,461.4240112304688,464.0369873046875,1621560064,0.25,12324821471,5852,23504,14.51,368305,17544,7996385,42685455814,157,48019579322.98941,109193.0,726084,1514176.2571857104,470.3720016479492
2018-07-27,464.0090026855469,473.2219848632813,458.2909851074219,469.6659851074219,1734259968,0.22,10745209264,5909,22766,14.41,402720,9082,7996352,40925241441,131,46933226383.823074,96987.0,807192,1509792.787824397,466.29698944091797
2018-07-28,469.6780090332031,471.593994140625,462.989013671875,466.8980102539063,1531890048,0.34,11542424148,5991,19586,14.16,361597,18266,7996641,38092270390,94,47417038535.46667,107851.0,721776,1065780.386138049,467.78975677490234
2018-07-29,466.9150085449219,470.3559875488281,462.7120056152344,466.6650085449219,1631910016,0.2,9257167474,6010,21871,14.15,350971,6468,7995682,37955708262,141,47144110189.59233,101648.0,728567,800263.7085663243,466.66200256347656
2018-07-30,466.8269958496094,467.9519958496094,448.6409912109375,457.08099365234375,2141590000,0.21,10934695303,5963,23849,14.25,368815,5384,7996260,40983817703,165,46899483756.20034,99656.0,735128,1423168.1743126933,460.125244140625
2018-07-31,457.2449951171875,457.2449951171875,430.4440002441406,433.8670043945313,1820680000,0.21,11023798202,5919,23919,14.33,367697,4601,7996680,41561563320,165,45740596736.80764,93635.0,744820,1846841.344731545,444.7002487182617
2018-08-01,433.8689880371094,435.4570007324219,410.4639892578125,420.74700927734375,1888060000,0.41,36681296496,5861,24727,14.49,368594,3922,7996702,42361321878,151,42293570172.85803,108876.0,759680,2862775.3864309154,425.1342468261719
2018-08-02,420.8059997558594,425.0339965820313,410.3089904785156,412.6210021972656,1569300000,0.18,10200915813,5854,24602,14.51,363700,3938,7996659,42271396577,119,41842757536.91457,86389.0,756652,1821624.5697342707,417.19249725341797
2018-08-03,412.5669860839844,420.5490112304688,399.9100036621094,418.2619934082031,1722340000,0.19,10514159674,5916,22395,14.38,387948,5338,7996273,42649322806,117,40768518403.10326,100715.0,757786,1499230.4192312134,412.8219985961914
2018-08-04,418.2369995117188,420.1860046386719,403.7760009765625,407.25201416015625,1466540000,0.23,9924637420,6003,21272,14.2,335532,2886,7995954,42480556982,106,41054227286.39024,133636.0,735645,1082610.9908839937,412.36275482177734
2018-08-05,407.3460083007813,413.7160034179688,402.4320068359375,410.5159912109375,1396820000,0.15,8072326506,5932,22206,14.26,315435,2750,7996383,41847737983,89,41355977952.80164,144113.0,710414,1023848.8701138374,408.50250244140625
2018-08-06,410.5669860839844,414.5400085449219,403.3150024414063,406.6579895019531,1384880000,0.25,12535927147,5923,23317,14.35,342890,3414,7995701,42982705325,133,41295056265.16775,135810.0,694167,1163309.3972734276,408.7699966430664
2018-08-07,406.8009948730469,411.4049987792969,376.0769958496094,380.2149963378906,1828350000,0.8,25250639628,5875,19803,14.45,310987,8838,7995768,44010142032,126,41522371577.24646,97061.0,676061,1358570.7171028296,393.62449645996094
2018-08-08,379.8919982910156,380.6709899902344,353.7340087890625,356.6130065917969,2016080000,1.81,57398987243,5957,16263,14.19,272401,15440,7996479,45392269325,73,37292967758.98059,79054.0,543124,1906971.6844487449,367.72750091552734
2018-08-09,356.97100830078125,370.9460144042969,353.614013671875,365.5880126953125,1616610000,1.68,53118840657,5930,15543,14.28,264337,15337,7996647,44636390636,106,36614007285.887085,73057.0,574410,2210230.9751703697,361.7797622680664
2018-08-10,365.7760009765625,367.0450134277344,329.58599853515625,334.1759948730469,1699400000,0.82,34476266415,5926,18596,14.33,300801,15592,7996322,42486678014,122,36700030563.22698,77380.0,576992,1892061.961886396,349.145751953125
2018-08-11,334.2640075683594,334.2640075683594,308.4880065917969,322.11199951171875,1790370000,0.25,14836056985,5945,20285,14.24,327442,4345,7996986,39400853006,96,32589537319.96495,105951.0,657231,2098595.7940034983,324.7820053100586
2018-08-12,320.822998046875,328.5899963378906,318.6019897460937,319.57000732421875,1625420000,0.18,10976239504,5835,19754,14.55,325901,3879,7996219,38774637147,74,32874302378.64564,145329.0,631430,1253388.102910223,321.89624786376953
2018-08-13,320.2099914550781,323.5509948730469,284.9339904785156,286.4949951171875,1751190000,0.22,14813774854,5872,21954,14.45,342714,6066,7996188,39237766345,120,32531407830.51228,90854.0,705602,1817120.266727936,303.79749298095703
2018-08-14,286.364990234375,286.364990234375,254.6499938964844,278.9320068359375,2137850000,0.24,16051359286,5952,21862,14.27,325296,6011,7996481,39228141511,104,27240771280.18317,98297.0,675857,4156698.2692131056,276.57799530029297
2018-08-15,280.3869934082031,303.5899963378906,280.1189880371094,282.364013671875,1878150000,0.26,15051933577,5965,19765,14.26,318019,4937,7996219,41795094541,108,29043402243.81944,90485.0,656035,2438973.664116238,286.61499786376953
2018-08-16,282.7409973144531,298.4760131835937,280.9280090332031,288.0459899902344,1552970000,0.21,12638796914,5940,22328,14.27,345016,5326,7996791,41608463240,120,29716002476.308823,85124.0,697364,2263171.0717517817,287.5477523803711
2018-08-17,287.6830139160156,316.1700134277344,287.34600830078125,315.72900390625,1995460000,1.01,39211744629,5840,20514,14.51,301691,7128,7996633,42577478825,94,30230972096.794407,80276.0,623073,1785435.16145466,301.7320098876953
2018-08-18,316.7909851074219,320.4460144042969,286.5509948730469,295.81201171875,1764020000,0.21,16113373784,5883,22512,14.39,294918,5549,7996678,42503730084,81,31719157223.78157,64111.0,650039,1419435.9222985292,304.9000015258789
2018-08-19,295.6700134277344,307.0979919433594,291.3320007324219,300.8340148925781,1447910000,0.2,14361319521,5930,22015,14.27,289103,10463,7997021,41562371454,103,30519894471.69157,63609.0,613009,1037602.3941324676,298.73350524902344
2018-08-20,301.3810119628906,304.3720092773437,273.510986328125,274.31500244140625,1413790000,0.17,12426913415,5932,25134,14.24,323289,7438,7995770,41363507891,158,29376852854.173286,81978.0,626294,1359666.74623951,288.3947525024414
2018-08-21,273.3309936523437,285.9700012207031,273.3309936523437,281.9440002441406,1164120000,0.18,13046942385,5961,25249,14.21,286021,6564,7997251,42748700585,142,28153058906.70569,108813.0,645952,1787446.4519031,278.6439971923828
2018-08-22,281.9679870605469,297.4859924316406,264.9979858398437,271.34100341796875,1507660000,0.41,17019976734,5922,22830,14.34,295215,5160,7996919,42264220552,106,29662888284.38161,105034.0,600455,1718158.5474847823,278.9482421875
2018-08-23,271.7479858398437,279.5459899902344,271.0899963378906,277.10400390625,1271160000,0.28,14051914381,5853,24307,14.46,292230,4452,7998467,42065549337,136,27813917851.19454,54907.0,590488,1855792.9050743228,274.8719940185547
2018-08-24,278.1109924316406,283.302001953125,273.8599853515625,282.9670104980469,1450170000,0.5,21501969162,5946,22859,14.27,306331,4870,7997139,42623018333,116,27964259662.919346,73336.0,580162,1558973.8865480064,279.55999755859375
2018-08-25,283.281005859375,283.5150146484375,278.47100830078125,279.64599609375,1208360000,0.16,11428670781,5926,24937,14.36,292298,9349,7995897,42291755913,91,28636566219.880844,71131.0,589580,1147673.732894534,281.22825622558594
2018-08-26,279.5249938964844,279.5249938964844,272.4440002441406,275.1969909667969,1206650000,0.45,16106529314,5947,24193,14.21,303181,8818,7995696,42412745552,56,27971065885.923084,71158.0,577562,1162339.5740797366,276.67274475097656
2018-08-27,275.3500061035156,285.6029968261719,273.6499938964844,285.6029968261719,1406790000,0.17,12387120423,5942,24863,14.22,322122,3563,7995063,41618999135,116,27832627385.94381,83110.0,635378,1827054.6457118096,280.05149841308594
2018-08-28,286.64898681640625,297.3999938964844,283.5719909667969,296.4989929199219,1513350000,0.18,12808584631,5898,25984,14.31,313813,5095,7996190,42611722775,141,29381153736.56012,77961.0,630376,1532990.227458857,291.02999114990234
2018-08-29,296.1629943847656,297.0710144042969,287.2869873046875,289.31201171875,1474460000,0.28,17290135695,5890,24552,14.42,258943,6503,7995415,40990484124,150,29399497255.6683,68200.0,556281,1744203.409137001,292.458251953125
2018-08-30,289.75299072265625,291.2430114746094,275.21099853515625,284.1050109863281,1513100000,0.21,13559213793,5910,23668,14.33,276281,4029,7995762,41748317671,147,28474955238.46066,69940.0,583488,1534687.44431828,285.0780029296875
2018-08-31,284.1199951171875,284.5509948730469,278.51300048828125,283.0039978027344,1411910000,0.22,14419214330,5953,22118,14.24,280263,6850,7995719,42390979718,168,28345136738.9006,62781.0,563275,1684379.6365553224,282.5469970703125
2018-09-01,283.4960021972656,301.1440124511719,283.4960021972656,295.34100341796875,1546630000,0.16,11043181909,5880,23748,14.48,310363,10738,7995875,41936588522,86,30068157818.1912,63673.0,627192,1229252.7224443548,290.86925506591797
2018-09-02,295.4530029296875,298.6860046386719,290.9259948730469,294.3710021972656,1321050000,0.16,10276825820,6027,23061,14.07,318098,12186,7996522,41773080784,92,29722255459.886715,85885.0,653563,1158817.5158443106,294.85900115966797
2018-09-03,295.1809997558594,295.59100341796875,287.4320068359375,289.2590026855469,1394490000,0.17,12111122355,5887,25005,14.44,320342,17530,7995329,41333831573,156,29490063456.02357,81510.0,642994,1814331.545359121,291.8657531738281
2018-09-04,289.2969970703125,291.5799865722656,284.2550048828125,285.7229919433594,1554870000,0.22,13885223845,5968,23087,14.21,299260,14097,7995502,41619433121,131,29454920684.590588,59986.0,573350,4031434.698552794,287.7137451171875
2018-09-05,286.0450134277344,288.1629943847656,232.3309936523437,232.3309936523437,2390390000,0.13,12606166478,5956,25414,14.24,306687,12300,7995536,40180824691,121,26218181293.48949,66823.0,631844,2455131.444946533,259.7174987792969
2018-09-06,231.6479949951172,231.7550048828125,218.1230010986328,230.21499633789065,2097310000,0.2,14951867224,6048,23479,14.04,293095,5557,7995882,41771236119,144,23248285703.138668,65866.0,604532,3361691.687785458,227.93524932861328
2018-09-07,229.53500366210932,233.89599609375,217.0749969482422,217.2030029296875,1678260000,0.19,14734121984,5913,25113,14.37,296254,3418,7994901,41748180692,131,23529023695.5078,63078.0,585615,2844724.920226829,224.42724990844727
2018-09-08,217.91200256347656,220.36700439453125,193.25900268554688,197.9510040283203,1517200000,0.15,12166983189,5936,25208,14.31,277065,2795,7996008,42557339489,79,22198817435.252323,46378.0,518921,1960414.942507191,207.37225341796875
2018-09-09,198.384994506836,207.6660003662109,188.30599975585932,196.9239959716797,1585980000,0.15,12538460676,5899,22118,14.41,279793,2630,7995247,41908318225,100,19434233943.64573,57766.0,578315,3193178.4288892546,197.82024765014648
2018-09-10,197.8509979248047,201.88299560546875,189.58399963378903,197.07899475097656,1502960000,0.16,13452874427,6007,23522,14.19,273426,5745,7995466,41544023685,133,19928231883.59777,75234.0,576267,2424508.006136832,196.59924697875977
2018-09-11,198.177001953125,198.5059967041016,180.5959930419922,185.0659942626953,1568900000,0.17,15682663024,6002,22317,14.21,250196,7918,7995854,40499473258,131,18859844127.900177,69581.0,559078,2670945.3204642194,190.58624649047852
2018-09-12,185.42300415039065,185.5870056152344,170.2570037841797,183.3309936523437,1874850000,0.17,16182751014,6043,24133,14.05,250193,6329,7996023,41821110210,117,17601121041.77298,57646.0,546257,4181917.08461302,181.1495018005371
2018-09-13,183.6790008544922,214.0019989013672,183.6790008544922,211.35400390625,2330720000,0.2,16645393282,6004,24041,14.14,266722,5071,7995284,39998835686,110,20658642458.86178,58595.0,577848,2806105.1498568137,198.1785011291504
2018-09-14,212.66900634765625,222.79400634765625,204.8710021972656,211.74899291992188,2232190000,0.16,14645624925,6066,26309,14.04,241301,14779,7995760,41155885095,101,21247610720.7206,68639.0,535478,2547165.6158637577,213.020751953125
2018-09-15,209.81399536132807,226.60400390625,209.6060028076172,223.07400512695312,1670490000,0.18,13261799419,6051,25808,14.03,210966,30907,7995227,42479824388,67,22844052096.93308,74675.0,472887,1788064.079165107,217.2745018005371
2018-09-16,222.8029937744141,222.8029937744141,211.1179962158203,220.5890045166016,1502260000,0.18,13161379589,6113,27185,13.92,209731,16207,7995881,42347625627,61,22046978871.862835,71826.0,461504,1382885.35810088,219.3282470703125
2018-09-17,221.58200073242188,224.2610015869141,195.30799865722656,197.875,2019910000,0.16,15406825205,6080,25919,13.95,254633,32066,7995346,42025095355,121,22747392642.14899,87578.0,530422,1769336.1463304623,209.75650024414062
2018-09-18,197.09500122070312,213.35699462890625,195.9340057373047,209.9750061035156,1800640000,0.23,25201881762,5967,26176,14.2,225909,29048,7995512,41072862147,122,20033706567.10989,90987.0,515005,2171437.317812288,204.09025192260742
2018-09-19,209.4720001220703,213.8710021972656,201.656005859375,209.968994140625,1733330000,0.29,19871422869,6123,20024,13.94,217448,15988,7996790,42797060711,116,21447301430.6428,81530.0,511121,1621608.893324501,208.74200057983398
2018-09-20,210.2879943847656,224.8179931640625,207.7890014648437,224.59100341796875,1782070000,0.22,15892963469,6014,24244,14.15,234017,23802,7996844,40629078208,130,21388174164.18964,97372.0,498032,1920439.5589040709,216.87149810791016
2018-09-21,225.25100708007807,248.38800048828125,221.56700134277344,246.58399963378903,2836200000,0.31,18242050701,6084,26244,13.96,246240,5647,7997094,41721367477,112,22779165552.29677,66607.0,523408,3066418.0227580266,235.44750213623047
2018-09-22,247.3370056152344,251.1959991455078,233.8099975585937,240.47999572753903,1921820000,0.21,14429730599,6038,25021,14.09,217765,11150,7996365,41200809253,53,24648938540.71616,57461.0,497041,2410330.4707505624,243.20574951171875
2018-09-23,240.99200439453125,247.4640045166016,237.85699462890625,244.3300018310547,1693470000,0.19,13141149214,6080,25761,13.96,215114,10679,7996326,41005393483,87,24657273229.67469,52145.0,466088,1341149.2929324857,242.66075134277344
2018-09-24,244.843994140625,245.1080017089844,227.4900054931641,228.72999572753903,1748740000,0.32,16838604807,6075,28688,13.99,217869,5215,7995473,41546126422,111,23749321107.195427,51148.0,472385,2094938.9501502,236.54299926757812
2018-09-25,228.32699584960932,228.32699584960932,206.4900054931641,218.5050048828125,2120360000,0.22,16972035503,6113,28211,13.94,230534,4689,7996188,42001178534,101,22706661171.174946,57061.0,528288,2017458.1780272345,220.4122505187988
2018-09-26,218.64700317382807,221.4369964599609,209.11300659179688,215.8470001220703,1756100000,0.23,16344658408,6112,29742,13.93,215167,3258,7996248,43022447700,138,22595853283.526577,50038.0,498968,1961091.098804043,216.26100158691403
2018-09-27,215.44000244140625,230.60699462890625,212.6540069580078,228.49400329589844,2030320000,0.26,16744302672,6081,29477,14.03,235021,4458,7996095,42550467914,116,22243021963.23473,61229.0,491837,1909757.007312809,221.7987518310547
2018-09-28,229.0410003662109,231.7480010986328,218.66900634765625,222.4019927978516,2018120000,0.27,18138439166,6098,28068,13.96,237297,9767,7996049,42049467383,123,23114258499.17499,65292.0,520979,1836748.593276395,225.4650001525879
2018-09-29,221.7050018310547,234.01400756835932,216.0780029296875,231.634994506836,2208720000,0.35,21874799566,6095,20428,13.93,201920,17562,7995408,39766603646,91,23690882972.57881,62898.0,427999,1801185.8742704226,225.85800170898438
2018-09-30,231.32899475097656,236.98599243164065,228.44500732421875,232.84800720214844,1765560000,0.25,16556363668,6114,23846,13.89,231317,8042,7997727,39336715212,99,23946477615.640213,70951.0,481371,1383196.6524688895,232.4020004272461
2018-10-01,233.22000122070312,234.1450042724609,226.94500732421875,230.7680053710937,1597500000,0.3,18941010255,6095,24593,13.92,222643,9064,8000304,38550173670,123,23853850916.08896,68567.0,458514,1435877.9437943562,231.26950454711914
2018-10-02,231.1000061035156,231.16700744628903,225.83799743652344,227.18099975585932,1542080000,0.3,19034870185,6180,24107,13.8,219857,13968,8000268,39210756138,112,23283883652.226234,65580.0,469429,1129151.061001046,228.82150268554688
2018-10-03,226.4069976806641,226.4579925537109,213.9709930419922,220.488998413086,1683930000,0.18,13248714205,6075,21423,14.0,259694,23544,8000206,40441198221,99,22430524509.86372,79630.0,551190,1677366.4070958684,221.83124542236328
2018-10-04,220.4459991455078,226.1479949951172,220.08999633789065,222.218002319336,1479500000,0.17,13254100643,6146,22655,13.86,269798,21436,8000262,40791755826,102,23026075120.454075,96850.0,559604,1855083.0328188485,222.2254981994629
2018-10-05,222.2669982910156,228.31900024414065,220.95700073242188,227.6009979248047,1547330000,0.16,13568425987,6099,20849,13.99,285833,25791,8000366,39567592626,89,22696524022.51533,65780.0,587912,1611168.1547783378,224.7859992980957
2018-10-06,227.552001953125,227.92599487304688,224.2460021972656,225.1199951171875,1505070000,0.11,9435830094,6222,17610,13.7,284751,35004,8000313,39476085282,63,23081996152.74671,91375.0,601622,1260051.3972996883,226.21099853515625
2018-10-07,225.4349975585937,226.3699951171875,222.9960021972656,226.11900329589844,1470480000,0.14,11769350664,6241,15402,13.66,231586,32860,8000233,33826478161,63,23151202889.90498,94319.0,536230,1046171.3178933598,225.2299995422363
2018-10-08,226.50900268554688,230.76499938964844,224.5570068359375,229.2550048828125,1470740000,0.18,14576687784,6179,17036,13.78,251484,25547,8000291,36578754051,113,23086153948.95308,88526.0,523158,1811235.927088905,227.77150344848633
2018-10-09,229.7100067138672,230.16099548339844,226.4010009765625,227.98199462890625,1405130000,0.16,12984496071,6149,18245,13.9,255082,20916,8000331,37000810498,120,23314831546.75659,86161.0,542277,1568335.2953910255,228.5634994506836
2018-10-10,227.6150054931641,227.70700073242188,224.4949951171875,225.7689971923828,1384040000,0.2,15893091379,6168,16867,13.83,246001,9067,8000193,34139298437,100,23191516943.404728,82112.0,535655,1551616.474704024,226.39649963378906
2018-10-11,225.6100006103516,225.6100006103516,189.2830047607422,189.49899291992188,2167620000,0.16,15385072382,6143,18166,13.87,260510,10442,8000173,37661276962,130,20573671033.42486,64053.0,537282,3324670.438083248,207.5004997253418
2018-10-12,188.70700073242188,199.4010009765625,188.70700073242188,196.7270050048828,1487900000,0.22,29285035983,6170,20202,13.83,255527,12221,8000288,38451490999,93,20409207552.358944,90785.0,576725,2233742.433943647,193.38550186157227
2018-10-13,196.363998413086,201.2790069580078,196.363998413086,199.84100341796875,1167610000,0.13,11594824099,6176,17319,13.83,252756,24513,8000141,36203199069,71,20277861611.88463,91781.0,529640,1504390.5101902906,198.46200180053714
2018-10-14,199.6909942626953,201.82699584960932,195.2429962158203,195.71499633789065,1169260000,0.11,11723908779,6182,15242,13.79,237995,44253,8000221,35376080289,65,20564096635.127705,97440.0,528717,1220609.909393516,198.1189956665039
2018-10-15,195.2700042724609,222.1179962158203,194.15899658203125,209.70399475097656,2865830000,0.15,15629941859,6095,17581,13.96,268108,26022,8000229,33358306047,136,21496519655.20641,90424.0,556661,3370326.50069765,205.31274795532227
2018-10-16,209.6280059814453,212.17300415039065,207.98399353027344,210.1199951171875,1532280000,0.13,12735518129,6114,17645,13.93,276793,23524,8000296,35819639765,123,21385761484.548103,84786.0,566648,2692045.2388910213,209.97624969482422
2018-10-17,210.2169952392578,211.125,205.9279937744141,207.0829925537109,1444130000,0.14,13443082264,6130,17763,13.92,283209,19869,8000191,36418616658,103,21612286075.5544,83593.0,568910,2207970.827380116,208.5882453918457
2018-10-18,207.4040069580078,208.47000122070312,201.7429962158203,203.3520050048828,1365860000,0.13,13150134317,6142,17769,13.88,269713,39748,8000246,36642236034,97,21359553206.813885,97794.0,589053,2377059.010406609,205.24225234985352
2018-10-19,203.2570037841797,204.6629943847656,201.843994140625,203.7270050048828,1264480000,0.14,13701804233,6065,18544,14.02,264054,19074,8000253,35201821247,101,20887184332.467777,83158.0,573964,2237797.2184485644,203.37274932861328
2018-10-20,203.51499938964844,206.2220001220703,203.0850067138672,205.42999267578125,1238780000,0.14,13289407017,6158,15752,13.84,255542,69332,8000220,35802525028,58,20944066446.58905,102600.0,561046,1382471.881821144,204.5629997253418
2018-10-21,205.38999938964844,208.15499877929688,204.6210021972656,205.1419982910156,1190300000,0.13,12030570166,6124,16116,13.95,244530,56450,8000266,35947512741,63,21300138479.160194,110990.0,491312,2381322.2512619714,205.82699966430664
2018-10-22,205.1739959716797,206.9320068359375,203.3769989013672,204.04400634765625,1328980000,0.14,13162272626,6065,19571,14.07,284592,43029,8000248,37370081491,137,21027434009.989456,101990.0,569990,1619566.0629809217,204.88175201416016
2018-10-23,204.01600646972656,205.1510009765625,201.91099548339844,204.33599853515625,1237490000,0.15,14521834338,6168,17617,13.82,271429,37480,8000290,36490238324,126,20789171384.3293,100148.0,576744,1790020.339006336,203.85350036621094
2018-10-24,204.1269989013672,205.5809936523437,203.35400390625,203.8520050048828,1102220000,0.18,15173388388,6124,20667,13.86,273468,33449,8000266,37871758031,132,20899046668.28394,108249.0,536973,1862464.697876574,204.22850036621094
2018-10-25,203.8679962158203,204.1320037841797,201.822998046875,202.718994140625,1102900000,0.2,16014791521,6123,21879,13.91,260627,42434,8000306,39963554987,109,20828925062.53884,97663.0,521722,2437273.5978598483,203.135498046875
2018-10-26,202.33599853515625,204.77999877929688,201.55099487304688,203.32899475097656,1161310000,0.18,16417658883,6122,20114,13.93,269457,39993,8000235,37790304411,146,20836248687.188503,86230.0,543136,1973268.086682144,202.99899673461914
2018-10-27,203.3560028076172,206.08200073242188,203.12600708007807,204.2100067138672,1084810000,0.14,14137366445,6100,15214,14.05,245069,54623,8000232,34908844690,71,20949913676.459747,106561.0,523686,1210563.6360740662,204.1935043334961
2018-10-28,204.509994506836,205.91900634765625,203.5229949951172,205.36599731445312,1139140000,0.13,12960915217,6137,15574,13.85,247335,80993,8000151,34801193735,130,21090316521.51825,123230.0,509445,1102193.0023018394,204.82949829101562
2018-10-29,205.1739959716797,205.5970001220703,195.73399353027344,197.2469940185547,1517230000,0.14,14943596679,6111,19679,13.87,293856,34633,8000154,35640730470,138,21108318341.598595,109979.0,584654,2023680.887000796,200.93799591064453
2018-10-30,197.2030029296875,198.1219940185547,196.3509979248047,197.55599975585932,1363500000,0.14,14925838057,6043,19083,14.05,302838,50059,8000150,35022078049,159,20312098847.493267,101096.0,613603,1792581.5814454749,197.30799865722656
2018-10-31,197.6490020751953,198.33799743652344,196.531005859375,197.3809967041016,1442380000,0.14,14904469017,6157,17867,13.86,295978,47736,8000160,35624494130,125,20291527384.299488,115532.0,589388,2115775.385192964,197.47475051879883
2018-11-01,197.53700256347656,203.7539978027344,197.3280029296875,198.8719940185547,1336700000,0.14,14202259616,6069,18086,13.97,274530,34172,8000202,34809635846,130,20538118933.87536,123217.0,578880,1775947.4232661545,199.37274932861328
2018-11-02,198.98199462890625,201.2689971923828,198.7550048828125,200.634994506836,1451870000,0.16,15183112207,6069,17166,14.0,239953,19103,8000229,34820768824,135,20570674271.911865,77111.0,568925,2028924.6772390848,199.91024780273438
2018-11-03,200.7400054931641,200.7400054931641,199.5249938964844,200.18600463867188,1307150000,0.16,16145620959,6119,15800,13.95,231302,30784,8000084,33992268567,75,20591981313.119946,89045.0,520169,1385137.2879992004,200.29775238037112
2018-11-04,200.1580047607422,211.27200317382807,198.98599243164065,207.48599243164065,1749300000,0.15,13064568368,6109,15888,13.92,238198,34510,8000123,34551676453,88,20595604833.55293,81728.0,495053,1279351.4100765516,204.4754981994629
2018-11-05,207.1000061035156,210.81900024414065,206.572998046875,209.09100341796875,1613510000,0.18,16749446191,6075,17562,14.03,264180,19946,8000216,35479168187,144,21482936179.05689,75353.0,585053,2704989.2396128657,208.395751953125
2018-11-06,209.4739990234375,218.45199584960932,207.8939971923828,218.45199584960932,1856940000,0.19,17333551729,6064,18894,13.99,253403,18773,8000158,35232747104,185,21434168503.68154,113596.0,580257,2040199.880550246,213.56799697875977
2018-11-07,218.8990020751953,221.6519927978516,216.79600524902344,217.18299865722656,1927830000,0.18,16337162082,6144,17796,13.9,239804,22716,8000139,35282954657,142,22391895773.21813,97118.0,582111,2397119.4991996307,218.63249969482422
2018-11-08,217.32699584960932,218.33799743652344,212.19900512695312,212.2310028076172,1769080000,0.21,18892302279,6066,18379,14.04,234637,36873,8000232,34928286756,148,22121410501.612183,107522.0,559307,2033356.161785788,215.02375030517578
2018-11-09,211.98699951171875,213.3159942626953,209.51499938964844,210.07400512695312,1554750000,0.16,15752819992,6091,17469,13.94,259704,49290,8000160,34364620711,121,21652227179.40253,110399.0,553406,1805436.24922719,211.2229995727539
2018-11-10,209.9750061035156,213.85699462890625,209.80499267578125,212.5330047607422,1377760000,0.13,12031282399,6113,16375,13.96,240780,73820,8000141,35048287080,74,21752921787.18661,100592.0,491196,1386792.0985222273,211.54249954223633
2018-11-11,212.47900390625,212.99899291992188,208.8679962158203,211.33999633789065,1501600000,0.11,10621852227,6121,17094,13.91,265503,66034,8000155,35261652912,62,21863508368.50274,125445.0,518422,1132962.1138207112,211.4214973449707
2018-11-12,211.51300048828125,212.6230010986328,208.9239959716797,210.41799926757807,1452380000,0.16,14368146227,6171,18419,13.82,262680,40922,8000097,35126834156,125,21815373771.136112,105028.0,566040,1916623.9777899776,210.86949920654297
2018-11-13,210.1490020751953,210.51499938964844,206.134994506836,206.8260040283203,1610260000,0.18,15059123069,6095,17702,13.93,250433,54495,8000119,33996251185,111,21568148748.17696,103247.0,560160,1861878.680005019,208.40625
2018-11-14,206.53399658203125,207.0449981689453,174.08399963378906,181.39700317382807,2595330000,0.18,17416039750,6071,18832,14.08,259730,55430,8000153,35751989357,115,20006278712.6167,119817.0,550811,2077326.662875572,192.26499938964844
2018-11-15,181.8990020751953,184.25100708007807,170.18899536132812,180.80599975585932,2638410000,0.2,18474728790,6073,17646,14.02,250766,68373,8000199,35050498504,128,18311906764.61141,118520.0,594970,4522864.489491311,179.28625106811523
2018-11-16,180.8650054931641,181.3500061035156,173.12600708007812,175.177001953125,2015330000,0.17,16120812190,6182,17100,13.79,241016,62869,8000148,35420405742,129,18320433178.62673,130392.0,551893,2680632.274126224,177.6295051574707
2018-11-17,175.36000061035156,175.8509979248047,172.86900329589844,174.00100708007812,1832800000,0.14,13275250100,6112,15503,13.96,221406,89137,8000118,34989887308,81,17914439957.774284,155434.0,513158,1830026.920398136,174.5202522277832
2018-11-18,174.1750030517578,179.15199279785156,174.1750030517578,177.06700134277344,1810920000,0.17,14895978165,6159,14681,13.87,216845,72536,8000163,36390346551,73,18150287469.93969,125754.0,489755,1562851.3012207677,176.14225006103516
2018-11-19,177.1790008544922,177.1790008544922,147.8509979248047,149.1750030517578,2745160000,0.15,17028262287,5999,19002,14.15,292342,47473,8000310,39183219447,96,16108269920.619658,103204.0,575911,4551665.130970753,162.84600067138672
2018-11-20,148.81100463867188,151.2530059814453,126.36000061035156,130.33900451660156,3134410000,0.14,17960754304,6028,19756,14.1,266500,42320,8000199,37830924179,85,15407373340.54852,108668.0,631166,6685403.014086955,139.19075393676758
2018-11-21,131.14199829101562,138.88999938964844,125.75800323486328,136.7010040283203,2685930000,0.12,15269813534,6136,17952,13.92,235548,47152,8000042,36979108654,106,13841226606.291388,104202.0,600439,5359025.025372153,133.1227512359619
2018-11-22,136.81100463867188,137.74000549316406,126.70600128173828,126.70600128173828,1792150000,0.11,15007551180,6063,17791,14.12,230275,51321,7999960,35312592066,86,13646667294.488953,106814.0,576950,3056974.3565424336,131.99075317382812
2018-11-23,126.41899871826172,127.02799987792967,119.55899810791016,123.2959976196289,1998010000,0.12,15807815573,6119,17659,13.97,230964,47080,7999983,36169776966,68,12761234869.374058,116381.0,563926,3526397.090674646,124.07549858093262
2018-11-24,123.3040008544922,126.78800201416016,110.8249969482422,113.49400329589844,1800960000,0.1,15420458863,6119,15618,13.94,205019,64798,7999973,32414441192,39,12629134462.700935,117993.0,495852,2293062.293396265,118.60275077819824
2018-11-25,113.1259994506836,118.88099670410156,101.7699966430664,116.4499969482422,2466750000,0.12,16305637620,6154,16512,13.91,223133,61062,7999944,33912327881,53,10970721319.054825,113667.0,524720,4719566.108482055,112.55674743652344
2018-11-26,116.34300231933594,118.20099639892578,104.89299774169922,108.33499908447266,2139490000,0.1,16319129861,6071,17255,14.04,235607,66767,8000024,35194617770,109,11326633024.373352,113595.0,551881,3731839.607338554,111.9429988861084
2018-11-27,107.91300201416016,111.84200286865234,102.4520034790039,110.01000213623048,2320010000,0.09,14675345264,5995,17909,14.24,224852,75450,8000094,36450146880,119,10827984439.96148,118310.0,558078,3617380.611492473,108.05425262451172
2018-11-28,110.197998046875,126.0479965209961,110.197998046875,122.43800354003906,2673470000,0.13,16292970940,6026,19897,14.19,249355,50431,8000078,38279118175,89,11596230265.970469,118672.0,609660,3652751.349322127,117.22049903869629
2018-11-29,122.72154998779295,123.22972106933594,115.29769134521484,117.54264831542967,2196099151,0.16,20346219794,6121,17814,13.95,221155,28072,8000035,40567003945,90,12137523862.994,102334.0,572334,4057144.396887593,119.69790267944336
2018-11-30,117.72809600830078,119.42376708984376,111.74496459960938,113.17141723632812,2020748396,0.17,22652461526,6046,18642,14.09,236868,25678,8000146,41498304998,126,12297400062.80181,81154.0,591582,6431247.993659505,115.51706123352051
2018-12-01,113.39775848388672,120.8414535522461,111.61912536621094,118.63555908203124,2131475768,0.13,17360683398,6057,16263,14.13,216397,66968,7999944,37855433451,77,12290984308.36778,103072.0,553742,27336320.07536497,116.12347412109375
2018-12-02,118.26815032958984,120.56204986572266,116.092041015625,116.38890075683594,1856199149,0.12,15744999974,6061,15282,14.08,208558,61452,8000046,36978836176,61,12196215700.229172,125178.0,492215,1589244.7945894578,117.82778549194336
2018-12-03,116.3787612915039,116.61906433105467,107.41565704345705,108.92501831054688,1772756193,0.12,17352151387,6033,18022,14.14,223148,37707,7999964,38468734821,113,11207395576.447548,104456.0,534916,2255505.854517653,112.33462524414062
2018-12-04,108.80316162109376,113.14291381835938,107.40271759033205,110.21418762207033,1748116495,0.12,17192821913,6039,17972,14.27,217979,31621,7999924,38517989207,128,11629598349.769196,95259.0,551752,2619813.1319011915,109.89074516296387
2018-12-05,110.33551788330078,110.5986099243164,102.47555541992188,102.47555541992188,1990157607,0.11,17707618986,6017,18963,14.36,235788,33376,8000116,39852764865,99,11183983519.84997,81304.0,585398,2680178.3322380777,106.47130966186523
2018-12-06,102.45059204101562,104.1034927368164,91.76105499267578,91.76105499267578,2310716932,0.08,16361316325,6056,19164,14.23,232183,45369,7999957,38989485540,111,10201280776.163445,120617.0,602331,4232447.579213556,97.5190486907959
2018-12-07,91.64983367919922,96.08984375,83.46971893310547,93.29456329345705,2554304530,0.08,16593133453,5972,18403,14.29,246293,61208,8000058,37593409260,86,8880692010.865929,106521.0,585136,5741674.900895097,91.12598991394043
2018-12-08,93.41007995605467,97.05988311767578,86.82566833496094,92.15963745117188,1855759401,0.06,12334654966,6023,17322,14.15,259985,68567,8000138,36351324362,64,9313469665.630465,126757.0,537928,3862324.186656051,92.36381721496582
2018-12-09,92.03543090820312,98.90003204345705,91.03128051757812,95.14205932617188,1875567180,0.06,11985499611,6097,16875,14.06,229165,52544,8000217,36042196703,47,9576240401.695042,99974.0,528868,2795139.8816075777,94.27720069885254
2018-12-10,94.99217224121094,96.2573013305664,90.6542510986328,91.68565368652344,1756437577,0.07,13943396527,6176,18196,13.81,254919,28087,8000053,36021573269,111,9444409556.373789,89049.0,550849,2905614.03777022,93.3973445892334
2018-12-11,91.57893371582033,92.7823257446289,87.68840789794922,88.94530487060547,1707497898,0.06,14800362183,5984,17723,14.3,221500,52956,8000105,35585775449,73,9445805503.251556,115875.0,549841,2908278.191067915,90.24874305725098
2018-12-12,88.61070251464844,92.24055480957033,88.26355743408203,90.59329986572266,1533050103,0.06,14460515241,6076,16675,14.09,222636,77977,8000550,35633103181,89,9228082185.150206,125980.0,526720,2579875.361805487,89.92702865600586
2018-12-13,90.6552276611328,91.11160278320312,85.518310546875,86.53931427001953,1754475622,0.07,17612949432,6097,17641,14.09,224605,53905,8000505,36378262445,89,9322638290.827736,149943.0,557783,2987147.118158469,88.45611381530762
2018-12-14,86.63035583496094,87.14494323730469,83.22647857666016,84.30829620361328,1651491877,0.09,29183615469,6014,18675,14.22,225717,53328,8000732,35301553719,111,8978615772.882223,114525.0,552474,3157975.9284011326,85.32751846313477
2018-12-15,84.27969360351562,85.34274291992188,82.82988739013672,84.44081115722656,1496176898,0.05,12752651260,6115,16796,14.12,232086,119620,8000820,36402769541,72,8598855718.951155,149533.0,560213,2396845.669436549,84.2232837677002
2018-12-16,84.46940612792969,87.56812286376953,84.46940612792969,85.26210021972656,1565817037,0.05,11777989321,6039,15879,14.29,235005,112385,8000992,35819776292,72,9041682857.29512,188714.0,523700,1992283.236017977,85.44225883483887
2018-12-17,85.38211059570312,96.8050537109375,85.38211059570312,95.13382720947266,2101453024,0.07,13823213704,5891,18889,14.51,236333,47689,8000556,36051418221,140,8905875593.51228,104254.0,553571,2997586.619141645,90.6757755279541
2018-12-18,95.10803985595705,101.32023620605467,92.96852111816406,101.11245727539062,2277514076,0.12,31672019232,5861,19672,14.58,223395,39066,8000772,36527372942,124,9960845377.137196,113791.0,561367,3862785.679395304,97.6273136138916
2018-12-19,101.68384552001952,108.54905700683594,100.69145965576172,101.2685775756836,2456482115,0.08,15897547045,5849,19629,14.61,245097,64063,8001436,36762367264,115,10798948518.410915,115739.0,602667,5060556.509229938,103.0482349395752
2018-12-20,101.09043884277344,117.17012786865234,100.63996124267578,116.21687316894533,3063842618,0.09,15781758963,5853,19588,14.59,246086,80815,8001443,37023946256,80,10631053942.735678,139502.0,587319,4711074.701406127,108.77935028076172
2018-12-21,115.8354034423828,119.09416198730467,107.58479309082033,109.49623107910156,2632539990,0.08,15818617345,5837,19662,14.57,241999,66599,8001385,36552504498,64,11993667180.08966,128937.0,629752,5155634.602842694,113.00264739990234
2018-12-22,109.45594024658205,116.7594985961914,107.50316619873048,116.7594985961914,2338772939,0.08,14021469358,5925,16613,14.41,202438,111318,8001373,34836369241,39,11302451520.130938,162891.0,502469,3581128.8350475407,112.61952590942383
2018-12-23,117.27389526367188,133.07530212402344,117.27389526367188,130.7652587890625,3579715061,0.09,14622664850,5865,17293,14.56,227784,111418,8001504,35278772565,26,13470512803.65103,181798.0,546746,3955697.6230420456,124.59708786010742
2018-12-24,130.64166259765625,157.668701171875,130.64166259765625,140.23800659179688,4370343387,0.1,16608758417,5927,19050,14.42,252832,76220,8001123,36861433769,53,15792804383.36279,162893.0,603909,4184188.4288250776,139.7975082397461
2018-12-25,140.99758911132812,140.99758911132812,125.11328887939452,129.84434509277344,3298280609,0.11,14765402060,5967,16454,14.32,227288,11940,8001073,37583083400,52,13015662895.808855,103828.0,535014,3179893.8382953024,134.23820304870605
2018-12-26,129.88882446289062,136.67724609375,126.29290771484376,131.86563110351562,2720469126,0.12,24477635489,5961,18494,14.35,233172,43716,8001123,36661738118,73,14002025833.852932,86174.0,560918,2445051.723785104,131.18115234375
2018-12-27,131.923583984375,132.67706298828125,115.6501007080078,116.57591247558594,2612804378,0.07,13530493595,5893,17564,14.47,238363,47560,8001150,35126659397,74,12987176438.074492,105214.0,567398,2306485.183536352,124.2066650390625
2018-12-28,116.89820098876952,137.6470184326172,115.69313049316406,137.6470184326172,3130201009,0.09,14151079675,5907,17910,14.55,248362,54250,8001304,36116056243,68,13273222377.991049,121121.0,555432,3604835.282310444,126.97134208679199
2018-12-29,138.46878051757812,147.03433227539062,134.57017517089844,138.01834106445312,3169029972,0.08,12984151825,5960,16917,14.5,242319,60995,8001208,35134737753,47,14236906235.289486,109638.0,541617,4330291.0053207,139.52290725708008
2018-12-30,137.62745666503906,140.6890869140625,133.98233032226562,139.8594512939453,2660086834,0.17,15843483124,5886,14545,14.68,207808,27847,8001066,37035235634,39,14065317019.177078,94973.0,482938,2221313.4130680272,138.03958129882812
2018-12-31,140.03106689453125,140.18115234375,132.51939392089844,133.36825561523438,2358360234,0.08,13844116120,5921,16503,14.59,226013,44170,8001276,35111827402,24,14217938896.189642,99403.0,499125,2221778.964623787,136.52496719360352
2019-01-01,133.41815185546875,141.3975067138672,132.6507110595703,140.8194122314453,2258709868,0.1,14330651283,5871,13666,14.72,201242,19167,8001158,32962591808,47,13880753047.558031,78971.0,481781,1828395.5163455529,137.0714454650879
2019-01-02,141.51951599121094,156.92913818359375,140.6509552001953,155.0476837158203,3328240369,0.09,13518333631,5931,18126,14.57,240316,16782,8001079,35364525440,54,14718367052.909643,76332.0,536019,2811838.1440607463,148.53682327270508
2019-01-03,155.196044921875,155.86305236816406,147.1983642578125,149.135009765625,2676164880,0.08,12695511480,5580,19343,15.48,259752,27375,8001115,33987627591,81,16005931530.508608,83658.0,613379,2941047.5911897616,151.84811782836914
2019-01-04,148.9128875732422,156.8789825439453,147.9071044921875,154.58193969726562,3126192535,0.1,14197164275,5554,18872,15.56,228945,26031,8001140,33754357918,69,15592201456.694654,90095.0,562161,3957638.045934736,152.07022857666016
2019-01-05,154.33741760253906,160.82489013671875,154.33741760253906,155.6385955810547,3338211928,0.15,24120227063,5620,17351,15.37,216107,29259,8000991,32335694087,42,16653412051.698664,78137.0,513950,4682318.829196643,156.2845802307129
2019-01-06,155.80422973632812,159.37144470214844,152.08592224121094,157.74620056152344,3231294371,0.1,13443565864,5585,15855,15.47,221028,33025,8000995,30112976964,39,15994443195.65621,87693.0,481792,2213248.4388270946,156.25194931030273
2019-01-07,157.8094940185547,158.45042419433594,151.15072631835938,151.69921875,2712108388,0.09,15727137336,5610,18204,15.41,249640,26586,8001132,31915860028,80,15951330047.433777,96083.0,546294,3429429.257607353,154.7774658203125
2019-01-08,151.96754455566406,153.6257781982422,148.66954040527344,150.35963439941406,2459808140,0.09,13679045245,5562,17916,15.53,246656,24208,8001204,31137208059,80,15573855162.965029,80699.0,560561,2459063.8277386287,151.15562438964844
2019-01-09,150.5546875,153.62225341796875,150.2883758544922,150.80311584472656,2369241197,0.08,13525936033,5610,17865,15.4,248538,23724,8001283,31279267451,81,15746533080.019642,76745.0,550965,2498585.8106005806,151.31710815429688
2019-01-10,150.843505859375,152.1482696533203,126.52937316894533,128.62518310546875,3397734456,0.08,15364969669,5568,19150,15.52,243553,23704,8001229,32195149893,79,15763974319.05625,88466.0,579748,3215842.9331958853,139.53658294677734
2019-01-11,127.81396484375,130.1659393310547,125.24494171142578,127.54832458496094,2667585234,0.08,13631672273,5566,18683,15.52,235447,43521,8001187,33318084869,70,13327445866.163404,81097.0,564177,4575127.915284089,127.69329261779785
2019-01-12,127.52808380126952,128.66612243652344,125.4467544555664,125.9665298461914,2212109224,0.07,12182668844,5541,15918,15.59,189309,56474,8001065,29702483987,51,13244439883.65247,122219.0,460628,2020410.2743611624,126.9018726348877
2019-01-13,125.9072265625,126.26787567138672,116.08596801757812,116.8978042602539,2268263944,0.06,12299362181,5635,15798,15.18,198740,35995,8001179,29548320450,34,13175487733.882849,89274.0,472666,2345057.36611144,121.28971862792969
2019-01-14,116.97909545898438,130.8567352294922,116.96755981445312,129.0687255859375,2798085735,0.11,19179700938,5629,18452,15.17,271125,6394,8001170,33474170588,81,12360874466.001348,80522.0,518214,3861662.4102379377,123.4680290222168
2019-01-15,129.1726837158203,130.74356079101562,120.3115234375,122.03271484375,2735449164,0.09,18403886289,5619,18074,15.23,245116,17436,8000887,31544999460,75,13286507242.993973,64040.0,589205,2599070.495862185,125.56512069702148
2019-01-16,121.80924224853516,127.11824798583984,121.44141387939452,123.54706573486328,2746469340,0.1,20629866067,5528,18008,15.53,216883,27867,8000843,32162670591,59,12745000391.075092,71046.0,519571,3366888.8340107403,123.4789924621582
2019-01-17,123.57353973388672,124.27072143554688,120.81703186035156,123.7419204711914,2594091285,0.08,13639170146,5561,17900,15.41,216437,20036,8000821,30901966019,78,12754373326.474852,80841.0,511736,2344031.4723521164,123.10080337524414
2019-01-18,123.65465545654295,123.84169006347656,120.2418975830078,121.01026153564452,2305389800,0.08,14390713391,5619,17751,15.28,217354,15981,8001004,31952137313,57,12800158905.48634,98619.0,536096,1960889.798545164,122.18712615966797
2019-01-19,121.61442565917967,125.90422821044922,121.1610336303711,124.5190200805664,3048261797,0.08,12427478085,5683,17863,15.07,208201,13070,8001008,33878498386,64,12710619921.86187,72576.0,526018,1868201.4637272733,123.2996768951416
2019-01-20,124.63240051269533,125.07038879394533,118.70232391357422,119.4748306274414,2964108269,0.07,12387866392,5599,17832,15.29,196352,24771,8001304,33077247331,38,12503725776.359327,67289.0,555836,1561952.3905805142,121.96998596191406
2019-01-21,119.63645935058594,119.71543884277344,116.15744018554688,117.15785217285156,2421720343,0.07,13567626739,5094,21357,16.82,215040,12833,8001274,33763981311,91,12414132704.467297,81911.0,547002,2174581.3786083884,118.16679763793945
2019-01-22,117.11075592041016,119.66434478759766,114.67668151855467,118.74755096435548,2552507405,0.1,18561474026,5072,22711,16.91,207146,5707,8001144,34637145295,72,12414162710.051594,62993.0,617698,2023538.8028741,117.54983329772949
2019-01-23,118.71381378173828,119.42279815673828,116.37664794921876,117.45260620117188,2556952198,0.08,13308904468,4991,20710,17.15,215198,16756,8001029,31630703208,113,12363562744.660303,71488.0,548693,2186008.9506291663,117.9914665222168
2019-01-24,117.46278381347656,118.0321044921875,116.00679779052734,117.36288452148438,2520843420,0.08,14394162195,5086,19842,16.83,209817,13171,8001118,31679636794,60,12153541162.139288,81833.0,531037,2645955.8872881634,117.21614265441895
2019-01-25,117.59495544433594,117.80299377441406,115.83015441894533,116.37834167480467,2606881898,0.07,13857565780,5106,18310,16.79,213051,21220,8001115,30938949942,66,12200172134.071571,77103.0,501906,2150742.033048741,116.901611328125
2019-01-26,116.37352752685548,118.08411407470705,115.98057556152344,116.48873901367188,2412181169,0.07,12616710414,5055,17422,16.98,196601,60277,8000897,33241053039,51,12222314648.022718,94138.0,464560,1521575.8928613665,116.73173904418945
2019-01-27,116.51031494140624,116.68540954589844,113.40528869628906,113.40528869628906,2775888287,0.06,11788620538,5013,18274,17.05,201501,30516,8001001,31494607522,43,11951520916.783108,94738.0,487290,1803462.127198768,115.0015754699707
2019-01-28,113.28523254394533,113.688232421875,103.33646392822266,106.58997344970705,3366895505,0.07,15213901906,4884,21577,17.52,242450,21718,8001024,33400327582,86,10938672782.745943,83675.0,537473,3172949.981517168,109.2249755859375
2019-01-29,106.72195434570312,107.16578674316406,103.99922943115234,105.59821319580078,2900418606,0.06,12439032644,4870,22103,17.54,219778,16306,8001111,32867605159,72,11029282411.194515,87760.0,567736,2939421.6871052315,105.87129592895508
2019-01-30,105.4072036743164,109.4529800415039,104.8437957763672,108.90753936767578,2874370355,0.07,13051979777,4949,21568,17.3,208898,25654,8001210,32975674787,69,11060259569.258778,74797.0,566404,2503175.8587726285,107.15287971496582
2019-01-31,108.90077209472656,110.45835876464844,106.52535247802734,107.0610122680664,2828796031,0.08,14209971121,4931,20803,17.33,208575,7320,8001156,35261654580,63,11225928243.647158,75490.0,525672,3037666.939248877,108.23637390136719
2019-02-01,107.1476821899414,108.63871002197266,105.04650115966795,107.60978698730467,2541271519,0.08,13234562600,4848,20373,17.67,204710,16441,8001360,32761450415,58,11261348204.808676,62174.0,512698,2286176.0685396786,107.11067008972168
2019-02-02,107.46641540527344,110.65387725830078,106.7640151977539,110.43025970458984,2385157838,0.07,12000569516,4935,17499,17.41,183802,34221,8001269,30168904532,34,11275760297.18454,71913.0,447691,1402600.972475123,108.82864189147949
2019-02-03,110.49031829833984,110.82735443115234,106.5639877319336,107.49266815185548,2519334757,0.06,11637460620,4858,16597,17.68,169639,34363,8001164,28022576836,38,11305485039.723911,80445.0,428438,1361781.9260143116,108.84358215332031
2019-02-04,107.62582397460938,108.70103454589844,107.06742095947266,107.82160186767578,2491888675,0.07,12082194503,4938,16326,17.39,166444,33101,8001218,28109457360,64,11259096468.187828,67650.0,397928,1204185.739581576,107.80397033691406
2019-02-05,107.62816619873048,108.1347885131836,106.90989685058594,107.44351959228516,2515863999,0.07,12593215644,4900,16601,17.54,168852,37865,8001176,27984580259,75,11245751796.562675,75768.0,433605,1176273.1779741712,107.52909278869629
2019-02-06,107.56930541992188,107.56930541992188,102.93456268310548,104.9192886352539,2593048199,0.07,12593166346,4892,17023,17.55,173441,30172,8001322,28696360299,49,10875437920.00433,71715.0,428796,1818191.783960542,105.74811553955078
2019-02-07,104.83577728271484,106.05887603759766,104.4091339111328,104.5353012084961,2326764622,0.07,14057368181,4918,17432,17.44,169031,23058,8001263,29441176225,60,10992903528.844189,80841.0,436722,1842806.0298516948,104.95977210998535
2019-02-08,104.64505004882812,119.80581665039062,104.1944351196289,119.26774597167967,3656841347,0.08,13310836398,4923,18982,17.43,186134,13218,8001377,30304669218,62,10987869732.088026,60080.0,443282,1966319.659258868,111.97826194763184
2019-02-09,119.214111328125,120.68973541259766,118.00040435791016,119.4308853149414,2884650400,0.08,12390959208,4900,17138,17.49,170698,13768,8001139,29701599787,30,12421188937.674091,55313.0,442645,2012728.2114507293,119.33378410339355
2019-02-10,119.40896606445312,124.85362243652344,117.10577392578124,124.80648803710938,3148766590,0.09,12847065310,4298,18598,20.0,157443,8958,8001145,26786193364,45,12500123984.532536,45353.0,390609,1339157.084619555,121.5437126159668
2019-02-11,124.8715362548828,124.8715362548828,120.31175231933594,121.29839324951172,3222473887,0.09,13977805236,4195,20700,20.48,179265,9936,8001168,27611571189,73,12691911708.951046,49078.0,423793,2182397.1225752947,122.83830451965332
2019-02-12,121.17857360839844,123.46829986572266,119.60002136230467,122.5722885131836,3149576429,0.09,13012487105,4273,20824,20.12,184724,14156,8001034,28573833622,72,12651830970.577734,53339.0,421946,1822375.519338286,121.70479583740234
2019-02-13,122.5442886352539,125.55069732666016,121.61249542236328,122.55360412597656,3386585799,0.09,13713241302,4169,23368,20.48,189676,7604,8001092,29584055361,69,12810036620.75547,69079.0,495473,2002762.354824905,123.06527137756348
2019-02-14,122.41698455810548,124.45198822021484,121.33489227294922,121.39020538330078,3331701628,0.1,19148327564,4166,23305,20.62,189326,10354,8001481,29051955302,66,12843010169.045696,47743.0,478599,2042170.6290482795,122.39851760864258
2019-02-15,121.45369720458984,123.66012573242188,121.37191772460938,122.1003875732422,3021741615,0.11,14753437258,4158,22751,20.68,193086,9595,8001147,30180437810,83,12842202780.913652,54321.0,460466,1841771.626628996,122.14653205871582
2019-02-16,122.39645385742188,124.1348114013672,122.29530334472656,123.26021575927734,2905833287,0.1,13510079150,4224,21513,20.39,183084,14439,8001206,29978364164,34,12950667689.626034,48252.0,459820,1301867.244408039,123.02169609069824
2019-02-17,123.1820831298828,134.46009826660156,123.09161376953124,133.598876953125,4236081130,0.11,13757940835,4139,22199,20.76,178009,14506,8001298,29860882794,42,13234715904.515612,47101.0,445997,1433169.70512622,128.58316802978516
2019-02-18,133.0325469970703,147.68658447265625,133.00193786621094,146.09837341308594,5387525773,0.14,17094399315,4196,24106,20.47,225128,10749,8001130,31150438004,67,14493744190.14166,57046.0,506951,3034024.858746932,139.95486068725586
2019-02-19,146.39881896972656,149.9299774169922,145.1284637451172,145.34619140625,5310842625,1.21,373905995022,4288,24581,19.99,221282,7840,8001406,31990800940,159,15459873591.768473,60660.0,526665,3284602.757366554,146.70086288452148
2019-02-20,145.1727294921875,149.55433654785156,142.5021209716797,149.55433654785156,4500094965,0.13,16098676684,4242,24759,20.15,204143,7981,8001347,31658564437,62,15380764255.610796,59456.0,519282,2878586.509700685,146.69588088989258
2019-02-21,149.35232543945312,149.35232543945312,144.56381225585938,146.13084411621094,3995766856,0.12,15306757881,4252,25217,20.22,195510,7004,8001243,32160208363,107,15553161201.26223,65940.0,530313,3535375.5347921406,147.34982681274414
2019-02-22,146.07325744628906,149.26861572265625,145.20654296875,149.0924530029297,3731099284,0.12,14913439608,4238,24969,20.28,200174,7829,8001252,31958692019,103,15436825333.077524,70050.0,552253,2384164.4880268704,147.41021728515625
2019-02-23,148.67662048339844,159.12586975097656,147.3310546875,158.79542541503906,4519468458,0.13,14039107293,4353,21843,19.76,190617,11303,8001223,31537207542,45,15582505477.288252,70813.0,478165,1562649.864185556,153.48224258422852
2019-02-24,158.90240478515625,165.54962158203125,135.8526611328125,135.8526611328125,5957715043,0.11,16251853700,4254,24399,20.12,203517,4896,8001394,31412524215,78,14914599958.672785,57791.0,511654,2810172.880766603,149.03933715820312
2019-02-25,135.49972534179688,142.52557373046875,135.4838409423828,139.82286071777344,4914392068,0.13,17020990610,4238,26690,20.2,210843,7772,8001148,32472793305,86,14763305947.676435,69232.0,557116,4241096.673250543,138.33300018310547
2019-02-26,139.64608764648438,139.9764404296875,136.57960510253906,138.0896759033203,3791292839,0.13,17415861033,4281,26269,20.09,210536,10765,8001364,32859962542,79,14517116253.407566,63019.0,591458,2572134.619234565,138.5729522705078
2019-02-27,138.02957153320312,141.3362274169922,131.60292053222656,136.12596130371094,4469776860,0.12,16334617513,4281,25340,20.04,215537,12681,8001071,32657440136,43,14661098028.72376,69521.0,535061,2478787.865448635,136.7736701965332
2019-02-28,136.2830810546875,138.84713745117188,135.6575927734375,136.74624633789062,4535438953,0.14,18834674068,4366,25117,19.61,222464,5454,8001137,33081119561,68,14446574453.548958,64259.0,562453,3203108.117905099,136.88351440429688
2019-03-01,136.83624267578125,138.99526977539062,136.43478393554688,136.44361877441406,3756124824,0.1,12974077284,5994,18943,14.3,226903,22995,8001373,39420363698,100,14415573027.56166,68512.0,536847,2028600.768299896,137.1774787902832
2019-03-02,136.35008239746094,137.18479919433594,132.43638610839844,134.2069549560547,3747176425,0.09,12153807142,6402,16459,13.35,209048,54051,8001398,38528471339,37,14391371237.976786,84564.0,519937,1958418.626237679,135.0445556640625
2019-03-03,134.78611755371094,135.8492889404297,131.328857421875,132.24942016601562,3454374053,0.09,12061882513,6379,15337,13.42,195215,79582,8001273,36141033693,44,13988371777.162956,128085.0,505568,1385585.615959588,133.5534210205078
2019-03-04,132.1578826904297,132.72914123535156,125.40270233154295,127.7741241455078,4008171341,0.09,12666122902,6384,19803,13.41,228703,34243,8001294,41736878876,73,13758055694.405704,105707.0,588048,3038565.5287248218,129.515962600708
2019-03-05,127.79295349121094,138.22998046875,126.73529815673828,137.8223876953125,4764849990,0.1,13496902482,6429,18740,13.34,227650,34343,8001222,39881457026,77,13401119384.903805,105143.0,607332,2641486.714884578,132.64515495300293
2019-03-06,137.958740234375,139.9688262939453,136.1459197998047,138.7893524169922,4589054219,0.1,14045984060,6399,17726,13.4,226990,30181,8001247,37720064716,76,14373455136.04401,92623.0,590557,2643274.04486589,138.2157096862793
2019-03-07,138.9423828125,140.85787963867188,137.27313232421875,138.0345001220703,4339206292,0.1,13740882181,6438,17116,13.32,226430,38152,8001359,37630699661,61,14549448547.73311,89462.0,561454,2398565.299563981,138.77697372436523
2019-03-08,138.3113555908203,139.4990997314453,133.5576934814453,135.1270751953125,4678816794,0.1,13479470622,6388,18800,13.41,227294,30086,8001246,38737885031,50,14440043836.29893,88825.0,586227,2627074.4985468904,136.62380599975586
2019-03-09,134.88755798339844,139.11941528320312,134.6771240234375,137.96533203125,5011918715,0.09,11957111022,6380,17547,13.43,225885,43016,8001071,38202661271,41,14275204335.03469,83829.0,551058,2380120.400861316,136.66235733032227
2019-03-10,138.1804962158203,138.2703094482422,135.68568420410156,136.75868225097656,4578438499,0.09,12106103256,6513,15045,13.15,191094,44084,8001133,36152691073,54,14435826988.549477,87308.0,498757,1913655.2161946944,137.22379302978516
2019-03-11,136.8495330810547,137.35340881347656,133.10279846191406,133.8340301513672,4689807419,0.09,12484460496,6389,17059,13.38,207488,46341,8001107,38854223598,87,14005393961.49589,113738.0,518730,2645922.994883666,135.28494262695312
2019-03-12,134.01284790039062,135.27346801757812,130.94415283203125,134.44288635253906,4709988000,0.08,12238102548,6453,17676,13.18,228995,58757,8001194,38972844083,57,14117255407.410551,104263.0,562965,2624300.073277426,133.66833877563477
2019-03-13,134.6117706298828,134.6117706298828,132.7197265625,133.26307678222656,4265162099,0.08,11704565023,6399,19134,13.31,221923,40525,8001166,41098614057,84,14090281053.08132,108369.0,573638,2360083.5755890068,133.80158615112305
2019-03-14,133.2039031982422,135.18084716796875,132.7500762939453,133.7115936279297,4476532147,0.07,11052545157,6422,18486,13.24,229351,43799,8001235,40305717005,76,14087633665.288958,93277.0,579028,2112492.974114037,133.71160507202148
2019-03-15,133.56715393066406,138.3951416015625,133.56715393066406,137.69178771972656,4506861856,0.08,11016047852,6424,17922,13.31,215939,30787,8001118,39674989959,81,14518524276.798306,130590.0,554629,2586024.1936661694,135.8053092956543
2019-03-16,137.91195678710938,144.55844116210938,137.91195678710938,142.39817810058594,4839003569,0.08,10383394399,6511,16269,13.11,194194,55038,8001218,37614470302,46,14833528933.63799,98509.0,505301,2492214.932400207,140.69513320922852
2019-03-17,142.23829650878906,142.37191772460938,139.32351684570312,140.00054931640625,3827157729,0.09,14577386112,6415,15331,13.34,203611,63722,8001131,36580109837,38,14708068090.32315,120610.0,500277,1605741.1622088845,140.98357009887695
2019-03-18,140.1048583984375,142.2672119140625,138.841552734375,139.37460327148438,4551739879,0.62,195879275790,6368,19382,13.34,230509,25310,8001047,42577612070,93,14920378351.035875,96958.0,564065,3022036.16445056,140.14705657958984
2019-03-19,139.25401306152344,140.9890594482422,139.1430206298828,140.51919555664062,4251488129,0.09,13115885101,6416,21169,13.27,235541,20708,8001102,42575768618,57,14781893191.49044,88998.0,607001,2156310.057012422,139.97632217407227
2019-03-20,140.48471069335938,140.94557189941406,138.30703735351562,140.6863555908203,4664134462,0.09,12179174942,6475,19680,13.15,231451,23339,8001058,42081771829,88,14643434664.684538,86600.0,625928,2309782.792340304,140.10591888427734
2019-03-21,140.47848510742188,141.00323486328125,135.8554229736328,136.6360626220703,5087247796,0.12,13904796043,6372,20227,13.4,218233,12277,8001067,45894918369,92,14798083326.651344,73448.0,640634,3579953.1648249947,138.49330139160156
2019-03-22,136.562255859375,138.79429626464844,136.22860717773438,137.1814422607422,4490899266,0.1,12584442788,6409,19821,13.34,221901,19215,8001195,43152039321,82,14536370877.606129,76536.0,607159,2384661.757418222,137.191650390625
2019-03-23,137.0398712158203,139.38539123535156,136.91201782226562,138.2398681640625,4436568613,0.09,10993968628,6431,17356,13.26,205414,24746,8001069,39695293453,46,14553622123.05879,76201.0,589540,1977191.2824652523,137.894287109375
2019-03-24,138.3153533935547,138.3756103515625,136.31375122070312,136.98692321777344,4266845458,0.09,11003609358,6432,16938,13.28,202948,43774,8001187,39231359540,42,14476175029.761028,92779.0,544052,2604239.285868984,137.49790954589844
2019-03-25,137.08135986328125,137.69534301757812,133.4901580810547,135.03102111816406,4480516753,0.09,12549223821,6429,20021,13.29,256346,31155,8001285,41444947656,77,14468840731.249714,102335.0,632947,2946370.375758265,135.82447052001953
2019-03-26,135.0543212890625,135.46035766601562,133.75733947753906,135.46035766601562,4499271679,0.1,13059718677,6358,20393,13.42,244908,26502,8001255,41958099117,68,14181158333.998438,87076.0,627673,3029672.5490004364,134.9330940246582
2019-03-27,135.45436096191406,141.07546997070312,135.34165954589844,140.9881591796875,5228240093,0.11,13596847307,6458,20194,13.2,232654,25741,8001222,42940357362,82,14631006629.929293,84257.0,628628,2511088.319772876,138.21491241455078
2019-03-28,141.00584411621094,141.0079345703125,138.4251708984375,139.41647338867188,4163212475,0.09,12197114669,6373,19719,13.38,242150,30870,8001212,40811638961,85,14768640684.690271,99226.0,636283,2500689.2293411745,139.9638557434082
2019-03-29,139.34320068359375,142.5492401123047,138.04510498046875,142.49742126464844,5125602702,0.11,12576130900,6369,20950,13.38,236469,16882,8001273,45327181927,76,14878445787.9639,87650.0,630063,2891469.5660036337,140.6087417602539
2019-03-30,142.35914611816406,149.6132354736328,141.03173828125,142.09268188476562,5144662127,0.08,10413550419,6371,20715,13.38,232552,12490,8001129,43858855701,23,14948420941.799982,116487.0,654126,2837208.5323323663,143.77420043945312
2019-03-31,142.13922119140625,142.189208984375,140.69737243652344,141.51409912109375,4249050197,0.09,10558447429,6417,19955,13.29,221983,10289,8001138,44736287837,53,14906435232.198322,167697.0,665003,2206580.7581051546,141.6349754333496
2019-04-01,141.46548461914062,142.73399353027344,140.73756408691406,141.830322265625,4611999536,0.1,12552870066,6420,20491,13.23,280846,11319,8001265,44030984417,104,14973654397.416073,96137.0,679469,2663717.3534028768,141.69184112548828
2019-04-02,141.8395233154297,165.22682189941406,141.63645935058594,163.9617462158203,9826645698,0.12,13857811373,6357,23063,13.31,313817,11517,8001317,44877692527,72,16383685660.609625,86085.0,727794,3986777.02024008,153.1661376953125
2019-04-03,164.00863647460938,178.32205200195312,157.3221435546875,161.45880126953125,10622456246,0.14,16783552076,6336,23145,13.42,294028,7199,8001210,45894954167,69,18187070193.428288,86914.0,751813,4644581.095971365,165.2779083251953
2019-04-04,161.4317626953125,164.92921447753906,155.24110412597656,158.0525360107422,7953123529,0.12,13718910474,6406,21792,13.29,261752,9153,8001402,42149491093,69,16988865064.612597,82382.0,696635,3451205.38119413,159.91365432739258
2019-04-05,158.02000427246094,167.2203826904297,157.44395446777344,165.5148468017578,7531316908,0.11,11844298751,6427,19259,13.21,253156,29311,8001392,38726714169,76,16671088448.447252,83589.0,632409,3395767.285633624,162.04979705810547
2019-04-06,165.51124572753906,172.51577758789062,161.79946899414062,165.94720458984375,7167016221,0.1,10759382633,6452,17014,13.25,223399,50838,8001304,37417754638,23,17325876757.15207,104066.0,583138,2009184.667754012,166.44342422485352
2019-04-07,165.9772491455078,175.21316528320312,164.93209838867188,174.53164672851562,7596176020,0.11,11332764771,6476,17631,13.13,234639,44655,8001095,36566101424,35,17672858015.22052,106453.0,562574,2484197.6423698254,170.1635398864746
2019-04-08,174.44967651367188,184.3778533935547,174.16099548339844,180.25881958007807,9304964610,0.12,12537949552,6441,20225,13.22,264757,23597,8001018,42220874038,85,19159207895.68532,101579.0,665431,4182564.855280133,178.31183624267578
2019-04-09,180.2221221923828,180.2542266845703,175.0917510986328,176.1145782470703,7632529578,0.11,12040035380,6430,19618,13.19,265719,24049,8001024,39688384813,52,18663800453.85702,105176.0,647714,3845448.906685514,177.92066955566406
2019-04-10,176.06784057617188,183.13427734375,175.23037719726562,177.3374786376953,7856924879,0.14,15258127612,6455,22604,13.18,251030,31230,8001129,43345835713,65,19003665634.955498,104981.0,666334,3173096.613059335,177.9424934387207
2019-04-11,177.34275817871094,177.48748779296875,162.32061767578125,165.4970245361328,7859383417,0.11,12499489602,6384,24120,13.31,285567,16434,8001080,44470427909,92,18051973076.921864,99412.0,697233,3385618.907967267,170.66197204589844
2019-04-12,165.335205078125,166.1275177001953,161.0297393798828,164.736328125,6237185309,0.1,11673635693,6420,20339,13.28,298897,14882,8001343,40916157239,71,17387477707.343952,95157.0,730240,2904728.4519421044,164.30719757080078
2019-04-13,164.6228485107422,166.3624267578125,163.01185607910156,164.5133514404297,4959301561,0.09,10652876605,6483,17601,13.08,250838,34142,8001506,37391327889,47,17539479578.87824,95173.0,638161,1878813.937969576,164.62762069702148
2019-04-14,164.47608947753906,168.59103393554688,162.78147888183594,167.83851623535156,4846298303,0.1,10388886423,6422,17002,13.26,206936,33770,8001093,37321591275,28,17260231661.72442,93194.0,552723,1683884.741472457,165.92177963256836
2019-04-15,167.89747619628906,168.81845092773438,159.5557403564453,161.5741729736328,5672311824,0.09,10617255578,6443,21486,13.16,250824,37599,8001238,41931360165,96,17747185055.23633,101671.0,607676,2558537.273212647,164.4614601135254
2019-04-16,161.52655029296875,167.66632080078125,160.8887481689453,167.62344360351562,5180105341,0.1,10784749556,6408,22688,13.21,248545,23277,8001304,45078468225,84,17085810872.463093,112095.0,654932,2722765.680846183,164.42626571655273
2019-04-17,167.55369567871094,168.93858337402344,165.50189208984375,166.9507598876953,5596102715,0.11,11272692912,6381,20874,13.3,255422,43296,8001388,42254922636,88,17628731841.009468,93943.0,678331,2584909.531877025,167.23623275756836
2019-04-18,166.9132080078125,175.36532592773438,166.672119140625,173.81402587890625,6971581464,0.11,11933245058,6406,21212,13.27,259251,55523,8001399,43956683963,80,18225494748.76564,162817.0,672867,2901942.6584166414,170.69116973876953
2019-04-19,173.7878875732422,173.97889709472656,170.62020874023438,173.70843505859375,6541053061,0.09,11036616753,6449,20811,13.19,283516,37776,8001303,40298095179,68,18284142315.63162,147866.0,718009,2869838.6358795813,173.02385711669922
2019-04-20,173.71881103515625,176.705810546875,171.78883361816406,173.7512664794922,6142567812,0.07,8988625935,6370,20168,13.33,334013,27061,8001231,38722063179,47,18336859482.706978,107814.0,614586,2114575.8580003097,173.99118041992188
2019-04-21,173.7154083251953,174.4207763671875,167.4285888671875,170.04652404785156,6005571688,0.08,9504825894,6462,20870,13.17,271588,25799,8001099,41490054924,33,17889006842.25024,94989.0,704511,2172366.887496727,171.40282440185547
2019-04-22,170.01748657226562,173.06912231445312,168.72955322265625,171.87466430664062,6094878077,0.09,10745867154,6429,21123,13.23,285357,39616,8001219,41747056633,79,17846016297.515427,137792.0,678091,2502301.958464825,170.9227066040039
2019-04-23,172.00721740722656,176.8507843017578,170.89675903320312,171.4477996826172,7097827092,0.09,11225045012,6296,21970,13.51,292291,57842,8001352,42439955078,93,18232803994.742527,134962.0,751155,2901391.8933216324,172.80064010620117
2019-04-24,171.3495330810547,171.57321166992188,161.9766845703125,165.8260955810547,7351304156,0.09,12141527708,6392,20009,13.27,268331,67577,8001144,41123651051,63,17471119591.833275,153007.0,676671,3752584.229738645,167.68138122558594
2019-04-25,165.91473388671875,166.51341247558594,153.8470001220703,154.4593963623047,6820332362,0.07,10528010066,6466,20132,13.14,254890,34881,8001331,39121900618,75,17400640786.10911,104870.0,685103,3273437.9067268884,160.18363571166992
2019-04-26,154.57943725585938,158.0290069580078,152.08567810058594,156.3470916748047,7505283355,0.1,12095560071,6453,20024,13.16,250912,48012,8001357,40518820309,75,16537399048.571278,113498.0,684116,5286196.521556335,155.26030349731445
2019-04-27,156.27085876464844,160.58941650390625,155.62188720703125,158.4349365234375,5863109118,0.07,9632992552,6476,16417,13.13,216654,35885,8001238,34658137362,34,16592090772.297428,120249.0,571664,2307725.2685341467,157.72927474975586
2019-04-28,158.49977111816406,159.5653839111328,157.12551879882812,157.29507446289062,5379894433,0.07,9399212617,6389,17957,13.23,222821,29011,8001322,37227949798,28,16773163736.545725,82016.0,593663,2316657.0776916645,158.1214370727539
2019-04-29,157.2910614013672,158.33392333984375,153.1865234375,155.20199584960938,6053776253,0.08,10356343230,6452,19214,13.21,244532,25246,8001343,38573360303,79,16316902148.23248,101009.0,615483,3409003.260957799,156.00337600708008
2019-04-30,155.1727752685547,162.4322509765625,155.1727752685547,162.16603088378906,6275803460,0.08,10119622328,6412,20890,13.24,265663,20593,8001293,42019403750,90,16912488798.906792,94521.0,667313,3420533.61958311,158.73595809936523
2019-05-01,162.18655395507812,164.06068420410156,159.66021728515625,160.81834411621094,5789172433,0.08,9786414125,6465,20186,13.12,265155,20954,8001551,41038897810,47,17031719225.91064,81010.0,721016,2677260.9414592325,161.68144989013672
2019-05-02,160.85357666015625,162.93701171875,160.06069946289062,162.12278747558594,6044171062,0.2,40480290586,6442,24056,13.21,226927,23479,8001173,45131761398,98,17046005081.80354,86849.0,624507,2426843.000710041,161.4935188293457
2019-05-03,162.07516479492188,170.06874084472656,161.08062744140625,167.95240783691406,7299410672,0.09,10997063020,6341,21965,13.38,239884,19461,8001352,41255547454,61,17232906864.192104,88125.0,677357,2627429.341009901,165.2942352294922
2019-05-04,167.88722229003906,170.64593505859375,161.7914276123047,164.02658081054688,6658100049,0.08,10092628539,6530,18463,13.01,220076,23612,8001319,38682539142,32,17190459257.03896,85648.0,648681,2390408.068764878,166.0877914428711
2019-05-05,164.0152587890625,165.3999786376953,159.70065307617188,163.45069885253906,5938415562,0.08,9698121519,6386,19106,13.27,224749,26729,8001456,39705294286,43,17313956260.021263,86548.0,608654,1864813.9732735644,163.1416473388672
2019-05-06,163.33798217773438,175.76010131835938,159.98818969726562,172.65321350097656,7540096853,0.1,10589774139,6359,24830,13.36,247412,18640,8001411,45208594840,68,17105167509.35316,85592.0,703271,2746640.716867787,167.93487167358398
2019-05-07,172.42727661132812,180.3944091796875,169.69471740722656,169.7986602783203,8411140170,0.12,12582212961,6395,28009,13.29,245550,18520,8001103,49103013450,95,18346448329.62589,87513.0,682894,4205913.8121350575,173.07876586914062
2019-05-08,169.90420532226562,172.1835479736328,166.40924072265625,170.9481658935547,6416569598,0.1,10988087035,6336,24559,13.36,249532,12414,8001660,45504951018,69,17953059475.527687,85503.0,667024,3362908.4981689374,169.86128997802734
2019-05-09,170.95187377929688,172.88040161132812,167.2478790283203,170.289306640625,6546914198,0.09,10636414510,6364,22854,13.31,255100,14188,8001948,44872105890,115,17894091705.17462,115164.0,696307,3044357.893059469,170.34236526489258
2019-05-10,170.31297302246094,175.88526916503906,168.99142456054688,173.1427459716797,8036919053,0.1,11387738585,6439,22895,13.15,265936,28520,8002309,45379669435,66,18318334113.6514,170090.0,727755,3218538.0677746744,172.08310317993164
2019-05-11,173.13931274414062,203.46664428710932,173.13931274414062,194.3043365478516,12578331654,0.09,10905004770,6396,22665,13.19,262147,27160,8003168,43750021377,36,18743475101.08124,167572.0,754167,4592350.914181942,186.01240158081055
2019-05-12,194.1630249023437,201.8814849853516,183.6539306640625,187.3253173828125,10326050090,0.1,10835160355,6441,21533,13.12,252855,15972,8003208,42436007310,20,20473448141.11325,115047.0,718052,3488069.132685589,191.75593948364258
2019-05-13,187.4179229736328,205.0982666015625,185.305908203125,196.8462829589844,10367149039,0.12,13689484729,6360,23003,13.22,289871,14290,8003174,44218548709,70,21349655701.151608,146639.0,731823,3462637.5075406767,193.66709518432617
2019-05-14,196.73828125,217.8746490478516,196.0548095703125,217.1485748291016,12751049755,0.14,13338733306,6470,24211,13.08,320062,14560,8003940,47844313875,55,21918700979.55479,115638.0,825862,4520714.0062580025,206.9540786743164
2019-05-15,217.01011657714844,247.44659423828125,216.82211303710932,247.153060913086,13460006534,0.19,16275386400,6470,25388,13.04,336620,10652,8003799,48894301884,72,25023968245.787125,156768.0,808008,4528580.276734106,232.10797119140625
2019-05-16,246.94195556640625,275.3944396972656,245.7952880859375,264.010009765625,18661465873,0.26,21005575115,6342,26549,13.37,362643,8665,8003919,48029862890,56,29030976311.36219,129358.0,889978,6458849.606047293,258.0354232788086
2019-05-17,263.8483581542969,266.9796142578125,227.76742553710932,243.7645874023437,16037551694,0.22,18212850135,6439,25690,13.07,323447,10393,8003791,48547285772,56,24517311555.50116,108548.0,861906,6568936.775454766,250.58999633789062
2019-05-18,243.9113006591797,246.36276245117188,233.099853515625,234.59523010253903,10933142646,0.18,14709151796,6402,23032,13.19,288235,14232,8003697,48021098995,40,25718720648.34355,125434.0,753644,3233918.166738778,239.4922866821289
2019-05-19,234.449462890625,263.7409973144531,233.7586669921875,261.2922058105469,12049250894,0.17,14046405891,6386,21899,13.24,282300,30755,8003718,45914348177,36,27057270409.89368,159104.0,753335,2385522.1341659883,248.31033325195312
2019-05-20,261.2674865722656,261.55126953125,241.8036499023437,251.86441040039065,10834541285,0.17,15523993957,6349,24951,13.32,305207,10951,8003556,46419904661,95,26251574066.277283,148238.0,830161,3387707.0529725817,254.1217041015625
2019-05-21,251.64784240722656,262.1075439453125,248.19630432128903,255.21588134765625,11545049593,0.15,12949937514,6339,23950,13.28,328977,25878,8003300,46743327954,71,26693808107.351208,147956.0,843060,3129008.2621785807,254.2918930053711
2019-05-22,254.9953155517578,258.8018493652344,242.73048400878903,244.69891357421875,9818257463,0.18,16439389013,6401,25634,13.21,305248,10191,8003520,47046123182,68,27089347266.147926,147387.0,845546,3247563.8771582097,250.306640625
2019-05-23,244.6651153564453,247.6166381835937,233.7930908203125,245.96566772460932,10671663487,0.16,14469157604,6329,25428,13.38,309980,14009,8003364,46998393744,93,25855127462.67421,145903.0,841309,3678501.523935144,243.01012802124023
2019-05-24,245.98709106445312,255.25933837890625,243.24009704589844,249.4849853515625,9929433206,0.16,15059891209,6392,25641,13.21,318787,17638,8003451,46180187015,68,26931255578.78917,130414.0,885120,2631113.0836392343,248.49287796020508
2019-05-25,249.6940460205078,257.3568420410156,249.0887908935547,251.75987243652344,8924985385,0.13,12137206615,6526,23055,13.04,293269,20599,8002820,44798872647,54,26763307490.50996,118580.0,842329,2295453.7842331,251.9748878479004
2019-05-26,251.72479248046875,269.1665344238281,247.24539184570312,267.06964111328125,9664267731,0.13,10795166754,6428,21835,13.18,287280,14881,8002952,42512386843,30,26496759882.965008,98379.0,829895,1978355.6781255244,258.8015899658203
2019-05-27,267.1418762207031,278.5072631835937,265.4447021484375,272.8626403808594,12074664736,0.18,14709981473,6393,26746,13.21,341835,7978,8003552,47388421901,67,28965723796.212875,114486.0,865524,3804778.721772807,270.98912048339844
2019-05-28,272.5904846191406,274.3208312988281,267.5143737792969,271.7687072753906,10362846898,0.18,15120065441,6342,25652,13.31,329066,12931,8003504,46676642604,69,28774947902.90998,128762.0,948376,3388279.3792307954,271.54859924316406
2019-05-29,271.779052734375,273.7562866210937,263.0914001464844,269.4556884765625,9819132174,0.19,16609583268,6536,26071,12.96,330314,7059,8003548,49364278740,86,28608367028.4629,132162.0,892636,3799489.625496172,269.5206069946289
2019-05-30,269.5518798828125,287.2016296386719,247.34860229492188,255.85894775390625,13604268584,0.2,17362707848,6301,25711,13.41,332460,8331,8003653,46363763067,69,30414356198.233444,137416.0,961517,3215458.8448421257,264.9902648925781
2019-05-31,256.0152587890625,268.6599426269531,249.11184692382807,268.1135559082031,11255023515,0.19,15875042148,6476,23397,13.09,356404,29877,8003470,47333735726,84,27058837054.87341,107076.0,836080,4661561.415794255,260.4751510620117
2019-06-01,268.433349609375,273.5579833984375,263.52459716796875,265.3912658691406,9942869852,0.17,13503119540,6366,25187,13.25,453438,23893,8003587,47362841756,29,28692814326.851933,226626.0,889341,2313671.2995230528,267.72679901123047
2019-06-02,265.5127258300781,272.8072204589844,265.0418701171875,270.2255249023437,8744111713,0.13,10838097166,6386,24320,13.24,410509,17533,8003130,44724085449,31,28281849751.945045,102021.0,964814,1776482.4679031142,268.39683532714844
2019-06-03,270.08856201171875,270.3341064453125,251.2621917724609,252.60792541503903,9375712917,0.15,13640935323,6322,25335,13.33,366278,19223,8003500,46339809679,51,28677324167.861164,113093.0,880223,2847308.415773441,261.0731964111328
2019-06-04,252.5116424560547,252.5116424560547,236.1272125244141,241.3387908935547,10132549747,0.15,14336552294,6401,25298,13.25,327772,23160,8003444,46829722033,137,26537740449.795727,112684.0,915575,3279438.0480329627,245.62232208251953
2019-06-05,241.49703979492188,248.1381378173828,239.98345947265625,247.051010131836,8548917062,0.16,14726678555,6398,23410,13.16,296171,20998,8003085,45891214202,70,25615365164.14825,102270.0,832075,4238512.856848547,244.16741180419922
2019-06-06,246.9252471923828,249.9445037841797,238.5011138916016,249.47433471679688,8265146806,0.15,12778204456,6452,23387,13.1,368214,37803,8003419,47440519793,61,25899307347.75658,114884.0,802926,2156714.4107010667,246.21129989624023
2019-06-07,249.3352813720703,254.352294921875,246.597900390625,250.93035888671875,8379534528,0.15,13551596264,6345,22693,13.34,270675,31854,8003178,44725474230,50,26605601437.61271,105353.0,768204,2275652.257122659,250.30395889282227
2019-06-08,251.2493133544922,252.3773956298828,243.22911071777344,245.73809814453125,7225996863,0.18,17865004622,6337,28245,13.3,251606,18291,8003465,46050070622,23,26548280132.19397,109858.0,902502,1515043.2523327777,248.14847946166992
2019-06-09,245.5404815673828,245.9728240966797,229.25743103027344,233.08670043945312,7566421456,0.11,11772205947,6368,20388,13.3,307050,39934,8003098,44396234970,33,25887203002.7372,99126.0,851988,1635436.8858674644,238.46435928344727
2019-06-10,232.83013916015625,247.66217041015625,229.34176635742188,247.52012634277344,8141159848,0.2,18767554680,6447,27708,13.05,291296,17624,8003466,46980076087,88,25026340271.364902,96100.0,756299,3052014.888944939,239.33855056762695
2019-06-11,247.86212158203125,248.6625823974609,239.82534790039065,245.7818298339844,7382269700,0.16,15302451335,6392,27086,13.2,357716,12927,8003385,47375191771,68,25637935528.99406,83460.0,1067778,2385190.887940439,245.5329704284668
2019-06-12,245.9254913330078,261.017578125,244.49131774902344,260.9032897949219,8645598618,0.12,10704744804,6372,24645,13.27,450835,20908,8003026,46666159224,97,26468336067.6865,98061.0,914300,2572588.41819129,253.08441925048828
2019-06-13,260.9135131835937,262.1631164550781,255.5962829589844,256.1687927246094,8442077836,0.13,12498549026,6417,22168,13.22,326375,24657,8003237,46509414778,72,27707166562.73755,113239.0,723891,2683232.2638764456,258.7104263305664
2019-06-14,256.1796569824219,265.37139892578125,254.14743041992188,264.08746337890625,8676891267,0.16,14507586823,6410,23694,13.17,317465,12542,8003512,46682769815,82,27502975553.007294,117676.0,788943,3254889.5685050245,259.9464874267578
2019-06-15,263.93414306640625,271.5055847167969,262.1212158203125,269.0193176269531,8126853944,0.19,16655327552,6368,26219,13.31,310865,9934,8003043,46366210294,47,28235581663.172527,195332.0,941761,3150053.551251415,266.6450653076172
2019-06-16,268.9011535644531,278.1431884765625,265.53533935546875,269.22320556640625,9676746453,0.12,11744583227,6436,23509,13.13,418534,13967,8003350,44496676798,25,29066376642.348347,101868.0,859004,2960906.105622872,270.45072174072266
2019-06-17,269.090576171875,275.44256591796875,268.3537902832031,274.3511047363281,6009795781,0.21,18033291141,6380,26723,13.21,296447,31660,8003564,46712422394,77,28810729667.214,120528.0,940337,2462308.214386448,271.80950927734375
2019-06-18,274.3202514648437,274.3202514648437,263.1444396972656,265.0518493652344,6205242504,0.15,14140107747,6369,24478,13.28,317144,51664,8003377,46829908104,84,28465262559.987648,148516.0,895117,3100129.4700826867,269.2091979980469
2019-06-19,265.0568542480469,270.3333740234375,264.7547912597656,269.4317932128906,5516510947,0.17,15149051110,6397,26787,13.26,308763,15167,8003633,47122430639,68,28450391142.83713,130119.0,834217,2841493.100684428,267.39420318603516
2019-06-20,269.4078674316406,274.0735168457031,265.5004577636719,271.69500732421875,6408981097,0.21,19171082160,6397,28152,13.25,287217,18585,8003774,47206516738,62,28780747965.39132,93136.0,1024748,2885582.8307685847,270.1692123413086
2019-06-21,271.7431030273437,295.3033142089844,271.7431030273437,294.9102783203125,9331694140,0.16,13132476474,6332,22975,13.32,341967,34680,8003453,43173945070,75,29816300700.74248,125673.0,836248,3161608.520589134,283.4249496459961
2019-06-22,295.1150817871094,315.1897277832031,294.7282409667969,309.3803100585937,10613731255,0.16,13079405563,6457,21933,13.11,328400,26273,8003178,42055164362,40,32483227221.910225,123478.0,770820,3358214.9594535604,303.6033401489258
2019-06-23,309.41668701171875,318.565673828125,305.7645874023437,307.8277893066406,8161062380,0.16,12904678821,6400,22344,13.22,302063,24473,8002723,41291651320,61,33197690894.071243,106743.0,705749,2164568.0815261565,310.39368438720703
2019-06-24,307.7221374511719,312.329345703125,299.5595397949219,310.4246826171875,8205712062,0.18,14343913979,6436,24260,13.1,323384,30315,8003039,43949440958,67,32840348168.800423,128714.0,848539,2756149.548256031,307.50892639160156
2019-06-25,310.6786193847656,318.1263122558594,307.6431579589844,318.1263122558594,9641764965,0.24,18442820009,6422,26961,13.17,323790,15168,8004127,46413301200,61,33196501532.570133,130971.0,908803,2884078.804502205,313.6436004638672
2019-06-26,317.9925842285156,361.398681640625,315.9548645019531,336.753173828125,16437084081,0.28,18226501386,6421,27234,13.16,358138,15133,8003451,48242921157,75,35286194370.42825,135053.0,835339,3848118.6730476017,333.0248260498047
2019-06-27,336.9598999023437,343.4334411621094,278.5732421875,294.26763916015625,14038092503,0.28,20536617245,6386,25364,13.26,324132,22253,8003713,48078566713,88,32779360982.61817,133718.0,845601,4339440.909007105,313.30855560302734
2019-06-28,294.1430358886719,313.03155517578125,292.9398193359375,311.2261047363281,11514656820,0.23,17836887762,6395,28620,13.21,299852,14935,8003576,47245159451,81,32777887737.718006,138763.0,833984,3580215.254794405,302.8351287841797
2019-06-29,311.284423828125,322.0435485839844,294.7538452148437,320.05889892578125,10929374565,0.21,14969393891,6433,21175,13.18,281218,17369,8003111,39003892119,60,31743268190.754684,103228.0,931138,2871641.509840037,312.0351791381836
2019-06-30,319.58404541015625,322.7895812988281,290.69598388671875,290.69598388671875,10303111000,0.2,16147637271,6426,20644,13.18,258711,9940,8003093,38256789901,34,31731615774.436047,98925.0,690428,2138567.2617696794,305.94139862060547
2019-07-01,290.2684936523437,301.0261535644531,280.0228271484375,293.64111328125,10292223948,0.24,19512205713,6434,27639,13.16,293928,8699,8003569,45307646635,73,31993543944.70812,87403.0,872344,2564795.6258135904,291.2396469116211
2019-07-02,293.5372619628906,295.6558532714844,272.6025695800781,291.596435546875,10618413952,0.19,15735865298,6407,26119,13.25,352011,18455,8003595,45784618464,78,30777088641.45016,108449.0,841201,2569463.7557684383,288.34803009033203
2019-07-03,291.7646179199219,303.342041015625,291.4016418457031,303.0999755859375,9926711979,0.17,13480141945,6397,23075,13.2,325321,30440,8002960,44953815609,87,31589524644.35542,144150.0,880775,2490194.9080007155,297.4020690917969
2019-07-04,303.02508544921875,303.9611511230469,282.7657470703125,284.5232238769531,8403513106,0.14,12364123019,6411,22679,13.21,318175,33791,8003076,41952762977,73,31565779808.085464,142614.0,748528,2074668.042457371,293.5688018798828
2019-07-05,284.38092041015625,293.921142578125,282.6947021484375,287.9975280761719,8723493015,0.18,14987264501,6379,24935,13.24,291322,21244,8003320,42715588995,57,30519328282.40522,98357.0,783265,1780878.1420396671,287.24857330322266
2019-07-06,287.8938293457031,295.9914245605469,286.6658630371094,287.547119140625,7674615025,0.18,14142027457,6483,26562,13.04,269958,40903,8003160,42335203891,45,31522588975.875603,94548.0,833861,1364922.5291612109,289.5245590209961
2019-07-07,287.6036071777344,310.1393127441406,286.10919189453125,305.7005615234375,8119724981,0.15,11147195619,6482,25644,13.06,245114,55357,8002639,38243194614,37,30847770675.9604,118841.0,591529,1268050.702822675,297.38816833496094
2019-07-08,305.7347717285156,314.26788330078125,303.5004577636719,313.2514038085937,9078905628,0.21,15397601493,6419,30983,13.08,298845,26541,8003390,43061046372,77,32605202606.105644,98638.0,777241,1949927.833305797,309.1886291503906
2019-07-09,313.3251647949219,318.2231140136719,305.28582763671875,308.8810119628906,10055159803,0.18,13383300658,6453,23460,13.03,319067,20484,8003040,43445070569,86,33765476542.685577,105863.0,760258,2448915.859797959,311.4287796020508
2019-07-10,308.8512878417969,313.0694580078125,285.5657958984375,290.0023193359375,11679985167,0.15,12326418288,6398,22416,13.19,303260,27437,8002906,41370585703,81,33183263548.11379,105459.0,756002,4591179.706303312,299.3722152709961
2019-07-11,289.94598388671875,290.02105712890625,266.0946655273437,268.7040405273437,10216287022,0.2,17687551350,6436,28000,13.15,282704,17383,8003003,46059938470,84,30346799344.103058,98727.0,791216,3081056.7368713445,278.6914367675781
2019-07-12,268.6922607421875,278.8555908203125,268.0000305175781,276.2767028808594,8148936015,0.16,13888489542,6339,22371,13.38,301034,29803,8002879,42144057433,92,29155402501.630302,81591.0,928257,3379374.903344057,272.9561462402344
2019-07-13,276.28912353515625,276.68524169921875,263.0682678222656,269.45880126953125,6716829429,0.14,11680585984,6438,17767,13.17,241032,37247,8002193,35740368392,39,29233726965.61006,98368.0,599379,1275273.871926178,271.37535858154297
2019-07-14,269.2816162109375,269.6412353515625,227.2692108154297,227.5780639648437,8578339386,0.15,14577611095,6525,19199,13.0,252370,26778,8002783,39643225171,57,25137656558.94489,91251.0,593785,2052312.2390268063,248.44253158569336
2019-07-15,227.96505737304688,235.0256500244141,210.39126586914065,229.7760009765625,9723674244,0.15,14426857237,6346,36630,13.32,301200,45452,8003230,44732959212,63,24630374898.45962,105348.0,732197,3723190.239640841,225.78949356079102
2019-07-16,229.7486572265625,234.5138397216797,197.37789916992188,199.1886749267578,9036620494,0.2,22122486062,6318,30145,13.37,241843,11680,8003389,46872912292,55,23720845088.435825,87609.0,875384,2393232.4799199016,215.20726776123047
2019-07-17,199.06678771972656,217.9756317138672,193.99041748046875,211.48497009277344,9387747640,0.19,19083353124,6381,25513,13.22,286567,14593,8003846,45839158146,87,21218630594.04021,82736.0,955758,3894288.641589815,205.62945175170898
2019-07-18,211.44461059570312,229.2393951416016,208.0377349853516,226.566162109375,9327816059,0.13,13195635523,6478,25430,12.98,273646,23740,8003031,42200475154,97,23993488089.410458,105839.0,693396,2781442.3654878363,218.8219757080078
2019-07-19,226.6576995849609,226.9404754638672,215.83824157714844,221.3334197998047,7606433131,0.16,17348942255,6364,24035,13.29,270643,13106,8003200,42503784373,112,23855131225.58557,86956.0,776694,2448134.890095417,222.6924591064453
2019-07-20,221.41265869140625,234.19845581054688,221.18948364257807,229.1192169189453,7976245988,0.11,11840097601,6504,17756,13.02,239642,43861,8002078,37385012405,56,24273908848.081352,98889.0,629855,1564155.165065398,226.47995376586914
2019-07-21,229.16769409179688,229.86166381835932,219.0277557373047,225.6307678222656,6685082868,0.12,12479706324,6403,16272,13.21,217168,55657,8002111,34552918086,36,24127537467.61692,116793.0,545381,1344810.8364428843,225.92197036743164
2019-07-22,225.6986541748047,226.86257934570312,213.4483795166016,217.5600128173828,6338843919,0.11,12142840638,6481,19019,13.07,278790,43194,8002490,37882509038,81,23089981660.928143,111455.0,621302,1716279.9899984149,220.89240646362305
2019-07-23,217.56846618652344,218.5180511474609,209.6381225585937,212.728515625,6976091534,0.12,13450918814,6477,19176,13.03,241417,42845,8002730,37709699473,69,23248447734.50433,160112.0,613164,1980442.2029630293,214.61328887939453
2019-07-24,212.55381774902344,217.53543090820312,203.89340209960932,217.0463714599609,7168982843,0.18,18814448444,6436,26210,13.1,228786,27538,8003837,44545540143,56,23031522900.035,96618.0,805121,1828437.5655371936,212.75725555419922
2019-07-25,216.9691162109375,224.2541961669922,216.13514709472656,219.6179962158203,6731281160,0.17,17932204080,6358,27839,13.3,233019,27969,8003494,46406253490,74,23789111980.672672,103976.0,850486,1782631.988491842,219.24411392211914
2019-07-26,219.6281280517578,220.23638916015625,214.1256866455078,219.62960815429688,5729852178,0.12,12838413297,6451,19444,13.16,258260,45144,8003158,42026126081,72,23206665400.28341,105754.0,824103,2985991.316517928,218.4049530029297
2019-07-27,219.6176300048828,223.5172576904297,204.9039306640625,207.40830993652344,6257703908,0.13,11947823376,6477,17755,13.09,244359,28397,8002684,41331053427,42,23815537460.52199,105627.0,596794,1313038.0707725752,213.8617820739746
2019-07-28,207.4137725830078,212.04183959960932,202.25289916992188,211.18655395507807,5504887934,0.1,10847884346,6458,17274,13.14,241052,41279,8002664,41079658842,29,22252264921.26339,117045.0,557227,1031048.026039094,208.2237663269043
2019-07-29,211.1236572265625,213.9320526123047,208.76431274414065,211.2680511474609,5485190664,0.11,12397806559,6379,20132,13.27,266938,28950,8002799,41064971548,69,22841216457.14254,136383.0,659716,1745842.3982424836,211.2720184326172
2019-07-30,211.33920288085932,213.61407470703125,206.8676147460937,210.5225982666016,5489918859,0.11,12981815912,6502,20527,13.03,302784,20535,8003308,42665278458,57,22773478777.363663,99589.0,708700,1913192.8778565808,210.58587265014646
2019-07-31,210.492416381836,218.65414428710932,210.4379119873047,218.65414428710932,6003828340,0.13,13135247596,6405,20452,13.22,261034,23144,8002929,44134304019,77,22751014308.053345,110324.0,692025,1854958.643298406,214.55965423583984
2019-08-01,218.5545959472656,218.81265258789065,212.9145050048828,217.80844116210932,5965442642,0.18,18322408906,6343,25699,13.37,247715,10682,8003204,45737780746,75,22999340766.462982,86121.0,775810,2954414.1723291017,217.0225486755371
2019-08-02,217.88446044921875,222.1825714111328,215.975830078125,217.8715667724609,6159440229,0.14,14823555455,6511,22452,13.03,269576,17877,8003037,43475084335,65,23699132683.59836,95643.0,777544,2332296.290363285,218.47860717773438
2019-08-03,217.8955535888672,224.62322998046875,217.3317413330078,222.49034118652344,5697798687,0.16,17617275530,6472,22397,13.08,226728,20829,8003329,42613281734,41,23706615971.88032,79603.0,902596,1492459.8189114947,220.5852165222168
2019-08-04,222.580810546875,224.227294921875,218.4921722412109,222.6697235107422,5238542572,0.1,10409458393,6435,18037,13.15,239596,39063,8002497,39792864287,38,23798860301.268726,115711.0,555704,1158946.0476066435,221.99250030517578
2019-08-05,222.65087890625,235.63528442382807,222.6038818359375,234.21502685546875,7765060287,0.12,12210509054,6445,21331,13.11,302804,19365,8003229,43510175696,93,24681673279.68696,100029.0,694160,2389516.2298196144,228.7762680053711
2019-08-06,234.2455902099609,239.11590576171875,223.5511779785156,226.0206451416016,7647742672,0.12,12165349434,6450,21464,13.14,314606,19869,8003226,46802710127,91,24643155431.7832,118219.0,726366,2785371.541977961,230.73332977294922
2019-08-07,225.92529296875,229.6565704345703,222.77545166015625,226.39100646972656,7020342210,0.11,11738350907,6482,21790,13.1,281041,18396,8003430,45632237357,65,24095442758.69981,113500.0,739409,2080760.05553456,226.18708038330078
2019-08-08,226.5184783935547,226.77471923828125,216.5162506103516,220.94186401367188,6713525644,0.12,12955325988,6384,21149,13.26,275946,14592,8002988,44510800538,86,24241436539.605976,134607.0,733758,2342906.190179711,222.68782806396484
2019-08-09,220.9086456298828,221.3643341064453,208.2459716796875,210.4889068603516,6964818795,0.12,13282666611,6420,21193,13.17,290546,21452,8003036,43062666206,72,22533991869.01001,134626.0,692791,2238404.805996862,215.2519645690918
2019-08-10,210.53016662597656,213.73483276367188,203.7931060791016,206.7335357666016,6584748527,0.11,12206554100,6496,18119,13.01,272786,30757,8002710,40025574152,66,22700992509.34601,93396.0,638537,1662890.5262966235,208.6979103088379
2019-08-11,206.73223876953125,216.59864807128903,206.51080322265625,216.0928649902344,6440605605,0.11,11603713466,6423,16995,13.17,241555,43004,8002795,38876611860,37,22598655841.07752,90533.0,600122,1435173.879883004,211.48363876342773
2019-08-12,216.055908203125,216.1425628662109,210.9464874267578,211.2880706787109,5674315559,0.11,12880972727,6484,20175,13.01,300812,41219,8003131,42552930746,66,22941499083.17025,139538.0,695753,1619671.989304226,213.60825729370117
2019-08-13,211.3426971435547,211.3844146728516,205.4225006103516,208.70904541015625,5946313205,0.13,18843208007,6427,20533,13.19,287455,23513,8003060,40869092248,95,22114570228.864777,103752.0,691389,1727690.208647456,209.21466445922852
2019-08-14,208.6039886474609,209.06643676757807,186.33192443847656,186.6077423095703,7444456154,0.11,12123884054,6459,21869,13.12,286631,20032,8003024,45760235706,83,22039786438.440155,102157.0,727818,1840467.0122424983,197.65252304077146
2019-08-15,186.6835021972656,189.462158203125,178.14256286621094,188.50205993652344,8197244441,0.14,14148150754,6413,20987,13.23,263277,23745,8003282,45183685444,79,19965199835.3146,101719.0,706133,3673319.051364157,185.69757080078125
2019-08-16,188.64425659179688,188.9055938720703,180.3848419189453,185.4400787353516,7133915837,0.1,12115168092,6449,21163,13.07,296649,17464,8003394,43127230037,85,20168887497.98909,95040.0,689798,2599966.537387472,185.84369277954102
2019-08-17,185.5316619873047,186.70314025878903,182.5938873291016,185.68768310546875,5512696513,0.08,10569108357,6480,18717,13.07,255735,24649,8003453,40334874395,44,19824834746.35338,108576.0,686672,1580239.8145001824,185.12909317016602
2019-08-18,185.84109497070312,197.52249145507807,183.69224548339844,194.4935302734375,5969012024,0.09,11034378823,6437,18467,13.18,243308,28926,8002995,39565500580,37,19786829017.96016,108357.0,625946,1347425.9011441297,190.3873405456543
2019-08-19,194.5560302734375,203.5601501464844,193.10824584960932,203.0919342041016,6145148692,0.13,13799990972,6374,21289,13.29,274854,10027,8004217,45653690351,67,21092823131.95513,98272.0,709199,1888333.2735031424,198.5790901184082
2019-08-20,202.81314086914065,203.0159912109375,195.6195373535156,196.5654144287109,6408417610,0.13,13732033156,6432,21151,13.16,287930,7521,8003298,46539627909,64,21212202012.776924,109676.0,744949,1968133.2700080688,199.50352096557617
2019-08-21,196.62168884277344,197.0274353027344,182.68917846679688,186.89163208007807,7775772700,0.14,16137663683,6449,21228,13.09,293226,10882,8003379,47078815215,79,19734478781.287106,106925.0,720256,2613847.1849425016,190.8074836730957
2019-08-22,186.9412384033203,194.4155120849609,183.384521484375,191.3329162597656,7569043874,0.13,14728994674,6400,21494,13.24,283282,8998,8002771,45865344353,90,20548349357.891106,104821.0,744578,2058117.3031690824,189.01854705810547
2019-08-23,191.1068725585937,195.906494140625,189.56231689453125,194.70620727539065,6658162377,0.12,13885136910,6468,21119,13.05,293564,8477,8002974,46225861903,67,20931228445.931595,86640.0,735829,2082462.7792433328,192.82047271728516
2019-08-24,194.671630859375,194.7849884033203,187.62725830078125,191.28956604003903,6249737982,0.11,12922493779,6315,19992,13.41,268405,18228,8003006,43261048592,51,20229056323.270206,80593.0,706453,1491961.9722192974,192.0933609008789
2019-08-25,191.2347869873047,192.163330078125,184.9647521972656,186.84239196777344,5826017143,0.14,13825531935,6572,22498,12.9,259689,25409,8002824,47256914426,27,20427817635.0645,101200.0,668366,1271025.4995131935,188.8013153076172
2019-08-26,186.7355499267578,193.4421844482422,186.7355499267578,188.92938232421875,7207986636,0.16,17091718069,6363,24261,13.32,287659,9695,8003100,47714174146,71,20582641840.946896,75687.0,737154,1771019.778507236,188.96066665649414
2019-08-27,188.95005798339844,188.9631805419922,185.47293090820312,187.51666259765625,6042327402,0.12,14643027992,6415,22150,13.19,290429,8799,8002961,46838805967,69,20112893447.457542,78889.0,752349,2044482.357304256,187.7257080078125
2019-08-28,187.49549865722656,187.93087768554688,172.18560791015625,173.8899688720703,6696604087,0.12,14687429096,6410,21543,13.17,279699,7233,8003192,47047649342,84,20166237980.79258,79514.0,714036,1779371.2085890938,180.37548828125
2019-08-29,173.9586944580078,173.99639892578125,167.1708984375,169.51673889160156,7129569083,0.12,14972039939,6493,21323,12.99,285377,10693,8003133,47682883249,119,18352661520.50352,75476.0,743908,2777004.8374092346,171.16068267822266
2019-08-30,169.48928833007812,170.7735137939453,167.0714111328125,168.83486938476562,5776520220,0.12,14683175769,6414,21067,13.09,272237,6129,8003358,46849622757,48,18143541537.36336,94805.0,708514,2238950.6500792657,169.0422706604004
2019-08-31,168.8878936767578,174.323974609375,167.80258178710938,172.46978759765625,5830212249,0.11,14081874858,6420,19888,13.2,258612,10227,8003313,46539139676,37,18264583022.791355,81411.0,685869,2282841.752860609,170.8710594177246
2019-09-01,172.45840454101562,173.6968536376953,169.53128051757812,171.62942504882812,5554799576,0.11,14737729279,6402,20134,13.16,249205,12448,8003142,46806044439,28,18362662213.50196,68610.0,689087,2159067.470110196,171.8289909362793
2019-09-02,171.69760131835938,180.1452178955078,170.45169067382812,178.34735107421875,6503447137,0.13,15926990579,6432,22052,13.14,294276,6674,8003528,47995961497,60,18615671362.13319,68534.0,738889,1746556.8489505793,175.16046524047852
2019-09-03,178.35775756835938,182.34799194335932,175.9701690673828,179.49932861328125,6962728938,0.13,14923674985,6401,21631,13.25,284649,6808,8003288,48244339421,85,19277360149.508263,83676.0,760107,2778343.818900789,179.0438117980957
2019-09-04,179.4919891357422,180.1365966796875,175.3253631591797,175.99288940429688,5938120494,0.13,14800053906,6392,20683,13.14,278394,5725,8003518,47822191088,68,19028460255.213394,73581.0,715517,2241598.7460727105,177.73670959472656
2019-09-05,175.96627807617188,176.16390991210938,171.746826171875,174.21713256835938,5589476516,0.15,18537447007,6449,21712,13.1,308599,6677,8003433,48615446885,72,18886909527.02664,83043.0,748735,1913793.8738921413,174.5235366821289
2019-09-06,174.17222595214844,177.7187042236328,168.34133911132812,169.9561767578125,6797611878,0.16,18511322392,6383,22022,13.22,300690,6900,8002570,48334114602,80,19036856443.66658,75429.0,764959,1822343.9954394696,172.54711151123047
2019-09-07,169.9552764892578,180.8516082763672,169.44412231445312,178.2626190185547,6791531342,0.18,17638675225,6428,19515,13.14,268616,5860,8003034,48421804111,40,18296682285.30707,64891.0,706853,2095301.8651584936,174.6284065246582
2019-09-08,178.2825927734375,182.97708129882807,178.1425018310547,181.35552978515625,6472677266,0.2,18529952052,6402,19207,13.22,264839,5795,8002612,48132098440,34,19630866736.39278,59460.0,672214,1889715.0085842009,180.18942642211914
2019-09-09,181.36248779296875,184.1494598388672,177.4193572998047,181.1494598388672,7232938985,0.2,20493754439,6434,21393,13.13,302061,5903,8002646,48427577923,68,19583910218.588177,68668.0,741572,2145272.836049793,181.02019119262695
2019-09-10,181.2128448486328,184.0634307861328,178.12242126464844,179.78717041015625,6291476772,0.24,21909433505,6388,19760,13.26,282200,5870,8002791,48026339185,55,19401957094.72528,67386.0,695526,1840893.139946928,180.79646682739258
2019-09-11,179.83949279785156,181.7574615478516,176.50091552734375,178.72549438476562,7157139035,0.22,21354287415,6437,19801,13.13,284770,5226,8003203,48191144192,68,19417216534.99248,70142.0,720117,1972163.078470309,179.20584106445312
2019-09-12,178.80377197265625,181.99856567382807,177.84732055664062,181.0160980224609,5838605477,0.24,22875111264,6436,20315,13.1,286828,6045,8003047,48329272913,40,19422622689.20856,68781.0,712136,1602633.910772621,179.91643905639648
2019-09-13,180.9755859375,181.498291015625,178.58204650878906,181.10972595214844,5955041237,0.25,22002957173,6313,17954,13.32,253825,7286,8003727,47536944092,44,19273301291.669605,67294.0,624385,2166531.7529102187,180.54141235351562
2019-09-14,181.3215789794922,188.44692993164065,180.3722076416016,188.1055145263672,6500686511,0.29,22838238246,6440,17794,13.12,254716,6583,8017619,48627971672,31,19469920701.75208,59388.0,623933,1385808.0143597014,184.5615577697754
2019-09-15,188.0684356689453,190.3993377685547,186.44732666015625,189.78912353515625,6222874780,0.29,22247768825,6377,18290,13.27,262165,6383,8122318,49230370374,27,20101183592.66654,65618.0,622947,1463807.3395718196,188.67605590820312
2019-09-16,189.6893310546875,198.20497131347656,189.6893310546875,197.11317443847656,8242029488,0.27,22828478879,6455,20696,13.07,295705,5642,8202700,50810139433,63,20936698884.71228,74371.0,740721,2707449.3230069256,193.67420196533203
2019-09-17,197.11476135253903,213.73194885253903,196.71548461914065,208.60874938964844,10232590812,0.37,26408295258,6429,19884,13.2,280974,5511,8471791,51367339795,62,21322606738.93863,69990.0,684867,2492089.816331435,204.0427360534668
2019-09-18,208.05059814453125,216.7115020751953,208.05059814453125,211.39303588867188,9194634557,0.38,28400755958,6477,20004,13.06,286033,7252,8463029,51885861290,78,22760008478.197823,69839.0,668280,3382437.1910650595,211.05143356323242
2019-09-19,211.2472381591797,222.87168884277344,204.685775756836,221.2808532714844,10620070913,0.47,29790611153,6327,20232,13.33,274872,5728,9191155,55081273776,48,22199071088.813416,67989.0,692486,1896590.049438907,215.02138900756836
2019-09-20,221.0696258544922,221.5985565185547,215.15963745117188,218.050048828125,8027974273,0.45,28547468411,6451,20405,13.06,289748,8135,9957030,60925909462,60,23658956754.07804,76802.0,753399,2468816.722356438,218.96946716308594
2019-09-21,217.8973846435547,220.9582977294922,215.0001678466797,215.5162048339844,7743309778,0.42,23160146334,6392,17460,13.21,229948,7092,9962924,60650890180,53,23540191444.55129,68001.0,621709,1453109.183278211,217.34301376342773
2019-09-22,215.486557006836,216.08624267578125,207.6449279785156,211.54537963867188,7812854576,0.33,20620710292,6391,17263,13.24,217817,9034,9960483,59705129302,42,22759248877.70857,71819.0,582906,1202887.6489767605,212.69077682495117
2019-09-23,211.7132110595703,211.84051513671875,201.88723754882807,201.9213104248047,7494673136,0.41,25273983935,6448,18540,13.15,232918,6100,9959699,61284564720,65,22667713468.69736,71316.0,626641,1678050.054356599,206.84056854248047
2019-09-24,201.8420867919922,203.50054931640625,162.727783203125,168.11073303222656,11757739233,0.36,29005803910,6276,21929,13.47,270860,5743,9954207,59509161810,71,21788177242.526142,64826.0,658607,2548256.5441576666,184.0452880859375
2019-09-25,168.13357543945312,174.7197723388672,164.91348266601562,170.8927001953125,9766632018,0.41,34523331716,6384,20201,13.24,254418,7784,9952552,59867551721,54,18468029258.550385,67907.0,697817,4608592.884282887,169.6648826599121
2019-09-26,170.7569122314453,171.69264221191406,157.1303253173828,166.7271270751953,7848286154,0.31,24844463848,6403,19594,13.21,246414,8131,9967568,58227975045,86,18279354587.938618,66359.0,672081,2479456.7921171933,166.57675170898438
2019-09-27,166.65170288085938,175.61077880859375,163.20950317382812,174.71099853515625,7909313625,0.35,25309113745,6337,18864,13.36,242952,8173,9975758,57710087163,73,17877384806.483223,60932.0,623523,3137723.479065883,170.04574584960938
2019-09-28,174.6808319091797,175.7787322998047,170.77395629882812,174.57289123535156,6895423445,0.35,22571983572,6438,17824,13.11,235064,4971,9980240,61155057978,33,18521514988.96875,69811.0,620236,2163225.4653619127,173.95160293579102
2019-09-29,174.6127471923828,175.21022033691406,166.99769592285156,170.50347900390625,6497088199,0.32,23509644437,6418,17629,13.19,210003,7859,9977252,61234809975,45,18637448937.658016,63082.0,605462,1477208.567971194,171.83103561401367
2019-09-30,170.4613494873047,179.87220764160156,167.03660583496094,179.87220764160156,7552915148,0.27,21698036057,6384,20424,13.22,249904,18171,9976323,59624934681,59,18257320209.203182,66486.0,646165,2099067.214786821,174.3105926513672
2019-10-01,180.2091217041016,185.0455322265625,175.81265258789062,177.34042358398438,7676276225,0.14,14792630237,6426,21073,13.18,254363,72296,9952421,52155673833,63,19768404663.387672,114408.0,659796,2412491.450251572,179.60193252563477
2019-10-02,177.22406005859375,180.8261260986328,175.3342742919922,180.71051025390625,6335595250,0.14,14784178819,6337,20496,13.32,250918,67925,9931133,48841413822,71,19075743636.77986,126385.0,628930,1810243.692407216,178.52374267578125
2019-10-03,180.7037048339844,180.79920959472656,172.59986877441406,175.1993408203125,6381403725,0.18,16416641528,6400,20571,13.22,221114,58260,9936579,51875233927,62,18710329097.99963,126486.0,611578,1136921.3086531712,177.32553100585938
2019-10-04,175.23843383789062,178.5520782470703,173.5640869140625,176.98500061035156,6248928449,0.15,16620612726,6440,20375,13.17,217121,42717,9825027,45778790374,58,19024585620.20816,105397.0,605537,1255880.0137753398,176.08489990234375
2019-10-05,176.94631958007812,177.71324157714844,173.06956481933594,176.3515167236328,5837211771,0.13,15308020009,6441,17833,13.11,227957,36544,9321550,38457122322,50,18994704204.83343,122513.0,581107,1195788.5837271535,176.02016067504883
2019-10-06,176.3643798828125,177.3645477294922,171.29977416992188,173.05914306640625,5852890674,0.12,13863525470,6449,17138,13.08,217326,116525,9612017,44029342589,46,18988002877.21712,151609.0,590083,1016000.5076656684,174.5219612121582
2019-10-07,172.94033813476562,182.3563537597656,171.52781677246094,181.18634033203125,7844316834,0.13,14672557297,6364,20757,13.27,235030,39053,9712671,42583953395,69,18769569658.99426,113879.0,604658,1430400.073830189,177.00271224975586
2019-10-08,181.1133575439453,184.35997009277344,179.13339233398438,182.0215606689453,7466282780,0.12,14792097829,6352,21786,13.35,252556,43332,9817209,43680971034,84,19396113792.078644,115050.0,697502,1949040.1028346808,181.6570701599121
2019-10-09,182.0363006591797,194.3004913330078,180.6684417724609,193.2932586669922,9088122101,0.15,16947877071,6362,23163,13.27,279085,27442,9946088,48056682205,73,19582469525.700565,108667.0,739552,1996300.0803087745,187.57462310791016
2019-10-10,193.19107055664065,193.8969268798828,188.3064727783203,191.65966796875,8375913276,0.14,15841678706,6344,21463,13.34,266237,48967,9939459,44066111719,75,20801451775.44609,123580.0,728331,2046575.616982221,191.76353454589844
2019-10-11,191.8010711669922,195.3188018798828,181.66183471679688,182.56968688964844,9128522970,0.12,15370015405,6359,21115,13.3,265384,40162,9867166,43243119549,76,20975230980.737595,129475.0,701705,1492357.8263680933,187.83784866333008
2019-10-12,182.53402709960932,186.3048858642578,179.98483276367188,180.8266448974609,7494328840,0.11,14536181143,6329,19119,13.37,234523,37410,9826023,39585029406,72,20005109215.04419,110024.0,644284,1433586.0133144415,182.41259765625
2019-10-13,180.8613128662109,185.075912475586,180.3171539306641,182.0751495361328,6733182273,0.12,15214219663,6374,17463,13.32,213459,29785,8846460,36279901108,55,19962611673.02636,88083.0,579074,1029530.943532785,182.08238220214844
2019-10-14,182.02847290039065,187.3036193847656,181.6622772216797,186.96090698242188,7276520699,0.13,15219524599,6387,20292,13.23,240329,50072,9617262,42039570554,96,19782441413.84507,100085.0,635428,2120440.1194781484,184.48881912231445
2019-10-15,186.97705078125,187.75987243652344,179.46278381347656,181.40606689453125,7731456579,0.12,15110469830,6431,21538,13.07,253394,39937,9892661,42535426594,134,19798409436.390587,134899.0,680207,1515845.9027279802,183.9014434814453
2019-10-16,181.3437347412109,181.66860961914065,174.0641632080078,176.0135040283203,7691244590,0.11,14449734443,6332,21974,13.33,244381,35773,9826959,43299074292,81,19522144787.89024,115525.0,694405,1653315.2493838517,178.27250289916992
2019-10-17,175.90689086914062,178.89955139160156,174.56582641601562,178.02835083007812,6737237423,0.11,14111516782,6300,22039,13.39,242413,35145,9777044,42752796011,71,18968162894.822403,115195.0,695278,1584980.1766379185,176.85015487670898
2019-10-18,177.98855590820312,178.17979431152344,171.0050506591797,173.621337890625,7566257807,0.11,14295776270,6328,22807,13.34,268990,31875,9893881,43208386571,76,19138776403.302254,118217.0,733579,1659972.3929249984,175.1986846923828
2019-10-19,173.64944458007812,175.6082305908203,172.2154541015625,172.91302490234375,6551453871,0.11,14181262788,6354,20248,13.31,240435,28788,9887149,39258418316,36,18876669881.95194,110187.0,678603,1252149.506792426,173.59653854370117
2019-10-20,172.97476196289062,176.71868896484375,171.21072387695312,175.5343780517578,6801091120,0.13,15579342674,6367,18765,13.27,220164,19068,9836013,36828448156,28,18833256654.115463,85140.0,614912,1212986.1769435613,174.10963821411133
2019-10-21,175.52474975585938,177.74172973632812,173.28775024414062,174.92098999023438,6815820627,0.12,15275793403,6293,20915,13.42,245725,18107,9826170,39535510961,98,18956824083.852222,91395.0,688061,1446454.4685204588,175.36880493164062
2019-10-22,174.90505981445312,175.6500244140625,172.2662353515625,172.3008575439453,6990951966,0.13,16354366795,6412,22240,13.25,251041,15991,9885005,44405147164,115,18823239613.77208,92892.0,708084,1642026.0328491342,173.78054428100586
2019-10-23,172.26280212402344,172.4205780029297,157.4634246826172,162.4027862548828,9624925919,0.15,18828418999,6384,24468,13.27,244335,15981,9956244,49243736342,85,18175266959.89564,98803.0,722454,2520988.9831544952,166.13739776611328
2019-10-24,162.5141143798828,164.14756774902344,160.88795471191406,162.16854858398438,7300917537,0.12,15247927380,6264,23565,13.52,243599,18965,9969355,48059164649,93,17618210020.716953,110404.0,733555,3094628.647573484,162.42954635620117
2019-10-25,162.18971252441406,183.0001220703125,161.9660186767578,181.5232086181641,10358594018,0.14,16022315848,6127,24096,13.8,253161,22682,9935455,45164738156,79,18939798578.07739,112753.0,726929,1790249.1575653397,172.1697654724121
2019-10-26,181.6670684814453,195.9425048828125,176.13380432128906,179.83547973632812,13831784986,0.14,16003775608,6267,23163,13.5,251539,28118,9912731,43261777576,50,19596753672.52745,107103.0,742148,3056846.323217017,183.39471435546875
2019-10-27,179.93263244628906,188.15533447265625,177.68235778808594,184.24221801757807,10815941952,0.13,14662908845,6174,20478,13.71,223638,19013,9665646,37445461403,74,19314908566.24088,104836.0,636879,1447793.7925587334,182.50313568115234
2019-10-28,184.3975067138672,187.88316345214844,180.2495574951172,182.66281127929688,10406734124,0.13,16063415762,6242,23136,13.55,255089,24190,9953595,45092739148,78,20061824024.513435,98340.0,725492,1989269.4337364936,183.79825973510742
2019-10-29,182.67037963867188,191.8467559814453,182.36436462402344,190.3425750732422,10622761958,0.15,16275212916,6211,22707,13.63,252475,20339,9955847,46594160648,64,19979612107.37981,87568.0,708811,3587332.812007985,186.8060188293457
2019-10-30,190.33639526367188,191.1119384765625,181.5463714599609,184.69216918945312,10484902804,0.14,16158350778,6234,22813,13.55,250165,16809,9955397,47241594774,92,20540832983.91156,88500.0,702562,1884662.538251918,186.9217185974121
2019-10-31,184.7976226806641,188.7512664794922,180.068359375,183.9669189453125,9607939606,0.13,15988367551,6216,23960,13.6,248708,31108,9913508,43892717086,87,19982776194.40852,107744.0,747277,2086450.607834249,184.3960418701172
2019-11-01,183.8036956787109,185.0597076416016,181.0944976806641,183.9698944091797,9145611130,0.13,15357755865,6279,22541,13.48,248286,30010,9915013,43231578835,68,19710700662.674736,107992.0,726801,1533311.553881177,183.48194885253906
2019-11-02,184.0181579589844,185.70895385742188,182.79766845703125,183.9257202148437,8087991830,0.12,14245599208,6166,19180,13.69,216218,22038,9876316,41264832877,67,20010652238.752056,96409.0,616659,1237293.6043840928,184.1126251220703
2019-11-03,183.9948272705078,185.0242156982422,179.81814575195312,182.42501831054688,8760247744,0.13,14596844718,6270,18029,13.48,208579,15718,9853553,45595134768,33,19770365523.9592,80359.0,564439,1295900.0926130195,182.8155517578125
2019-11-04,182.31903076171875,188.0229339599609,181.8216094970703,186.35519409179688,10551917945,0.13,15086847398,6196,21459,13.67,238737,13881,9939762,47374699243,82,19770603998.624607,81408.0,646204,1499515.9534053789,184.62969207763672
2019-11-05,186.309310913086,191.25782775878903,184.3319854736328,189.30416870117188,10024177342,0.13,14471734891,6227,23013,13.59,271119,21226,9915646,47782022407,60,20222676923.177044,115556.0,721930,2433885.151328182,187.80082321166992
2019-11-06,189.11349487304688,193.54725646972656,188.6676788330078,191.5938415527344,10156458684,0.13,13890291945,6203,22415,13.64,250135,27527,9893167,44645890614,86,20773279342.71875,104689.0,734931,2345315.263062732,190.7305679321289
2019-11-07,191.5043029785156,191.8610992431641,186.56700134277344,187.9765472412109,9081247799,0.14,17205356282,6167,25894,13.67,320428,27336,9935907,46497162160,86,20594619506.56725,90803.0,835876,1339704.4383480365,189.47723770141602
2019-11-08,187.9242706298828,188.81597900390625,182.54136657714844,184.2114715576172,9176780911,0.13,14143518466,6189,21548,13.69,253164,10066,9940761,49535804219,89,20353513576.29616,91543.0,722628,1478934.2501218657,185.87327194213867
2019-11-09,184.3117218017578,185.83853149414065,183.90223693847656,185.0287170410156,7277418704,0.13,14334783126,6137,19819,13.8,213528,9115,9955121,46650816090,39,19982292738.4038,73841.0,626555,1365306.8652064495,184.77030181884766
2019-11-10,184.943359375,190.9206085205078,184.6867828369141,189.477279663086,8752784211,0.13,13888122126,6001,19801,14.1,234323,13337,9940567,44262798431,42,20312843922.008514,60694.0,599046,799190.9989666138,187.50700759887695
2019-11-11,189.5029296875,190.3384246826172,185.08631896972656,185.48963928222656,7877424106,0.13,14764625146,5984,23472,14.15,263983,8258,9967074,47569059750,90,20565223996.194782,96094.0,692685,1396731.3079501726,187.60432815551758
2019-11-12,185.56483459472656,187.94802856445312,184.1910552978516,186.84341430664065,7792186666,0.13,14527702801,6022,23057,14.09,265564,9936,9962213,47261810205,75,20099907232.722355,81327.0,692155,1420150.036506562,186.13683319091797
2019-11-13,186.94244384765625,189.33187866210932,185.9379425048828,188.2587432861328,7343173596,0.13,14942230244,6013,22898,14.05,258872,10976,9962113,46816524271,69,20351245780.454777,87692.0,728665,1771798.0408978749,187.6177520751953
2019-11-14,188.2725067138672,188.6345977783203,184.99229431152344,185.9996337890625,7872664470,0.14,15987898238,6030,21895,14.06,249005,11571,9958761,48008038369,115,20164497454.108425,98450.0,685678,1311369.1994044022,186.97475814819336
2019-11-15,186.05816650390625,186.2518310546875,179.3795623779297,180.52117919921875,8815678477,0.13,14426485520,5986,22444,14.1,239616,5739,9968196,48944463318,95,19936418633.518,80743.0,677922,1686780.3184486337,183.05268478393555
2019-11-16,180.4990997314453,184.1552734375,179.9856719970703,183.34835815429688,6789888120,0.12,13100698613,6014,19589,14.12,214086,7982,9959163,46901679980,55,19673421889.2119,75205.0,628732,1224620.0247055404,181.99710083007812
2019-11-17,183.350830078125,188.1913452148437,182.33680725097656,185.1192321777344,7364325471,0.12,13599253833,6023,19970,14.07,223144,6029,9954653,48180238374,45,19887201041.918434,81588.0,567747,848671.0550394845,184.74955368041992
2019-11-18,185.0414581298828,186.9271545410156,179.17550659179688,180.55960083007807,7787662111,0.15,21613413943,5981,24983,14.19,248950,9105,9970883,48723441259,114,19971725982.387684,130028.0,705423,1304638.0851399165,182.92593002319336
2019-11-19,180.50245666503903,182.5279998779297,175.19711303710938,177.45555114746094,7536699743,0.12,14275368805,5896,25545,14.39,249615,18980,9965885,47501722479,89,19199408760.851635,126033.0,763972,2269843.985042556,178.92078018188477
2019-11-20,177.415283203125,178.99314880371094,175.29043579101562,175.69834899902344,7205785149,0.13,15039835571,5990,22934,14.17,238121,18495,9950368,49149782138,87,19207411545.833607,102674.0,686925,2261761.94694482,176.84930419921875
2019-11-21,175.67359924316406,176.20921325683594,159.36512756347656,161.4627227783203,8546371325,0.16,17827294565,6070,28973,13.96,267383,18887,9970250,51302374778,75,19103469999.56592,104239.0,724079,2247318.774205448,168.17766571044922
2019-11-22,161.50588989257812,163.02809143066406,142.34410095214844,150.26817321777344,12020749863,0.24,23870653045,5963,31687,14.27,280676,21024,9972747,52569747211,68,17503010102.44493,83704.0,791627,4286107.871730677,154.28656387329102
2019-11-23,150.21221923828125,154.1015625,147.6012420654297,153.41778564453125,8289198330,0.1,13470958455,6054,23859,14.06,218205,35883,9863660,43040367818,56,16580672437.038948,104863.0,693896,2720579.728774701,151.33320236206055
2019-11-24,153.43052673339844,153.96591186523438,142.83470153808594,142.83470153808594,7782769098,0.1,13759387353,6013,23468,14.12,199230,24171,9851639,42947582364,33,16037248154.518412,96632.0,595477,1200873.164442568,148.26646041870117
2019-11-25,142.69700622558594,150.2079620361328,133.80233764648438,146.47653198242188,10962753356,0.19,20123981060,5901,30507,14.36,250899,32201,9979329,52913145098,77,15017305764.008863,78858.0,744208,3773383.327029653,143.29595947265625
2019-11-26,146.40431213378906,150.0047607421875,145.2168731689453,148.96507263183594,7648516297,0.15,16321234587,5663,30709,14.98,227111,21458,9981243,50730835450,65,15971747439.68399,99744.0,678436,2198466.3684644536,147.64775466918945
2019-11-27,148.39682006835938,154.88720703125,143.52560424804688,153.01055908203125,8778095308,0.12,14460479877,5656,28400,15.02,220028,9367,9979986,48771877406,86,16100211936.289215,88009.0,673295,2342265.393845272,149.95504760742188
2019-11-28,153.06924438476562,156.61358642578125,151.09112548828125,151.7175750732422,7346531960,0.13,14616747830,5626,27609,15.09,218051,23237,9978965,49302947740,73,16682217353.496897,369236.0,651107,3179442.3757737973,153.12288284301758
2019-11-29,151.7686004638672,156.84840393066406,151.46043395996094,155.3041534423828,7503898278,0.11,13456025432,5617,27639,15.19,241357,21498,9972343,46377243235,79,16602595274.303982,286909.0,649665,1705506.599909021,153.84539794921875
2019-11-30,155.28640747070312,156.69129943847656,151.225341796875,152.53968811035156,6565950868,0.11,13169970955,5702,24380,14.88,203889,37617,9974515,45026645436,29,16956099221.154192,161302.0,607320,1414845.123784384,153.93568420410156
2019-12-01,152.49192810058594,152.49192810058594,147.06793212890625,151.18572998046875,7102780298,0.12,16157752499,5608,25933,15.22,213993,14400,9964930,44980697562,45,16345114321.004726,197549.0,596935,1577874.0113724463,150.80937957763672
2019-12-02,151.17547607421875,152.11695861816406,147.60679626464844,149.0591583251953,6670561362,0.11,15214773817,5668,27066,14.98,257160,10029,9929661,45008908454,90,16109285347.457945,176854.0,690281,1963714.2643909345,149.98959732055664
2019-12-03,149.05824279785156,150.3104248046875,146.00167846679688,147.9564208984375,6204379850,0.11,13985120429,5634,24340,15.1,226579,9456,9833910,42762888140,77,16237413019.38524,177763.0,618501,2842990.866422987,148.33169174194336
2019-12-04,147.9183807373047,150.68081665039062,145.00088500976562,146.74774169921875,7865937094,0.11,13990237704,5572,29349,15.25,229449,5131,9970118,46297458570,44,15861053297.49686,158913.0,624383,1724168.5383215295,147.58695602416992
2019-12-05,146.68649291992188,153.1553955078125,145.45907592773438,149.24899291992188,6745910228,0.1,13294192486,5623,24676,15.17,228483,29353,9335447,40476673359,105,15886954592.673037,171429.0,655425,1783657.9589993204,148.63748931884766
2019-12-06,149.396484375,149.67051696777344,147.6065216064453,149.19444274902344,6458766441,0.1,13469631277,5606,23017,15.18,217424,11883,8024332,34526412286,70,16204920870.626974,82188.0,579743,1721283.84724726,148.96699142456055
2019-12-07,149.19760131835938,149.79971313476562,148.37477111816406,148.76815795898438,5911233284,0.09,12143075170,5661,19382,15.08,182857,12394,8109344,33571132947,33,16288005274.745016,68361.0,504901,1341455.4855108084,149.03506088256836
2019-12-08,148.74368286132812,152.39292907714844,148.31333923339844,151.2647247314453,6441727252,0.09,9619578683,5627,20648,15.15,170279,13348,9868729,40676929706,43,16553197582.18319,238519.0,435574,737697.7008448656,150.17866897583008
2019-12-09,151.22439575195312,151.9139404296875,147.62136840820312,148.2251739501953,6744206747,0.09,11586206259,5647,24920,15.13,242778,13469,9967423,43570983807,64,16277922137.517963,190745.0,596195,1389369.509475595,149.74621963500977
2019-12-10,148.1798553466797,148.56446838378906,144.907958984375,146.2670440673828,6859512025,0.1,12196873088,5696,25190,14.93,226996,8085,9967045,46880081787,70,15886415100.31727,155105.0,644242,1690480.0514092972,146.97983169555664
2019-12-11,146.32064819335938,147.1392059326172,143.0453643798828,143.60800170898438,7037180049,0.1,13193611413,5580,24671,15.25,226600,8402,9969711,47184199263,71,15656550151.537687,126174.0,624431,1271039.7755209748,145.02830505371094
2019-12-12,143.61566162109375,145.75164794921875,141.43698120117188,145.60400390625,7890383413,0.1,12094101016,5706,24847,14.95,218010,20312,9974938,48463673367,87,15664555698.288622,86726.0,612944,1413407.5396043246,144.1020736694336
2019-12-13,145.6556854248047,145.8571014404297,143.74652099609375,144.9447479248047,7264810247,0.09,12025417709,5473,24562,15.53,220835,14278,9974043,45742352253,189,15835590859.573149,83281.0,647607,1449717.833465533,145.0510139465332
2019-12-14,144.9534149169922,145.52908325195312,142.43455505371094,142.86923217773438,7048066973,0.09,11649625168,5131,23121,16.67,191317,12170,9964759,41283009067,117,15549409359.191904,69260.0,566395,1000627.0245871644,143.94657135009766
2019-12-15,142.864990234375,143.92535400390625,139.4269561767578,143.114990234375,7235153411,0.1,12379589133,5127,22918,16.62,194200,18431,9956675,40953313167,32,15464957748.565294,66890.0,528288,881691.7383215553,142.33307266235352
2019-12-16,143.1395263671875,143.224853515625,132.4566650390625,133.61402893066406,8992282119,0.11,13569145225,5096,26804,16.75,228429,11668,9975691,43582425983,76,15430331422.489214,80430.0,602532,1112975.897295759,138.10876846313477
2019-12-17,133.64718627929688,134.01153564453125,121.39508056640624,122.60388946533205,9057166141,0.13,15434108069,5050,27159,16.82,218525,10889,9973607,45375486033,167,14472442459.627888,67099.0,650957,3281478.7512632003,127.9144229888916
2019-12-18,122.6568374633789,133.3941650390625,119.78005981445312,133.09219360351562,11864518321,0.11,16536921861,4989,28105,17.04,232508,7593,9974464,44447973005,83,13853990916.90456,72088.0,664794,4052373.577575305,127.23081398010254
2019-12-19,133.0527801513672,134.19064331054688,125.97166442871094,129.32113647460938,9564699140,0.09,12757474902,5015,27176,16.93,221187,9733,9979386,43975524104,91,14244196069.248962,71612.0,627774,4431651.986363904,130.6340560913086
2019-12-20,129.38436889648438,129.7563018798828,126.9853515625,129.06605529785156,8173594150,0.09,12994689673,4989,27193,17.08,219889,18684,9981669,43735415208,50,13969083356.01962,62565.0,612530,1670198.6083974792,128.7980194091797
2019-12-21,129.09596252441406,129.1476593017578,127.61209106445312,128.13095092773438,7449064703,0.08,11587579022,5078,24585,16.82,198982,58278,9968350,41197421318,50,13967858686.62817,101979.0,564719,1370437.1105403248,128.49666595458984
2019-12-22,128.09812927246094,133.1600341796875,127.9284896850586,132.3725128173828,9121058481,0.08,11038288256,4993,24407,17.15,186103,9712,9971939,39908140268,28,14225689185.545918,78681.0,519410,967118.9933952448,130.38979148864746
2019-12-23,132.30699157714844,134.73175048828125,127.41671752929688,128.6140899658203,9622497693,0.09,12723118611,4998,27160,17.08,220156,21919,9971866,43281371948,80,14615087234.654472,72679.0,629764,1794345.965579128,130.76738739013672
2019-12-24,128.62925720214844,131.6722869873047,127.30876922607422,129.0638885498047,7961819689,0.08,11744086945,5074,24708,16.9,203462,22668,9963459,41585107947,45,13965022696.019749,79768.0,607309,1758495.605204547,129.168550491333
2019-12-25,129.06849670410156,129.06849670410156,124.88549041748048,126.4546356201172,8418019054,0.08,11924668484,4988,24056,17.04,194669,12815,9964491,40297166654,32,13796039392.627657,78859.0,573865,1854934.0852691312,127.3692798614502
2019-12-26,126.486328125,130.89834594726562,125.40644073486328,126.36122131347656,8600871980,0.08,11931708420,4995,24563,17.07,208979,16090,9976143,40489354699,62,13843871184.841942,86243.0,578673,1266783.843076707,127.28808403015137
2019-12-27,126.3687973022461,128.09756469726562,124.82080841064452,127.21460723876952,8299390176,0.08,12102235247,5024,24641,16.98,203107,42061,9969250,40649915593,69,13790442539.143105,103187.0,585868,1479275.6030407036,126.62544441223145
2019-12-28,127.2130126953125,130.25816345214844,126.89969635009766,128.3227081298828,8069298610,0.08,11826353778,5071,21575,16.82,187220,45329,9935992,36369155681,32,13972746452.724571,116865.0,536609,1436236.72662449,128.17339515686035
2019-12-29,128.26687622070312,136.8112030029297,127.9976577758789,134.7579803466797,9708776786,0.08,11250754288,5035,21031,17.0,173979,87525,9918076,36858911247,22,14459735440.408712,132457.0,472452,1026868.5942627484,131.95842933654785
2019-12-30,134.79652404785156,136.75735473632812,131.54556274414062,132.63348388671875,9796951716,0.08,11988751334,5015,24593,16.96,219393,29227,9960426,38518330510,44,14375567383.366766,110896.0,563253,1790905.943917776,133.93323135375977
2019-12-31,132.61227416992188,133.73268127441406,128.79815673828125,129.61085510253906,8936866397,0.09,14031976089,4987,24239,17.08,193210,26367,9965661,38627032555,45,14317353019.32561,71438.0,567394,2211743.342596373,131.18849182128906
2020-01-01,129.6306610107422,132.83535766601562,129.1982879638672,130.802001953125,7935230330,0.08,11664054350,4980,20546,17.16,159295,55655,9950157,37203395960,29,14212189077.975582,93415.0,467032,1211978.2404283062,130.6165771484375
2020-01-02,130.82003784179688,130.82003784179688,126.95491027832033,127.4101791381836,8032709256,0.07,10566318855,5679,20138,14.96,175870,26750,9882420,37302668848,60,14187618651.417362,74648.0,493970,1086323.0239251144,129.0012912750244
2020-01-03,127.41126251220705,134.55401611328125,126.49002075195312,134.1717071533203,10476845358,0.08,11494907509,6522,19394,13.04,210313,32245,9890691,41968777422,53,14482821030.766806,89233.0,574107,2325218.97511591,130.65675163269043
2020-01-04,134.16851806640625,136.05271911621094,133.04055786132812,135.06936645507812,7430904515,0.07,9665112896,6570,19029,12.96,199485,29426,9836172,38380154394,37,14578532468.159369,87268.0,550251,1655594.857554523,134.58279037475586
2020-01-05,135.0720977783203,139.4102020263672,135.04562377929688,136.2767791748047,7526675353,0.07,9764148415,6488,18408,13.15,189356,27659,9850572,37927743195,16,15044600273.53882,86163.0,551017,1307350.7283861504,136.45117568969727
2020-01-06,136.3055419921875,144.32818603515625,136.0796356201172,144.3041534423828,9093747121,0.08,10997805904,6586,20292,12.89,221194,28622,9882517,43408214358,39,15222769583.910591,80288.0,608539,1888934.3209552667,140.25437927246094
2020-01-07,144.31199645996094,145.00177001953125,140.48887634277344,143.5439910888672,9257954672,0.08,10476977187,6533,21160,13.02,223978,31142,9932658,44513334535,82,15709212264.030708,100212.0,638580,2095911.289077825,143.3366584777832
2020-01-08,143.48782348632812,146.8280029296875,138.26820373535156,141.2581329345703,9387194957,0.09,11402214882,6495,22383,13.03,233165,23979,9907055,46692845452,88,15831883078.606108,90301.0,660203,2322074.5628539138,142.46054077148438
2020-01-09,141.15577697753906,141.39398193359375,136.2364044189453,138.9792022705078,7697325348,0.08,10881434074,6530,20203,13.03,231043,32056,9927885,41652370700,58,15146417831.952162,90003.0,623821,1882032.9662611785,139.44134140014648
2020-01-10,138.967041015625,144.16732788085938,135.52040100097656,143.96377563476562,9084816203,0.1,12318556369,6551,20076,13.0,213327,64830,9828918,45198441970,51,15070745755.886929,82144.0,602790,1497860.477898936,140.65463638305664
2020-01-11,143.4091033935547,146.4809112548828,142.2079620361328,142.92710876464844,9332208590,0.08,11171702430,6528,18343,13.05,196334,64650,9778596,40400125291,32,15682755615.112974,158358.0,556168,1612224.2268624352,143.7562713623047
2020-01-12,143.0325469970703,146.14585876464844,142.7076416015625,145.87393188476562,8528167453,0.08,10928063165,6515,58220,13.11,180291,34882,9488819,38189009502,15,15851416070.981424,71179.0,535447,1296842.0848978048,144.43999481201172
2020-01-13,146.2201385498047,146.79122924804688,142.90713500976562,144.22659301757812,8378529470,0.09,11068867087,6540,23743,13.02,211198,29159,9802048,43952292486,92,15639645215.316198,274635.0,572255,1490223.7329067255,145.03627395629883
2020-01-14,144.2510528564453,167.68154907226562,144.06492614746094,165.95535278320312,16712318373,0.12,15755682033,6525,22776,13.05,244672,31466,9858865,47681670353,72,17100909723.18838,87930.0,601944,2321348.5392879373,155.48822021484375
2020-01-15,165.734619140625,170.42567443847656,161.109619140625,166.23068237304688,15173694057,0.1,11175554900,6486,23365,13.08,252357,42094,9970190,50763451974,88,17790423495.92244,87664.0,719053,3149487.9493818204,165.87514877319336
2020-01-16,166.33282470703125,167.0581512451172,159.7096405029297,164.39100646972656,13735193018,0.08,9897575973,6533,21422,13.0,260751,24581,9956723,46942376061,74,17517871900.0683,93709.0,689950,1764955.5697044136,164.37290573120117
2020-01-17,164.4893798828125,173.0692138671875,162.77560424804688,170.7799530029297,14997091826,0.09,10666145544,6549,22155,13.0,235030,24712,9941135,47789027570,46,18067331192.372475,80707.0,686217,2859763.2556396653,167.77853775024414
2020-01-18,170.7477264404297,178.52877807617188,166.7890167236328,175.3656768798828,14929342256,0.1,10821750721,6516,20423,13.07,225981,34498,9901446,43857518730,27,18809756095.7152,74528.0,639160,2102980.307403479,172.8577995300293
2020-01-19,175.46759033203125,177.2476348876953,163.67686462402344,166.9698486328125,13713374132,0.09,10370811614,6570,20571,12.95,217486,23454,9906843,43412027990,29,18083325219.225224,82721.0,619771,1559170.0665907715,170.84048461914062
2020-01-20,166.9041290283203,169.11488342285156,162.33160400390625,167.12051391601562,11144529787,0.08,9628463648,6518,20165,13.06,216195,19216,9661058,42650225159,76,18107643100.371944,75935.0,589316,1321142.3195469216,166.36778259277344
2020-01-21,167.0604705810547,169.9101104736328,165.81971740722656,169.69715881347656,9789369362,0.08,9526614167,6572,18522,13.0,213559,54556,9121042,40873614497,69,18479009320.51895,60277.0,576621,1300898.0833307952,168.12186431884766
2020-01-22,169.60853576660156,171.00869750976562,166.77423095703125,168.29415893554688,9209827928,0.08,9941370322,6472,17212,13.12,196159,55749,9863470,39338164434,86,18479587945.30241,131863.0,523459,1163257.5168777131,168.92140579223633
2020-01-23,168.2957000732422,168.31224060058594,160.29531860351562,162.92855834960938,10396868698,0.08,8959850620,6575,18583,12.95,216593,18438,9459344,41185818136,54,17884112723.01686,63468.0,529014,1142673.2446574375,164.95795440673828
2020-01-24,162.8993682861328,164.3094482421875,156.74974060058594,163.05117797851562,10657671162,0.08,8301467582,6514,19244,13.03,176400,12297,9936396,46759863029,40,17823230103.8646,53052.0,508389,2134452.2294747205,161.75243377685547
2020-01-25,163.06729125976562,163.22723388671875,158.63247680664062,161.283935546875,8256956802,0.07,7514852406,6491,16540,13.14,170004,20443,9756422,40730555496,43,17602965524.58232,59877.0,448248,871769.8031565318,161.552734375
2020-01-26,161.17681884765625,168.22032165527344,160.2811279296875,168.0771026611328,9261861590,0.08,7320700832,6495,16844,13.13,152762,20112,9808373,41586553569,45,17722899246.25789,57794.0,427062,646408.7910425015,164.4388427734375
2020-01-27,168.00885009765625,172.92291259765625,166.90109252929688,170.93089294433594,11004476145,0.08,8606813919,6552,17354,13.04,184994,29490,9761536,41521814952,50,18447500301.778446,76555.0,457884,1045207.7795994562,169.69093704223633
2020-01-28,170.88485717773438,176.3703155517578,170.73806762695312,176.3703155517578,11772875064,0.09,8449745457,6511,19065,13.04,191040,22048,9951316,46371586946,74,18925473994.82676,61854.0,526810,1786179.2585997204,173.59088897705078
2020-01-29,176.34788513183594,178.8429718017578,175.0503387451172,175.0503387451172,10725267311,0.08,8556877569,6551,19057,13.02,199301,11066,9946217,47426312361,58,19255047806.20597,61759.0,546178,1609862.818752647,176.32288360595703
2020-01-30,174.91770935058594,186.260482788086,172.3746337890625,184.6904754638672,12604789338,0.1,9069894645,6452,20606,13.2,197856,18040,9943823,47878408557,88,19061789722.956367,67486.0,556870,1591653.0692330794,179.5608253479004
2020-01-31,184.7369079589844,185.4058380126953,176.29681396484375,180.16017150878903,11728616394,0.09,8965856518,6489,21319,13.09,204915,15221,9965391,49581430718,43,19659215440.38229,67560.0,587047,2060356.5386319128,181.64993286132812
2020-02-01,180.11376953125,183.84555053710932,179.74517822265625,183.6739501953125,11569697182,0.09,9214472279,6488,18761,13.12,193441,20893,9930662,43402240366,52,19900434652.28781,77659.0,561139,1933185.1116568,181.84461212158203
2020-02-02,183.53250122070312,193.0803985595703,180.1739501953125,188.61753845214844,14054425389,0.1,9053826022,6537,17803,13.05,189157,22101,9868597,40745352169,50,21073332309.30322,66511.0,530456,1308355.0692879276,186.3510971069336
2020-02-03,188.6074066162109,193.4368896484375,188.0126953125,189.8650665283203,12392875241,0.1,9835898300,6524,20790,13.01,236771,15143,9956843,46645792712,51,20689734693.823067,73256.0,609200,1592196.4488266034,189.9805145263672
2020-02-04,189.8617248535156,191.1114959716797,185.40362548828125,189.25059509277344,11714191695,0.13,11701932888,6566,17656,12.99,203217,8298,9976581,52543942279,100,20626295545.549908,54498.0,540928,1829514.2403815964,188.9068603515625
2020-02-05,189.29910278320312,206.8040008544922,188.752685546875,204.2302398681641,14865434435,0.15,12407461484,6456,20346,13.18,233597,11146,9977132,53320740943,67,20783781717.49449,60181.0,574125,1891684.9579708325,197.2715072631836
2020-02-06,204.12969970703125,214.59771728515625,201.9040679931641,212.33908081054688,16425589683,0.17,12978312165,6516,20244,13.01,234097,10989,9977475,54718275721,65,23247584710.26562,76224.0,629838,2792774.702384844,208.2426414489746
2020-02-07,212.31588745117188,223.14093017578125,212.30419921875,222.7260589599609,16673443564,0.17,13091705996,6509,21437,13.07,242823,12898,9980221,55664856425,78,24210313984.015648,71990.0,615269,2720222.865614623,217.62176895141602
2020-02-08,222.510971069336,226.5880889892578,215.38629150390625,223.14651489257807,16741203125,0.13,11679918227,6467,21965,13.11,255952,60952,9961106,50638732372,36,24617361886.945644,112731.0,661387,2123653.84523672,221.90796661376953
2020-02-09,222.98223876953125,229.8642425537109,222.98223876953125,228.5785675048828,15031356241,0.13,11228783936,6491,20937,13.12,258669,18999,9937905,46358212269,27,24923704351.662857,84425.0,637560,1500446.500138852,226.10182189941406
2020-02-10,228.54913330078125,229.1846160888672,218.08004760742188,223.522705078125,16210008511,0.13,11353255565,6592,21715,12.98,250070,39994,9929364,47632129828,92,24785810178.624737,94438.0,660368,2089613.755328276,224.83412551879883
2020-02-11,223.3849334716797,236.5471343994141,218.6176147460937,235.8511962890625,16964695963,0.14,11193602823,6534,23173,13.04,269185,17614,9947387,48724997018,76,24043606818.771465,117806.0,675015,1668681.5932418243,228.6002197265625
2020-02-12,235.89822387695312,272.3988342285156,235.89627075195312,265.4061279296875,24545049386,0.2,12709993893,6463,26521,13.16,319502,23384,9980496,56289094698,72,26711453202.840565,63309.0,769746,3038966.8456410016,252.39986419677734
2020-02-13,265.0527038574219,273.7410583496094,258.9225158691406,268.0992431640625,25801317504,0.19,13279071654,6481,25627,13.11,294591,36355,9978918,54179307187,77,29690164710.230072,62233.0,809951,3519742.650347159,266.4538803100586
2020-02-14,268.0232849121094,285.0564270019531,262.76251220703125,284.2174987792969,23558253463,0.19,12617650524,6493,26041,13.07,273148,12716,9971897,53460912407,69,29982795406.258472,50776.0,736667,2019305.230908552,275.01493072509766
2020-02-15,284.5613098144531,287.1236877441406,264.2796630859375,264.72857666015625,23682452994,0.19,13115693731,6472,23067,13.14,261633,39610,9968156,48166096713,41,30911676153.20077,52271.0,716736,2599213.7019506493,275.1733093261719
2020-02-16,264.904052734375,272.8824462890625,242.48440551757807,259.89471435546875,25152366643,0.23,12554000920,6552,22163,12.99,244904,14809,9967729,49972730590,46,29750049252.80733,52761.0,671422,2009571.8489647568,260.0414047241211
2020-02-17,259.8905639648437,266.8712463378906,244.3353271484375,266.3634338378906,26024080089,0.19,11971133911,6447,24138,13.16,260991,23939,9969093,51027894563,89,28151239358.10833,42567.0,702481,3441053.627158575,259.3651428222656
2020-02-18,266.5088195800781,283.1961364746094,261.4638977050781,281.944580078125,26511477187,0.17,11188045875,6480,24219,13.07,274683,31603,9926178,51074125685,70,29476413974.9612,44410.0,714845,2672262.422494785,273.27835845947266
2020-02-19,282.0362854003906,283.5379333496094,259.76397705078125,259.76397705078125,22679414413,0.18,12083070512,6557,23010,12.96,255674,33961,9970671,52263860641,91,30685061511.75641,68447.0,709341,2887189.4055847586,271.2755432128906
2020-02-20,259.8198547363281,263.6954040527344,250.9512634277344,257.949462890625,23229828870,0.19,12008669668,6480,23417,13.15,252827,23364,9970635,51218580995,101,28746642815.844826,43579.0,698431,3152282.0722122067,258.10399627685547
2020-02-21,257.89111328125,267.0048522949219,255.6890869140625,265.6006164550781,20867593292,0.14,9495219870,6475,22264,13.11,260236,33211,9966697,48254040778,43,29027749967.687603,49530.0,672090,2077797.395387411,261.5464172363281
2020-02-22,265.55157470703125,266.38720703125,258.91314697265625,262.33172607421875,16906032862,0.13,10362297210,6528,20004,13.11,252009,40842,9942022,43294385821,38,28896441902.961548,58457.0,616265,1535694.5669754967,263.29591369628906
2020-02-23,262.2784118652344,273.754150390625,261.96051025390625,273.754150390625,19585998814,0.16,12958605117,6532,19887,13.05,263919,24421,9935885,41634826292,25,29553713286.64223,61303.0,623009,1269686.3328493766,267.93680572509766
2020-02-24,273.705078125,275.5395202636719,259.6251525878906,265.2164306640625,22400845640,0.16,12107326473,6481,23637,13.11,270231,21318,9971013,48768731117,83,29463315274.73181,54100.0,662827,1926676.178003356,268.52154541015625
2020-02-25,265.28338623046875,265.4314880371094,246.85899353027344,247.81759643554688,21878882134,0.18,11691532540,6456,24109,13.24,244813,20711,9977258,51776497786,79,28841566998.31808,54490.0,664009,2099216.1596642868,256.3478660583496
2020-02-26,247.74020385742188,249.6497039794922,221.2665557861328,225.6802673339844,26235617201,0.27,14289989019,6528,25491,13.01,254217,44377,9973504,53781520866,85,26339448566.735058,61682.0,699086,2881609.100027132,236.0841827392578
2020-02-27,225.68704223632807,237.2289276123047,212.66452026367188,226.75338745117188,25645522790,0.17,11864912418,6513,24706,13.09,263926,42103,9977784,53104389866,72,24057175310.19308,64376.0,721077,3826576.667406248,225.58346939086914
2020-02-28,226.98760986328125,234.2089385986328,216.34620666503903,226.760498046875,22563530559,0.15,11792525152,6501,24027,13.1,255388,86027,9971477,51685512448,48,24902867281.24875,90242.0,706331,2387070.893272356,226.07581329345703
2020-02-29,226.8334503173828,232.25662231445312,219.8485107421875,219.8485107421875,18181296376,0.11,9999559185,6519,20707,13.07,230535,33651,9948025,44847191440,50,24798473176.218643,108214.0,612711,1878073.6426892043,224.69677352905273
2020-03-01,219.752685546875,226.67788696289065,214.13043212890625,218.97059631347656,18179807469,0.12,10366775236,6495,21400,13.1,225778,56068,9955520,45349665461,59,24297127168.438507,112680.0,626863,1562108.1234637506,219.8829002380371
2020-03-02,218.7116241455078,232.81158447265625,217.28428649902344,230.5697784423828,20305587789,0.12,10060971157,6533,22782,13.05,262282,38014,9951876,47440855618,65,24168594263.12062,83831.0,676752,2271712.924165401,224.84431838989258
2020-03-03,230.5239715576172,232.3258056640625,221.732666015625,224.4796295166016,19853178572,0.13,10710921879,6501,22382,13.09,233347,70414,9965313,48760549857,73,25422577607.191704,141312.0,662250,2808937.866346667,227.26551818847656
2020-03-04,224.5653381347656,228.04042053222656,222.08888244628903,224.5179748535156,16567075208,0.13,10913931285,6536,21477,13.01,246396,37410,9964324,46260369304,78,24527678895.19,103626.0,676642,1818965.18004845,224.80315399169922
2020-03-05,224.6418914794922,234.3644561767578,224.6418914794922,229.2681884765625,18201291785,0.14,11518999227,6409,23417,13.31,269351,25229,9938404,48766444005,70,25447022608.85677,108720.0,724361,2136972.530622248,228.22910690307617
2020-03-06,229.16842651367188,243.5549774169922,228.7435760498047,243.5252990722656,19374772256,0.15,11201545592,6568,22543,12.99,248086,50479,9966210,49795124430,55,25983840599.473976,91144.0,678120,2486813.246348168,236.2480697631836
2020-03-07,243.7501983642578,249.97848510742188,237.55128479003903,237.85308837890625,19431652027,0.14,10988477092,6540,20794,13.01,230664,25565,9935053,44637125955,44,27066727979.01394,125672.0,628351,1557963.7298178636,242.28326416015625
2020-03-08,237.7806854248047,237.7806854248047,200.6029815673828,200.6890563964844,21381823651,0.21,13029367486,6552,23673,13.0,225432,38433,9947318,50286308613,59,24070117664.28752,83978.0,633384,1918162.5037188712,219.21335220336914
2020-03-09,201.3184967041016,207.451400756836,192.2698974609375,201.986328125,23645428606,0.19,14200494445,6431,27887,13.22,264282,35447,9983841,56907992573,58,21327153386.11142,96478.0,769347,4830828.9087199895,200.75653076171878
2020-03-10,202.86395263671875,205.71424865722656,198.0644989013672,200.76724243164065,18344930072,0.12,11528169360,6498,25113,13.09,251935,42060,9976976,53671463868,90,21852934281.181023,121923.0,789393,4214075.1823868025,201.85248565673828
2020-03-11,200.76803588867188,202.9542999267578,184.36215209960932,194.8685302734375,16984790291,0.16,12884305108,6529,24782,13.04,247909,47289,9978008,53667331706,61,21232769349.69542,112980.0,701629,2804595.2855955414,195.73825454711914
2020-03-12,194.73892211914065,195.1479339599609,111.21070861816406,112.3471221923828,22134741655,0.74,77903244661,6448,27723,13.13,250268,11142,9984915,60270155489,19,20301809431.11938,93061.0,695535,9124809.203459913,153.3611717224121
2020-03-13,112.68999481201172,137.42953491210938,95.1843032836914,133.20181274414062,27864623061,0.78,84761822515,6382,27582,13.31,290208,36672,9984776,59237052307,44,13770480371.481855,84853.0,859873,14941430.116236344,119.62641143798828
2020-03-14,133.5824737548828,134.484375,122.41447448730467,123.30602264404295,12740784545,0.11,16662648149,6490,23303,13.09,248510,163921,9980487,54209111490,61,14795709757.713036,186287.0,745417,5266626.908543873,128.44683647155762
2020-03-15,123.24606323242188,132.2421417236328,121.85365295410156,125.21430206298828,12719251813,0.1,14364979897,6513,23169,13.05,231787,163822,9977220,54232784814,38,13456543578.674326,228874.0,644364,4260177.623204987,125.63903999328613
2020-03-16,124.9961166381836,124.9961166381836,105.17144012451172,110.60587310791016,15984904590,0.21,29714620709,6488,26369,13.11,272475,103578,9982973,57390678194,80,13536508206.606474,175504.0,775204,7982618.981116725,116.44238662719727
2020-03-17,110.4067840576172,118.98828125,110.4067840576172,113.9427490234375,12087490572,0.12,18731740624,6509,24937,13.06,273313,112358,9978567,56260016936,70,12601916313.962034,179316.0,784355,5880557.509743196,113.43614959716797
2020-03-18,113.8576431274414,116.02162170410156,111.74311065673828,114.84226989746094,11617854009,0.09,15707758551,6531,24088,13.02,302391,87145,9970902,54400650335,62,12553896701.864525,178949.0,757285,3277919.9616350126,114.11616134643555
2020-03-19,114.83982849121094,140.52772521972656,114.7328643798828,136.59385681152344,16396753275,0.14,18322233968,6482,27413,13.1,362517,33504,9975078,56477214188,70,12785959147.787498,174075.0,816633,4698381.019745624,126.67356872558594
2020-03-20,136.64927673339844,150.8538055419922,122.60565948486328,132.73716735839844,18960388062,0.12,16360326781,6436,27084,13.23,328086,90707,9972272,56053109603,61,14352429640.179611,146651.0,852256,4886920.444554976,135.7114772796631
2020-03-21,133.1017608642578,135.972412109375,127.16375732421876,132.81871032714844,13684083308,0.08,12414614632,6444,26578,13.13,390368,109596,9963856,54089637190,32,14630156746.635357,239592.0,837791,3090016.3988661994,132.26416015625
2020-03-22,132.85113525390625,136.15164184570312,122.90933227539062,123.32115173339844,12497707224,0.08,12942212470,6300,25601,13.52,295480,43987,9936181,51420600526,67,14172355735.129517,170111.0,777624,1859313.9313135217,128.8083152770996
2020-03-23,123.36598205566406,134.91160583496094,121.86788177490234,134.91160583496094,14149877968,0.1,14465400762,6448,25426,13.09,316061,65276,9910355,51973418456,64,14200075843.56724,120810.0,805751,3148828.3993058456,128.76426887512207
2020-03-24,135.1941375732422,141.9485321044922,133.1687774658203,138.76144409179688,14609068673,0.1,13687447647,6348,26101,13.36,309222,43032,9898962,51697161721,63,15034438397.540655,139154.0,788618,5064403.130173485,137.2682228088379
2020-03-25,138.9149627685547,141.40379333496094,134.30422973632812,136.19589233398438,13433092920,0.1,13756761814,6374,24775,13.31,284832,55026,9894921,52072394107,74,15000708276.232847,108865.0,778655,3207627.062514498,137.70471954345703
2020-03-26,136.190673828125,138.83056640625,134.8860321044922,138.36155700683594,11367261176,0.09,13022719834,6478,24661,13.15,295289,82801,9978390,52701817210,79,15134070960.021248,157310.0,765117,2406131.2629863005,137.06720733642578
2020-03-27,138.36993408203125,139.90269470214844,133.9379425048828,133.9379425048828,11396286629,0.09,12546794673,6554,23262,12.99,296964,56816,9957272,50465639748,86,15326327942.539536,143073.0,767112,2495222.142441943,136.53712844848633
2020-03-28,134.03274536132812,134.03274536132812,126.96218872070312,130.9864959716797,12162403960,0.08,11413783523,6488,22245,13.05,243402,91129,9971211,50355711685,90,14220274447.005783,149166.0,663723,2074972.599397665,131.50354385375977
2020-03-29,131.0153350830078,131.17408752441406,125.4500503540039,125.58373260498048,9938133669,0.07,11020301161,6573,19253,12.95,225262,58763,9956005,46056488567,54,14372036522.338009,139448.0,621750,1606556.5460506398,128.30580139160156
2020-03-30,125.57789611816406,133.91146850585938,125.28968048095705,132.904541015625,11841123306,0.08,11884805218,6460,22915,13.18,269242,37384,9975558,51787919806,90,14011548416.584389,115570.0,685060,2051781.8507079144,129.42089653015137
2020-03-31,132.8209228515625,134.27413940429688,131.65289306640625,133.59356689453125,11065246317,0.09,13067204139,6472,24057,13.13,256569,59268,9977042,53179290754,109,14653598565.042788,128845.0,754359,2186238.329487104,133.08538055419922
2020-04-01,133.61231994628906,135.63455200195312,129.73094177246094,135.63455200195312,12456564435,0.09,12158641023,6553,23177,12.92,249259,49027,9970535,53665881090,81,14685022896.01404,121352.0,690853,1948281.2994854697,133.65309143066406
2020-04-02,135.732177734375,146.78709411621094,135.732177734375,142.02914428710938,15322861686,0.1,13091171982,6484,24853,13.13,264406,28361,9981494,54369995334,87,15377239866.922289,100302.0,693887,1981445.4313205688,140.07014846801758
2020-04-03,142.11045837402344,146.89987182617188,139.619384765625,142.09130859375,13184603402,0.1,12546736213,6527,24127,13.05,267880,29415,9979991,54597210555,71,15624238085.137465,106490.0,745041,3243324.844645741,142.68025588989258
2020-04-04,142.21517944335938,145.37730407714844,140.121826171875,145.21939086914062,11946658257,0.08,10643758163,6491,21335,13.13,232113,63797,9978490,52187476824,34,15783413661.570671,99149.0,639769,1600548.1669212969,143.23342514038086
2020-04-05,145.26101684570312,146.12852478027344,142.10208129882812,143.54664611816406,11280993591,0.08,10421896817,6507,20359,13.07,224338,56360,9977921,51475533126,32,15926688134.08198,137760.0,625440,1315136.4169299747,144.2595672607422
2020-04-06,143.60821533203125,169.27264404296875,143.5446014404297,169.13587951660156,21636382525,0.14,14386395350,6433,26036,13.22,288424,31561,9982107,56414940053,70,17608655674.611217,103739.0,706668,2455097.8797921627,156.3903350830078
2020-04-07,169.14744567871094,175.20413208007812,164.2033233642578,165.10194396972656,21659346091,0.12,13013528020,6554,25184,12.95,276395,33927,9982401,57631451338,97,18774492376.495728,103670.0,771527,3576583.03204052,168.41421127319336
2020-04-08,165.24032592773438,173.21026611328125,164.49319458007812,172.64173889160156,17063110836,0.11,11576580760,6502,25393,13.06,342424,32008,9978652,56569534356,110,18915494990.97288,114294.0,806087,2912678.521675888,168.89638137817383
2020-04-09,172.76126098632812,172.8977813720703,167.98712158203125,170.80714416503906,14901696210,0.11,12277136032,6479,23447,13.16,275384,66370,9979426,55120769772,72,18878895256.40232,144286.0,802288,2071320.1091469089,171.1133270263672
2020-04-10,170.8292694091797,170.94976806640625,154.9144744873047,158.41244506835938,17980944616,0.11,12269003782,6515,24575,13.05,269522,53523,9980029,55824381169,54,18262062410.66244,157683.0,729690,3260423.734674539,163.7764892578125
2020-04-11,158.5389862060547,161.16757202148438,155.29833984375,158.2160186767578,13555089447,0.09,11327484697,6412,22996,13.26,249382,104031,9973892,52654735722,38,17449189629.834557,255084.0,709041,1545676.1791895062,158.30522918701172
2020-04-12,158.23239135742188,164.51695251464844,156.3205108642578,161.14242553710938,15123721386,0.09,9800432922,6581,22760,12.96,261362,62415,9980030,53937212902,40,17904349404.286755,513298.0,653432,1080193.5014469938,160.05307006835938
2020-04-13,160.72067260742188,160.74969482421875,151.61448669433594,156.27955627441406,16465282133,0.1,11939777888,6510,24305,13.06,286794,46937,9982766,55260972737,64,16957691983.659492,280815.0,746328,2480720.9696332407,157.34110260009766
2020-04-14,156.35595703125,160.94427490234375,155.86593627929688,157.5963897705078,14723156630,0.1,12300384022,6482,24940,13.11,327012,18369,9979157,55753722827,86,17674362685.499577,176994.0,788981,1811626.0188141367,157.6906394958496
2020-04-15,157.56564331054688,160.71112060546875,152.80284118652344,153.28689575195312,14171753737,0.1,11635342378,6491,24633,13.1,300348,27514,9983369,55370776054,59,17241336770.771908,197841.0,795823,1637960.20353837,156.09162521362305
2020-04-16,153.20042419433594,173.1572723388672,150.3594207763672,172.15737915039062,22910469236,0.15,15064682211,6469,26129,13.13,283483,25062,9981320,56546505543,69,19018105811.36982,205364.0,794636,2977064.097117993,162.21862411499023
2020-04-17,172.2794189453125,174.27590942382812,169.75157165527344,171.63858032226562,16714684266,0.11,12248271015,6445,24920,13.22,304620,34802,9980341,55792894380,103,18960915301.253185,234899.0,793503,2340076.4798110747,171.98637008666992
2020-04-18,171.61807250976562,187.9404754638672,171.61807250976562,186.9140014648437,20160323443,0.14,12700922618,6444,24272,13.2,309901,38185,9979353,55552799307,71,19194070849.18121,245377.0,754946,2095414.9952866184,179.52265548706055
2020-04-19,186.8619842529297,188.0989227294922,180.12081909179688,181.61495971679688,19146038381,0.12,12031541144,6487,23224,13.08,292100,34791,9977221,55529600862,72,20705557440.493195,125807.0,778554,2200142.436512064,184.1741714477539
2020-04-20,181.480224609375,186.0835418701172,170.32127380371094,172.2971649169922,21266681335,0.14,13770276031,6496,26206,13.08,318477,18302,9982833,57935356671,48,20460868440.88425,171858.0,790318,2626668.3277094546,177.54555130004883
2020-04-21,172.01771545410156,175.178466796875,170.55284118652344,172.73770141601562,16458767984,0.15,13970900436,6437,25515,13.19,308759,17891,9978165,57567078878,106,18949717152.169075,111458.0,829995,2817305.035892392,172.6216812133789
2020-04-22,172.67039489746094,183.75100708007807,171.82659912109375,182.59957885742188,17994666395,0.15,14191692798,6481,25228,13.02,300954,21434,9981322,57599039714,85,20270736690.85959,123784.0,792914,2617665.365330343,177.71189498901367
2020-04-23,182.62017822265625,189.0888671875,180.3406524658203,185.02867126464844,21275740032,0.16,14371184956,6454,25963,13.16,325328,23039,9982247,57733723479,67,20877699919.455154,125140.0,799323,2405285.004903892,184.26959228515625
2020-04-24,185.2221069335937,190.2103881835937,185.2221069335937,189.2369384765625,16788555028,0.15,13771090303,6476,25533,13.13,333566,18773,9982368,57990388097,80,20954858768.59198,120287.0,855208,3050080.8687584284,187.47288513183588
2020-04-25,189.2073974609375,196.79237365722656,188.45953369140625,195.5153045654297,18260969748,0.14,12538831783,6418,24986,13.25,302047,39532,9979418,56253518223,43,21708679012.68418,118791.0,805027,3392006.9527135068,192.49365234375
2020-04-26,195.41358947753903,199.344970703125,194.76806640625,197.31753540039065,18335367012,0.16,13439926391,6458,25058,13.16,299059,30753,9979876,56801948197,56,21715798328.71257,149767.0,797326,1652356.0172402086,196.71104049682617
2020-04-27,197.4757232666016,199.55279541015625,193.45416259765625,197.22471618652344,18670194595,0.15,13918385493,6453,25766,13.18,321281,21831,9978311,57748706598,109,21952829518.12807,123583.0,830896,2542864.470974993,196.92684936523438
2020-04-28,197.2735137939453,198.7865447998047,194.84942626953125,198.41539001464844,18217507467,0.14,13052985766,6420,26056,13.27,322149,27701,9978981,57073102681,123,21692613935.974075,139739.0,846647,1853340.0520788853,197.33121871948242
2020-04-29,198.46519470214844,218.4546356201172,198.12451171875,216.96823120117188,26397548759,0.23,18452757606,6526,27928,13.05,345258,14987,9983143,59307361589,67,23400535133.41044,145611.0,858437,2416458.5662111533,208.00314331054688
2020-04-30,216.9091339111328,227.5296936035156,206.4369201660156,207.60205078125,28089191904,0.29,23829583393,6377,28663,13.31,339669,13916,9946761,59360582632,96,23328468466.41957,127473.0,911754,4286745.702555921,214.61944961547852
2020-05-01,207.9017333984375,217.6280212402344,207.7808837890625,214.21910095214844,20816320834,0.17,13888475283,6475,25890,13.12,327622,18667,9972690,58538945742,62,23253040651.4359,116387.0,835668,2447667.614010572,211.8824348449707
2020-05-02,214.23008728027344,215.8475341796875,212.8786773681641,215.32537841796875,18260876092,0.15,11389301751,6471,23861,13.15,313649,41611,9981033,56109407200,45,23853252272.74528,121247.0,781015,1493544.896708918,214.57041931152344
2020-05-03,215.35206604003903,219.2708740234375,208.6923675537109,210.9331512451172,20469034664,0.16,12521236484,6421,24822,13.23,330025,28005,9982545,56694348911,43,23217253987.70649,121808.0,789583,1658533.5453695997,213.56211471557617
2020-05-04,210.890853881836,211.8283843994141,199.0477294921875,208.17401123046875,22602446422,0.2,14983023765,6541,26939,13.02,298027,17070,9984434,59650089352,58,22970936874.463985,205054.0,788416,2037607.02278229,207.4852447509766
2020-05-05,208.01300048828125,211.77862548828125,204.0311279296875,206.7743988037109,19004689099,0.2,15502345363,6506,24540,13.07,296348,22292,9981076,58634760812,64,23066396326.056835,273966.0,768726,1815131.4826376145,207.64928817749023
2020-05-06,206.4813537597656,211.5346221923828,204.04087829589844,204.0557861328125,20343543799,0.23,17933308369,6386,27907,13.25,315688,17958,9985906,59252046986,86,23124882581.23531,126184.0,828086,2388947.55513526,206.52816009521484
2020-05-07,203.9128570556641,214.39247131347656,202.0748443603516,212.28941345214844,23594744655,0.28,20866831524,6455,31419,13.14,326720,16249,9986053,60546455883,80,22786099390.576096,113656.0,823364,3036266.9169747075,208.16739654541016
2020-05-08,212.1982421875,216.3276824951172,208.8307342529297,212.9915771484375,20445139356,0.27,20580766613,6486,27078,13.07,333175,16870,9984217,60665060914,86,23569901222.860096,122149.0,906954,3255468.067170628,212.5870590209961
2020-05-09,213.1421661376953,214.73912048339844,209.071517944336,211.60012817382807,18950547549,0.22,17823163632,6398,27758,13.26,341423,19381,9984237,59620524373,46,23581079366.48606,145266.0,899427,2284198.626250572,212.13823318481445
2020-05-10,211.5522003173828,211.5522003173828,182.711166381836,188.5995635986328,25211575193,0.36,30507432603,6493,27547,13.1,331001,17224,9986532,60716575042,55,20943092509.515587,115564.0,875633,3471158.965938296,198.6037826538086
2020-05-11,188.63218688964844,191.36233520507807,180.7183380126953,185.912841796875,20054601647,0.27,24022502727,6435,27592,13.21,332262,23512,9986435,60136105570,76,21001317787.25189,116527.0,911952,2747064.7797566648,186.65642547607422
2020-05-12,185.87733459472656,191.60134887695312,185.7017974853516,189.3125,15899726284,0.32,27066815386,6398,26833,13.28,315933,20096,9986578,59552099157,76,21179140423.666683,131077.0,873661,3327719.111716987,188.1232452392578
2020-05-13,189.3740997314453,200.19732666015625,189.1277008056641,199.1932830810547,17054662289,0.43,32980999573,6484,25703,13.12,293787,18047,9987205,60746032020,72,21138457432.14816,121804.0,830874,3028706.744548396,194.47310256958008
2020-05-14,198.8915100097656,204.1175994873047,196.8688201904297,202.9490966796875,20150524861,0.56,41116263713,6455,25607,13.13,297910,17305,9985205,59010054536,73,22398338511.122875,118884.0,868707,2955599.239500001,200.70675659179688
2020-05-15,202.9553985595703,203.5663909912109,193.75567626953125,195.62266540527344,16602342092,0.37,32000157331,6423,27276,13.21,319069,16320,9984019,58407729475,79,21938170577.643333,133514.0,832699,2484419.0508409496,198.97503280639648
2020-05-16,195.61338806152344,202.7711944580078,194.5015869140625,200.6771240234375,15379081645,0.32,25477191550,6402,26716,13.28,310647,24199,9985903,59744462257,61,22055030014.337093,115559.0,927200,1742294.2392879743,198.3908233642578
2020-05-17,200.6088714599609,209.1609344482422,200.1027984619141,207.15869140625,15470397303,0.38,27103939904,6471,25429,13.13,297580,19653,9986737,60639672800,54,22349488688.067017,117276.0,809502,1585560.1805845632,204.2578239440918
2020-05-18,207.1797790527344,215.9084625244141,207.10906982421875,214.52505493164065,17411566928,0.5,36508693750,6406,26532,13.26,318949,17247,9982652,60082983614,64,23807487398.558567,118525.0,846761,2527751.986457307,211.18059158325195
2020-05-19,214.6049346923828,214.6049346923828,210.1430511474609,213.4511108398437,14346192779,0.45,33240461791,6386,26817,13.33,328912,16937,9984647,60076385709,76,23358445720.23379,117078.0,845078,1978159.358523328,213.20100784301758
2020-05-20,213.4462432861328,214.71682739257807,207.975814819336,210.09674072265625,12730175511,0.51,36510632877,6455,27680,13.16,321358,18558,9985054,60747209011,83,23248984765.77547,121769.0,856464,2004995.93139347,211.55890655517578
2020-05-21,210.129150390625,211.62518310546875,193.346435546875,199.88360595703125,13308321229,0.64,48851382307,6455,28609,13.12,326301,15532,9984006,60442889830,66,23269429543.52405,129881.0,848767,2185875.608651059,203.74609375
2020-05-22,199.8371124267578,208.591537475586,198.04086303710932,207.169189453125,12041592114,0.44,35001330711,6353,28545,13.32,337403,18779,9983609,59945832815,52,22741461040.92585,135798.0,915941,2574738.1571773,203.40967559814453
2020-05-23,207.19448852539065,210.386459350586,205.29421997070312,208.69439697265625,10665476768,0.29,22171704727,6513,26836,13.03,333005,28487,9986196,61673448559,58,23009748192.231182,127722.0,886118,1984893.7633160967,207.892391204834
2020-05-24,208.716064453125,210.59507751464844,202.370346069336,202.370346069336,11833299572,0.39,29040279475,6411,26739,13.28,300696,23613,9985129,60554332651,43,23293051001.408016,139561.0,826867,2586780.388518568,206.01295852661133
2020-05-25,201.982650756836,206.3614501953125,200.6675567626953,205.3197479248047,10415044124,0.49,38094676834,6363,26743,13.31,317561,23119,9986055,60202898263,66,22439931863.553383,138293.0,869917,1973338.9037316272,203.5828514099121
2020-05-26,205.2595672607422,205.75254821777344,200.2642822265625,201.90231323242188,10159741290,0.47,37860437126,6478,28230,13.07,335851,21147,9984546,61165579540,61,22282440088.84518,134091.0,911337,2019995.0651058056,203.294677734375
2020-05-27,201.8930053710937,208.86343383789065,201.7850646972656,208.86343383789065,10631034756,0.54,42827563449,6444,26742,13.22,332968,16113,9983442,60555877495,74,22586094409.125507,120421.0,894381,2159634.9974320843,205.35123443603516
2020-05-28,208.88543701171875,220.2765045166016,206.2426605224609,219.8404235839844,12212469604,0.55,39750197752,6413,27984,13.23,340054,17473,9983262,60676512378,102,23122209265.61348,117679.0,910282,1955058.716523476,213.8112564086914
2020-05-29,219.925048828125,224.2168731689453,218.2380523681641,220.6751251220703,12265816557,0.46,34983980235,6434,30559,13.22,374674,18566,9984681,60619345455,68,24715391431.12282,123157.0,937060,3715749.5876240535,220.76377487182617
2020-05-30,220.7172088623047,243.94314575195312,218.7444610595703,242.34559631347656,15027397867,0.52,33659377964,6440,27272,13.18,346995,21347,9984256,60551833065,72,24559677394.27517,122472.0,896881,2970920.8502166965,231.43760299682617
2020-05-31,242.35137939453125,244.04525756835932,230.0528259277344,230.9757080078125,12234904813,0.43,28385719806,6475,29261,13.08,328248,36838,9982447,61203032008,56,26418912874.376263,124994.0,855968,2748325.8475004947,236.85629272460938
2020-06-01,230.8602600097656,248.2362823486328,230.4880523681641,246.99176025390625,13951727936,0.48,32379485381,6401,29940,13.24,355227,16985,9980666,59422202661,94,26456002967.91691,132480.0,909816,3071754.792645688,239.1440887451172
2020-06-02,246.82818603515625,252.2220001220703,233.2252960205078,237.21905517578125,13782107567,0.51,36613726636,6458,30160,13.12,388814,17746,9980480,60656887961,73,26076420311.97897,130901.0,978267,4302417.942735882,242.3736343383789
2020-06-03,237.3952178955078,244.1793212890625,235.4644470214844,244.1793212890625,9861760817,0.44,29769950061,6401,27391,13.28,352013,25664,9979408,60245383681,102,26500689627.876263,135430.0,915019,2294081.3158364133,240.3045768737793
2020-06-04,244.10528564453125,245.9289703369141,236.7653045654297,244.4263916015625,10170414304,0.45,31888384257,6427,28846,13.21,366835,48054,9981730,60867856811,77,27098180762.49297,153801.0,935441,2064919.2323174283,242.80648803710938
2020-06-05,244.3495941162109,247.3294982910156,240.6820526123047,241.22198486328125,9293963914,0.48,32258089816,6484,27446,13.06,347352,149460,9981234,61502016231,85,27091694299.41828,199284.0,913089,2193656.030855416,243.39578247070312
2020-06-06,241.20135498046875,245.9810485839844,239.7245330810547,241.9313201904297,8114873845,0.53,38721024282,6435,29092,13.2,332189,69635,9978583,61088327324,39,26767929539.20233,243487.0,893774,1408584.804269915,242.20956420898438
2020-06-07,241.9080810546875,245.4352569580078,236.32525634765625,245.1672515869141,9544883157,0.58,40787069912,6466,29164,13.1,317232,27540,9980244,60748748486,43,27070168305.7127,146613.0,978558,1234594.9498184607,242.2089614868164
2020-06-08,245.17857360839844,246.64419555664065,241.5421905517578,246.30990600585932,8076783299,0.58,41524824461,6411,29047,13.26,369337,21698,9978900,60052985764,87,27207047380.61708,125590.0,956080,1928688.70402388,244.91871643066406
2020-06-09,246.17501831054688,248.34243774414065,242.3385467529297,244.9114532470703,8446545788,0.57,37266087486,6480,28817,13.11,361895,22411,9979235,61096035988,91,27112742382.4576,128975.0,922895,2169468.4407334607,245.44186401367188
2020-06-10,244.8220672607422,248.65115356445312,242.8197479248047,247.4449462890625,8792990206,3.44,581876396895,6372,31137,13.35,348050,24099,9981745,60311175849,65,27239116831.797085,125742.0,927679,1998678.723030564,245.93447875976562
2020-06-11,247.5485382080078,249.8883056640625,229.94297790527344,231.70266723632807,12356528860,3.83,709708435545,6458,30366,13.14,349349,21850,9979137,61181419926,84,26818291510.97743,125058.0,929011,3077390.7109770426,239.77062225341797
2020-06-12,231.62545776367188,239.3546905517578,229.6450653076172,237.4932098388672,8868955009,0.55,35616566860,6506,27921,13.04,364656,25379,9980198,61189587169,77,26328988023.46004,124714.0,912369,3184958.4019159,234.52960586547852
2020-06-13,237.54461669921875,239.193099975586,235.88967895507807,238.90884399414065,7141624980,0.45,29377910098,6488,25744,13.19,343521,48017,9982525,61047248653,64,26382480644.02376,124982.0,852160,1217931.5341224489,237.88405990600586
2020-06-14,238.9681854248047,239.10145568847656,232.95819091796875,234.1147003173828,7439385176,0.4,24230716812,6526,25218,13.03,318564,35796,9980816,61760294204,31,26549244214.20936,131259.0,791685,1112645.2371320764,236.2856330871582
2020-06-15,234.0583038330078,234.2378387451172,221.24176025390625,229.9289093017578,10536099884,0.64,43250992524,6462,29458,13.14,356076,24455,9980246,61069649199,79,25326538732.06181,125547.0,875861,2813988.766776315,229.86670303344727
2020-06-16,229.7622985839844,236.3943023681641,228.4261474609375,234.41616821289065,7965648016,0.6,40533137609,6435,28873,13.2,352652,18819,9977209,60941058656,96,26017301939.715134,114194.0,900088,2673630.1375992745,232.24972915649414
2020-06-17,234.49237060546875,235.9540557861328,229.34164428710932,233.0282745361328,7701391592,0.64,42028712404,6416,28123,13.21,346857,14517,9984092,60946003731,93,25992622183.82156,108439.0,898261,2562950.558367603,233.20408630371094
2020-06-18,232.8986968994141,234.57064819335932,228.9514312744141,232.1011657714844,6713800872,0.56,38424496007,6450,28974,13.18,374782,16068,9980779,61069412568,96,26034234348.2802,113189.0,890458,3581430.9977497915,232.13048553466797
2020-06-19,231.95497131347656,232.15411376953125,226.7951812744141,227.13829040527344,6946372590,0.6,39365512466,6503,30653,13.05,363156,30207,10743046,66910453808,75,25462310878.31628,106715.0,932912,2592888.068444577,229.51063919067383
2020-06-20,226.9763641357422,231.4490203857422,226.640625,229.27426147460932,6252830566,0.47,29553002666,6463,31027,13.14,366642,64986,11867176,72612038879,55,25548030396.48608,150757.0,955561,2289464.980773362,228.58506774902344
2020-06-21,229.2161407470703,232.35894775390625,228.4929962158203,228.9898223876953,5600408178,0.46,29937373565,6505,34003,13.09,350978,52712,11950565,73789408610,49,25650184125.492542,152337.0,953499,2405989.480232202,229.76447677612305
2020-06-22,229.0033721923828,243.7760162353516,228.9347381591797,242.5331878662109,9079586552,0.63,41302954545,6455,36756,13.19,385734,15787,11883870,72492819746,69,26657156903.28365,128430.0,1048066,4353219.640390788,236.06182861328125
2020-06-23,242.5370178222656,244.86441040039065,239.75973510742188,244.14215087890625,6624530348,0.69,45491287860,6442,37098,13.18,401405,13408,11956674,72895209155,81,26911723875.870377,155325.0,1135133,3742190.0224455935,242.8258285522461
2020-06-24,244.18592834472656,248.50802612304688,232.8077392578125,235.7724609375,8815030025,0.73,46589720161,6483,38433,13.08,381492,24814,11945719,73472841345,83,27368705134.614086,124433.0,1072773,5452557.063099912,240.31853866577148
2020-06-25,235.70285034179688,236.05340576171875,230.29660034179688,232.94448852539065,7010426122,0.66,42575132701,6450,38239,13.23,377998,51123,11805413,72163570447,88,25777963897.170845,121959.0,1057735,6350780.497187211,233.74933624267578
2020-06-26,232.8774871826172,233.9019317626953,229.25946044921875,229.6680450439453,7187490226,0.61,38176707953,6448,35309,13.23,380731,58441,11917515,73135681440,65,25959352860.77951,179507.0,1019957,3690261.9829033534,231.42673110961914
2020-06-27,229.6314849853516,232.4934234619141,220.5645751953125,222.9597930908203,6918380955,0.55,36769845271,6365,36473,13.35,375433,43011,11831137,71543111126,58,25725334283.02288,136660.0,1021452,2904926.263030914,226.4123191833496
2020-06-28,222.9144897460937,228.5982818603516,219.47267150878903,225.34716796875,6205925718,0.55,35078209646,6522,33612,13.04,384846,67673,11910675,73730203640,51,25266233472.148422,145382.0,1021871,3470335.210134013,224.0831527709961
2020-06-29,225.36143493652344,229.90321350097656,222.25498962402344,228.1948699951172,6726164653,0.58,39552762105,6393,34827,13.27,445326,38808,11750394,71375635583,95,25155658489.514668,144491.0,1022018,4038698.637010346,226.42862701416016
2020-06-30,227.9684295654297,229.476806640625,224.815185546875,226.31500244140625,6094093001,0.73,52294541588,6479,34511,13.13,424414,23543,11943192,73318387064,121,25427629528.598988,146059.0,1104891,3717102.047024059,227.14385604858398
2020-07-01,226.13458251953125,232.7561187744141,224.8357391357422,231.1134185791016,6463737443,0.71,47358992980,6409,35255,13.29,411699,29824,11665708,71176581831,107,25548719921.94328,139556.0,1073002,3964651.8040074,228.70996475219727
2020-07-02,231.28890991210932,232.3968811035156,225.4619598388672,229.39219665527344,6212210566,0.63,42603951322,6442,36414,13.22,406711,67814,11861903,72107146226,102,25312313753.734764,133291.0,1044071,4384683.842897221,229.63498687744138
2020-07-03,229.31895446777344,229.6293182373047,224.9139709472656,225.38706970214844,5109032700,0.67,44742407160,6475,35935,13.12,388347,49455,11708464,71788223874,68,25348369401.78724,165869.0,1028263,3979536.2622782695,227.31232833862305
2020-07-04,225.2884826660156,230.0541381835937,225.13331604003903,229.07411193847656,5228310135,0.55,33268484751,6427,32081,13.19,384319,84035,11897229,72784835528,79,25224775695.090973,179549.0,965130,2537252.3738242267,227.38751220703122
2020-07-05,228.9761962890625,229.85671997070312,224.54449462890625,227.6645965576172,5292172429,0.55,31655035139,6494,29736,13.14,344150,158673,11766025,72950841323,73,25158436067.04526,217553.0,904867,2372748.7868240555,227.76050186157227
2020-07-06,227.6850128173828,242.13270568847656,227.029525756836,241.51022338867188,8782917553,0.65,40437764877,6457,34649,13.13,382756,70705,11717902,71920102702,100,26515888331.16388,198990.0,963290,2845842.0350736533,234.5893669128418
2020-07-07,240.9725952148437,242.68185424804688,234.2186584472656,239.07553100585932,6441497597,0.62,40907231924,6492,35739,13.11,406188,75630,11847029,73031480121,88,26738960287.49018,172529.0,1066182,3085902.9935332886,239.23715972900385
2020-07-08,239.15997314453125,248.30886840820312,238.3983764648437,246.6700134277344,9892586411,0.81,52093643866,6506,36696,13.06,406388,36895,11698675,72958739417,86,27384801687.611225,194535.0,1060083,3846243.5571527113,243.13430786132812
2020-07-09,246.748291015625,247.2916717529297,239.89865112304688,243.01596069335932,8429099199,0.74,47477907527,6430,36306,13.16,404057,37551,11894129,72763009946,101,27307378243.229515,146020.0,1089774,4111858.6273576487,244.23864364624023
2020-07-10,242.86801147460932,242.8837890625,236.73052978515625,240.9849853515625,7281370522,0.6,38637254876,6406,33660,13.26,385148,81592,11837007,72210167258,87,26818311978.925262,165491.0,1067104,4017323.506562153,240.86682891845703
2020-07-11,241.04478454589844,241.5274810791016,238.33123779296875,239.4581756591797,5643067316,0.55,33735159452,6533,31408,13.08,391142,113921,11722436,72943190236,74,26758702402.84118,218180.0,977367,1962081.9356135875,240.0904197692871
2020-07-12,239.4596405029297,243.31114196777344,237.7702178955078,242.13169860839844,6596394718,0.51,32085351933,6491,33339,13.13,372090,129044,11892084,73073815745,70,26930588095.596016,224008.0,1010194,2494592.10922154,240.66817474365234
2020-07-13,242.181869506836,244.31051635742188,238.2323760986328,239.6045837402344,7787751468,0.75,50960828747,6493,38813,13.1,422083,34035,11960544,73850785774,81,26980900679.65705,196263.0,1089144,2982917.8417125805,241.08233642578125
2020-07-14,239.97561645507807,242.0037841796875,237.7961883544922,240.21148681640625,7357458555,0.65,44351239353,6406,35595,13.24,418471,34213,11937483,72909067421,107,26854663131.79544,157325.0,1124609,4537446.198500696,239.99676895141602
2020-07-15,240.1436462402344,241.40269470214844,237.0961761474609,238.42352294921875,6189328448,0.77,51587477037,6465,36339,13.16,436128,14685,11955157,73788176889,61,26784141617.29565,147069.0,1096388,2731720.5792163657,239.26651000976562
2020-07-16,238.450912475586,239.0062561035156,231.6211700439453,233.6408843994141,5832057567,0.85,55735259161,6414,34885,13.27,394000,9986,11930537,72500484619,86,26617978661.46578,118224.0,1057490,2862961.384846053,235.67980575561523
2020-07-17,233.6913909912109,234.41506958007807,232.10997009277344,232.7730865478516,5859850529,0.86,58219936374,6454,35469,13.18,385733,11860,11812362,72007685336,107,26055538591.144848,124468.0,1106428,3200980.266611103,233.2473793029785
2020-07-18,232.85568237304688,236.54397583007807,232.32489013671875,235.4838104248047,5397402117,0.8,50656559485,6526,37273,13.05,362714,10816,11944837,74033402643,46,26389178043.105423,112836.0,1054271,2593623.7156730206,234.3020896911621
2020-07-19,235.4582977294922,239.1606903076172,233.2797393798828,238.48751831054688,6251377305,0.87,54609003475,6451,39012,13.2,375637,11198,11899546,73510728068,63,26269568511.67987,105588.0,1072073,2854277.5969059025,236.59656143188477
2020-07-20,238.494873046875,239.5762481689453,234.85264587402344,236.15316772460932,5600686192,1.05,70536742504,6436,38791,13.23,413162,8576,11902209,72789157337,95,26578329622.078007,108773.0,1125546,3361523.858379772,237.26923370361328
2020-07-21,236.3025054931641,246.186264038086,235.68096923828125,245.0167236328125,6806696015,1.17,75884344678,6380,38915,13.27,377815,16375,11868511,72751379169,72,27231424406.9322,118516.0,1129757,3403356.8750613774,240.79661560058597
2020-07-22,245.03726196289065,262.98504638671875,242.48434448242188,262.1906433105469,7702077383,1.21,72342074874,6460,39086,13.16,397424,9422,11943131,74015587006,86,27370328697.12361,116873.0,1134926,4274510.540746372,253.17432403564453
2020-07-23,262.3886413574219,277.5834655761719,261.0470886230469,274.6890563964844,10281309262,1.44,81533077820,6522,38977,12.98,414992,18003,11930028,74677796733,92,29446828682.665253,118773.0,1153312,5584931.466653029,268.92706298828125
2020-07-24,274.7226867675781,286.1928405761719,269.2397766113281,279.2154235839844,9466060358,1.37,76416250014,6502,40054,13.03,392813,11899,12023349,75049970554,94,30963271904.47757,123417.0,1114039,6043080.879303509,277.3426818847656
2020-07-25,279.0263671875,306.7409973144531,279.0263671875,304.0567626953125,10785021813,1.6,82224184318,6355,43155,13.37,414293,20216,12430463,76179056080,56,31654155969.129463,121312.0,1167977,4341873.696938928,292.2126235961914
2020-07-26,303.6923828125,316.3863220214844,300.267822265625,309.64361572265625,12003973026,1.5,72868554221,6488,38987,13.05,415912,39675,12474260,78306549441,63,33809574271.551582,144522.0,1190965,5648654.644042946,307.4975357055664
2020-07-27,309.6579284667969,330.7012023925781,309.6579284667969,321.5140991210937,15644257058,1.89,96651241529,6444,42468,13.15,452901,11725,12476026,77447071989,108,35216815928.20285,142035.0,1195605,6656035.934531825,317.8827896118164
2020-07-28,321.8297424316406,325.9059753417969,307.7213439941406,316.6572570800781,12357108065,1.4,71667637214,6476,40420,13.06,484572,36534,12476712,78112767375,109,35956806405.58177,146379.0,1260201,5157990.440661008,318.02857971191406
2020-07-29,316.55535888671875,324.3807983398437,313.1095886230469,318.1908874511719,10878845706,1.54,74335028131,6512,40069,13.07,412271,20937,12475407,78178695620,93,36045621539.430016,157430.0,1174771,4962372.849757602,318.0591583251953
2020-07-30,318.1449890136719,338.6311950683594,315.7510986328125,334.5866394042969,11827689045,1.51,71596140466,6386,40034,13.27,417721,22267,12471353,76393925734,108,35665685551.49028,142033.0,1166407,4376840.561410467,326.77848052978516
2020-07-31,334.6337280273437,348.6113586425781,329.3409423828125,345.5546569824219,12030600492,1.69,78904447180,6479,41294,13.02,424884,35683,12479174,77859908512,145,38501428312.91255,150595.0,1201175,5128776.781564487,339.53517150878906
2020-08-01,345.7986145019531,388.8479614257813,343.5874328613281,385.19970703125,14045259477,1.58,63846952921,6517,39194,13.06,444440,68895,12476644,78103433534,108,39348203107.52853,156435.0,1185358,4064120.8402962433,365.8584289550781
2020-08-02,385.54986572265625,411.2283020019531,357.1436462402344,370.6717224121094,18909744275,1.94,79704212228,6486,38262,13.07,429791,101923,12478026,77676603717,98,41182514919.69975,188803.0,1171072,5275427.593636554,381.1483840942383
2020-08-03,371.13385009765625,396.5069885253906,369.3363342285156,386.295166015625,12834648062,1.72,69980285209,6476,39135,13.09,447624,60538,12463898,77368571564,130,43977871249.2345,241855.0,1112579,4013362.753987279,380.8180847167969
2020-08-04,386.1564636230469,400.70062255859375,382.985107421875,389.87548828125,14086704221,1.46,59805862058,6405,38779,13.16,457094,80695,12478270,76773617744,128,43775619972.33713,178009.0,1199172,4252089.10294052,389.9294204711914
2020-08-05,389.7108154296875,406.303955078125,386.2184753417969,401.590576171875,12875466638,1.38,55170121710,6457,39224,13.16,461384,70242,12481144,77380401083,145,43637685157.631744,205419.0,1172833,3991288.34394983,395.9559555053711
2020-08-06,401.5838623046875,403.4886779785156,392.6001892089844,394.9619445800781,11304626458,1.45,60216328698,6515,40071,13.02,465284,41799,12474671,77511522141,167,44737759775.43122,189025.0,1191881,3520317.536757354,398.1586685180664
2020-08-07,395.2268676757813,398.2490234375,367.9355163574219,379.5128479003906,12751687084,1.73,75118872696,6483,41244,13.03,441552,32139,12469658,77596467503,96,43331759058.91388,178213.0,1238063,3531259.946869882,385.23106384277344
2020-08-08,379.5515747070313,393.98736572265625,377.3497314453125,393.98736572265625,9342060531,1.73,68308662136,6457,40882,13.17,417797,34380,12468529,76823830153,68,43853354731.86376,148038.0,1175412,3434404.4562840285,386.21900939941406
2020-08-09,395.3052368164063,399.7370910644531,385.8307189941406,391.1204528808594,9451065592,1.93,77549796325,6530,42761,13.04,391435,34572,12468830,78460962723,62,44426464425.21728,147289.0,1222189,2986166.039709163,392.99837493896484
2020-08-10,391.04150390625,399.3759460449219,391.04150390625,395.8875732421875,11685827893,2.86,118330751632,6482,43623,13.06,411595,15953,12461115,77842975139,106,44477782475.95448,142509.0,1275686,4007464.19720193,394.33663177490234
2020-08-11,395.8947143554688,398.4789123535156,370.8606262207031,380.3840637207031,12792218737,3.01,130226317248,6468,42282,13.06,405350,16300,12473010,77366491731,129,43069112587.41353,138857.0,1268335,5467683.133241425,386.40457916259766
2020-08-12,380.0638122558594,391.3123168945313,367.9236145019531,391.024169921875,12408772745,5.59,223687371417,6507,42490,12.97,351422,37646,12467102,78108663311,103,43171817994.48128,138834.0,1229866,6535882.351980167,382.5809783935547
2020-08-13,390.8381042480469,432.9046020507813,379.71087646484375,428.7417907714844,18480303526,7.12,263647078854,6479,40820,13.12,377816,72372,12475298,77864730512,116,44607900834.42859,161775.0,1212044,6040998.662167484,408.04884338378906
2020-08-14,428.6772766113281,444.5777587890625,423.3458557128906,437.3978271484375,15064589987,5.99,214593972654,6504,41348,13.06,391305,58795,12475556,78425468279,81,48815668158.83547,186102.0,1222652,7411434.06443614,433.4996795654297
2020-08-15,437.56298828125,441.7546081542969,429.8746032714844,433.35491943359375,12416067894,3.56,121279985669,6475,37635,13.08,402008,136032,12475990,77865065737,107,49224801757.61093,208352.0,1145798,4815428.626347633,435.63677978515625
2020-08-16,433.3505859375,436.2658386230469,415.0862426757813,433.78662109375,12168816874,2.97,103405893872,6505,39415,13.05,396728,121951,12479241,78478834034,79,48375745105.36492,234841.0,1116410,3074239.967548564,429.62232208251953
2020-08-17,433.9737548828125,442.7349853515625,422.6472778320313,429.53125,13227089410,3.14,115609204834,6398,40568,13.26,398428,95546,12471678,77437433421,141,47917942227.635605,216444.0,1180522,3679593.687279493,432.22181701660156
2020-08-18,429.6696166992188,432.5802917480469,419.6741027832031,423.6693115234375,11978984079,3.54,132626960562,6561,41973,12.9,388973,44109,12472898,78965311743,127,47421849314.70841,183152.0,1224451,4845050.359016498,426.39833068847656
2020-08-19,423.7385864257813,427.024658203125,396.6783447265625,406.4637756347656,13137391167,3.61,138374481225,6507,41021,13.01,396285,39196,12480657,78649648994,145,46171562943.01069,158771.0,1205540,4750284.814378868,413.4763412475586
2020-08-20,406.7589111328125,418.73443603515625,404.0260925292969,416.4397888183594,10043032427,3.21,116489744937,6534,40494,12.96,394016,38058,12473185,79126229540,129,46635943877.32441,149198.0,1187409,4520474.089206107,411.48980712890625
2020-08-21,416.1487731933594,418.6379699707031,387.4411315917969,389.1263427734375,11781796374,3.87,161842347101,6490,43296,13.04,418943,16611,12471648,78579746074,126,46651717889.097885,122664.0,1277897,4864372.750658518,402.8385543823242
2020-08-22,389.0310974121094,396.4665832519531,382.8146362304688,395.8351440429688,10131847985,2.87,107429133452,6456,38709,13.15,377006,106567,12442376,77588023144,106,43957624204.34642,156546.0,1106844,4128454.9499046905,391.036865234375
2020-08-23,395.5628356933594,396.4904174804688,385.039794921875,391.3844909667969,8137303970,2.28,86163918808,6577,37975,12.92,391132,154835,12454450,79293509632,111,44117399150.17684,216200.0,1150938,3218199.2525953823,392.119384765625
2020-08-24,391.6789855957031,409.3885803222656,389.3146057128906,408.1441955566406,10328860398,2.72,98937713405,6516,39426,13.0,397914,56244,12461923,78840099923,150,45166154961.60527,197855.0,1141482,3856046.0943084992,399.631591796875
2020-08-25,408.0716857910156,408.5279235839844,374.3553771972656,384.00103759765625,12428442042,2.82,110741208100,6425,38422,13.2,385868,85536,12462972,77562617010,171,45201085195.64972,172125.0,1128551,4287005.325036701,393.73900604248047
2020-08-26,383.9774475097656,391.8732604980469,378.7058410644531,386.4661254882813,9967343483,2.38,93103481649,6569,38849,12.92,397722,83200,12468014,79254937017,195,43175406679.16818,198266.0,1162766,4315433.537927298,385.2556686401367
2020-08-27,386.60986328125,395.3491821289063,374.8664855957031,382.6326293945313,10457777652,2.48,97826615038,6497,37975,13.07,391712,78046,12453143,78273347480,187,43353195842.85075,161045.0,1159504,3878391.653252898,384.86454010009766
2020-08-28,382.6295776367188,397.7576293945313,381.2738342285156,395.8746643066406,9120674421,2.52,93087752585,6533,38556,13.01,370248,70143,12462725,78430303714,169,43485036693.7733,202499.0,1116436,4219015.281502752,389.38392639160156
2020-08-29,395.6875915527344,405.6163635253906,393.0374145507813,399.9214782714844,8777703481,2.77,102907957139,6508,39752,13.04,341047,63861,12466695,78478309540,118,45396264474.66854,160641.0,1113453,6938782.497563939,398.56571197509766
2020-08-30,399.61669921875,428.6639709472656,399.6083679199219,428.3957214355469,11211948040,6.23,211899164124,6531,41266,12.96,316417,29643,12467005,78784401243,92,45573745785.99306,128168.0,1148736,5899303.083581793,414.0711898803711
2020-08-31,428.5090026855469,438.5603332519531,419.7701721191406,435.0797424316406,12774741797,6.64,236124357466,6592,41082,12.89,371267,13433,12458410,79535399741,189,47340959191.07659,119297.0,1197413,8475756.514239673,430.4798126220703
2020-09-01,434.87445068359375,487.2118835449219,432.0791931152344,477.0519104003906,18862763756,13.57,445944863506,6531,41299,13.0,367221,7674,12452457,78863623702,178,52064717334.12471,122994.0,1256737,11496450.554775262,457.80435943603516
2020-09-02,477.00787353515625,480.33099365234375,424.46002197265625,440.0404968261719,19691854014,14.14,480096303210,6491,39767,13.06,349031,5936,12470752,78426177487,207,52487046730.78735,105066.0,1189020,12687431.336347315,455.45984649658203
2020-09-03,440.239990234375,449.532470703125,381.1296997070313,385.67193603515625,19622845896,10.31,391330863477,6463,39339,13.04,351151,6616,12454381,78205133568,238,49161571127.43066,93893.0,1164436,12438040.71630803,414.1435241699219
2020-09-04,384.671630859375,402.4117431640625,371.6366882324219,388.24114990234375,16747106257,6.09,232290794845,6607,37490,12.83,393339,39010,12459654,79480732784,254,43446996932.1118,114386.0,1173314,11548435.525114609,386.7403030395508
2020-09-05,388.0383911132813,394.1722717285156,316.7743530273437,335.26007080078125,29880047640,7.03,276608264542,6542,36170,12.99,315690,16618,12459273,77953696178,172,42828226558.19606,101481.0,1046551,11769004.816184117,358.56127166748047
2020-09-06,335.3345642089844,359.7640380859375,319.0419006347656,353.3622741699219,27643678917,3.45,129483046259,6611,35851,12.83,347957,119669,12463261,80181154846,176,38256617535.83578,158079.0,1032987,12304819.863855332,341.87569427490234
2020-09-07,353.45025634765625,358.2118835449219,326.2543640136719,352.6734924316406,21763614732,2.91,112638419991,6470,36290,13.14,352857,92290,12461271,78174242990,253,38746831185.38341,169930.0,1062272,8526574.020596616,347.64749908447266
2020-09-08,353.2022705078125,355.5628662109375,328.8167724609375,337.60211181640625,17991403432,2.63,103774996937,6523,36065,12.99,343663,113518,12461220,78767421313,248,39018039093.35133,225858.0,1019844,6567185.495470075,343.79600524902344
2020-09-09,337.8249206542969,359.1644897460937,332.1650085449219,351.1100158691406,14547933520,3.08,120490254791,6490,36405,13.06,320893,55026,12464900,78589349592,292,38471562613.85313,140156.0,1042432,7745894.903078872,345.0661087036133
2020-09-10,351.4293212890625,377.3935852050781,351.1117553710937,368.1018981933594,31421134556,4.56,179314983224,6510,39037,13.0,316192,7285,12459241,78652835328,201,40958191584.21013,102477.0,1093796,11669333.296166953,362.00914001464844
2020-09-11,368.1184997558594,376.6304016113281,355.58258056640625,374.6955871582031,27296269329,4.02,147230410369,6571,37013,12.9,311490,12223,12460321,79743009950,246,40781048905.08179,93926.0,1106655,12876345.683979493,368.7567672729492
2020-09-12,374.5953979492188,387.5384521484375,367.8421936035156,387.18310546875,13295405814,3.08,107402741783,6501,36747,13.09,312900,64052,12450028,78765515640,168,41481356296.996605,121317.0,1037105,8361051.662154998,379.28978729248047
2020-09-13,387.519287109375,388.9598083496094,354.3401794433594,365.5700073242188,15005899191,3.27,120532907374,6545,37461,12.99,291066,70525,12465945,79413962613,161,43644550417.39129,144741.0,1047250,11157221.303730208,374.0973205566406
2020-09-14,365.6995849609375,384.4851989746094,357.5697631835937,377.2688598632813,17536695361,5.43,199500184878,6458,38902,13.14,313934,7258,12460059,78372157982,195,41581532333.53535,109789.0,1069595,12243507.550144669,371.25585174560547
2020-09-15,377.1540222167969,381.50830078125,363.6068115234375,364.8392028808594,16140584321,4.93,186693081226,6551,38490,13.05,340740,18576,12455527,79615836276,244,42287586144.6322,89103.0,1096522,9671615.997737816,371.77708435058594
2020-09-16,364.7439880371094,372.7674255371094,356.6827392578125,365.8122863769531,16107612177,4.11,152924068259,6454,37243,13.15,316213,36606,12463941,78394336174,212,41198370208.563,102132.0,1050039,10090245.362390997,365.0016098022461
2020-09-17,365.8657836914063,393.901611328125,364.7951354980469,389.0192260742188,19899531080,11.85,538006886531,6590,58953,12.87,445217,6727,12472107,79872680412,102,42839173620.44864,120994.0,1272709,13250055.310778704,378.3954391479492
2020-09-18,389.3374938964844,391.9041442871094,376.9649963378906,384.3645324707031,14108357740,7.64,318642907595,6435,44691,13.18,428743,5444,12463675,78013250896,229,43509948261.19366,115638.0,1296871,13029969.525680892,385.6427917480469
2020-09-19,384.0416564941406,387.0763549804688,378.72406005859375,385.54437255859375,11049507684,4.79,174319934634,6526,39058,13.01,379637,24782,12460034,79259285506,242,42610840225.99406,112781.0,1143721,11487344.785889424,383.8466110229492
2020-09-20,385.5979919433594,385.5979919433594,367.0943603515625,371.0528259277344,12292195784,3.44,132890442848,6593,37327,12.87,402408,32714,12451860,79769667516,185,42957086687.26101,113663.0,1094554,7878303.760107893,377.3357925415039
2020-09-21,371.400146484375,375.7370300292969,336.0689697265625,341.7860717773437,17398267133,4.07,176908105832,6567,38593,12.92,401767,48577,12456178,79397633332,272,41682196802.49158,111300.0,1125865,8752993.550106255,356.24805450439453
2020-09-22,341.72381591796875,346.600830078125,336.85504150390625,344.503173828125,12732578043,3.87,159389045782,6439,40218,13.16,367103,29465,12462096,77951908536,252,37923289727.530975,132750.0,1097978,7240211.79774702,342.42071533203125
2020-09-23,344.58990478515625,344.67138671875,318.9692077636719,321.1163024902344,12899346599,2.97,128840734977,6527,38870,13.04,377128,44944,12458827,78907480390,282,37863432132.75477,124214.0,1086019,6806398.81924273,332.3367004394531
2020-09-24,320.9850158691406,351.46148681640625,318.54510498046875,349.3555908203125,15714304470,2.72,109209158178,6513,37690,13.06,392544,65550,12458096,78963329478,309,36965754289.7959,149409.0,1079716,7544547.657292108,335.08679962158203
2020-09-25,349.41143798828125,357.7727355957031,339.01593017578125,352.1832580566406,14381086966,2.61,102666573843,6452,37258,13.26,358513,73159,12457670,78060701536,249,38664695306.1823,129379.0,1048373,5844869.079303327,349.59584045410156
2020-09-26,352.35089111328125,355.8547668457031,348.10711669921875,355.48809814453125,13049148579,2.26,83509486824,6426,36638,13.27,357624,114251,12470471,78219863288,234,39541745860.69819,189112.0,1001649,5083729.441407919,352.9502182006836
2020-09-27,354.9598999023437,361.9844055175781,349.8340759277344,357.4385070800781,13598126926,2.36,86032333679,6368,36580,13.42,348447,79389,12456251,77232274120,185,39966276624.55222,169207.0,980163,4536295.149805103,356.0542221069336
2020-09-28,357.9259338378906,366.4321594238281,354.5476379394531,355.159423828125,14258455166,2.97,121961991712,6404,38712,13.35,370708,30754,12454377,77899985330,244,40305468363.86887,136945.0,1027795,6341602.952412913,358.5162887573242
2020-09-29,354.3630065917969,360.3533630371094,352.1468505859375,359.75738525390625,11600013236,3.73,153890704190,6387,38831,13.35,370761,17969,12427217,77337826258,247,40040737462.58514,103143.0,1107821,6658866.880563674,356.6551513671875
2020-09-30,360.0385131835937,361.17877197265625,353.32794189453125,359.9378662109375,11818610610,2.95,119863366771,6404,38201,13.34,368437,17390,12435661,77669896295,302,40001463420.76591,111619.0,1042962,6532227.572046839,358.6207733154297
2020-10-01,360.3091430664063,369.264404296875,346.47705078125,353.2059020996094,14679481911,2.58,100691869694,6425,36977,13.34,361319,54514,12461290,78153314780,285,41065403469.130646,102199.0,1038032,5206530.435865543,357.31412506103516
2020-10-02,352.9496765136719,354.11541748046875,336.4671630859375,346.2389221191406,14215390463,2.35,93806763969,6361,36763,13.36,352205,76327,12465901,77516194687,206,38594416489.93396,148719.0,1030332,8244220.985681917,347.4427947998047
2020-10-03,346.2186279296875,351.3077087402344,344.66656494140625,346.5220947265625,10060167889,2.01,79724495395,6375,34866,13.37,328233,117861,12443822,77451328901,236,39074081006.73483,203196.0,967037,5114828.105465936,347.17874908447266
2020-10-04,346.60223388671875,354.0457458496094,345.1310119628906,352.5790100097656,10696959020,2.11,83002261988,6373,37145,13.43,339462,69082,12464926,77657372343,200,39318789104.690575,160349.0,989415,4155654.1569986497,349.5895004272461
2020-10-05,352.73681640625,355.2140808105469,349.6799011230469,353.956787109375,11809507622,2.23,90700178586,6446,37933,13.24,328559,44136,12466206,78307833105,225,39643767455.434906,131295.0,998395,4867555.592862224,352.8968963623047
2020-10-06,353.9564819335937,354.989013671875,338.0032958984375,340.8158569335937,12830796112,2.62,109232953367,6472,39563,13.2,350221,31746,12469435,78747165348,218,39610301869.13677,124459.0,1059236,5089951.929193095,346.941162109375
2020-10-07,340.9430847167969,342.4508361816406,334.5455627441406,341.80865478515625,11929918060,2.02,85972225652,6337,37957,13.5,352705,40250,12460975,76951259805,260,38539175240.20104,102976.0,1075259,6461424.510970299,339.9370346069336
2020-10-08,342.0446472167969,352.21148681640625,335.6474914550781,350.7661437988281,13461017711,2.06,87114899986,6301,37115,13.54,349359,48242,12279575,75375596104,241,38011932622.75489,138869.0,1016462,6332155.297972375,345.16744232177734
2020-10-09,351.1128845214844,368.3103332519531,348.2058410644531,365.5904846191406,13043501763,2.0,80387358281,6378,37292,13.41,374349,54624,12453527,77357297734,265,39589281146.966,135617.0,1053760,5426773.191196857,358.3048858642578
2020-10-10,365.4024658203125,378.2671508789063,365.3540344238281,370.9675903320313,13618484324,1.61,64197264627,6509,35619,13.13,365867,82263,12466925,76569429799,192,42355474695.89794,149253.0,1031041,5711856.425248738,369.99781036376953
2020-10-11,370.9284362792969,377.2467956542969,369.8280334472656,375.1420593261719,12584512533,1.34,49653860265,6569,35265,12.97,356874,158985,12467821,79786775919,228,42049465596.81893,203311.0,1006358,4884471.098462193,373.2863311767578
2020-10-12,374.7987365722656,395.1221618652344,366.642333984375,387.7312622070313,15867455424,1.95,76063541206,6457,38657,13.17,371009,77676,12469822,78295187648,267,42268538940.46738,215464.0,1069176,4777088.016466109,381.07362365722656
2020-10-13,387.1429443359375,387.3756713867188,375.58245849609375,381.1907653808594,14226744838,1.93,75080099063,6574,38207,12.9,405963,74507,12475538,80096589404,265,43274279336.89803,170624.0,1123652,4837750.650637003,382.82295989990234
2020-10-14,381.9714660644531,387.2961730957031,374.1750183105469,379.4840393066406,13918846567,2.06,75643030426,6538,37253,13.05,393764,76304,12473041,79547880329,293,43220838760.49283,130398.0,1099513,7996558.829951922,380.73167419433594
2020-10-15,379.1922302246094,381.2087707519531,371.3541259765625,377.44183349609375,14964182545,1.76,74178882628,6565,39335,12.91,533511,49376,12470731,80133031649,297,42830851188.740616,187821.0,1193269,5820163.892151677,377.2992401123047
2020-10-16,377.8684997558594,380.0215148925781,362.597412109375,366.22900390625,14670784817,1.49,63068023041,6496,37897,13.09,483916,100849,12474317,78926805019,296,41800625813.17476,194694.0,1209083,5658593.06149258,371.6791076660156
2020-10-17,366.0157165527344,369.7681274414063,364.489013671875,368.8559265136719,10951115359,0.91,36291623945,6527,34983,13.05,431067,202118,12476373,79293510847,265,41604870925.87968,276146.0,1072764,4869023.233680151,367.2821960449219
2020-10-18,368.7275390625,378.59765625,368.129150390625,378.2136840820313,11047103109,1.04,40183042347,6450,34916,13.25,367266,229368,12476496,78440855920,234,42286342618.225815,289794.0,1028509,3624635.600608459,373.41700744628906
2020-10-19,378.4696350097656,383.3176574707031,373.7022705078125,379.93560791015625,12811242092,1.41,56873119620,6594,38376,12.89,396357,64412,12472844,80373648781,279,42419365749.64464,238712.0,1080167,3782190.798049825,378.8562927246094
2020-10-20,379.7196960449219,380.7610168457031,367.60107421875,369.1369018554688,13741586582,1.51,61935567910,6505,38673,13.1,389225,41098,12474870,79106046104,356,42495397342.52772,142455.0,1091857,3779228.545209453,374.30467224121094
2020-10-21,369.0594177246094,400.6272583007813,368.72796630859375,392.1899719238281,20241324322,1.94,74178258309,6513,39300,13.12,421969,16479,12474919,79399947057,351,42881163489.03253,136408.0,1140099,6139654.062953339,382.6511535644531
2020-10-22,391.4886169433594,420.14166259765625,391.27630615234375,413.7729797363281,15772846485,1.69,63311659678,6538,39041,13.03,452632,24129,12477614,79547201646,367,44691669477.994576,143466.0,1183772,7269791.030366364,404.1698913574219
2020-10-23,414.0513305664063,418.9599304199219,403.08203125,409.7666931152344,14256222052,1.59,58483044067,6474,37597,13.2,430670,58834,12480845,78856378259,370,46710486191.91419,144915.0,1161273,8918856.944381414,411.4649963378906
2020-10-24,409.7672424316406,416.59967041015625,407.8517150878906,412.4576110839844,12201739194,0.92,32203857762,6582,33663,12.96,394318,189777,12474388,80084922236,320,46479383269.11309,239763.0,1056129,4395414.068704909,411.66905975341797
2020-10-25,412.4576416015625,417.1592102050781,405.35064697265625,406.2177734375,10890207469,0.99,33050174347,6479,33759,13.19,350599,179330,12478105,79042948835,309,46392488266.66692,250994.0,977623,3199448.21376815,410.2963180541992
2020-10-26,406.2179870605469,411.2798767089844,383.7828979492188,393.8883056640625,15155684229,1.6,55960128939,6466,37969,13.14,382457,54392,12478151,79016361979,353,45852639614.79953,219509.0,1041459,5064321.048184439,398.7922668457031
2020-10-27,393.88818359375,409.7728576660156,390.60845947265625,403.9970397949219,13940434102,1.18,43438225272,6545,38239,13.07,386285,54791,12478960,79863638745,340,44684639377.42695,175735.0,1081188,6351746.398793834,399.56663513183594
2020-10-28,403.9971008300781,408.9647521972656,381.1463317871094,388.6507568359375,15276441134,1.65,64546938423,6551,39478,12.95,409334,31745,12475808,79792369114,276,45000373751.86046,143827.0,1127495,6020536.686373097,395.68973541259766
2020-10-29,388.6510620117188,393.2276916503906,381.2887573242188,386.7301025390625,12920477749,1.78,68638448298,6526,38598,13.02,377289,23574,12474011,79579101714,387,43940388422.73395,136175.0,1107332,7007155.627014534,387.47440338134766
2020-10-30,386.7302551269531,391.4647216796875,375.0924072265625,382.8199768066406,13688056970,1.59,63336696249,6491,38732,13.09,390866,52075,12474851,79189425544,268,42879966160.86121,120825.0,1122727,6779174.789632757,384.02684020996094
2020-10-31,382.8200378417969,393.0101318359375,381.2952575683594,386.59033203125,11276963426,1.06,40821601761,6526,37664,13.09,411117,84378,12474670,79268978218,226,43588412724.17339,193588.0,1096806,4873577.808854411,385.92893981933594
2020-11-01,386.59033203125,397.1161193847656,385.16552734375,396.3581848144531,10475146018,0.91,33958389367,6511,36823,13.1,383398,82005,12477630,79282977653,272,44118650747.03336,219918.0,1039146,4218425.882497831,391.3075408935547
2020-11-02,396.3559875488281,403.2407531738281,381.01763916015625,383.15673828125,13997574252,1.46,59556293025,6474,39219,13.21,416670,26382,12478380,79012728281,297,45282683387.17913,129166.0,1141578,6263427.988655445,390.9427795410156
2020-11-03,383.1560363769531,389.515380859375,371.312744140625,387.6021728515625,12588494762,1.16,44994623512,6518,38720,13.05,410326,63777,12480562,79616921576,338,42541955855.435394,152028.0,1138344,5971044.054513771,382.8965835571289
2020-11-04,387.6032104492188,407.6656494140625,377.8276062011719,402.1419982910156,15126077675,0.98,36929765158,6527,38593,13.09,465901,124552,12477722,79492127790,357,42869322325.05476,213837.0,1123102,6170724.683383733,393.8096160888672
2020-11-05,402.1429443359375,417.5259399414063,397.2458190917969,414.0673522949219,15440711038,1.39,50351219255,6514,38977,13.09,426633,33175,12473765,79336277230,298,45730028293.35793,189668.0,1125873,7912942.09974478,407.7455139160156
2020-11-06,414.0667114257813,456.20062255859375,412.9822998046875,454.7192993164063,16738305610,1.76,59743475915,6539,40265,13.04,459937,30922,12475256,79584660676,291,49405638951.73734,130368.0,1166366,11282432.329210732,434.4922332763672
2020-11-07,454.7225646972656,465.6754760742188,428.4563598632813,435.713134765625,18873289788,1.65,55699556300,6500,39353,13.15,433313,49120,12469641,79093696984,156,51830224477.5878,159583.0,1146885,8071144.817819705,446.14188385009766
2020-11-08,435.71881103515625,457.7804565429688,433.1537780761719,453.5547790527344,11292383601,0.95,29270287574,6538,35311,13.04,397032,188315,12474492,79701963471,290,49556916844.9978,247597.0,1019311,4839593.71256618,445.0519561767578
2020-11-09,453.57415771484375,457.349609375,435.1638793945313,444.1630554199219,13704320630,1.23,43036804081,6507,39368,13.1,431764,81398,12477895,79396785999,309,50520036867.71459,211900.0,1140922,5998605.915112888,447.5626754760742
2020-11-10,444.1663818359375,453.7583618164063,439.6001281738281,449.67962646484375,12090381666,1.47,50067322104,6452,40206,13.16,417243,35485,12476503,78793907472,314,51001294877.62122,187953.0,1152113,4928657.378920268,446.8011245727539
2020-11-11,449.6796569824219,473.578857421875,449.5249328613281,462.9605407714844,14075403511,1.59,52469222811,6528,36840,13.08,427869,175886,12477951,79640154012,224,52499226790.26841,274178.0,1097526,4915058.131056701,458.93599700927734
2020-11-12,462.9595336914063,467.6778259277344,452.0724182128906,461.0052795410156,12877327234,1.76,58433082358,6512,37937,13.09,409178,137913,12474633,79708979348,347,52745365491.55594,242195.0,1126369,6041617.582070927,460.9287643432617
2020-11-13,461.0054931640625,475.2172546386719,457.2982482910156,474.6264343261719,13191505725,1.69,54834222262,6534,39425,13.0,426682,22466,12476628,79735847173,245,52314403241.86982,232180.0,1115317,6268034.553873659,467.03685760498047
2020-11-14,474.6264343261719,475.1614379882813,452.986083984375,460.14984130859375,10312037942,1.21,34540619732,6542,36612,13.0,425066,117894,12477608,79752260413,246,53041639160.59792,172683.0,1094296,5485032.467298302,465.73094940185547
2020-11-15,460.14990234375,460.99407958984375,440.25433349609375,447.55908203125,10308617165,1.09,34544174003,6546,36704,13.05,385068,85404,12476491,79665549484,227,52311823388.92686,222575.0,1040452,3986790.165419492,452.2393493652344
2020-11-16,447.5589904785156,463.8310241699219,445.5016174316406,459.9403076171875,11441239444,1.48,47985935398,6476,38425,13.15,417196,36727,12470455,79057383494,264,51637566734.30911,167069.0,1082043,5590582.2604938205,454.2079849243164
2020-11-17,464.4066467285156,482.2322082519531,460.776611328125,480.3600769042969,14593057877,2.42,74866465876,6525,39870,13.05,435594,8229,12475694,79420719589,262,52897020965.80096,135042.0,1150275,10415273.666586006,471.94388580322266
2020-11-18,480.3468322753906,491.9999084472656,465.8309631347656,479.4840698242188,17880199224,2.72,80394403719,6456,38280,13.23,416577,11316,12476858,78884707574,296,54055987658.98535,138244.0,1169602,9006993.684961347,479.41544342041016
2020-11-19,479.4810180664063,480.1217346191406,465.7042541503906,471.6304321289063,12473929218,1.63,46783318521,6609,38221,12.87,436937,10699,12472586,80648971146,257,53634383870.92744,127707.0,1087214,5789379.091425886,474.23435974121094
2020-11-20,471.6314697265625,513.6103515625,471.6314697265625,509.74456787109375,18629943296,2.24,68357121233,6452,40044,13.19,442114,9614,12483766,78540212070,205,55713545964.48454,141092.0,1164331,6080364.167983573,491.6544647216797
2020-11-21,509.7445983886719,550.2274169921875,504.2377624511719,549.4866333007812,20757099184,2.39,66371016498,6566,40073,12.94,464448,8182,12478136,79852230557,153,57966260027.48856,144933.0,1150138,8375367.728091683,528.4241027832031
2020-11-22,549.4866333007812,579.3724975585938,514.5172119140625,558.068115234375,21967049601,2.37,62695231579,6509,40163,13.02,451267,8057,12477367,79155483331,158,61631935628.19381,141573.0,1153994,7823978.588150762,550.3611145019531
2020-11-23,558.0595092773438,609.9876098632812,551.2652587890625,608.4540405273438,27272302872,2.92,76578870525,6451,42075,13.16,469915,13426,12479492,78782841274,206,66015441469.61279,143905.0,1201209,10893928.589094248,581.9416046142578
2020-11-24,608.5227661132812,621.1734008789062,593.8351440429688,603.8977661132812,23281758100,3.5,93649625593,6567,41631,12.95,460524,15805,12478292,79715083050,211,68784792829.99005,165329.0,1245264,8337155.583988057,606.8572692871094
2020-11-25,603.9020385742188,605.0941772460938,559.67138671875,570.6866455078125,20088492893,2.16,61060602390,6469,41409,13.16,477885,14627,12481505,78851915577,229,67375594378.82698,174268.0,1215850,5596831.787917095,584.8385620117188
2020-11-26,570.514892578125,575.6414794921875,485.497314453125,518.8011474609375,31104004592,4.96,142517747433,6533,40851,13.07,417612,27267,12479339,79349591096,185,58706481737.48452,141118.0,1189361,11674840.45421059,537.6137084960938
2020-11-27,519.1080932617188,530.7771606445312,497.24261474609375,517.4937133789062,16831105703,1.47,45168615208,6417,38212,13.34,446478,82251,12480642,78391315304,245,58889881180.99449,171642.0,1139470,8882467.041975224,516.1553955078125
2020-11-28,517.5973510742188,548.0448608398438,508.1253662109375,538.2297973632812,14770243833,1.22,34986023055,6599,34215,12.89,408303,252639,12472904,80422510325,225,58453814390.91265,301652.0,1002098,3932255.455920331,527.9993438720703
2020-11-29,538.2645874023438,576.6024169921875,531.987548828125,575.758056640625,15017517758,1.14,30780782615,6512,34741,13.11,440192,269537,12480967,79310759260,211,61586884976.48487,420078.0,966721,3125917.66396246,555.6531524658203
2020-11-30,575.757080078125,615.2405395507812,571.5377807617188,614.842529296875,20276867833,3.13,78983988030,6570,40058,12.92,430099,19332,12479861,80194820798,224,66586032088.50835,184339.0,1136160,5546913.548908134,594.344482421875
2020-12-01,615.0703125,635.1605834960938,571.7539672851562,587.3241577148438,27178964465,3.27,87210450983,6519,40453,13.08,438073,14813,12478577,79417362821,289,69495163582.85188,139169.0,1207981,7554068.068469962,602.3272552490234
2020-12-02,587.2615966796875,604.0224609375,578.7410278320312,598.3523559570312,16883292129,1.76,44017238565,6441,38852,13.22,403142,17208,12478946,78455307924,349,68032233242.22424,120556.0,1077818,4979903.260951911,592.0943603515625
2020-12-03,598.459228515625,622.4526977539062,588.3463745117188,616.708740234375,16146190946,1.93,47047850997,6559,40532,12.99,410608,32949,12478459,79655755902,256,68085758398.0215,139025.0,1106244,6626788.241151228,606.4917602539062
2020-12-04,616.7227783203125,618.983154296875,569.2835083007812,569.3541870117188,16337589997,1.97,54133415152,6449,41262,13.22,410141,17814,12480436,78593382248,228,68809447251.40154,114448.0,1148541,7579643.630559041,593.5859069824219
2020-12-05,569.34765625,596.595458984375,563.1066284179688,596.595458984375,13498010566,1.51,37247774997,6495,37952,13.15,401719,84841,12479344,79071561462,158,66565365839.39536,155948.0,1067678,10341503.029619817,581.4113006591797
2020-12-06,596.5686645507812,606.7919311523438,584.4117431640625,601.9089965820312,11290893016,1.54,36457991314,6558,38320,13.0,376885,87945,12481184,79796966700,193,68294977804.27209,189395.0,1031621,4440269.950288086,597.4203338623047
2020-12-07,601.797119140625,602.9179077148438,585.4286499023438,591.8433837890625,10720480962,1.92,50119786947,6465,40459,13.16,395197,51036,12479581,78739456406,239,68379047327.921616,156900.0,1082387,4382811.406070967,595.4967651367188
2020-12-08,591.9008178710938,594.7515869140625,552.46923828125,554.8277587890625,14398919320,2.34,64453892343,6484,42595,13.11,403949,14015,12476740,79147899784,174,67009179561.26861,116885.0,1135098,6235229.103693253,573.4873504638672
2020-12-09,554.7929077148438,577.2883911132812,532.9984130859375,573.4791259765625,15855915840,2.5,65315353811,6603,40708,12.92,401998,18809,12474315,80408427175,182,61350865633.71775,119728.0,1158588,9074221.6035275,559.6397094726562
2020-12-10,573.5040283203125,574.6001586914062,549.7840576171875,559.6785278320312,11672582040,2.17,56230297216,6425,39910,13.26,381124,16458,12479323,78459732756,251,64118806328.61788,111155.0,1114508,5111285.851487256,564.3916931152344
2020-12-11,559.67919921875,560.376708984375,537.8116455078125,545.79736328125,11098819124,2.34,63672809905,6486,42280,13.14,403955,14601,12481315,79415441036,229,61660078591.198845,107988.0,1093311,9297535.347463075,550.9162292480469
2020-12-12,545.5785522460938,573.3394165039062,545.24560546875,568.5673217773438,8534557897,1.62,42794623984,6491,36771,13.08,425305,46437,12480114,79201181970,170,63680257614.479744,169897.0,1120151,4969825.127882128,558.1827239990234
2020-12-13,568.60986328125,593.78125,564.5659790039062,589.6632080078125,9070377862,1.72,45496784769,6487,37847,13.18,453642,70762,12479137,79221016663,171,65930504239.33819,249170.0,1098968,4547261.958462837,579.1550750732422
2020-12-14,589.782470703125,590.4929809570312,577.118408203125,586.0111694335938,8125837102,2.24,63655438361,6524,40676,13.04,470822,13040,12482078,79648873534,238,66721062411.972206,200792.0,1239229,4627234.694613431,585.8512573242188
2020-12-15,586.0217895507812,596.2477416992188,580.6287841796875,589.3555908203125,9326645840,3.16,84560575140,6489,40999,13.13,444755,11190,12485644,79074915212,245,66655951732.6106,161760.0,1220687,5691476.305515456,588.0634765625
2020-12-16,589.378662109375,636.6403198242188,582.0391235351562,636.1818237304688,15817248373,3.24,83601467306,6535,42017,13.02,488008,11193,12481915,79951277395,370,66604056526.49284,168735.0,1221649,5896707.232935496,611.0599822998047
2020-12-17,636.1541748046875,673.834228515625,628.7493896484375,642.8689575195312,25479532147,5.28,138817534460,6540,43508,13.05,537242,12477,12481942,79627450773,219,73803583606.36958,190203.0,1358181,9280317.165560473,645.4016876220703
2020-12-18,642.9169921875,662.6990966796875,632.3560791015625,654.8119506835938,15756303983,3.05,74197672209,6491,40747,13.13,476663,15330,12481434,79037397236,269,73405539171.50732,129791.0,1226867,7253603.953168594,648.1960296630859
2020-12-19,654.6242065429688,668.7695922851562,646.6162109375,659.2979125976562,12830893778,2.77,70165553145,6514,40848,13.07,477560,15891,12484016,79608772275,182,73984295548.55519,117054.0,1184185,6434009.273288121,657.3269805908203
2020-12-20,659.18505859375,659.9237060546875,625.0144653320312,638.2908325195312,13375855442,2.03,44525185130,6542,39616,12.99,404962,39693,12477287,80319231358,192,74755943464.90067,139284.0,1065227,4230693.004849618,645.603515625
2020-12-21,638.315185546875,646.8465576171875,600.8360595703125,609.81787109375,14419493621,3.28,80001622383,6504,42079,13.11,403845,14258,12479168,79552645599,231,73595700227.69267,111748.0,1153996,10224876.45733063,623.9539184570312
2020-12-22,609.4205322265625,635.0765991210938,589.552001953125,634.8541870117188,14745890080,2.9,66555945514,6502,42003,13.13,407729,16134,12481186,79413268364,224,67872858445.305084,128910.0,1153624,5939179.200907767,617.225830078125
2020-12-23,634.8245849609375,637.122802734375,560.3642578125,583.714599609375,15261413038,4.19,108363073898,6597,48714,12.95,458030,9432,12480767,80401648551,195,70260587492.44406,110408.0,1211465,5861877.435401708,604.0065612792969
2020-12-24,584.1356201171875,613.815185546875,568.5963745117188,611.607177734375,14317413703,3.58,89685037081,6470,42719,13.15,426189,40659,12480824,78882857208,217,66306508914.93964,116420.0,1201869,8406690.95967642,594.5385894775391
2020-12-25,611.5545654296875,633.0614013671875,605.4244384765625,626.4107055664062,13520927700,3.9,91695148943,6435,53908,13.18,401214,13482,12480424,78458935977,132,69745343930.04355,129897.0,1117258,3741296.578814559,619.1127777099609
2020-12-26,626.498046875,650.721435546875,617.402099609375,635.8358154296875,14761125202,2.9,66456740443,6583,45645,12.9,407771,13500,12478956,80390812298,104,71222186587.27617,108353.0,1114440,3912943.270934917,632.6143493652344
2020-12-27,635.8871459960938,711.3935546875,628.3349609375,682.642333984375,26093552821,4.39,98656135135,6508,45278,13.11,429897,15461,12478004,79617170233,154,74056472738.98068,119629.0,1160961,6720109.072423567,664.5644989013672
2020-12-28,683.205810546875,745.8777465820312,683.205810546875,730.3973388671875,24222565862,5.15,114189559877,6597,46018,12.9,465651,13718,12478868,80353454827,151,83665569004.61,128674.0,1256256,7440606.197593149,710.6716766357422
2020-12-29,730.3587036132812,737.952880859375,692.1494140625,731.5201416015625,18710683199,4.5,96068312188,6410,44851,13.3,452769,11854,12481859,78498863946,226,80714300837.91385,134672.0,1227788,6576195.562183297,722.9952850341797
2020-12-30,731.4728393554688,754.30322265625,720.9888916015625,751.6189575195312,17294574210,5.51,113634752762,6544,43028,13.01,451586,17083,12476014,79683258757,168,83785169521.28116,128335.0,1216619,7928650.366710814,739.5959777832031
2020-12-31,751.6266479492188,754.2994384765625,726.5119018554688,737.8034057617188,13926846861,4.92,99481529136,6502,41259,13.08,426829,16628,12475450,79183032550,203,85415899460.1166,131470.0,1187157,8271044.409206036,742.5603485107422
2021-01-01,737.7083740234375,749.2018432617188,719.792236328125,730.3675537109375,13652004358,3.33,66560418720,6545,40957,13.06,446762,25540,12481118,80034402241,74,84249938773.40163,132817.0,1127256,4969709.715548166,734.2675018310547
2021-01-02,730.4026489257812,786.7984619140625,718.1094970703125,774.5349731445312,19740771179,5.3,102605721507,6601,40870,12.94,424287,31785,12478403,80944343007,116,87537858594.34103,135790.0,1128493,4956511.669751965,752.4613952636719
2021-01-03,774.5118408203125,1006.5650024414062,771.5616455078125,975.5076904296876,45200463368,10.32,170448206739,6476,43196,13.15,494406,11332,12470259,78950689587,107,88289455461.97253,146605.0,1228343,11603654.224847138,882.0365447998047
2021-01-04,977.058837890625,1153.189208984375,912.3053588867188,1040.2330322265625,56945985763,16.46,259308818014,6517,43280,13.08,516263,15256,12482230,79459728805,117,119316725035.13412,170388.0,1294320,12957455.49034202,1020.6966094970703
2021-01-05,1041.498779296875,1129.3714599609375,986.811279296875,1100.006103515625,41535932781,9.61,138143515214,6532,43617,12.97,509462,13278,12491564,79836396470,153,114639035405.65729,157719.0,1249608,7889199.080898025,1064.4219055175781
2021-01-06,1101.0050048828125,1209.4285888671875,1064.2333984375,1207.1121826171875,44699914188,9.23,125109768991,6485,44121,13.17,535915,15655,12493701,79404156622,139,126643690295.65114,168215.0,1264365,7920024.530758124,1145.4447937011719
2021-01-07,1208.078369140625,1282.57958984375,1167.443115234375,1225.6781005859375,40468027280,10.04,133169446656,6436,44985,13.22,574823,14102,12493844,78552567530,184,135868458637.47112,180173.0,1317745,9509850.881079469,1220.9447937011719
2021-01-08,1225.9678955078125,1273.8275146484375,1076.08154296875,1224.1971435546875,44334826666,10.57,139786171813,6593,43536,12.96,535635,19922,12494298,80667103300,136,137573084731.37354,178158.0,1296186,9988783.07773761,1200.0185241699219
2021-01-09,1223.740478515625,1303.871826171875,1182.2703857421875,1281.0772705078125,33233105361,7.48,92563339823,6476,42520,13.2,540285,22831,12494399,79093105359,176,136402355077.29074,166087.0,1221217,7079677.34299474,1247.739990234375
2021-01-10,1280.87109375,1347.9261474609375,1194.715576171875,1262.2467041015625,40616938053,7.25,87310659101,6554,42576,13.01,528656,32290,12494279,80042761416,148,153928231213.65286,185908.0,1229151,6722963.475543222,1271.4398803710938
2021-01-11,1261.6229248046875,1261.6229248046875,924.922607421875,1090.1453857421875,60733630300,16.79,238075118250,6528,45238,13.03,517725,12595,12493957,79929732115,168,122300438251.0178,154974.0,1246350,10104770.437484017,1134.5784606933594
2021-01-12,1088.5267333984375,1149.240234375,1012.76416015625,1043.4345703125,37494601692,6.11,87031984990,6555,41753,12.99,470632,33565,12495323,80324648072,195,130362427013.81367,158589.0,1217087,11023647.103296438,1073.4914245605469
2021-01-13,1043.740966796875,1134.3385009765625,994.549072265625,1130.7393798828125,30109792795,5.39,67945681638,6561,40868,12.99,461854,36230,12495107,80371646458,273,122544765141.39848,163352.0,1124638,8923579.990543218,1075.8419799804688
2021-01-14,1130.231201171875,1244.1630859375,1093.060791015625,1218.4530029296875,33410915929,6.76,85478387564,6406,42959,13.33,491628,23361,12495179,78290503497,180,131218219723.51746,163282.0,1158455,9741383.147042848,1171.4770202636719
2021-01-15,1221.877197265625,1250.505859375,1090.7210693359375,1171.8345947265625,35972039310,7.07,94274611075,6581,43197,12.89,508947,19153,12493839,80306580523,203,140995349753.964,165847.0,1232026,8790434.093049712,1183.7346801757812
2021-01-16,1171.443115234375,1290.0535888671875,1157.623779296875,1233.53759765625,32319240157,6.49,81160820583,6508,42907,13.09,495600,23981,12493336,79462467859,158,135152182381.91766,153170.0,1178387,11130405.402226258,1213.1645202636719
2021-01-17,1233.453369140625,1265.6446533203125,1174.3885498046875,1230.1722412109375,29258032819,5.31,63895643119,6494,42376,13.09,460716,43660,12493621,79102214140,130,135340240071.65125,168628.0,1157993,6441754.986514753,1225.9147033691406
2021-01-18,1230.313232421875,1259.4500732421875,1187.31103515625,1257.279541015625,25817455560,5.99,75294263372,6496,44473,13.03,485360,24761,12492083,78877776240,161,139227636564.2146,162221.0,1213800,5370969.643549796,1233.5884704589844
2021-01-19,1257.4345703125,1432.300048828125,1254.52294921875,1377.2958984375,47195935190,8.69,100880101955,6533,45834,13.06,513876,13411,12494298,79297032568,189,157240845185.59424,154809.0,1240582,9400626.725667631,1330.3883666992188
2021-01-20,1375.2484130859375,1405.744140625,1243.2999267578125,1382.2740478515625,46784030909,7.56,83504044289,6578,43997,12.99,495988,22636,12494025,80221317406,198,157041905843.69257,156553.0,1217788,10606866.120423604,1351.6416320800781
2021-01-21,1382.6844482421875,1382.6844482421875,1098.4761962890625,1121.5709228515625,45932464754,9.19,121058979442,6478,43868,13.16,454587,13234,12492581,79404809729,152,149541636233.69058,138558.0,1193785,8843543.786301749,1246.35400390625
2021-01-22,1118.8890380859375,1271.6876220703125,1046.5965576171875,1236.51220703125,43918338506,10.84,131621951860,6481,43221,13.12,453378,14611,12493794,79064072567,208,129628526781.57149,136025.0,1186106,10822019.154230263,1168.4213562011719
2021-01-23,1235.2679443359375,1272.151123046875,1200.893310546875,1230.9906005859375,27253895441,6.86,80179001262,6541,42081,13.0,452831,19170,12492508,79863148815,135,144174619926.01492,130707.0,1148047,9622944.574239615,1234.8257446289062
2021-01-24,1231.2105712890625,1395.111328125,1225.2740478515625,1391.609375,36418163554,7.97,81094537437,6481,42593,13.11,447566,16392,12491730,79272400668,146,150141983623.19522,131047.0,1117305,7103263.105723982,1310.8013305664062
2021-01-25,1390.639892578125,1467.784912109375,1304.9739990234375,1324.414794921875,43565777745,9.41,108165111899,6524,45118,13.03,469768,13216,12495130,79668647992,142,162810028957.83102,140450.0,1189502,10231499.61424022,1371.9533996582031
2021-01-26,1323.74169921875,1376.0850830078125,1253.34033203125,1357.05810546875,41572917750,7.66,85152958296,6514,44228,13.09,479431,29846,12494676,78759805850,286,151084465913.0485,141975.0,1196877,8578287.615948232,1327.5563049316406
2021-01-27,1358.3333740234375,1368.0740966796875,1215.311279296875,1253.1871337890625,39394416990,8.41,100000938092,6468,44547,13.19,430742,15189,12492097,78826557381,209,148984346795.33896,139751.0,1156780,8861352.323882593,1298.7264709472656
2021-01-28,1251.27978515625,1356.2886962890625,1226.1739501953125,1332.4921875,34637234789,8.2,94810705889,6498,45210,13.12,480759,27269,12495532,79412823469,166,147085391358.54697,146849.0,1162521,7692130.389465374,1291.5586547851562
2021-01-29,1369.0867919921875,1428.981201171875,1292.2401123046875,1382.5228271484375,53611955259,11.62,140718048076,6453,46505,13.25,531973,24655,12494589,78940120803,164,150969075551.77454,201363.0,1281568,9524873.46101566,1368.2077331542969
2021-01-30,1382.23193359375,1402.3997802734375,1328.529052734375,1376.115478515625,30616574234,9.79,113279829168,6390,44634,13.36,504767,49118,12493440,78000929398,130,154517171113.18243,216786.0,1222633,9421670.99979515,1372.3190612792969
2021-01-31,1376.8236083984375,1378.916015625,1288.5015869140625,1314.9862060546875,25198853581,10.83,128793092351,6637,44764,12.87,483761,34371,12494107,81091114055,116,154141350282.59888,189827.0,1233766,5876361.788951836,1339.8068542480469
2021-02-01,1314.855224609375,1373.8458251953125,1274.3577880859375,1369.04052734375,29210670920,12.82,153670444525,6489,45840,13.13,504674,20037,12493157,79242528840,148,151139269021.89627,189749.0,1310405,6893758.396110833,1333.0248413085938
2021-02-02,1369.505126953125,1542.990966796875,1362.771240234375,1515.1937255859375,45437142801,16.0,175725125692,6494,46774,13.17,523487,16829,12495229,79383052926,200,162492805311.43256,170162.0,1272320,7008267.3840477485,1447.6152648925781
2021-02-03,1514.7696533203125,1660.9095458984375,1510.01025390625,1660.9095458984375,41874566399,17.38,173452930944,6484,45658,13.07,552085,23472,12494433,79239413970,143,177280148072.69406,188477.0,1313260,9274756.914121846,1586.6497497558594
2021-02-04,1661.170166015625,1689.1866455078125,1561.853515625,1594.7626953125,44396871836,22.92,232624122045,6516,44850,13.02,538660,22172,12495582,79245711874,131,190790882175.79,197620.0,1329203,8371187.200348639,1626.7432556152344
2021-02-05,1594.7933349609375,1756.510986328125,1594.7933349609375,1718.65087890625,40108628454,25.81,252332377959,6447,45507,13.19,527200,31295,12493096,78945097196,144,190214983221.8815,185534.0,1301097,18582503.758897867,1666.1871337890625
2021-02-06,1717.7974853515625,1738.314453125,1649.0687255859375,1677.8468017578125,39873420648,19.24,179640400255,6519,42340,13.12,508149,84370,12494322,79431746322,115,192590928324.9008,238120.0,1255145,8073894.90944132,1695.7568664550781
2021-02-07,1677.605712890625,1690.03662109375,1501.750244140625,1614.227783203125,39889440151,16.51,160070061791,6554,43081,12.99,506071,71265,12493230,79781005643,163,187336286014.31284,235117.0,1216055,8179165.39338095,1620.9050903320312
2021-02-08,1613.6422119140625,1770.5908203125,1571.5799560546875,1746.6168212890625,48012285956,22.69,212876143856,6468,44454,13.15,528317,49991,12491849,78973896198,99,188060014051.50125,219167.0,1258454,6291581.090164487,1675.6074523925781
2021-02-09,1746.9261474609375,1815.963623046875,1711.62060546875,1768.0350341796875,44180727529,24.5,233573642120,6485,44980,13.11,539343,19363,12492133,79167701041,127,200987542398.442,205406.0,1340675,11097369.875572445,1760.6363525390625
2021-02-10,1768.039794921875,1826.69677734375,1686.5423583984375,1744.243408203125,41916084617,22.37,213088755493,6528,44274,13.03,545138,22702,12492676,79638181587,100,208041172774.42908,199467.0,1309270,6827770.304233624,1756.3805847167969
2021-02-11,1743.7142333984375,1806.5390625,1708.67919921875,1783.7979736328125,36021495262,19.14,175206973615,6517,44892,13.06,535331,35127,12491476,79245756715,119,199450977382.7353,202764.0,1268516,5924126.068914956,1760.6826171875
2021-02-12,1783.4891357421875,1861.35693359375,1744.1689453125,1843.5325927734373,37905036865,20.05,180073474689,6524,46650,13.03,525546,25385,12491432,79663712564,106,202987995537.85864,203165.0,1285241,6752841.606148129,1808.1369018554688
2021-02-13,1843.98681640625,1871.603515625,1770.612060546875,1814.10986328125,35359490535,21.08,188806380037,6423,46887,13.22,497216,22991,12494179,78462217650,75,207626470617.71423,191962.0,1282114,6097764.956142991,1825.0780639648438
2021-02-14,1814.372314453125,1848.154052734375,1789.9141845703125,1805.0841064453125,31439114900,17.45,150406446159,6559,44846,13.0,475906,45946,12495019,79934298329,103,210772493923.24573,191374.0,1211479,5527089.993550558,1814.3811645507812
2021-02-15,1804.6767578125,1833.83056640625,1683.9066162109375,1779.791015625,38955610883,20.98,178714935402,6496,45529,13.1,483580,37728,12492026,79211489509,129,201040564810.11404,178301.0,1204847,7293859.649862189,1775.5512390136719
2021-02-16,1778.945556640625,1824.5186767578125,1729.6419677734375,1781.0675048828125,34269369268,19.7,173040148593,6485,44499,13.18,504943,26768,12491798,79165657916,118,206303567875.15305,190492.0,1239679,7963835.41620687,1778.5434265136719
2021-02-17,1781.35009765625,1853.6676025390625,1736.705810546875,1848.458251953125,35955412703,20.37,173353196892,6549,46217,13.05,514955,24058,12492660,79955215518,123,207235145099.6236,170713.0,1219563,8187792.466307446,1805.0454406738281
2021-02-18,1848.206298828125,1949.9034423828125,1848.206298828125,1937.44921875,28255902969,21.52,183087330179,6447,46846,13.2,534220,20394,12490373,79022912660,194,217794329027.1576,191907.0,1306583,7730705.185312605,1895.9413146972656
2021-02-19,1938.85986328125,1969.5469970703125,1896.6844482421875,1960.164794921875,26268814253,22.11,186185551001,6577,45794,12.94,560058,20843,12490172,80348254313,143,220157571612.7175,201248.0,1326640,7273448.014964673,1941.3140258789062
2021-02-20,1959.9029541015625,2036.2864990234373,1830.531494140625,1919.5340576171875,34696091102,22.8,201536365984,6495,45876,13.15,563400,22124,12490018,79253329738,73,229493162787.1617,206387.0,1311929,6549091.71955848,1936.5637512207031
2021-02-21,1918.673095703125,1974.2596435546875,1890.3681640625,1935.60107421875,23626547717,17.79,144972264178,6485,43971,13.15,526308,44058,12490707,79171256964,107,219687111542.2465,214755.0,1249089,5655037.743010137,1929.7254943847656
2021-02-22,1935.557861328125,1936.4537353515625,1580.6265869140625,1781.992919921875,42409646036,30.31,272678365073,6496,46482,13.12,523305,19788,12492933,79374067746,88,216710083416.70972,187941.0,1286456,8817549.288432663,1808.6577758789062
2021-02-23,1781.4090576171875,1781.4090576171875,1378.8409423828125,1570.2039794921875,52029864713,38.4,373797248353,6502,45605,13.11,505458,11956,12491677,79485929271,152,182740884474.8522,177435.0,1327381,16169136.99793814,1627.9657592773438
2021-02-24,1571.4764404296875,1710.9837646484375,1511.0189208984375,1626.57568359375,31329000537,20.61,210130693063,6469,45883,13.19,519780,39857,12493264,79139574634,200,188938536737.6264,190265.0,1305510,12332742.68745334,1605.0137023925781
2021-02-25,1625.3939208984375,1670.22412109375,1465.0589599609375,1475.7037353515625,24481681873,15.79,165093586374,6515,44062,13.13,504846,54823,12493018,79546954198,160,187874358415.54715,193882.0,1243702,5880051.40208842,1559.0951843261719
2021-02-26,1478.6533203125,1559.0289306640625,1407.979248046875,1446.03369140625,31435997881,14.88,158443481334,6542,45141,13.07,507300,38795,12492411,80020278811,152,162671502172.45435,197439.0,1225162,9988298.918372886,1472.9237976074219
2021-02-27,1446.929443359375,1524.932373046875,1433.7869873046875,1459.97314453125,20742103233,11.51,118466010557,6489,44223,13.18,501320,26320,12494403,79525213088,145,171346641523.18982,168554.0,1218554,6914353.490698703,1466.4054870605469
2021-02-28,1459.8604736328125,1468.3914794921875,1300.47216796875,1416.0489501953125,27637026080,11.56,117851797297,6467,44516,13.23,483032,31191,12493758,79011076084,97,154909678311.25476,160720.0,1194468,9413310.69790968,1411.1932678222656
2021-03-01,1417.151123046875,1567.694580078125,1416.4161376953125,1564.7076416015625,24032838645,12.29,118599353229,6476,43249,13.19,493028,32987,12494014,79006491494,125,165485008413.01962,177360.0,1184291,9422357.199999496,1491.4923706054688
2021-03-02,1564.0634765625,1597.610107421875,1461.325439453125,1492.6087646484375,22523669722,11.92,124935317747,6550,44518,13.01,512730,30911,12491197,80204963191,160,176834998656.18085,160607.0,1204198,8249203.244049102,1528.9019470214844
2021-03-03,1491.451171875,1650.360595703125,1481.90576171875,1575.8531494140625,22674780680,12.94,130985895074,6408,46034,13.32,485752,20053,12490453,78387565954,161,180065652954.82632,169027.0,1249920,7519737.42965819,1549.8926696777344
2021-03-04,1574.623779296875,1622.953857421875,1511.1033935546875,1541.914306640625,22906118718,11.13,112789006531,6515,45598,13.12,510197,17625,12491903,79305219314,167,179323592849.0391,163332.0,1240065,6446011.391032586,1562.6488342285156
2021-03-05,1541.541748046875,1547.878173828125,1450.891357421875,1533.2750244140625,21067146937,13.93,137793802658,6525,46127,13.11,450403,18446,12494502,79958598303,99,170091207557.98038,148813.0,1216539,5976612.868701949,1518.3965759277344
2021-03-06,1532.372802734375,1669.1065673828125,1519.14111328125,1654.7415771484375,22746262366,11.16,99200636716,6563,43620,13.01,475945,31734,12488091,80181267152,86,182202043316.2607,164444.0,1164460,4072556.576221968,1593.8405151367188
2021-03-07,1655.3924560546875,1730.9241943359375,1636.564453125,1723.15380859375,23809935410,15.3,132472579830,6477,44397,13.21,445634,16536,12493061,79493606924,99,193442715693.0015,140218.0,1172363,9012992.375995684,1686.5087280273438
2021-03-08,1724.229248046875,1835.192138671875,1670.9420166015625,1834.7279052734373,27630991158,16.38,137159601599,6500,44973,13.18,478301,12883,12491381,79774629929,219,194343141317.09048,146844.0,1199214,6017049.135334901,1766.2728271484375
2021-03-09,1835.1480712890625,1868.048828125,1804.266357421875,1868.048828125,23461244507,16.16,140390240389,6433,46978,13.27,514848,13247,12491282,78853248198,102,208535498732.9371,161730.0,1272678,7398090.492308428,1843.8780212402344
2021-03-10,1868.489013671875,1873.80322265625,1766.490478515625,1799.166259765625,25154173185,15.34,134143820746,6532,45371,13.07,526230,15809,12491565,79578457910,166,208377843735.1025,164415.0,1262037,5671120.065871442,1826.9872436523438
2021-03-11,1798.033935546875,1843.81884765625,1734.6170654296875,1826.1949462890625,24013132909,15.1,132247327143,6415,47008,13.32,542036,17201,12490345,78909846121,131,203608384175.5864,175639.0,1278061,4913762.644070189,1800.6661987304688
2021-03-12,1826.5467529296875,1839.497314453125,1728.98095703125,1772.1024169921875,22435821312,18.13,171780234615,6470,46677,13.21,530930,17239,12490959,79389044621,89,206170137580.59897,181022.0,1296473,7849011.176319037,1791.7818603515625
2021-03-13,1772.1663818359375,1937.6455078125,1733.639892578125,1924.6854248046875,25014689475,19.31,162674252399,6512,47112,13.13,524815,18512,12490302,80020449998,69,205764154728.26,179571.0,1308208,4680800.020857737,1842.0343017578125
2021-03-14,1923.86376953125,1930.77978515625,1845.1199951171875,1854.5643310546875,19344589211,17.26,149068956179,6522,47576,13.13,525433,19140,12491956,79905655379,96,217180021615.29724,181823.0,1283146,4090776.192958751,1888.5819702148438
2021-03-15,1854.086669921875,1889.1966552734373,1749.6063232421875,1791.7022705078125,26244738810,20.4,189463051239,6437,47934,13.26,528025,18124,12490681,79051271908,111,207013617666.6996,180390.0,1307809,5173480.467759392,1821.1479797363281
2021-03-16,1792.413818359375,1817.0601806640625,1720.05322265625,1806.9718017578125,23828509590,20.6,188700812770,6520,46862,13.11,524909,19930,12490946,79837150538,86,207211523577.0768,179997.0,1304706,6201385.674018506,1784.124755859375
2021-03-17,1807.05615234375,1839.8189697265625,1749.179931640625,1823.4493408203125,24512917348,22.21,193802222899,6484,44590,13.18,510500,19554,12491711,79543048766,136,205364112073.5052,185519.0,1303010,4602206.798073226,1804.8760986328125
2021-03-18,1823.158447265625,1848.6461181640625,1705.716064453125,1782.8551025390625,23263845504,19.61,177580645455,6501,49524,13.15,536796,24254,12488033,79540830307,153,208857023615.1808,197705.0,1290582,5309374.293963445,1790.0939331054688
2021-03-19,1782.5687255859375,1841.196044921875,1746.473388671875,1817.6241455078125,21249297710,17.67,158800115050,6506,45565,13.15,528266,24189,12490121,79775838240,146,206423573325.8669,189656.0,1303000,4859711.72216865,1796.965576171875
2021-03-20,1817.522705078125,1874.708984375,1811.7286376953125,1812.6346435546875,22677674970,16.1,141122871221,6527,44984,13.12,522739,25868,12489053,79891558867,95,209945673778.8072,185582.0,1258783,3875521.9267285545,1829.1487426757812
2021-03-21,1812.6065673828125,1823.35302734375,1764.1392822265625,1788.217041015625,22977404620,16.0,138089306566,6421,44772,13.28,486598,49720,12487073,78907502960,114,204920083636.9037,192253.0,1199158,3970351.697793746,1797.0789794921875
2021-03-22,1788.3621826171875,1811.96826171875,1674.2998046875,1691.333984375,23599296129,19.28,187501594542,6490,46430,13.14,512937,19137,12488444,79583607881,200,206110852716.5981,173897.0,1292037,4154069.5392547953,1741.4910583496094
2021-03-23,1690.871826171875,1725.1087646484375,1662.5399169921875,1678.650146484375,21998237965,16.78,163876571793,6505,46338,13.12,543376,21374,12488385,79680630933,186,193378225770.3296,176414.0,1311435,6597838.993355776,1689.2926635742188
2021-03-24,1678.0025634765625,1740.42822265625,1570.7879638671875,1593.4134521484375,31228051473,16.96,176580847487,6484,45814,13.17,540297,18003,12489822,79191815077,139,195342633968.53165,169630.0,1281569,4623398.121790563,1645.6580505371094
2021-03-25,1593.123291015625,1625.9114990234375,1560.3704833984375,1595.3592529296875,29650328701,17.12,179094812700,6514,45839,13.14,565629,29959,12491593,80036668207,207,181612042754.63892,177162.0,1355451,5908632.40807787,1593.6911315917969
2021-03-26,1595.2100830078125,1702.9228515625,1594.7366943359375,1702.842041015625,22548516548,15.65,145286643587,6539,43815,13.09,532968,23819,12490825,79967589918,156,188529135411.13635,178225.0,1300780,7239423.807502092,1648.9279174804688
2021-03-27,1703.0361328125,1732.8243408203125,1674.3193359375,1716.49462890625,18102277710,13.08,118832877161,6485,43806,13.14,513297,46197,12487101,79595845321,122,194972410101.9435,183624.0,1219074,4444260.187434875,1706.6686096191406
2021-03-28,1716.4056396484375,1728.5841064453125,1672.660400390625,1691.35595703125,16599472938,13.65,124092555106,6493,43567,13.14,496774,49329,12492293,79579152301,138,197992781251.48004,198720.0,1235164,2848776.3588705184,1702.2515258789062
2021-03-29,1691.26318359375,1837.18798828125,1683.716552734375,1819.6849365234373,22796570548,17.01,150489681921,6511,45570,13.14,519213,27155,12492532,79770894158,143,196482131845.0489,173029.0,1252140,3959558.00866613,1757.9631652832031
2021-03-30,1819.46630859375,1860.9747314453125,1793.92236328125,1846.03369140625,22512781703,18.8,167319411691,6518,45977,13.13,528552,16525,12489473,79725015050,182,209515663689.9787,170001.0,1279648,6567246.544426519,1830.0992736816406
2021-03-31,1846.0982666015625,1947.8377685546875,1793.002197265625,1918.362060546875,30226902621,23.84,210893109900,6452,47745,13.2,544400,17035,12491282,79072966214,174,209200948972.0475,190425.0,1339288,6119530.186103,1876.3250732421875
2021-04-01,1919.1572265625,1989.0550537109373,1912.178466796875,1977.27685546875,30914259795,22.35,191869919452,6516,46976,13.1,594579,17435,12488832,79787949899,143,222131884653.32443,196933.0,1384485,5889337.436687517,1949.4169006347656
2021-04-02,1976.9327392578125,2152.451904296875,1960.6787109375,2143.2255859375,34862511022,22.97,186231148818,6454,46588,13.27,598825,19888,12492453,78916731068,165,230213160931.22345,186711.0,1352436,10332048.389316997,2058.322235107422
2021-04-03,2142.89599609375,2144.96240234375,2028.4224853515625,2028.4224853515625,32011518871,18.28,146063400928,6527,45586,13.14,551394,18335,12485613,79806573012,118,243504145464.68164,188578.0,1314970,7263494.987454101,2086.1758422851562
2021-04-04,2027.6712646484373,2110.353515625,2007.11181640625,2093.122802734375,26006501902,15.36,112039248727,6561,43019,13.05,515591,56439,12488756,79996584791,121,234477601271.792,189345.0,1209667,7535382.505302132,2059.5648498535156
2021-04-05,2093.2607421875,2140.9853515625,2032.3876953125,2107.88720703125,28889391170,19.05,148795113225,6510,44882,13.16,534833,45441,12491734,79651781826,136,234234892310.804,210147.0,1266009,8632764.8078684,2093.6302490234375
2021-04-06,2109.4931640625,2151.223388671875,2057.609130859375,2118.37890625,29222865881,19.34,153265691515,6483,46991,13.18,559697,20228,12489611,79108256288,175,241707665576.00656,189766.0,1345186,9639116.92344335,2109.1761474609375
2021-04-07,2117.728515625,2133.1875,1945.442138671875,1971.0772705078125,36116271935,18.29,153647677894,6426,46242,13.12,540668,33731,12491222,78209304011,194,239856433387.57785,190512.0,1321451,5679728.634795483,2041.8588562011719
2021-04-08,1969.1331787109373,2091.516357421875,1959.0794677734373,2088.57373046875,25312956529,15.58,124438377904,6455,45250,13.26,539591,53912,12490978,78686059782,194,233450624787.47467,195137.0,1280306,33445167.87098239,2027.07568359375
2021-04-09,2088.772216796875,2102.873779296875,2055.163330078125,2072.10888671875,19812472092,14.83,118854613506,6457,46154,13.25,532431,44551,12488775,78756692481,183,239667826375.6856,212672.0,1295865,4117915.679823869,2079.7295532226562
2021-04-10,2071.111572265625,2196.996337890625,2062.78759765625,2135.942138671875,24986243611,12.96,98446127075,6582,44570,13.01,583179,77658,12490792,80210858602,118,249150319441.85406,210828.0,1306874,5462052.805761528,2116.7094116210938
2021-04-11,2136.156982421875,2165.19140625,2119.86572265625,2157.656982421875,19692836132,11.45,85229481055,6546,43198,13.11,545868,81901,12490575,80086231646,120,245795845255.36545,265815.0,1258263,3717895.705752885,2144.7177734375
2021-04-12,2157.36181640625,2199.71875,2110.368896484375,2139.353271484375,21727936609,13.69,109282376325,6516,45664,13.14,571988,47579,12491244,79417012394,188,251974891162.90024,237970.0,1325444,3962445.441178821,2151.70068359375
2021-04-13,2139.3642578125,2318.42333984375,2138.5595703125,2299.187744140625,29456642939,16.01,120270890177,6474,46473,13.14,573546,33891,12490218,79056432183,169,250113668169.39062,239011.0,1359241,6297467.432103606,2223.8837280273438
2021-04-14,2299.347900390625,2449.6875,2284.563720703125,2435.10498046875,35592822986,19.04,137756107863,6449,48037,13.26,600761,24240,12488106,78785305818,183,274191308621.2729,225925.0,1400854,7390789.668694994,2367.176025390625
2021-04-15,2436.03466796875,2544.267333984375,2409.924072265625,2519.1162109375,32325606817,16.57,105013545945,6500,44715,13.2,521190,54313,12489773,79483036935,258,285790169861.5861,199498.0,1244580,4715877.857423466,2477.3355712890625
2021-04-16,2516.601806640625,2547.5556640625,2318.675048828125,2431.946533203125,36196928256,24.42,183796313660,6433,46857,13.25,617881,20220,12491767,78910943871,164,280143512007.858,210897.0,1325428,6333025.790666662,2453.6947631835938
2021-04-17,2429.98095703125,2497.38525390625,2333.682861328125,2344.89501953125,32349808978,18.66,144966485762,6467,48014,13.18,640546,22154,12491675,79160468627,81,284732317895.13226,261810.0,1471268,4260039.092429538,2401.4860229492188
2021-04-18,2346.452392578125,2365.46044921875,2011.766845703125,2237.136962890625,50696368718,22.44,170181112745,6501,48583,13.1,603119,21965,12486505,79765360505,80,255873589882.2642,236451.0,1413905,9585394.436807014,2240.2041625976562
2021-04-19,2238.03271484375,2276.77685546875,2086.688720703125,2166.188720703125,34060654971,22.56,195797651762,6400,48417,13.31,651175,24102,12491177,78423491800,181,262788104977.9016,252608.0,1431489,5672677.178240919,2191.9217529296875
2021-04-20,2161.939453125,2345.8349609375,2060.143798828125,2330.2109375,39433483315,32.43,265510040331,6580,49162,12.94,692931,20851,12650379,81530822523,173,242284810562.8004,321377.0,1538412,5531913.901540143,2224.5322875976562
2021-04-21,2331.16015625,2467.20068359375,2238.366943359375,2364.751708984375,38899067643,22.42,166325327588,6519,52544,13.08,705175,28871,13958672,88971935429,231,264750094702.0184,314292.0,1531518,5061215.090967971,2350.369873046875
2021-04-22,2357.87109375,2641.094970703125,2315.960205078125,2403.53515625,53575904724,20.13,140016002618,6417,56894,13.26,698457,29295,14929749,93633381117,260,286956758299.0783,274817.0,1623656,7685573.004093808,2429.6153564453125
2021-04-23,2401.25634765625,2439.537109375,2117.03955078125,2363.586181640625,55413933925,17.71,124223128337,6450,55991,13.22,653197,54203,14938198,94216907988,259,246614919168.03192,249651.0,1556285,9874568.697788406,2330.3547973632812
2021-04-24,2367.19921875,2367.740966796875,2163.693115234375,2211.625732421875,31854226936,10.14,67652388873,6500,48460,13.11,673025,203450,14948055,94843856318,249,263322640069.83444,347918.0,1420602,5066576.128901782,2277.5647583007812
2021-04-25,2214.413818359375,2354.086669921875,2172.51513671875,2316.0595703125,31814355546,8.64,55417762177,6509,49200,13.1,684188,196915,14946520,95382429494,218,253661637606.2649,391781.0,1380784,4781765.027949918,2264.268798828125
2021-04-26,2319.47802734375,2536.33740234375,2308.315185546875,2534.481689453125,35208325408,9.96,62694725054,6471,52204,13.17,665365,50883,14921657,94387683856,274,284052222907.4952,245790.0,1450437,5767892.639579766,2424.653076171875
2021-04-27,2534.03125,2676.392822265625,2485.375,2662.865234375,32275969215,11.13,66938145405,6488,52211,13.13,645368,64169,14817187,93916000005,300,294251120939.21094,266762.0,1422586,11968571.952018855,2589.6660766601562
2021-04-28,2664.685546875,2757.477294921875,2564.08154296875,2746.380126953125,34269031076,13.12,79191609660,6463,54553,13.16,651324,42305,14882656,94295167565,276,302124223659.3812,244862.0,1489972,7958092.124635678,2683.1561279296875
2021-04-29,2748.649658203125,2797.972412109375,2672.106689453125,2756.876953125,32578127990,11.99,71836786969,6484,55086,13.16,661736,36614,14813567,94139806485,249,315984892787.18024,224347.0,1538967,6398189.615811289,2743.9014282226562
2021-04-30,2757.734130859375,2796.054931640625,2728.169921875,2773.20703125,29777179889,10.04,56781903115,6451,53690,13.21,625741,56334,14879768,93996018113,265,321206786805.5597,209330.0,1475890,7698875.80122207,2763.79150390625
2021-05-01,2772.83837890625,2951.44091796875,2755.908447265625,2945.892822265625,28726205272,10.14,59677504645,6489,53101,13.1,676019,91981,14924578,94431457868,155,330127179061.6625,229723.0,1406642,9151927.33379754,2856.5201416015625
2021-05-02,2945.56005859375,2984.891845703125,2860.526123046875,2952.05615234375,28032013047,8.05,43095065217,6418,54312,13.2,637610,99304,14866982,93723948363,158,335160712937.985,233784.0,1422023,6474831.509930679,2935.758544921875
2021-05-03,2951.17578125,3450.037841796875,2951.17578125,3431.086181640625,49174290212,14.21,66900438914,6507,54918,13.1,675494,41776,14926316,94869902840,136,363809816356.8971,186811.0,1470650,8441918.905383114,3195.868896484375
2021-05-04,3431.131591796875,3523.5859375,3180.74267578125,3253.62939453125,62402045158,13.51,69098834782,6504,57865,13.11,702542,25967,14926896,95018846465,232,385044398677.4671,209322.0,1528857,10599098.73680627,3347.2723999023438
2021-05-05,3240.5546875,3541.462646484375,3213.1015625,3522.783203125,48334198383,12.94,59385330566,6518,55407,13.11,694409,31066,14969291,95249233774,198,386630005712.5657,225656.0,1519575,7285631.818755538,3379.4755249023438
2021-05-06,3524.930908203125,3598.89599609375,3386.239990234375,3490.88037109375,44300394788,14.0,65942349676,6466,55789,13.14,692677,28700,14984734,94807627589,167,398553506868.1643,231843.0,1521718,8743259.660751393,3500.23681640625
2021-05-07,3490.105224609375,3573.2900390625,3370.261962890625,3484.72900390625,39607240515,14.47,68346008307,6447,55722,13.2,674802,29037,14984975,94816227107,268,398279326671.5578,234239.0,1525683,7548936.915318972,3479.5965576171875
2021-05-08,3481.988037109375,3950.1650390625,3453.7685546875,3902.647705078125,50208491286,30.04,139807611958,6486,59432,13.09,758093,24244,14984462,95170701477,78,409857973639.7616,275100.0,1637611,46345607.45083085,3697.142333984375
2021-05-09,3911.463134765625,3981.259033203125,3743.989013671875,3928.8447265625,50568290278,27.78,130671783382,6478,58786,13.2,799580,27226,14983144,94499810450,95,457372130006.12256,321688.0,1780153,8824056.92956014,3891.3889770507812
2021-05-10,3924.413330078125,4197.47314453125,3684.45166015625,3952.2939453125,62691789007,51.74,238385113212,6517,58273,13.05,763618,20988,14986942,95577766788,149,476571418605.9498,300254.0,1662235,5755491.774766398,3939.6580200195312
2021-05-11,3948.27197265625,4178.208984375,3783.889404296875,4168.701171875,52679737865,68.72,298765260904,6447,56531,13.16,784481,25454,14985352,93802323851,186,459680320481.61633,344194.0,1751916,9269745.854179673,4019.7678833007812
2021-05-12,4174.6357421875,4362.3505859375,3785.8486328125,3785.8486328125,69023382175,63.22,281829434837,6439,57011,13.25,732839,23798,14981366,93951973334,186,499487616806.71954,298807.0,1651646,7163616.18145782,4027.1708984375
2021-05-13,3828.91845703125,4032.5634765625,3549.4072265625,3715.1484375,78398214539,38.58,170566587929,6538,57096,13.01,759000,30567,14982198,95300545090,232,459806957170.02313,234111.0,1597125,9815385.921161002,3781.5093994140625
2021-05-14,3720.122314453125,4171.01708984375,3703.39990234375,4079.057373046875,48174271215,32.61,128797309542,6477,54077,13.12,726007,25224,14985115,94900094995,322,450568948421.70026,231094.0,1531800,7416381.704774816,3918.399169921875
2021-05-15,4075.95166015625,4129.185546875,3638.1220703125,3638.1220703125,42422321751,22.07,93121194895,6474,53430,13.14,700090,29619,14984417,94572879603,307,453838990116.1649,240343.0,1505763,4638319.13940715,3870.3453369140625
2021-05-16,3641.830810546875,3878.89599609375,3350.95166015625,3587.506103515625,47359478734,19.45,81298825948,6458,53556,13.15,665517,34292,14984500,94311633303,274,446787722022.5517,200903.0,1421574,5624386.796180327,3614.796142578125
2021-05-17,3581.343017578125,3587.765625,3129.0087890625,3282.397705078125,54061732774,20.28,95485853591,6419,55661,13.18,649923,24765,14984778,93820812567,331,408624546440.569,186969.0,1451290,8621547.413200138,3395.1287841796875
2021-05-18,3276.872314453125,3562.465087890625,3246.404052734375,3380.070068359375,40416525218,19.56,88032574764,6463,54857,13.13,620059,24602,14986639,94510512266,353,406414405165.7832,195058.0,1426512,7136405.604589241,3366.452880859375
2021-05-19,3382.6572265625,3437.935791015625,1952.460205078125,2460.67919921875,84482912776,51.49,298784466223,6423,62116,13.2,618994,20664,14984017,93577108933,131,346553588449.63727,185419.0,1443534,15121389.504924623,2808.43310546875
2021-05-20,2439.638671875,2993.145263671875,2170.22900390625,2784.294189453125,67610826680,23.46,126958389431,6463,57867,13.16,659978,28685,14984351,93971140228,240,314643073090.03253,178354.0,1503870,18055467.43107312,2596.8267822265625
2021-05-21,2772.34130859375,2938.205078125,2113.34716796875,2430.621337890625,53774070802,19.55,114601126841,6410,56421,13.23,595064,32899,14986902,93556225767,228,312125152287.4839,162666.0,1370621,11290262.85065542,2563.6287231445312
2021-05-22,2436.0146484375,2483.983154296875,2168.124267578125,2295.70556640625,42089937660,9.49,56329952594,6462,52670,13.17,577732,74251,14986946,94121993351,203,260391499835.6689,167009.0,1333863,11860617.404569076,2345.9569091796875
2021-05-23,2298.3671875,2384.41162109375,1737.46875,2109.579833984375,56005721977,22.63,143673402773,6454,55385,13.16,520629,119951,14986215,93650490779,116,249868990495.54892,230174.0,1212137,10543539.39085564,2132.4568481445312
2021-05-24,2099.93603515625,2672.595703125,2090.6396484375,2643.591064453125,53697121740,12.82,68467808560,6487,55579,13.13,553355,91909,14986259,94345846823,277,266042739265.34763,203121.0,1315820,17069289.142558087,2376.6906127929688
2021-05-25,2649.033203125,2750.534912109375,2394.35546875,2706.62890625,49558333256,10.03,51922095681,6404,54993,13.28,556869,64069,14986161,93701276250,352,308193270212.1982,177976.0,1316269,14571180.084587147,2625.1381225585938
2021-05-26,2707.052734375,2911.735595703125,2652.094482421875,2888.69873046875,42499766020,10.0,50146189154,6431,55919,13.25,574484,75940,14985756,93878141584,294,335057062008.12427,192954.0,1305121,11177336.45825627,2789.8953857421875
2021-05-27,2888.75244140625,2888.75244140625,2642.60791015625,2736.488525390625,33373635283,7.71,39437129759,6425,53160,13.21,576930,94294,14987432,93048078722,318,317483126169.8115,197949.0,1321993,11831127.688318703,2789.1503295898438
2021-05-28,2742.468994140625,2761.36328125,2336.361328125,2419.90625,39999114805,6.96,40891552216,6463,54532,13.13,543025,64367,14987781,93799437507,293,297992849844.2986,178855.0,1298443,11186489.301721267,2565.0249633789062
2021-05-29,2414.067138671875,2566.9384765625,2208.490966796875,2279.51416015625,33773720220,5.45,32976768948,6467,51467,13.17,594722,169708,14987347,93600518661,195,289235950766.76105,287491.0,1293432,11596032.708412694,2367.252685546875
2021-05-30,2278.288818359375,2472.187744140625,2188.83447265625,2390.305419921875,25876619428,4.93,28081052885,6417,51138,13.25,594542,107192,14987359,92929644248,262,285249513355.64124,193350.0,1306494,12500332.57867828,2332.4041137695312
2021-05-31,2387.198486328125,2715.85498046875,2279.505126953125,2714.9453125,31007383150,6.42,32279087412,6423,51252,13.25,590204,110426,14988783,93077492745,326,284072522141.8292,225711.0,1260423,8723965.364084287,2524.3759765625
2021-06-01,2707.560546875,2739.737548828125,2531.16064453125,2633.518310546875,27363223090,5.86,29750836207,6478,51713,13.14,571701,74859,14987645,93943922971,399,308007281268.7159,183218.0,1318192,8820987.747185009,2652.9942626953125
2021-06-02,2634.4560546875,2801.392333984375,2555.4013671875,2706.125,27723267359,6.11,32350651721,6506,52376,13.08,555139,53480,14987132,93998046814,326,312296664116.2114,156320.0,1278998,8643072.04897878,2674.3436889648438
2021-06-03,2708.376220703125,2891.2548828125,2667.684326171875,2855.12646484375,30038207402,6.53,33572372136,6404,53101,13.25,598109,44942,14987721,92474468232,326,326954653001.58453,157628.0,1330879,7443990.059128456,2780.6104736328125
2021-06-04,2857.16552734375,2857.16552734375,2562.637451171875,2688.195068359375,34173841611,5.39,28918775826,6519,52498,13.02,572746,89021,14989032,93758603561,272,304129016301.4525,173201.0,1333516,8499015.951969933,2741.2908935546875
2021-06-05,2691.619384765625,2817.48486328125,2558.233642578125,2630.576904296875,30496672724,4.11,22233993451,6434,48258,13.24,547456,236708,14987560,92384666019,261,323144514125.98566,269457.0,1197848,6970059.25530852,2674.4786987304688
2021-06-06,2629.748779296875,2743.441162109375,2616.162353515625,2715.0927734375,25311639414,3.73,19356063389,6532,45407,12.98,533802,236690,14987066,91493494297,319,312649064515.68604,372846.0,1126227,5970289.156507136,2676.1112670898438
2021-06-07,2713.04736328125,2845.18505859375,2583.9951171875,2590.26318359375,30600111277,4.45,24527732392,6431,51535,13.22,528839,78814,14986975,91974866274,360,321290671160.6379,199766.0,1198026,6234782.428559054,2683.1226806640625
2021-06-08,2594.602294921875,2620.84619140625,2315.546630859375,2517.438720703125,41909736778,5.86,32504193436,6475,53946,13.15,493380,62009,14989012,93295478627,334,291085030617.1042,150442.0,1235976,10691750.233720858,2512.1084594726562
2021-06-09,2510.19921875,2625.070556640625,2412.19775390625,2608.26708984375,36075832186,5.19,27685890070,6437,53021,13.19,496310,84918,14989747,92955712477,433,291938137973.9531,179341.0,1189326,11210941.974521404,2538.9336547851562
2021-06-10,2611.142578125,2619.957763671875,2435.401611328125,2471.5185546875,28753626390,4.16,23897393010,6462,52407,13.21,498839,113686,14988030,92689319939,385,296334225996.67444,187656.0,1210739,7465707.024135992,2534.505126953125
2021-06-11,2472.85888671875,2495.414794921875,2326.86962890625,2353.768798828125,24832564195,4.54,25834690110,6454,53209,13.23,479233,89899,14988781,93004720299,328,284558678935.3787,208990.0,1187580,7960010.849411494,2412.22802734375
2021-06-12,2354.752197265625,2447.227783203125,2265.758056640625,2372.484375,25724364410,4.0,23189790716,6434,49961,13.21,476709,174025,14988591,91563628567,263,270243989380.18985,199356.0,1147406,8083796.00470994,2360.0556030273438
2021-06-13,2372.690185546875,2547.367919921875,2312.64013671875,2508.3916015625,27092945370,3.27,17507233384,6473,50356,13.13,513965,112844,14987271,90872165794,263,270270531427.6122,252817.0,1117021,5835427.501218487,2435.2724609375
2021-06-14,2508.7705078125,2606.432861328125,2469.38818359375,2537.89111328125,26964576331,4.19,22658681944,6431,52526,13.22,497934,68701,14987534,91955484313,329,290450611924.1798,152232.0,1155968,5938232.034217962,2530.6206665039062
2021-06-15,2587.7626953125,2639.229248046875,2515.153076171875,2610.936767578125,29005279219,4.23,23075725137,6505,52983,13.1,508533,66822,14989233,93643875170,335,304883324292.21747,178320.0,1219607,7341736.889041772,2588.2704467773438
2021-06-16,2544.86474609375,2554.62890625,2354.3505859375,2367.66357421875,24101926180,3.82,22743300318,6399,54570,13.28,502596,41485,14988723,91722129596,319,294233092444.9499,148041.0,1219933,7630375.5236633215,2455.376953125
2021-06-17,2367.306396484375,2457.175537109375,2312.301513671875,2372.001953125,21871633186,4.11,24807002704,6472,54363,13.1,487365,48687,14987275,93210066898,275,284244442875.5296,146836.0,1190973,12118532.819897491,2377.1963500976562
2021-06-18,2374.5869140625,2377.195068359375,2147.308349609375,2231.733154296875,22752818388,3.98,24274221643,6405,54185,13.33,470055,53018,14988576,92171480421,266,272486482876.93723,169912.0,1204431,20206158.361890893,2282.7058715820312
2021-06-19,2235.1591796875,2278.4150390625,2168.885009765625,2178.4990234375,18765854896,3.07,18577786601,6426,48083,13.23,429776,100956,14987846,90920431401,185,260749163764.17404,156702.0,1086486,8150747.748851768,2215.2395629882812
2021-06-20,2171.337890625,2275.3828125,2049.962646484375,2246.364501953125,22535930423,3.63,20783797940,6469,50500,13.17,439912,149348,14987114,90622719992,195,256012015406.73584,214209.0,1051125,8572544.758372268,2185.761962890625
2021-06-21,2245.31787109375,2259.464111328125,1867.1854248046875,1888.447509765625,33745173825,6.45,46590886180,6316,58115,13.43,480478,46758,14986442,90762561995,231,234170760239.8448,174776.0,1160974,9915092.396352384,2065.103729248047
2021-06-22,1886.6676025390625,1993.1597900390625,1707.6005859375,1874.9500732421875,35547251725,9.56,73163723292,6437,58297,13.22,518481,30545,14988133,92942508490,280,225683124531.3284,123303.0,1283574,13887435.997457515,1865.5945129394531
2021-06-23,1878.625,2043.5303955078125,1827.571533203125,1989.736328125,28408659206,3.52,25285766550,6429,55362,13.18,514354,47342,14985594,92247864090,349,233573121311.09265,130693.0,1230412,9299267.376144024,1934.8658142089844
2021-06-24,1968.9573974609373,2032.33935546875,1887.4320068359373,1988.456298828125,20272845769,3.15,22090212482,6418,53727,13.28,525793,72880,14986602,92244608991,290,223548107504.01184,190452.0,1177598,8601178.571637975,1969.2962646484375
2021-06-25,1989.2158203125,2017.759521484375,1794.400390625,1813.21728515625,22774334998,3.63,28010226315,6342,56446,13.45,510693,54511,14987867,91246434945,354,226469926930.1712,167945.0,1228710,7894697.6368656,1903.6482543945312
2021-06-26,1810.88427734375,1850.1798095703125,1719.5594482421875,1829.2392578125,20637542361,2.37,18761864623,6427,52161,13.23,489555,133779,14986185,91346965332,225,203910497290.9201,194451.0,1202712,8629381.540868191,1802.4656982421875
2021-06-27,1830.9969482421875,1979.9581298828125,1811.245849609375,1978.8946533203125,19885474742,4.46,25645892227,6448,52183,13.21,493536,158942,14986325,90522190257,227,217696480003.6132,270918.0,1076321,5863726.317842454,1900.2738952636719
2021-06-28,1981.386474609375,2139.805419921875,1963.615478515625,2079.657470703125,25514602841,3.34,23714125368,6466,57703,13.13,684772,49243,14987768,93088361120,404,238651572036.2436,159167.0,1342811,6872328.063677872,2041.1162109375
2021-06-29,2083.44873046875,2242.23876953125,2076.240234375,2160.768310546875,24815124419,3.84,26266202579,6406,55116,13.29,556971,27870,14986520,92485182076,330,248546573048.2104,162335.0,1308797,5383775.538799243,2140.6740112304688
2021-06-30,2164.21630859375,2282.989013671875,2090.7607421875,2274.547607421875,25828056268,5.74,32002625993,6455,54973,13.16,520111,28742,14987407,93063491343,326,251554442791.98032,142372.0,1242109,5158801.299998847,2203.12841796875
2021-07-01,2274.3974609375,2274.3974609375,2081.0810546875,2113.60546875,29061701793,3.74,25133110011,6350,54672,13.4,529928,24191,14986841,91531393122,358,248820869845.1085,122188.0,1208828,6086454.581113808,2185.870361328125
2021-07-02,2109.892578125,2155.596435546875,2021.8248291015625,2150.040283203125,31796212554,3.07,20722209911,6437,52888,13.2,504628,70505,14987926,92219795942,392,240505277570.07184,160678.0,1180147,5462870.083270398,2109.3385314941406
2021-07-03,2150.8349609375,2237.567138671875,2117.590087890625,2226.1142578125,17433361641,3.02,18841863418,6417,51333,13.29,464723,140232,14987489,91289952734,277,256217103586.25616,212721.0,1136677,3040394.48985275,2183.026611328125
2021-07-04,2226.55029296875,2384.286865234375,2190.837646484375,2321.72412109375,18787107473,2.69,16413877925,6458,52286,13.12,466707,134543,14986518,91648773183,269,272327722192.9382,238316.0,1110397,2504197.985134147,2280.8497314453125
2021-07-05,2321.9228515625,2321.9228515625,2163.04150390625,2198.58251953125,20103794829,3.36,20318933757,6419,53363,13.26,489238,60876,14985465,91016592124,334,265095941026.36945,189118.0,1141554,5696178.59269441,2251.367431640625
2021-07-06,2197.91943359375,2346.294921875,2197.91943359375,2324.679443359375,20891861314,8.26,54871815247,6425,54750,13.1,490358,14393,14987669,92912500215,273,272728161796.4999,127593.0,1261502,4266761.285449192,2266.7033081054688
2021-07-07,2323.20849609375,2403.7734375,2298.02685546875,2315.161865234375,22398345285,6.6,40369381391,6390,54618,13.27,502248,11556,14987523,92931968048,305,276959046196.3834,127148.0,1350340,5470216.144942629,2335.0426635742188
2021-07-08,2317.94921875,2324.0068359375,2089.414306640625,2120.0263671875,23188123689,5.79,37478388049,6450,54011,13.17,494936,12190,14987802,93522449750,284,253386452180.6585,109022.0,1264219,5782083.775768365,2212.8491821289062
2021-07-09,2115.573974609375,2185.376220703125,2051.066650390625,2146.6923828125,23029574602,4.61,30266605013,6406,55492,13.26,487335,17123,14987791,92669442634,263,247100462013.54965,124296.0,1239534,6427233.390665435,2124.6773071289062
2021-07-10,2146.999755859375,2190.1240234375,2081.923583984375,2111.403564453125,17581542471,3.01,18988461455,6447,52603,13.21,452417,35214,14985889,92700927506,212,247640389203.9553,147260.0,1158690,4780095.605931212,2132.6127319335938
2021-07-11,2110.875732421875,2172.6533203125,2083.8037109375,2139.664794921875,14705386138,2.43,15796724325,6423,51555,13.27,448806,78726,14985589,91699384598,172,244805857859.26144,159276.0,1097549,2692624.775680149,2126.7493896484375
2021-07-12,2140.5068359375,2167.710205078125,2011.0189208984373,2036.7210693359373,17768129077,4.57,30407815045,6377,53547,13.32,467042,23313,14983603,92491836788,294,250469399052.6541,123844.0,1172995,3657085.041062152,2088.9892578125
2021-07-13,2034.098388671875,2040.693603515625,1922.577880859375,1940.083984375,16621628658,4.8,32450026038,6307,55707,13.52,470726,13869,14985207,91616677607,221,236668693114.6096,107667.0,1193802,6897103.566845408,1984.3634643554688
2021-07-14,1941.1678466796875,2015.107421875,1869.22314453125,1994.331298828125,17342819679,7.09,45974504881,6390,58508,13.29,478262,17054,14985595,92525525717,297,221683904410.22635,105244.0,1212463,7953201.849019229,1954.9574279785156
2021-07-15,1994.7120361328125,2037.7425537109373,1883.272216796875,1911.1756591796875,15688092552,6.37,45196906108,6427,60784,13.24,496333,12041,14986662,93320257949,215,227980797451.5602,94929.0,1239709,5492139.8608117215,1956.7256164550781
2021-07-16,1916.598388671875,1959.6962890625,1853.59033203125,1880.3829345703125,14884569147,6.15,42029589044,6339,58139,13.44,476216,14018,14985389,92108160239,213,222342918457.96857,61291.0,1228786,5213738.274828319,1902.5669860839844
2021-07-17,1876.88134765625,1917.597900390625,1855.5908203125,1898.8251953125,13364282076,4.35,29976286417,6357,58080,13.42,466876,19192,14987280,92298051379,169,219393766615.7355,89482.0,1174583,6912390.58373706,1887.2238159179688
2021-07-18,1900.1943359375,1988.33642578125,1883.0125732421875,1895.5521240234373,13791868728,4.15,30497194578,6371,59463,13.37,446200,25749,14984802,92481557400,174,228565528807.5032,59945.0,1168601,4030836.436405811,1916.7738647460938
2021-07-19,1893.0535888671875,1916.1180419921875,1807.909912109375,1817.296630859375,14157735481,4.19,30440382000,6435,63604,13.23,483958,34678,14986345,93214918670,248,221123503808.9477,63662.0,1172424,4775667.975694577,1858.5945434570312
2021-07-20,1819.08203125,1836.998046875,1722.05078125,1787.5107421875,17368597636,4.69,35422941438,6339,63048,13.4,487618,18199,14987023,91542397697,227,206177575806.58875,70468.0,1217781,7434368.837621963,1791.410400390625
2021-07-21,1786.2762451171875,2025.680419921875,1759.0233154296875,1990.9708251953125,21253359756,4.15,27173423658,6414,61701,13.24,497480,26889,14987229,92561169874,204,218552630713.50412,68113.0,1171590,5768841.304164976,1890.4877014160156
2021-07-22,1994.8228759765625,2044.116455078125,1954.2978515625,2025.2027587890625,17495480331,5.31,33177581738,6422,59060,13.3,494871,17617,14986854,93260163625,198,232678407272.31232,74952.0,1215133,5644523.445854813,2004.6099853515625
2021-07-23,2025.105712890625,2129.441162109375,2000.436279296875,2124.776611328125,16200392492,6.54,35451146095,6346,60064,13.36,507371,16322,14986222,92032782020,212,240893129848.59167,74423.0,1204202,3647771.127803168,2069.93994140625
2021-07-24,2123.961181640625,2197.6494140625,2107.323486328125,2189.21875,16057446601,3.95,24896279188,6457,60023,13.17,527529,29618,14986657,93610281834,154,249521846190.5964,71761.0,1214391,3467336.7817936344,2154.5382080078125
2021-07-25,2187.1455078125,2194.438232421875,2108.829833984375,2191.373779296875,14566483636,3.87,23442307403,6401,60410,13.34,475010,22908,14986833,92688221487,119,254381102691.0454,67275.0,1155520,3525852.449266003,2170.4468383789062
2021-07-26,2191.309814453125,2428.817138671875,2177.32958984375,2233.36669921875,29614324233,6.86,42016473026,6338,62070,13.42,526567,10452,14986067,92097012331,190,272227546901.383,74195.0,1212164,4576861.835826809,2257.705810546875
2021-07-27,2230.197021484375,2316.9501953125,2154.731201171875,2298.33349609375,23067480378,8.47,40656771727,6277,61884,13.56,625854,20421,14988194,91327729390,249,257789411002.3037,84759.0,1340442,4644676.518082442,2250.052978515625
2021-07-28,2302.081298828125,2341.77783203125,2250.9140625,2296.54541015625,18991302378,9.14,46698873266,6291,62465,13.56,601404,12284,14987221,91779667640,208,268505326221.5901,85780.0,1295982,3126103.3735352387,2297.8296508789062
2021-07-29,2299.011962890625,2396.451904296875,2273.40478515625,2380.956787109375,16313373113,5.7,34329937499,6356,59287,13.41,537869,17135,14984728,92357667318,265,268424816170.17856,80240.0,1253451,2888369.349190084,2337.4563598632812
2021-07-30,2382.545166015625,2469.704833984375,2322.337158203125,2466.96142578125,20212848934,7.03,39490647512,6267,59157,13.56,532739,16648,14986063,91069565410,214,280516009534.43134,82674.0,1240487,3465838.416554748,2410.3871459960938
2021-07-31,2461.57568359375,2551.1611328125,2423.816162109375,2536.2099609375,18001710283,10.13,44287844806,6298,60109,13.5,525908,23751,14985897,91569357287,129,285702447139.5048,83619.0,1222419,4553571.95020757,2493.1907348632812
2021-08-01,2530.462890625,2695.429443359375,2520.931884765625,2561.85205078125,22697987055,7.93,39568132114,6314,64846,13.44,512389,20322,14987418,91851350568,125,302542228128.5124,74925.0,1200877,3354274.5745832105,2577.1690673828125
2021-08-02,2557.774658203125,2665.73095703125,2511.375244140625,2610.1533203125,22162754104,8.43,44396980231,6396,65174,13.32,556046,20752,14986626,93129168539,220,306139340440.4704,77048.0,1243522,3394315.6958747543,2586.258544921875
2021-08-03,2609.4130859375,2630.314208984375,2449.353515625,2502.349609375,22696753413,10.12,48965615995,6346,65621,13.42,504470,14947,14985839,92197742380,228,291322568547.96387,85004.0,1232109,4410899.343140916,2547.8576049804688
2021-08-04,2508.544921875,2764.443603515625,2463.469482421875,2724.619873046875,25038698173,9.33,45772397433,6322,70128,13.49,505336,14463,14987299,92142983717,258,289119913503.978,77754.0,1205036,3817677.53839846,2615.2694702148438
2021-08-05,2725.669677734375,2840.4306640625,2540.68408203125,2827.328857421875,31057928075,15.26,64498157332,6349,71397,13.48,463846,9323,21378664,93765092386,153,313547596411.3251,74669.0,1191087,4917880.645576976,2733.5283203125
2021-08-06,2827.50341796875,2944.9033203125,2727.792724609375,2890.941650390625,26528577879,12.68,54095411950,6451,73362,13.25,495244,9064,29990787,99833807530,190,323994055946.8417,94209.0,1203517,3744742.486593085,2847.7852783203125
2021-08-07,2891.70751953125,3170.229736328125,2868.53564453125,3157.23876953125,33081467129,14.21,53823017552,6549,69408,13.04,482441,8863,30020153,101523049266,143,346385888094.7241,113226.0,1215103,4842853.613291768,3021.9279174804688
2021-08-08,3161.232666015625,3184.60400390625,2951.747314453125,3013.732666015625,28433638008,13.93,50740583150,6496,72062,13.11,495283,9887,30017756,100515275100,165,367431370712.88,110650.0,1182949,3377230.024221889,3077.8291625976562
2021-08-09,3012.8857421875,3185.701171875,2900.926025390625,3167.856201171875,31983260936,16.74,62245603314,6505,74105,13.13,479037,10533,30014530,100658630450,207,344748816443.37274,112521.0,1171138,4952895.849613356,3066.84228515625
2021-08-10,3163.050048828125,3228.940673828125,3059.22900390625,3141.691162109375,27605221710,19.81,65215176708,6507,77707,13.11,484233,10786,30012312,100743448657,223,368243750989.7471,116686.0,1234554,4174047.531550349,3148.2277221679688
2021-08-11,3142.830322265625,3269.20947265625,3122.91650390625,3164.2451171875,26729035052,17.4,67302786720,6401,74203,13.32,489064,9589,30011490,99032450052,280,378195165800.87695,122976.0,1239433,3076176.608320839,3174.8003540039062
2021-08-12,3164.17578125,3236.314697265625,2984.1669921875,3043.414306640625,25403699845,16.63,58916336779,6510,72470,13.11,482429,9579,30013557,100618285838,270,368029173777.10736,123997.0,1221758,4698735.125863407,3107.0179443359375
2021-08-13,3049.001220703125,3324.671630859375,3037.676025390625,3322.211669921875,23868866254,19.08,62916929886,6474,78084,13.23,481982,9684,30015968,100137267017,220,377729080933.8756,115286.0,1185760,4206427.66534298,3183.39013671875
2021-08-14,3322.7626953125,3329.281005859375,3214.519775390625,3265.443359375,19860862133,17.1,53617974436,6500,78112,13.17,465045,9135,30008333,100522547923,128,387398601908.20135,110344.0,1177846,3804329.629552107,3283.001708984375
2021-08-15,3266.276123046875,3320.084228515625,3117.791748046875,3310.504150390625,22166205051,22.47,62553842764,6420,74785,13.32,456085,9529,30002035,99379334111,127,369682004247.0961,102678.0,1126185,2496454.938953476,3253.6640625
2021-08-16,3309.422119140625,3333.994873046875,3139.778564453125,3156.509521484375,23080039949,15.26,61227895718,6500,71482,13.12,508229,9507,30001665,100445846889,183,383689713661.3212,113414.0,1197227,3473866.384271462,3234.92626953125
2021-08-17,3149.38037109375,3288.812744140625,2996.46826171875,3014.845947265625,25509056745,13.84,57136391227,6516,72395,13.1,497259,9151,30002719,100680820245,257,370839408765.8708,119919.0,1261586,3253305.598267312,3112.3768310546875
2021-08-18,3011.963623046875,3124.97607421875,2959.0283203125,3020.08984375,21539248425,13.24,53671161049,6399,68426,13.32,481125,8880,30004904,98851968299,213,355029429968.7777,110679.0,1220650,5259558.527611722,3029.0144653320312
2021-08-19,3019.126953125,3184.435546875,2963.150146484375,3182.7021484375,19546290360,15.75,51748682012,6565,68754,13.0,529141,9461,30006027,101304757807,205,349206705516.8959,111698.0,1239399,5164105.439606911,3087.3536987304688
2021-08-20,3182.16259765625,3298.24658203125,3178.103759765625,3286.935302734375,20885619828,12.3,48398307664,6459,67679,13.22,525317,10421,30017251,99940118989,203,376511944581.4844,121683.0,1245500,4827770.978713596,3236.362060546875
2021-08-21,3286.931640625,3307.3515625,3209.8662109375,3226.083984375,18113977628,10.92,40395653415,6431,71428,13.31,491604,10963,30070225,99756143054,145,385965305349.0996,119611.0,1230430,3833656.25546182,3257.558349609375
2021-08-22,3226.227294921875,3272.733154296875,3142.007080078125,3242.115478515625,15983278460,10.95,40824934168,6521,78149,13.09,470627,11119,30067635,101082305531,156,382587085924.30566,105739.0,1167724,3683641.868767477,3220.770751953125
2021-08-23,3241.357421875,3373.38427734375,3235.851318359375,3319.25732421875,20511110509,17.74,67801123728,6409,80991,13.31,494884,9772,30076835,99288240247,216,389747161055.7507,113694.0,1230057,4534133.873463754,3292.4625854492188
2021-08-24,3324.85546875,3358.688232421875,3154.121337890625,3172.456298828125,20131028906,22.38,86798598845,6509,91844,13.1,475678,10648,30046481,100637826151,108,392454903067.1181,118684.0,1255174,5895749.932863769,3252.5303344726562
2021-08-25,3174.269775390625,3248.727294921875,3086.114990234375,3224.915283203125,18902728235,27.59,102281584369,6439,85144,13.23,454671,11326,30008084,99457429577,213,373168674694.6026,113748.0,1206601,5513198.952418172,3183.5068359375
2021-08-26,3228.747314453125,3249.6552734375,3060.228759765625,3100.325439453125,17405668117,26.25,97977717090,6504,84563,13.19,451366,11216,30008147,100446975073,225,363402394333.2306,107921.0,1174818,5035354.926279379,3159.7391967773438
2021-08-27,3096.406005859375,3281.840576171875,3064.485107421875,3270.600830078125,18489602004,39.58,121232572405,6431,82066,13.21,440305,11603,30008228,99511881806,153,366582669664.3072,117388.0,1147348,4958283.402518494,3178.3331298828125
2021-08-28,3275.1044921875,3284.845947265625,3217.403564453125,3244.4033203125,13709633698,28.76,89483984349,6460,83726,13.24,460844,12580,30008099,99488799028,155,378986864122.78754,109710.0,1116183,4112562.8877876494,3255.4393310546875
2021-08-29,3246.77099609375,3283.235595703125,3158.84033203125,3227.002685546875,13296586731,30.99,100686224824,6489,84516,13.18,446656,11713,30008189,100288422076,123,376148009038.4447,99908.0,1138831,4590019.827776157,3228.96240234375
2021-08-30,3227.192626953125,3346.5810546875,3151.444580078125,3224.374267578125,19306924485,33.31,114338805789,6472,86918,13.17,466440,11883,30008823,99930229488,167,372777717869.2524,106300.0,1193475,4462427.265088389,3237.3981323242188
2021-08-31,3227.758056640625,3466.9921875,3195.216552734375,3433.732666015625,27280502987,38.59,121467889345,6443,81212,13.15,491933,10568,30010170,99588309787,252,392901436526.4371,120040.0,1201302,5785065.295715336,3330.9248657226562
2021-09-01,3430.762451171875,3836.867431640625,3387.408447265625,3834.828125,30070890104,47.26,136212882273,6455,77894,13.19,508650,11997,30007881,99646996226,202,411907229054.6865,116926.0,1210695,4502199.672280394,3622.4666137695312
2021-09-02,3825.02783203125,3830.71142578125,3726.75048828125,3790.989990234375,24387397330,34.97,117151148070,6541,73326,13.0,521057,11825,30009397,100979536811,262,438061694959.7432,132022.0,1253953,5848810.232695567,3793.3699340820312
2021-09-03,3787.486572265625,4022.46923828125,3712.67822265625,3940.61474609375,26207765094,52.61,159341576690,6466,71969,13.17,469649,10169,30008429,99868846816,249,445341200892.552,122676.0,1210043,5684332.226894202,3865.8121948242188
2021-09-04,3937.91015625,3969.44873046875,3837.93115234375,3887.828369140625,20806963328,40.76,127146983966,6429,74381,13.23,477974,10582,30008954,99497548506,165,459204445443.5512,116405.0,1200249,3239458.454646231,3908.2796020507812
2021-09-05,3886.3310546875,3979.1865234375,3838.4873046875,3952.133544921875,18371468576,40.4,116327025581,6529,72251,13.09,457142,10870,30009531,101113618184,201,453663391169.9291,102435.0,1144523,1959037.586405312,3914.0346069335938
2021-09-06,3951.520751953125,3968.426513671875,3868.994384765625,3928.37939453125,18674691198,39.81,124071173970,6459,73325,13.21,483684,11040,30013065,99764274456,215,462393066461.5674,114084.0,1176624,2677563.3996145497,3929.3302612304688
2021-09-07,3926.527587890625,3945.314208984375,3062.222412109375,3426.394287109375,39131346397,55.47,213999180196,6417,76559,13.25,519416,10351,30013983,99040740463,301,455493363138.1504,120289.0,1250393,4315859.813557683,3590.1146240234375
2021-09-08,3428.378173828125,3559.121337890625,3224.764892578125,3497.315185546875,31738430771,49.14,156644999311,6495,67792,13.16,479543,11734,30013264,100225835088,224,383358245428.9448,114431.0,1261787,6747933.199138821,3427.3948974609375
2021-09-09,3452.54833984375,3562.99267578125,3400.51708984375,3427.340087890625,24118055831,47.28,151691169447,6466,72831,13.16,485816,14228,30013587,99862901657,245,410449037633.4411,116130.0,1182498,3895962.841041404,3460.8495483398438
2021-09-10,3425.56494140625,3512.5712890625,3157.05908203125,3211.505859375,22355974097,28.14,107413546013,6459,72270,13.2,521636,15940,30016493,99669661930,253,398835599284.4695,126249.0,1264779,3559859.115347463,3326.67529296875
2021-09-11,3209.030517578125,3346.5263671875,3208.9619140625,3270.278076171875,18627122934,17.78,70547078252,6396,76406,13.34,585947,13543,30011859,98832823561,179,379967231397.7487,115337.0,1255541,4838632.374234837,3258.69921875
2021-09-12,3270.291748046875,3462.46826171875,3235.109375,3410.134521484375,16810411424,18.6,66302908949,6538,80369,13.04,527179,15671,30012047,101084407772,153,389571936158.0995,116816.0,1216891,4028891.0273493184,3344.5009765625
2021-09-13,3407.471923828125,3426.502197265625,3121.51416015625,3285.51171875,22721552948,22.84,106664321726,6412,76077,13.28,586345,14853,30012113,99078484615,210,375233649370.41504,115482.0,1252557,3149687.269425415,3310.25
2021-09-14,3286.31640625,3429.169677734375,3273.630859375,3429.169677734375,19125420848,24.22,74476216590,6461,78372,13.17,534916,17432,30012205,99792266403,296,388067089886.8297,130111.0,1244175,3210046.586019845,3354.5716552734375
2021-09-15,3431.21728515625,3615.28271484375,3365.9130859375,3615.28271484375,17548551804,22.01,75053250319,6454,77512,13.23,526445,14093,30012405,99705020379,273,398318060308.8995,120939.0,1220626,3715898.4663006174,3506.9239501953125
2021-09-16,3613.07373046875,3673.310791015625,3489.8056640625,3571.294921875,20093903064,27.35,89060409614,6492,84901,13.1,502399,11410,30011296,100171656930,206,426204107353.44775,120359.0,1195121,3085394.0401591044,3586.8712768554688
2021-09-17,3569.568115234375,3589.30517578125,3356.449951171875,3398.538818359375,17722363229,22.64,80831792329,6467,79592,13.18,483647,9046,30012023,99898437187,218,412545155646.61066,130393.0,1225895,3479984.0291262018,3478.4655151367188
2021-09-18,3397.4228515625,3540.8076171875,3371.892333984375,3432.018310546875,15995220233,17.06,57959970897,6451,77766,13.2,488548,13120,30011800,99586843884,160,410508489554.6201,107527.0,1148183,2293238.807659953,3435.5352783203125
2021-09-19,3433.287841796875,3448.322021484375,3286.17236328125,3329.447998046875,14257609743,21.25,65198396168,6508,82861,13.1,464439,17312,30013035,100682356600,218,403222001225.5732,112201.0,1104120,2049136.1993169168,3374.3075561523438
2021-09-20,3329.670654296875,3343.325439453125,2940.839111328125,2958.993408203125,27371684581,23.57,93627396666,6432,86585,13.2,451715,8661,30013102,99295159913,191,365449360953.762,97633.0,1172834,4932656.243887672,3143.2071533203125
2021-09-21,2977.310546875,3101.697509765625,2676.407470703125,2764.43115234375,30405062665,24.81,106504123903,6496,84718,13.12,480223,10588,30012217,100098839443,249,359761055836.785,103658.0,1184859,5524102.855984442,2879.961669921875
2021-09-22,2763.209228515625,3089.0830078125,2741.440673828125,3077.867919921875,23742102645,18.99,73923487712,6437,84006,13.27,489264,11135,30012545,99368407926,271,345496725903.0125,100662.0,1181289,6666755.645217826,2917.9002075195312
2021-09-23,3077.974365234375,3173.544677734375,3038.097900390625,3155.523681640625,18516291047,25.13,91230950648,6411,82225,13.29,492767,10746,30013358,98795997873,250,369063830267.1756,106766.0,1180354,3272754.3596710283,3111.28515625
2021-09-24,3154.56201171875,3159.64404296875,2747.337646484375,2931.669189453125,25595422789,19.43,78526866487,6455,87100,13.21,459395,10324,30013434,99488905680,270,343428066724.9934,106271.0,1201324,5709230.030111221,2998.30322265625
2021-09-25,2930.884765625,2968.99462890625,2818.970458984375,2925.565673828125,18932786754,13.1,50962187650,6573,82295,12.97,468183,14290,30011576,101428978144,198,339024607676.4564,98159.0,1116070,3332689.4948835163,2911.1038818359375
2021-09-26,2926.343017578125,3114.857421875,2744.5830078125,3062.265380859375,21172766310,21.06,71250486571,6402,85681,13.31,428498,8115,30012327,98729453261,181,325885032113.1624,93678.0,1087074,5039048.28629793,2962.01220703125
2021-09-27,3065.837890625,3163.6650390625,2932.69287109375,2934.138916015625,19164053681,44.17,138455152357,6454,86369,13.23,448752,13675,30012643,99668379770,204,363493899653.6525,104208.0,1125534,4040087.945696077,3024.0836791992188
2021-09-28,2928.96337890625,2970.7705078125,2793.360595703125,2807.296630859375,16895079070,23.86,95008647483,6358,89477,13.43,445648,10003,30015852,98121131129,234,339716752333.1384,100553.0,1114564,2999463.6250595343,2875.0977783203125
2021-09-29,2809.297607421875,2946.88134765625,2786.98828125,2853.143310546875,15763456158,21.43,83688301230,6412,87285,13.23,457402,10003,30019875,99024382289,270,343084839480.688,97310.0,1135213,3239679.761055492,2849.07763671875
2021-09-30,2852.558837890625,3046.51953125,2840.28955078125,3001.678955078125,17661065099,31.66,107078373237,6338,82913,13.47,454578,8922,30022092,97958729328,242,352033549105.50165,96272.0,1119724,4897634.519323832,2935.26171875
2021-10-01,3001.12939453125,3329.853515625,2978.654296875,3307.51611328125,22307625573,24.93,93359939426,6485,81217,13.14,527158,8322,30023617,99940537596,223,363036558921.30426,108102.0,1182398,3851117.648932968,3154.288330078125
2021-10-02,3308.870361328125,3464.83740234375,3260.027587890625,3391.6943359375,19202671704,20.35,68628077449,6388,81231,13.36,470673,12148,30034383,98607821850,222,385368014214.1256,101049.0,1123946,2428219.803401605,3356.357421875
2021-10-03,3390.767578125,3484.605712890625,3348.1201171875,3418.358642578125,15516566862,19.14,65821653497,6363,90623,13.4,472079,11416,30025779,98254946022,186,398385331417.2344,101530.0,1138634,2905842.4634876945,3410.4630126953125
2021-10-04,3418.7763671875,3434.775390625,3283.44873046875,3380.089111328125,17747154101,31.51,105762393776,6366,90094,13.4,441747,8342,30025010,98521267138,171,395043082899.4945,98807.0,1099015,2569223.921514205,3379.2723999023438
2021-10-05,3381.784423828125,3541.45166015625,3365.817626953125,3518.5185546875,16632591670,39.12,130495357534,6411,91693,13.29,511710,8117,30022201,98749386920,178,398364000283.6553,118834.0,1197705,3392705.223743646,3451.89306640625
2021-10-06,3516.5703125,3622.55126953125,3354.4697265625,3580.56201171875,21855226591,40.2,150034552460,6427,86861,13.25,613774,7247,30022969,99234891325,169,405606557400.2217,138604.0,1257195,4834313.764852843,3518.538330078125
2021-10-07,3576.814453125,3650.01318359375,3479.9091796875,3587.974853515625,19090322927,39.36,151975664165,6324,81744,13.46,584646,9354,30021569,97564435387,221,423904830939.3052,193251.0,1395038,4241312.161201712,3573.6779174804688
2021-10-08,3587.832763671875,3667.95751953125,3547.828125,3563.75927734375,16222029488,36.25,126365894925,6417,81847,13.27,552624,10744,30022674,99080580257,236,422804483333.2748,134046.0,1348441,4567533.147415803,3591.8444213867188
2021-10-09,3559.997802734375,3628.2373046875,3544.640380859375,3575.716796875,12707036942,24.18,84647984176,6349,77829,13.43,533986,10967,30023204,97972965669,197,423094896960.7897,124510.0,1199363,2115264.75059588,3577.1480712890625
2021-10-10,3575.0205078125,3603.244873046875,3414.970947265625,3425.852783203125,16171746693,25.98,86179335901,6375,75464,13.4,487117,10310,30023229,98475597666,191,420487075009.06647,110356.0,1151464,2066226.329293816,3504.7722778320312
2021-10-11,3419.726806640625,3622.28955078125,3385.76171875,3545.35400390625,18579189588,33.6,114272474792,6382,77156,13.39,498893,7905,30019248,98682802052,241,424150608723.2293,111409.0,1140041,2636717.024120092,3493.2830200195312
2021-10-12,3546.477783203125,3546.477783203125,3407.338134765625,3492.5732421875,18109578443,26.9,97930380585,6353,78523,13.43,502189,9853,30020233,98036296850,288,408863481455.02185,122227.0,1223112,2654598.6867093346,3498.2167358398438
2021-10-13,3492.753662109375,3607.74169921875,3417.60205078125,3606.20166015625,16211275589,30.91,108522185833,6320,79415,13.52,486562,10052,30033073,97733405137,215,403451876665.0884,119396.0,1182396,3377112.959810858,3531.0747680664062
2021-10-14,3604.958984375,3819.258544921875,3590.275146484375,3786.01416015625,19443499909,42.01,138988036863,6330,72694,13.49,511562,10048,30028142,97754677280,190,426273461158.19257,128640.0,1221513,3602753.828475139,3700.126708984375
2021-10-15,3790.154296875,3895.46630859375,3735.363525390625,3862.634765625,20966841512,46.43,152666220738,6318,77340,13.46,525742,9117,30023285,97560326707,296,447422765565.0495,123853.0,1255225,5282666.284681245,3820.9047241210938
2021-10-16,3865.66650390625,3962.453125,3805.885986328125,3830.382080078125,16578095629,28.38,90967356392,6446,67970,13.22,536243,14838,30014663,99385187004,248,451690429765.19006,125977.0,1259317,3473122.84458361,3866.096923828125
2021-10-17,3829.85888671875,3914.89794921875,3660.723388671875,3847.1044921875,15908090346,25.97,80516798136,6385,70981,13.3,500853,10100,30017116,98619555604,216,455508678689.66736,110208.0,1132915,2514975.138571751,3813.1461791992188
2021-10-18,3847.72998046875,3888.209228515625,3686.75048828125,3748.76025390625,17386204158,41.31,113413635116,6316,70435,13.49,522995,10556,30016429,97462750354,308,450712378729.4391,122813.0,1215730,2912403.278905156,3792.8624877929688
2021-10-19,3747.162841796875,3883.9287109375,3736.7802734375,3877.65087890625,15998757133,24.13,79599322886,6440,70772,13.3,544757,10706,30017699,99404881141,318,447310034803.9642,129515.0,1208166,2765896.973720149,3811.3806762695312
2021-10-20,3877.73095703125,4167.47216796875,3833.2880859375,4155.9921875,20338319988,27.17,87248508777,6354,70098,13.43,572748,10329,30019575,98176164702,308,452688497948.7286,141250.0,1237742,3283923.138234672,4008.620849609375
2021-10-21,4161.71337890625,4366.08837890625,4032.48388671875,4054.32275390625,28220661820,31.95,100283479294,6487,72323,13.13,573318,9420,30018223,100112401015,300,489466216983.261,146966.0,1295430,4644370.288760743,4153.652099609375
2021-10-22,4055.6865234375,4162.9755859375,3908.34033203125,3970.181884765625,19432937968,28.61,91861894977,6411,73171,13.28,555943,10282,30018828,99057211828,261,485729082443.99976,130960.0,1244324,4252723.502968936,4024.2960815429688
2021-10-23,3971.3564453125,4171.66357421875,3944.6318359375,4171.66357421875,14781537792,22.94,71610688632,6348,72292,13.43,569952,10193,30025215,98120356350,191,472121964796.6753,126226.0,1239041,2269321.230615712,4064.828857421875
2021-10-24,4171.85595703125,4185.7294921875,3967.120361328125,4087.903076171875,14978083638,24.74,80106768615,6359,71576,13.39,557074,9190,30024837,98235649057,152,480949590759.1072,143724.0,1265737,1965191.0347542628,4103.1522216796875
2021-10-25,4084.42578125,4236.6669921875,4072.03466796875,4217.876953125,15995727040,33.17,104406968417,6418,71494,13.31,558944,8204,30024936,99167904953,235,487431905480.40594,145903.0,1271809,2137339.1877434747,4152.7510986328125
2021-10-26,4217.337890625,4289.13134765625,4106.82373046875,4131.10205078125,17157714562,39.35,131867465257,6414,69813,13.33,577711,7727,30025475,99081985112,286,493262030712.4145,165389.0,1355079,2697769.630207269,4186.0987548828125
2021-10-27,4132.17333984375,4299.15283203125,3930.25732421875,3930.25732421875,26219530404,49.15,177194359917,6345,69414,13.48,581064,10210,30026493,97983958255,229,486792109653.6575,174766.0,1340460,6291641.591701832,4072.960205078125
2021-10-28,3924.8154296875,4293.15087890625,3905.7060546875,4287.31884765625,25958154575,54.43,198025656236,6408,67422,13.34,662650,7077,30025138,98966629712,277,471586637761.7982,224707.0,1447105,3531784.817642689,4102.747802734375
2021-10-29,4288.6865234375,4455.7353515625,4271.70751953125,4414.74658203125,22967641914,53.6,183858697954,6368,64129,13.37,676233,9624,30021805,98347489308,267,505763297822.39966,216959.0,1486238,6181756.13682373,4357.718994140625
2021-10-30,4414.24365234375,4426.8486328125,4252.494140625,4325.650390625,14615490626,51.31,171249056720,6345,62412,13.42,618415,7718,29997753,98002210468,310,510961217825.2079,219102.0,1403841,4043673.432730129,4354.8092041015625
2021-10-31,4322.744140625,4394.44970703125,4179.01611328125,4288.07421875,17498160238,49.23,157063157000,6317,63743,13.46,582522,14929,29995746,97551234641,227,506950797781.10565,190371.0,1344840,3657197.206887984,4296.071044921875
2021-11-01,4288.21728515625,4377.322265625,4160.966796875,4324.626953125,17985288261,51.79,166950788377,6423,65442,13.3,610965,8836,29997021,99188257225,299,505116091781.6741,175322.0,1307476,2357390.7149934955,4287.7833251953125
2021-11-02,4322.5009765625,4599.9482421875,4288.6865234375,4584.798828125,20794448222,58.11,184006933473,6308,65874,13.52,639463,9427,29996842,97381906892,234,510331395588.859,190035.0,1380113,3203356.813015361,4448.983642578125
2021-11-03,4589.6845703125,4664.91015625,4462.97607421875,4607.19384765625,21220463155,53.46,170817312612,6385,65290,13.36,657732,11068,29997751,98615686109,285,541590951886.8164,200398.0,1422881,3927106.126056133,4581.191162109375
2021-11-04,4604.6787109375,4606.51611328125,4426.62255859375,4537.32421875,18415244464,48.53,153495227020,6282,64494,13.61,625036,15221,29996355,96926416150,242,531306949000.3651,191346.0,1378253,3771152.583768205,4543.785400390625
2021-11-05,4537.42333984375,4570.89599609375,4447.4873046875,4486.2431640625,15086003586,45.8,141359554777,6446,63036,13.23,605162,22563,29995517,99426765719,284,532372423496.1079,178562.0,1338763,3240861.4465165497,4510.512451171875
2021-11-06,4482.64794921875,4530.9970703125,4334.9736328125,4521.5810546875,14429076700,42.15,118059207900,6339,62972,13.44,579696,14624,29995621,97806887177,219,525327403748.72144,168852.0,1286208,2367038.955014336,4467.5499267578125
2021-11-07,4523.98193359375,4640.921875,4510.984375,4620.5546875,13541376033,36.58,104335277598,6452,63396,13.22,594408,11127,29995676,99639707191,202,533968169880.9316,160414.0,1254858,1690205.5754481172,4574.1107177734375
2021-11-08,4619.6494140625,4822.36328125,4619.6494140625,4812.08740234375,19290896267,46.68,133382892833,6346,63553,13.46,618388,10754,29994897,98044586198,247,555875664185.0444,170450.0,1323913,2450800.6484427103,4718.4373779296875
2021-11-09,4810.0712890625,4837.58935546875,4718.0390625,4735.06884765625,20834172627,62.11,181380119178,6372,67096,13.42,586879,9476,29996331,98253505445,327,562491141568.2549,163534.0,1332332,3000893.4078703746,4775.192138671875
2021-11-10,4733.36279296875,4859.5029296875,4485.09326171875,4636.17431640625,22748160545,56.67,173899759514,6382,68129,13.32,635243,9599,29995528,98479436388,244,554528533148.4078,168644.0,1363610,2686525.389045745,4678.5333251953125
2021-11-11,4635.45361328125,4778.05908203125,4580.990234375,4730.38427734375,17933201129,56.76,167059976680,6373,64004,13.37,615769,9948,29995693,98331547441,354,551597323049.0271,159607.0,1376315,3741006.215467481,4681.2218017578125
2021-11-12,4724.306640625,4808.73876953125,4510.92041015625,4667.115234375,18316060208,52.29,154765662719,6421,61834,13.31,612459,9391,29993307,98993755682,378,553191725335.2428,159106.0,1348704,2890972.4946461925,4677.770263671875
2021-11-13,4666.71923828125,4702.115234375,4582.1806640625,4651.46044921875,14457436261,47.07,136558244852,6326,64644,13.48,608683,9635,29969009,97438506061,292,545008815231.0772,157313.0,1315550,2885172.793665006,4650.618896484375
2021-11-14,4648.6328125,4689.8427734375,4516.935546875,4626.35888671875,12172962219,41.32,118460320428,6345,64874,13.48,602843,10626,29964680,97925457176,248,540549173130.5662,155472.0,1276923,1498128.0162772343,4620.4425048828125
2021-11-15,4627.0908203125,4764.63623046875,4546.59912109375,4557.50390625,16275851299,54.53,159570192767,6319,68318,13.51,562828,16312,29964880,97422476367,318,550229074727.3767,161427.0,1283963,4527724.9872164,4623.95751953125
2021-11-16,4570.47802734375,4891.70458984375,4144.3349609375,4216.365234375,27417502801,47.08,150734124893,6254,71564,13.61,567950,11399,29966302,96356492010,293,505645899859.5676,153532.0,1317678,3689316.337950028,4455.720703125
2021-11-17,4213.91064453125,4300.306640625,4107.1259765625,4287.59375,22183461850,42.79,137441876620,6390,70783,13.3,647957,14170,29963962,98477697827,288,491541190737.5853,146565.0,1338205,3455998.4649599623,4227.2342529296875
2021-11-18,4287.80224609375,4343.55712890625,3959.227783203125,4000.65087890625,21383250893,45.04,149599507821,6372,68397,13.39,551611,9354,29966360,98258045079,241,499167764690.1416,144719.0,1311059,3121852.6462510326,4147.809509277344
2021-11-19,3995.7294921875,4311.7138671875,3982.91748046875,4298.306640625,20626269711,41.56,127112478419,6232,70000,13.71,568416,10171,29964123,96064983806,289,477016226815.8041,139728.0,1253815,3608035.315881247,4147.1668701171875
2021-11-20,4298.3505859375,4434.38818359375,4209.24267578125,4409.93115234375,15448261277,39.73,109743832286,6295,67221,13.54,507869,18756,29966844,97067685699,202,503222657370.33,145136.0,1185991,2715227.0665091104,4337.9781494140625
2021-11-21,4412.1953125,4422.49169921875,4255.455078125,4269.73291015625,14094831413,36.08,112071573983,6287,72737,13.59,568594,9216,29968133,97039418838,200,511368164028.7057,130287.0,1233256,2340322.450380987,4339.96875
2021-11-22,4266.50927734375,4302.02294921875,4033.572265625,4088.457763671875,19752218877,50.0,151882787720,6367,73137,13.41,504707,11148,29965433,98175509324,233,492362459377.4727,139822.0,1224957,2526724.158609608,4172.640563964844
2021-11-23,4089.680419921875,4385.4833984375,4069.7666015625,4340.763671875,22133497059,46.99,140451271612,6339,72569,13.43,538772,13409,29967823,97654433985,249,482726694356.6583,144741.0,1240179,3049175.395132496,4221.423522949219
2021-11-24,4340.0361328125,4376.8759765625,4176.18359375,4239.9814453125,21838037128,41.56,136329342104,6304,72979,13.56,561877,11344,29966256,97186997792,292,501865827275.7479,154752.0,1333767,3550085.4899507826,4283.269287109375
2021-11-25,4271.39453125,4550.51806640625,4249.7744140625,4274.7431640625,18705358318,43.14,129483681201,6303,69643,13.53,554742,11813,29973030,97167359357,266,504473284476.15546,158909.0,1312364,2743635.61920384,4336.6075439453125
2021-11-26,4522.208984375,4550.84228515625,3933.506591796875,4030.908935546875,26281795488,35.46,120295788942,6218,71697,13.68,558797,13035,29973941,95847643629,272,509145866266.81726,154153.0,1311245,3996386.209393596,4259.36669921875
2021-11-27,4042.9990234375,4187.68408203125,4033.513916015625,4096.912109375,16515693874,41.04,126864537780,6386,70859,13.35,512634,10497,29972756,98527637239,225,484332971341.9452,137075.0,1233097,2398577.681316077,4090.2772827148438
2021-11-28,4101.64892578125,4297.91650390625,3989.969970703125,4294.45361328125,15953126340,43.33,119117976662,6256,71615,13.57,488740,9695,29973463,96546465274,222,478415823722.1928,127483.0,1177110,1856512.2130373127,4170.997253417969
2021-11-29,4296.94677734375,4460.8486328125,4284.5048828125,4445.10498046875,19086475837,43.49,128925912913,6207,71808,13.7,555014,14926,29971837,95710323947,279,511141827894.2244,135694.0,1183748,2556613.541802303,4371.851318359375
2021-11-30,4447.76806640625,4753.26611328125,4358.07421875,4631.47900390625,28626354111,53.89,142424571983,6259,70186,13.63,578867,13582,29972882,96588497458,285,518557000720.6952,158114.0,1278672,3819005.4318462014,4547.6468505859375
2021-12-01,4623.6796875,4780.732421875,4530.2724609375,4586.990234375,27634826695,51.21,144590880517,6237,68926,13.71,534018,14505,29967837,96173608919,271,560572855164.6228,149306.0,1227887,4399506.096941194,4630.418701171875
2021-12-02,4586.3330078125,4628.919921875,4441.5078125,4511.30224609375,21502671027,41.64,119051816470,6246,69738,13.61,564304,15072,29969654,96347004529,245,535930909260.9996,153254.0,1264706,3375245.834020912,4542.0157470703125
2021-12-03,4514.35595703125,4647.2890625,4100.1455078125,4220.7060546875,25879591528,37.75,114444614457,6294,66293,13.57,522866,12889,29971525,96999612609,270,536451858368.40735,150188.0,1226773,2882251.7305406784,4370.6241455078125
2021-12-04,4227.76220703125,4242.7255859375,3525.494140625,4119.58740234375,38478999182,47.93,155782569275,6177,70232,13.8,508986,12585,29987448,95181800981,147,455895240508.1472,131201.0,1250170,5977518.639127374,4028.892333984375
2021-12-05,4119.62890625,4246.92333984375,4040.217529296875,4198.32275390625,25533062707,30.96,109899112649,6228,69488,13.68,773457,24524,29989209,96094328220,165,492677093928.2264,125772.0,1239765,3172650.0554893045,4151.273132324219
2021-12-06,4199.0,4375.5205078125,3930.806640625,4358.7373046875,28229518513,37.63,112816821427,6273,67603,13.61,537765,18666,29988251,96719652729,250,478040974482.3962,123221.0,1377437,4085661.95807079,4216.01611328125
2021-12-07,4358.5869140625,4428.58935546875,4264.32373046875,4315.0615234375,22366213354,33.23,98725355074,6266,65338,13.62,548943,18815,29988936,96622508037,309,511715212442.9047,143350.0,1206379,3806234.95653342,4341.640380859375
2021-12-08,4311.67431640625,4453.1123046875,4234.53759765625,4439.35791015625,18704315119,27.61,85591237374,6225,69761,13.66,596449,18139,29990791,96069191326,271,512512714831.6098,140245.0,1298785,3235758.1323307906,4359.6705322265625
2021-12-09,4433.02490234375,4482.31396484375,4078.84423828125,4119.81591796875,22296131874,27.86,88232234277,6282,68557,13.54,553764,14074,29992099,96888034495,277,515669871643.3781,131391.0,1275391,3284133.1591431834,4278.499755859375
2021-12-10,4113.58837890625,4227.11181640625,3897.767578125,3908.49609375,28014595631,29.95,89030753907,6427,67807,13.26,566374,17830,29993415,99206690854,307,474787377140.82416,136260.0,1242652,3254817.27011226,4036.740966796875
2021-12-11,3909.667724609375,4095.6484375,3846.054443359375,4084.452392578125,19131502454,26.35,78350083431,6488,66999,13.14,532395,16536,30037829,100289873438,196,468027121072.5324,126743.0,1209496,2847791.2576143704,3983.9557495117188
2021-12-12,4084.811279296875,4173.60888671875,3993.055908203125,4134.453125,14057603914,22.97,65953683938,6523,66346,13.12,550244,15931,30033664,100783092953,207,477044035785.8381,125359.0,1165519,1499716.425688269,4096.4822998046875
2021-12-13,4136.35986328125,4145.955078125,3680.609130859375,3784.226806640625,23999841386,27.05,88677536111,6486,72439,13.17,560925,16996,30031733,100242813459,299,468949833123.8033,136297.0,1229485,2849058.8903497965,3936.7877197265625
2021-12-14,3782.82275390625,3866.6337890625,3700.104736328125,3745.4404296875,23836759957,25.4,83572369835,6391,71392,13.29,560573,23633,30035058,98661297954,332,444505364174.94586,140713.0,1199439,4661436.715835541,3773.7504272460938
2021-12-15,3862.25146484375,4086.372802734375,3664.719970703125,4018.388671875,26411188833,29.2,92325564544,6478,69996,13.18,558270,14233,30032732,100002585601,316,454699131633.4587,141216.0,1266630,2830463.53815884,3907.9332275390625
2021-12-16,4020.4150390625,4110.36865234375,3956.05712890625,3962.4697265625,19825531254,35.7,101523194423,6397,64166,13.32,549496,18491,30034707,98878029798,304,472094520878.2247,135041.0,1245432,3404659.456960581,4012.32763671875
2021-12-17,3959.012451171875,3992.79248046875,3711.424560546875,3879.486572265625,23143541098,30.82,113247836692,6468,73499,13.18,570955,13998,30036635,99899533626,333,455657542507.7648,125762.0,1146031,3100087.4221891714,3885.6790161132812
2021-12-18,3880.29150390625,3993.829833984375,3774.614990234375,3960.860107421875,19530895889,23.08,68559014804,6508,75495,13.12,514295,17005,30035105,100499502434,200,457844096055.4664,121382.0,1226880,2695991.936348566,3902.3991088867188
2021-12-19,3960.872314453125,4018.658447265625,3894.398681640625,3922.592529296875,16167785597,22.22,62055391544,6453,67943,13.27,513819,16283,30038821,99832932492,190,468174748640.1964,122089.0,1157863,1575277.4396166366,3949.1304931640625
2021-12-20,3923.69580078125,3980.0986328125,3759.4033203125,3933.844482421875,21589690675,23.93,71513752132,6545,69853,13.01,538610,18311,30038499,101019415970,385,451447631669.6592,121033.0,1172335,1945997.2615730565,3899.2605590820312
2021-12-21,3938.4638671875,4058.8212890625,3918.837890625,4020.260009765625,16388555198,23.23,71133181120,6442,68846,13.24,541955,22964,30029615,99582538677,349,470943263613.881,141278.0,1197666,2499880.1058470686,3984.0957641601562
2021-12-22,4018.69580078125,4073.79150390625,3947.690185546875,3982.099609375,13921756199,25.67,81724114577,6426,68697,13.28,577033,18134,30030405,99157641835,400,476582167506.3174,141077.0,1205140,2310707.6963032945,4005.5692749023438
2021-12-23,3981.961669921875,4149.02685546875,3897.234375,4108.015625,18007273742,28.35,90020348396,6415,72291,13.31,546643,13934,30031369,99088233365,327,460297371691.08905,142799.0,1248962,2241559.505903262,4034.0596313476562
2021-12-24,4111.34521484375,4134.1064453125,4029.064453125,4047.98291015625,12769090623,23.1,75729336544,6468,72147,13.16,585105,13687,30034010,99799023582,237,481030021315.3855,140464.0,1284219,2633407.7714312924,4080.624755859375
2021-12-25,4049.781982421875,4138.56494140625,4027.927001953125,4093.281005859375,10894785525,22.95,73519109194,6460,72236,13.21,572474,9660,30032560,99831016366,128,477077685194.4728,109125.0,1324954,2483468.424911492,4077.3887329101562
2021-12-26,4094.151611328125,4105.02392578125,4013.0263671875,4067.328125,11197244172,19.25,58587455926,6467,71563,13.2,541229,15769,30028409,99855677488,172,475045434731.4482,124141.0,1225075,1233689.1004451064,4069.8825073242188
2021-12-27,4064.746337890625,4126.00146484375,4033.492431640625,4037.547607421875,11424360002,25.91,82343259279,6477,78825,13.17,563485,12680,30027057,100081178539,260,476918097148.57495,136527.0,1224382,1867639.888948312,4065.4469604492188
2021-12-28,4037.5380859375,4037.5380859375,3769.280029296875,3800.89306640625,17299472803,31.83,106487269070,6442,79689,13.24,540891,12369,30030828,99401788712,226,460892617831.9425,146782.0,1243820,3847325.389157506,3911.3123168945312
2021-12-29,3797.436279296875,3827.98193359375,3612.7958984375,3628.53173828125,15722555672,36.69,127731940351,6519,83474,13.09,516196,10859,30032151,100776349968,187,446611142093.99,117998.0,1282289,2697891.744799363,3716.6864624023438
2021-12-30,3632.2197265625,3767.559814453125,3595.204833984375,3713.85205078125,12925377999,32.49,114739332055,6432,80679,13.28,545503,14026,30031753,99300781355,288,436913327198.2447,130828.0,1230501,3100922.256130584,3677.2091064453125
2021-12-31,3713.43017578125,3807.288818359375,3636.869873046875,3682.6328125,14157285268,28.19,97138220230,6379,79152,13.36,521976,13040,30031557,98452603391,214,436305309243.13824,136695.0,1254988,4416244.862981047,3710.055419921875
2022-01-01,3683.047119140625,3769.91796875,3682.28662109375,3769.697021484375,9776191466,26.07,81360644849,6506,78275,13.13,522711,12625,30030908,100551171640,166,437227990758.90894,126489.0,1161569,2320764.0184933133,3726.2371826171875
2022-01-02,3769.29833984375,3836.161865234375,3727.357421875,3829.56494140625,9881471548,34.03,100587541072,6495,85060,13.11,487903,13126,30032854,100382404399,139,440230711143.7085,118138.0,1167955,1777815.063740783,3790.5956420898438
2022-01-03,3829.53564453125,3836.19873046875,3698.047607421875,3761.38037109375,12080777893,32.81,107822991910,6461,87429,13.17,523598,14552,30034585,99902168488,191,448235791449.542,127308.0,1182371,1651524.8493469397,3781.2905883789062
2022-01-04,3761.361572265625,3876.78515625,3723.349853515625,3794.056640625,14030925983,41.05,133172882074,6494,83142,13.14,534283,16595,30033024,100329879686,193,442138401835.8011,144542.0,1221538,2602035.820020142,3788.8883056640625
2022-01-05,3794.26904296875,3842.059814453125,3456.745361328125,3550.386962890625,18061338502,41.54,149286681138,6460,87221,13.23,552895,17517,30031454,99810024407,249,448909810987.23206,145092.0,1227939,2398253.4447975177,3660.8652954101562
2022-01-06,3549.708984375,3549.708984375,3335.376708984375,3418.408203125,24293791313,37.53,137789473933,6392,84717,13.35,547180,10814,30033176,98715972119,213,406292422282.2985,132159.0,1240942,4912240.228406626,3463.3007202148438
2022-01-07,3417.837890625,3420.4619140625,3117.38134765625,3193.21044921875,24494179209,40.32,153392298226,6423,86750,13.24,525935,13879,30032875,99146545762,200,375624936379.4685,122090.0,1200503,4494895.441376215,3287.222900390625
2022-01-08,3193.50244140625,3240.304443359375,3020.880859375,3091.97265625,16037732700,30.91,121243981674,6525,90893,13.05,525979,14848,30031198,100857814197,164,377834523396.4016,117272.0,1173527,2604745.984113088,3136.6651000976562
2022-01-09,3091.6962890625,3206.790771484375,3075.911376953125,3157.75146484375,12334683863,43.4,157991849856,6505,98869,13.16,463125,12080,30032959,100476979381,160,368606679155.3704,105700.0,1126447,2508039.274790527,3133.0374755859375
2022-01-10,3157.570556640625,3177.21337890625,2947.68359375,3083.097900390625,19535744145,52.21,218547966407,6422,94968,13.29,469968,9998,30032263,99281434205,164,372093781962.4885,103956.0,1194679,2561547.5757021806,3091.391357421875
2022-01-11,3082.990966796875,3247.511962890625,3061.140625,3238.111572265625,15211447193,46.65,184658179747,6527,94105,13.04,531977,12959,30030890,100891618639,238,368642414576.7356,110783.0,1269396,3151375.0758815054,3157.4387817382812
2022-01-12,3238.449951171875,3401.219970703125,3216.718017578125,3372.25830078125,16662871689,51.24,194997505026,6457,85405,13.16,575455,15474,30034071,99719511847,265,378397871158.20496,121219.0,1287434,2910189.205982928,3307.1615600585938
2022-01-13,3372.10498046875,3396.9697265625,3247.91748046875,3248.28857421875,15294466275,41.6,166673299061,6438,89632,13.19,586531,13851,30033890,99513142623,236,393128522029.8952,125895.0,1295076,3193336.1380761564,3316.3201904296875
2022-01-14,3248.648681640625,3330.76611328125,3203.82373046875,3310.00146484375,13562957230,50.7,191210806227,6439,90602,13.19,528223,13410,30032216,99422947837,223,384359792005.4869,120415.0,1239200,2550508.901448393,3273.3099975585938
2022-01-15,3309.84423828125,3364.537841796875,3278.6708984375,3330.53076171875,9619999078,38.02,139006488939,6486,90414,13.1,540646,15107,30035769,100206226555,241,389393032130.76746,111462.0,1169832,2177789.174068487,3320.8959350585938
2022-01-16,3330.38720703125,3376.401123046875,3291.563720703125,3350.921875,9505934874,37.67,132860552497,6504,90864,13.11,519703,14880,30033389,100594113972,224,392385287737.3566,121709.0,1169090,1667070.3907195332,3337.3184814453125
2022-01-17,3350.947265625,3355.8193359375,3157.22412109375,3212.304931640625,12344309617,38.66,154217004828,6468,92056,13.2,527418,14432,30032281,99815462331,256,385249234992.5713,110956.0,1189635,2137525.6366126146,3269.0739135742188
2022-01-18,3212.28759765625,3236.01611328125,3096.12353515625,3164.025146484375,13024154091,33.0,124366023261,6462,91038,13.17,513650,16738,30033840,99858454979,302,375019105492.8617,111945.0,1170868,2409841.53455269,3177.1130981445312
2022-01-19,3163.850341796875,3171.158447265625,3055.21240234375,3095.825927734375,13187424144,31.87,132188266163,6473,87191,13.14,539195,18118,30036158,100052859737,324,359844845782.02875,120543.0,1193154,3138018.075716176,3121.5117797851562
2022-01-20,3095.271728515625,3265.3369140625,3000.908203125,3001.1201171875,10645922764,37.55,147949242748,6489,80062,13.18,529234,15066,30028460,100294943392,224,369338925412.9757,126142.0,1210172,3187358.577747545,3090.6592407226562
2022-01-21,3002.956787109375,3029.0810546875,2496.81298828125,2557.931640625,26796291874,39.27,185589024250,6393,88114,13.33,504678,11629,30028551,98762028421,226,339137099498.36383,118556.0,1210860,5212021.609389627,2771.6956176757812
2022-01-22,2561.145263671875,2615.247314453125,2330.247314453125,2405.18115234375,27369692036,32.62,165352473660,6556,86842,12.9,507937,12554,30033810,101120789675,154,290380819998.3212,107102.0,1196771,8710057.885424443,2477.9552612304688
2022-01-23,2406.92431640625,2542.144775390625,2381.51513671875,2535.0390625,16481489511,28.79,125481953136,6456,81407,13.24,478026,15590,30036192,99789268485,223,293005450551.9004,108166.0,1111554,4248772.812143131,2466.4058227539062
2022-01-24,2535.89111328125,2537.20849609375,2172.30126953125,2440.352294921875,28220804648,29.84,142048720738,6449,87442,13.15,487246,15382,30037237,99595606525,263,280445292944.32654,110776.0,1118531,5436889.243778275,2421.4382934570312
2022-01-25,2440.3935546875,2498.507080078125,2359.384765625,2455.93505859375,16179776932,29.04,146782924051,6460,89303,13.24,497858,17678,30023848,99759441501,334,280401505106.5849,117249.0,1169921,4513116.342515835,2438.5551147460938
2022-01-26,2455.5791015625,2705.7841796875,2417.68310546875,2468.0302734375,21229909340,29.92,144647624255,6427,90534,13.21,484768,17004,30024161,99308664042,280,289710460899.39966,120861.0,1157630,4295844.370335378,2511.7691650390625
2022-01-27,2467.1884765625,2510.45166015625,2328.4521484375,2423.001220703125,16126522783,32.7,154950058453,6494,93639,13.13,467431,16195,30023956,100202326378,264,283216724337.63824,110529.0,1144735,4168553.853841763,2432.2733764648438
2022-01-28,2421.64697265625,2548.778564453125,2367.833740234375,2547.092041015625,14666227351,30.8,140463612735,6472,86013,13.18,492023,15584,30020566,99861682821,307,282193631265.9094,103868.0,1124708,3878553.467431631,2471.3378295898438
2022-01-29,2546.590576171875,2627.609375,2526.98974609375,2597.084716796875,11172062661,26.23,119868895247,6461,88540,13.21,491108,17023,30023827,99767539055,221,301628978276.6023,107267.0,1154648,3225731.8645165,2574.568603515625
2022-01-30,2598.56494140625,2631.408447265625,2550.4609375,2603.466552734375,9501221177,28.2,134343808068,6539,90448,13.07,512235,16999,30023225,101015302553,250,308486800572.6317,103251.0,1148319,2499195.641787594,2595.9752197265625
2022-01-31,2603.263427734375,2697.7353515625,2489.072265625,2688.27880859375,13778234614,27.15,122792749092,6462,86293,13.16,528149,16981,30022482,99935919102,315,296794149681.6489,105564.0,1186813,2595332.710149996,2619.5874633789062
2022-02-01,2687.89892578125,2802.3154296875,2682.621826171875,2792.1171875,13194846235,36.41,155363116032,6501,90133,13.11,518719,14045,30025675,100558993129,255,322212592423.2631,111763.0,1191144,3949819.046069109,2741.2383422851562
2022-02-02,2791.958984375,2802.212158203125,2630.120361328125,2682.85400390625,13876301217,34.85,158622018463,6454,93113,13.22,507864,15055,30022588,99562179696,244,323677488166.65106,107213.0,1152311,2565115.603343946,2726.786376953125
2022-02-03,2682.22607421875,2712.482666015625,2587.783447265625,2679.16259765625,12755505065,29.25,122791237199,6423,88566,13.24,487304,17912,30022977,99223355169,347,314674991661.8864,109309.0,1129922,3891236.507359788,2665.4136962890625
2022-02-04,2681.0576171875,2983.5869140625,2675.44384765625,2983.5869140625,18987223729,27.53,109340117724,6556,85039,12.98,529288,16800,30024788,101259761147,268,330185385740.7745,107983.0,1145189,3299955.9987093504,2830.9188232421875
2022-02-05,2984.446044921875,3054.130126953125,2966.781005859375,3014.648193359375,13102093957,33.27,110654135090,6387,83069,13.32,597390,19685,30026504,98610252392,266,353358054211.12726,113809.0,1250496,2784037.3760867254,3005.0013427734375
2022-02-06,3014.959716796875,3061.26123046875,2965.429931640625,3057.47607421875,9466018022,19.61,76760714510,6539,80012,13.03,555800,25614,30028043,101060738866,275,354739503857.411,109211.0,1175618,1591956.4471397493,3024.78173828125
2022-02-07,3057.422119140625,3182.5283203125,3002.927001953125,3142.470703125,15197063785,30.94,119522141352,6461,87905,13.18,518469,37569,30032084,99822018827,307,362870842713.2236,139554.0,1128787,2555012.8242330216,3096.3370361328125
2022-02-08,3143.008544921875,3219.47265625,3038.3779296875,3122.608642578125,17136080906,23.66,92775066553,6430,85710,13.24,536535,22462,30030586,99269806634,333,373878615897.31,128755.0,1207226,3097054.2331796093,3130.866943359375
2022-02-09,3121.1826171875,3263.15576171875,3063.16015625,3239.45703125,13951308490,25.49,97129048063,6477,86954,13.18,544671,22393,30027940,100061769505,340,365795807239.6894,125721.0,1181795,2835180.7836162183,3171.7388916015625
2022-02-10,3240.113037109375,3271.316162109375,3070.378173828125,3077.482177734375,18629485080,27.98,118792683558,6438,90584,13.23,553651,24028,30028825,99386734077,296,375993153265.08167,126989.0,1214947,4188827.7132263314,3164.8223876953125
2022-02-11,3077.4130859375,3127.45068359375,2888.707763671875,2927.383544921875,16043881065,18.79,77826197326,6520,90688,13.04,548750,21308,30025943,100665610566,386,365443476230.2708,113446.0,1192194,3883163.697718327,3005.23876953125
2022-02-12,2927.386474609375,2980.079345703125,2870.177001953125,2917.36279296875,11254355757,17.44,68845159278,6471,84500,13.22,522239,18401,30037314,100014118266,301,344174811142.2689,105556.0,1149563,2690523.119470146,2923.7514038085938
2022-02-13,2916.78955078125,2947.776611328125,2845.397705078125,2883.46337890625,9054963563,14.85,59461576044,6470,87651,13.26,535487,22502,30037552,100037388671,307,344378947850.43005,117123.0,1099047,1691798.3127870902,2898.3568115234375
2022-02-14,2880.187744140625,2957.963623046875,2840.257568359375,2933.47900390625,12164552172,16.15,65878165715,6451,88983,13.22,539107,29623,30035668,99722263943,388,339504602317.8285,121359.0,1153481,2461726.657796796,2902.9719848632812
2022-02-15,2933.72900390625,3185.520751953125,2917.857177734375,3179.877197265625,13921257873,20.65,80874247205,6520,92114,13.11,534962,20644,30036808,100831175316,341,359234168316.1527,113961.0,1144915,2563706.089516587,3054.2460327148438
2022-02-16,3180.44677734375,3181.616943359375,3055.168212890625,3127.830078125,12352406833,21.54,85651527834,6410,95439,13.35,507467,15461,30040087,98962084941,313,370960435572.88855,106137.0,1229178,2447310.551199469,3136.2655029296875
2022-02-17,3126.8583984375,3154.615234375,2861.85205078125,2881.48193359375,15860206214,19.64,77359572225,6476,99673,13.18,500923,16997,30035429,100196760599,268,366512064614.19617,104552.0,1130665,2421492.2329414086,3006.201904296875
2022-02-18,2884.340576171875,2937.30859375,2761.643310546875,2785.7275390625,15748173433,21.3,99672209984,6418,98783,13.26,467529,13047,30039239,99200040530,302,342101043006.4429,98648.0,1237511,2605306.208425632,2842.2550048828125
2022-02-19,2784.872802734375,2826.347900390625,2707.37841796875,2763.701171875,9774183169,17.0,78329414509,6407,101752,13.36,491877,14931,30044581,99086540782,242,331406631217.219,96067.0,1177679,2109507.58692897,2770.5750732421875
2022-02-20,2763.756591796875,2763.756591796875,2585.9462890625,2628.6484375,11641437834,14.64,71638077716,6518,102349,13.09,511354,13700,30044046,100753877509,240,312738593656.6318,91099.0,1326631,1679252.4057819096,2685.5269775390625
2022-02-21,2627.66552734375,2752.45849609375,2568.25439453125,2573.816162109375,18646392740,20.59,93449422300,6434,119118,13.3,468994,12847,30039095,99458416983,293,323964979238.93634,94004.0,1150757,2672467.4079508344,2630.5486450195312
2022-02-22,2572.898681640625,2648.916748046875,2510.6787109375,2639.29931640625,16360200507,20.61,88855949080,6463,100337,13.19,481211,13659,30040034,99922748791,391,297205082888.20667,109073.0,1132626,2509679.1381179984,2592.9483642578125
2022-02-23,2639.447021484375,2741.368408203125,2587.412841796875,2590.359619140625,13382637240,22.34,96963987483,6487,98862,13.15,505443,15178,30044001,100213758975,386,317487665559.6186,99689.0,1139904,2171692.9043432586,2639.64697265625
2022-02-24,2588.166259765625,2689.047607421875,2308.914794921875,2598.067138671875,29312342666,19.67,91585153455,6485,95330,13.12,513537,12975,30040176,100041030663,305,279799992504.6506,111407.0,1172686,5105309.570503451,2546.0489501953125
2022-02-25,2598.436279296875,2821.972412109375,2579.2080078125,2764.53564453125,17208902048,15.66,68352032145,6430,98881,13.28,520622,22278,30041553,99365667968,296,307657299585.1746,113446.0,1160236,5020676.020460607,2691.0380859375
2022-02-26,2764.989501953125,2849.424072265625,2745.009033203125,2781.11181640625,11724648351,12.97,55689206304,6460,93370,13.14,554941,19149,30046888,99952445402,286,328763202353.4268,101420.0,1159431,2206592.691039774,2785.1336059570312
2022-02-27,2780.50439453125,2831.12548828125,2581.61572265625,2621.8017578125,16150857254,10.67,46808949175,6488,90823,13.15,516988,17542,30040707,100318695332,293,322679210721.25165,98212.0,1142265,1567558.4293755612,2703.7618408203125
2022-02-28,2621.172119140625,2929.180419921875,2586.38818359375,2919.201171875,19266124733,19.57,74184332108,6424,89599,13.29,501026,11159,30037347,99340469987,346,310529880824.8732,94362.0,1086007,2274886.955370849,2763.9854736328125
2022-03-01,2919.77587890625,3029.651611328125,2868.93896484375,2972.485107421875,18757425786,15.64,61807690726,6495,90398,13.12,530677,11734,30047578,100279202715,381,344241170799.9561,103066.0,1165809,3211807.6818251973,2947.712890625
2022-03-02,2972.471923828125,3026.8681640625,2919.943115234375,2950.118408203125,16636517503,13.91,57233821035,6404,95788,13.31,549607,18261,30042355,98933121163,456,350680125353.24567,116575.0,1191859,3195891.126175556,2967.3504028320312
2022-03-03,2950.15673828125,2964.67333984375,2797.3193359375,2834.468994140625,13091199728,12.54,51820526521,6451,95379,13.24,539968,15618,30040822,99736545706,353,342298076128.8244,115733.0,1181069,2536598.5739919096,2886.6546020507812
2022-03-04,2834.9873046875,2835.17626953125,2587.748291015625,2617.156005859375,14496939024,11.2,50027808157,6496,86093,13.14,532696,17094,30038467,100357669416,394,322067843101.6645,102776.0,1161355,2606275.84369214,2718.7669677734375
2022-03-05,2618.4736328125,2679.1025390625,2596.989990234375,2664.8310546875,8072368396,9.3,39105900797,6376,79961,13.35,505916,18690,30040053,98482683212,300,310891967588.33484,97788.0,1095730,2086357.9047133224,2639.8493041992188
2022-03-06,2664.943603515625,2673.63720703125,2555.037353515625,2555.037353515625,8872976607,11.27,51787695696,6421,81129,13.25,527818,20203,30036668,99299521110,287,311766780179.4613,98170.0,1103078,1373910.555913916,2612.1638793945312
2022-03-07,2555.297607421875,2639.943115234375,2455.59375,2497.771240234375,14594098731,9.41,44752346436,6446,85379,13.19,540276,19857,30039670,99500363367,363,297301288722.6701,98371.0,1160033,1775204.823709049,2537.1514282226562
2022-03-08,2497.721435546875,2618.166015625,2489.755126953125,2576.74755859375,13922922903,10.35,49331425559,6392,87321,13.33,595069,22502,30040082,98752843082,463,298794036186.803,105198.0,1180856,2869754.6892629336,2545.5975341796875
2022-03-09,2577.165283203125,2761.79638671875,2573.6552734375,2729.783447265625,14173665398,9.28,40816198152,6508,87458,13.08,569226,18161,30044147,100544327866,390,323963343475.58563,98414.0,1198084,2692224.381555203,2660.60009765625
2022-03-10,2729.116455078125,2729.116455078125,2566.193115234375,2608.048583984375,13292477213,7.51,36484913763,6480,86477,13.12,634228,21340,30036211,100095014360,372,306107320033.25385,112883.0,1232611,2306536.337565799,2658.11865234375
2022-03-11,2608.271240234375,2664.55859375,2534.688232421875,2559.56298828125,12382419582,7.54,35326134376,6331,89831,13.38,523912,17070,30041352,97910888957,422,307939332654.529,99145.0,1130643,1920510.3413988987,2591.770263671875
2022-03-12,2559.66064453125,2606.438720703125,2559.126953125,2574.754150390625,6532996574,5.95,26293915463,6509,85189,13.05,537276,20358,30043928,100589272050,365,305325008236.9542,98840.0,1130654,1413885.1586600344,2574.9951171875
2022-03-13,2573.488037109375,2594.5498046875,2503.88525390625,2518.944580078125,8632000379,8.54,41621884402,6327,86475,13.41,495372,15448,30040545,97791785234,335,304600172994.0256,88608.0,1039869,1156210.107037224,2547.7169189453125
2022-03-14,2518.486328125,2604.034423828125,2505.29931640625,2590.696044921875,11244398839,8.26,35171107807,6458,88668,13.1,505326,15995,30041280,99864155336,444,305412165702.9375,94744.0,1097574,1752442.908010848,2554.6290283203125
2022-03-15,2590.6689453125,2662.32958984375,2515.765869140625,2620.149658203125,12861105614,8.58,40481002846,6405,88738,13.25,575665,14901,30042956,98984054418,462,298499149620.07404,105548.0,1156092,2749581.6052750424,2597.228515625
2022-03-16,2620.028564453125,2781.30712890625,2610.764404296875,2772.0556640625,17915109769,9.69,43774422429,6391,88594,13.27,629493,14106,30048087,98805170056,412,312394178363.3537,118552.0,1258415,3272069.4195076893,2696.0389404296875
2022-03-17,2771.964111328125,2826.16064453125,2751.560791015625,2814.8544921875,12685265194,17.31,77108651531,6426,82967,13.24,524255,12843,30043155,99184588781,387,325314577567.11194,104972.0,1168518,2925651.102970628,2791.135009765625
2022-03-18,2814.4345703125,2973.6162109375,2774.855712890625,2945.343017578125,15830879093,15.71,72594322453,6418,83297,13.19,639040,9792,30042422,99161213375,356,329803157149.1593,98590.0,1278448,2877010.868850618,2877.0623779296875
2022-03-19,2944.7216796875,2979.987060546875,2910.80224609375,2946.257080078125,11576463120,8.48,33680173978,6449,80792,13.17,543006,13228,30036670,99571956146,401,345074666453.4092,98776.0,1135750,2991720.590733853,2945.4420166015625
2022-03-20,2946.547607421875,2956.965576171875,2826.107421875,2860.459228515625,12684727326,7.29,29275876248,6426,87036,13.19,527636,14278,30039671,99275340974,379,345471305898.9896,98110.0,1118234,1721216.855211303,2897.5199584960938
2022-03-21,2860.103271484375,2954.556640625,2838.25048828125,2897.9765625,15206116098,8.79,37355945670,6407,86140,13.22,563008,11702,30037015,99013394578,459,341361028874.71405,95448.0,1118611,1736487.412058957,2887.7217407226562
2022-03-22,2897.774169921875,3040.3828125,2892.54443359375,2973.131103515625,16830539230,10.77,46983693447,6446,87875,13.17,603744,11743,30043577,99613314092,469,353592498448.836,100502.0,1244124,2844373.0579853323,2950.9581298828125
2022-03-23,2973.14501953125,3036.752197265625,2933.306640625,3031.067138671875,16008767658,10.44,40602858000,6440,89310,13.16,553306,15010,30046954,99612247935,395,348359476318.06995,107098.0,1173523,3876054.4251558464,2993.5677490234375
2022-03-24,3031.060791015625,3118.3876953125,3012.32666015625,3108.06201171875,18070503166,14.07,53355636800,6424,86000,13.19,536643,10935,30041918,99189946100,456,358974878737.01483,104583.0,1143953,2464018.177877176,3067.4592895507812
2022-03-25,3108.448974609375,3183.9580078125,3087.49072265625,3106.67138671875,17030503831,13.06,48970434712,6424,85761,13.19,531954,10145,30040305,99272958912,422,369929687400.2852,104755.0,1162197,2952624.2877369947,3121.6422729492188
2022-03-26,3106.4052734375,3146.825439453125,3091.825439453125,3143.178955078125,8876420740,9.4,34689925385,6407,80067,13.23,540396,12163,30038434,98940976696,319,370776851282.324,93712.0,1119922,2019632.773640916,3122.0587768554688
2022-03-27,3143.795654296875,3291.57763671875,3129.997802734375,3291.57763671875,13431866834,18.13,55419043357,6395,82096,13.25,532179,13123,30039531,98910506611,278,372914225368.0843,100670.0,1113897,1236912.0484169591,3214.2371826171875
2022-03-28,3292.322509765625,3424.019287109375,3279.027099609375,3336.634521484375,20620450770,25.98,82452707160,6463,83028,13.11,548618,10225,30037429,99771668305,420,392350791042.54456,113740.0,1178179,2474019.445663934,3333.0008544921875
2022-03-29,3335.021240234375,3470.186279296875,3335.021240234375,3401.98779296875,19533323636,14.24,50438131665,6452,82976,13.16,554500,9989,30034963,99645982279,434,400516473889.64966,119736.0,1225975,3031068.4395096325,3385.5541381835938
2022-03-30,3401.526123046875,3435.2861328125,3349.237060546875,3385.157958984375,15302506131,15.94,56313897422,6394,83748,13.32,522805,9884,30039271,98721281918,522,402857214373.3869,106296.0,1156242,3234020.942693095,3392.8018188476562
2022-03-31,3385.289306640625,3435.12841796875,3272.9345703125,3281.642822265625,17685495686,15.15,55283697798,6414,85720,13.28,528779,10605,30039327,99115196999,441,402282928708.4531,108713.0,1175642,3198583.0630243323,3343.748779296875
2022-04-01,3282.576171875,3467.555908203125,3223.891357421875,3449.55224609375,20982988937,20.08,68577599578,6431,87026,13.19,508132,9360,30037698,99346344122,367,387662637519.0507,107987.0,1150291,4032199.267074353,3355.8939208984375
2022-04-02,3449.78857421875,3521.28466796875,3442.000244140625,3445.059326171875,23571556215,19.84,62407665341,6357,89484,13.39,480916,9232,30038061,98039013271,309,411860724783.507,100686.0,1130273,2227779.614900502,3464.533203125
2022-04-03,3444.810546875,3573.960205078125,3421.259765625,3522.83349609375,15333808649,19.76,55065336602,6426,92115,13.21,465606,10764,30035266,99282411787,321,412411638549.9647,87736.0,1045972,1451235.6715655797,3490.7160034179688
2022-04-04,3522.364990234375,3535.148193359375,3422.0009765625,3521.2412109375,18209969743,20.86,68717823808,6323,91131,13.39,462748,9039,30036653,97781137244,421,414161568391.8483,93953.0,1097239,1806930.642392696,3500.1888427734375
2022-04-05,3521.23974609375,3546.706787109375,3410.547607421875,3411.79248046875,16681503199,42.36,96816494014,6436,89603,13.15,479388,9288,30038449,99459066254,419,416945459863.779,97709.0,1099111,2190643.916614496,3472.5716552734375
2022-04-06,3411.672119140625,3411.672119140625,3171.205078125,3171.69189453125,25632563639,17.12,62788787351,6418,94644,13.2,486317,11514,30035585,99139016543,412,395304156929.9986,95479.0,1117244,2502011.3071628087,3291.560302734375
2022-04-07,3172.197265625,3263.474609375,3155.5810546875,3233.274658203125,16745496605,20.87,75351242378,6422,102101,13.22,481772,10455,30044706,99243188810,404,381333092065.8632,93766.0,1127775,3019648.730787775,3206.1318969726562
2022-04-08,3233.2724609375,3301.607421875,3179.142333984375,3192.073974609375,17557050669,16.62,59575919037,6338,100610,13.39,470234,11153,30038003,97858557778,431,388063776803.1723,96544.0,1126697,2367103.3918393585,3226.5240478515625
2022-04-09,3191.97607421875,3261.963134765625,3187.46923828125,3261.916259765625,9908112156,11.26,38308158477,6429,92218,13.19,502188,15627,30032540,99357632703,372,379474746245.5729,92181.0,1075108,1903699.87507324,3225.8311767578125
2022-04-10,3261.29150390625,3303.003173828125,3211.866943359375,3211.866943359375,10427054790,12.77,47810675357,6401,97367,13.26,501226,13338,30035048,98912391764,347,383590821788.2465,93184.0,1100534,1144769.730748398,3247.0071411132812
2022-04-11,3209.576904296875,3214.4619140625,2962.756591796875,2981.05224609375,21891804831,13.05,49652220938,6447,93680,13.17,485694,11300,30040882,99678938012,412,376128324792.2716,88221.0,1114809,2181014.4521287503,3091.9619140625
2022-04-12,2981.420654296875,3077.45263671875,2957.872314453125,3030.37646484375,20235707410,13.39,50425290071,6446,92833,13.21,472507,10487,30036244,99574973446,515,357754248234.17,95205.0,1109352,3306235.993212946,3011.780517578125
2022-04-13,3029.8779296875,3123.575439453125,3006.481689453125,3118.34423828125,16088473629,14.17,50926241086,6312,92827,13.44,452235,10257,30031034,97411964635,514,360831540082.70734,86675.0,1066252,2441412.4083975083,3069.56982421875
2022-04-14,3117.82177734375,3139.9287109375,2988.435302734375,3019.909423828125,15821419931,13.93,53368293835,6408,92980,13.22,493926,12050,30043878,99046431612,542,368312934681.1944,95856.0,1085495,2355596.2713465174,3066.5238037109375
2022-04-15,3020.134521484375,3044.287353515625,3001.123291015625,3040.91650390625,11256651536,11.43,43144386684,6421,88832,13.24,487015,13290,30031028,99114148066,524,358887650009.0197,96767.0,1144124,3056725.504993721,3026.6154174804688
2022-04-16,3041.123291015625,3074.886962890625,3016.421142578125,3062.310302734375,8766710365,10.9,38595586042,6404,87808,13.31,482581,16572,30038586,99041056691,453,359004074728.532,91269.0,1076005,1744653.986866047,3048.6854248046875
2022-04-17,3061.8818359375,3075.77587890625,2989.0439453125,2993.4033203125,10463091281,8.61,32925135938,6431,91637,13.16,466386,15324,30033753,99440102539,463,359375721116.3512,83302.0,1040380,2137090.6720101545,3030.0262451171875
2022-04-18,2993.48388671875,3062.52099609375,2893.912841796875,3057.606689453125,18629381299,10.79,40280573508,6350,92883,13.38,488646,10982,30023574,98097275103,474,342033631945.0752,93922.0,1096742,2032551.4760000573,3001.881103515625
2022-04-19,3057.5703125,3125.084228515625,3035.53515625,3104.1064453125,14156035096,11.21,44424544153,6409,92499,13.27,590677,10296,30012994,99084068724,507,359661824063.33307,95057.0,1135441,2712553.962281465,3080.5740356445312
2022-04-20,3103.93505859375,3157.8857421875,3045.288330078125,3077.745849609375,15547362265,18.55,71905804866,6424,97649,13.22,597610,8775,30012452,99263808769,569,365664484046.18665,93402.0,1290959,3550661.310316037,3096.2137451171875
2022-04-21,3077.829345703125,3173.451416015625,2962.410400390625,2987.480712890625,20783591093,16.61,65083468948,6290,91286,13.45,485973,9375,30010429,97053544703,454,367290896364.2747,96219.0,1137173,2498853.607237061,3050.29296875
2022-04-22,2986.938720703125,3024.8544921875,2942.358642578125,2964.835693359375,16782795477,14.89,61133071452,6414,94384,13.23,512163,12576,30007988,98975211245,520,357394700041.8734,99495.0,1131868,2575788.388246973,2979.7468872070312
2022-04-23,2964.80224609375,2975.32275390625,2926.740234375,2938.114013671875,9116955609,9.61,35929743755,6371,90137,13.33,476678,12623,30007603,98323964764,343,350181500971.177,94366.0,1093438,1820656.2519060688,2951.2448120117188
2022-04-24,2937.34716796875,2961.882080078125,2922.128662109375,2922.732666015625,9696829579,9.57,35954621598,6373,95809,13.3,490925,12774,30006776,98465986133,377,349098429581.5113,92538.0,1059679,1565941.747430659,2936.0226440429688
2022-04-25,2922.990234375,3018.41552734375,2804.507080078125,3009.3935546875,22332690614,14.64,57799804673,6342,95000,13.35,498262,8887,30004532,97902644367,395,333084332972.2072,99570.0,1126881,2969868.2140675974,2938.8265991210938
2022-04-26,3008.9462890625,3026.4150390625,2786.253173828125,2808.29833984375,19052045399,12.08,50687227347,6320,89905,13.39,503089,10725,30005839,97658484485,433,355624215922.2233,100693.0,1122956,2847995.6232295665,2907.4782104492188
2022-04-27,2808.64599609375,2911.87744140625,2802.2734375,2888.9296875,17419284041,13.54,57662562102,6381,97534,13.3,513203,10893,30002471,98335246396,488,341277495334.1677,113128.0,1156114,2660077.3271318446,2852.931640625
2022-04-28,2888.849853515625,2973.135009765625,2861.821533203125,2936.94091796875,18443524633,13.85,57139757124,6348,90735,13.34,511146,10908,30003647,98039520755,426,343926773738.48303,95630.0,1143112,2763250.7239325703,2915.1868286132812
2022-04-29,2936.776611328125,2943.44580078125,2782.435302734375,2815.601806640625,18771041399,12.86,54690459685,6376,88751,13.25,502569,9969,30004213,98434881764,375,346552892280.6464,102009.0,1189308,3535277.551306425,2869.5648803710938
2022-04-30,2815.533447265625,2836.82763671875,2727.40625,2730.186767578125,13520941867,11.1,52545474977,6348,85276,13.34,505604,10397,30004397,98153074828,289,335049137609.6638,98741.0,1172147,4600285.330967222,2777.488525390625
2022-05-01,2729.994140625,2838.704345703125,2728.078857421875,2827.756103515625,15332730152,200.06,474571337241,6381,87744,13.31,464873,9802,30002888,98510792669,205,327478028150.71423,82004.0,1195479,3182659.314838563,2781.1333618164062
2022-05-02,2827.614013671875,2874.14599609375,2785.52294921875,2857.410400390625,18609741545,17.74,72043698182,6358,86346,13.33,452847,8641,30000873,98180337177,259,336615001803.9905,87362.0,1120472,3288163.4327884056,2836.17333984375
2022-05-03,2857.15234375,2859.193359375,2762.11865234375,2783.476318359375,13026093219,16.03,64105364670,6337,90305,13.38,447713,10791,29999070,97777976434,462,336466942554.67255,86816.0,1084315,4598256.413799884,2815.4851684570312
2022-05-04,2783.131103515625,2956.686767578125,2779.273681640625,2940.644775390625,18186749944,13.47,53083855495,6258,90235,13.56,488475,12796,29999391,96683775665,430,334918511239.0914,97346.0,1095002,2669363.1512066857,2864.93408203125
2022-05-05,2940.2265625,2948.960693359375,2704.916259765625,2749.213134765625,22642925048,15.0,68692339576,6295,92949,13.5,536403,12836,30005354,97083472030,393,347410096136.0059,101021.0,1152259,2809918.5296734343,2835.8291625976562
2022-05-06,2748.931640625,2754.837646484375,2645.335205078125,2694.979736328125,21027599270,13.08,55173751622,6305,92361,13.44,492912,14537,30001154,97201691297,420,323116073066.1258,107252.0,1166053,4240747.602639363,2711.0210571289062
2022-05-07,2694.991943359375,2696.65283203125,2599.5234375,2636.093017578125,13369276367,8.26,35194249139,6258,83277,13.44,475829,15405,30000595,96599994965,340,316444279696.57764,93707.0,1060277,2399253.2324949536,2656.8153076171875
2022-05-08,2636.121826171875,2638.83056640625,2498.43017578125,2517.4599609375,20802269935,6.51,29478186084,6333,79985,13.31,504810,15739,30002814,97690614472,338,302831734800.1677,94951.0,1059344,2524762.29049896,2572.7106323242188
2022-05-09,2518.50830078125,2528.258056640625,2238.062744140625,2245.430419921875,36333567678,12.19,66651018430,6195,91599,13.66,511979,8909,30000353,95680347070,295,289931521129.26984,108593.0,1144866,3801910.6464151447,2382.5648803710938
2022-05-10,2242.650390625,2450.76025390625,2206.7568359375,2343.510986328125,38202099639,11.88,61542478232,6208,98301,13.59,523716,8196,30000637,95488713295,409,281969948460.41583,118571.0,1207528,7395052.818943126,2310.9196166992188
2022-05-11,2342.754150390625,2441.079345703125,2018.8555908203125,2072.108642578125,45743399154,24.85,147322229884,6338,99989,13.39,479456,7820,30000432,97702640687,178,273378945308.85187,95603.0,1169999,6416271.917647238,2218.699432373047
2022-05-12,2072.504638671875,2170.4580078125,1748.3031005859375,1961.7015380859373,42463486402,31.11,213703540333,6188,98964,13.62,619507,8359,30002373,95283705200,185,223657665120.80988,109977.0,1332337,14641928.27221684,1988.2418212890625
2022-05-13,1960.12255859375,2139.71337890625,1941.9759521484373,2014.418212890625,24816096567,11.7,80809731378,6367,88511,13.32,641750,13467,30001696,98031701993,307,242353925120.3391,110937.0,1368221,9126341.139685685,2014.0575256347656
2022-05-14,2014.2806396484373,2063.429931640625,1956.572998046875,2056.27392578125,15457044616,7.1,40871363308,6237,86964,13.61,514056,14925,30002670,96220147419,304,240314041188.71906,107303.0,1152124,4639396.357769591,2022.6393737792969
2022-05-15,2056.18310546875,2147.1943359375,2008.1627197265625,2145.706787109375,14846088335,5.21,27951143721,6289,88217,13.47,493143,17640,30000755,96964296244,323,240938191617.68063,99317.0,1108486,2199350.985040037,2089.311737060547
2022-05-16,2145.8369140625,2145.8369140625,1988.811767578125,2022.7259521484373,21459552191,4.93,28804637041,6288,90246,13.48,517300,14564,30002598,97122482695,410,238113133825.8101,97085.0,1127485,4325090.076663867,2075.8028869628906
2022-05-17,2022.88232421875,2113.059814453125,2015.9715576171875,2090.4091796875,18509929297,6.71,37830309444,6285,103813,13.51,492570,10565,30000817,96996989358,385,245028791414.3808,90565.0,1134220,3082495.708749512,2060.5807189941406
2022-05-18,2090.4599609375,2102.32666015625,1916.6561279296875,1916.6561279296875,17740965589,4.76,30748925664,6246,89802,13.54,549008,13157,30004795,96468231165,439,241236301960.87552,94636.0,1180952,3313240.2571821893,2006.5247192382812
2022-05-19,1916.1495361328125,2028.38818359375,1907.0205078125,2018.336181640625,18734247914,5.25,30460767461,6112,93538,13.89,484258,12425,30001670,94253163207,411,231152354913.06348,88727.0,1088652,3993924.7416279376,1967.4736022949219
2022-05-20,2018.0001220703125,2054.7958984375,1926.6767578125,1961.315673828125,15892482289,5.36,32782173939,6154,93262,13.77,471039,11224,30001050,95009534679,400,239974422015.5185,87620.0,1118557,5131438.412526493,1990.1971130371094
2022-05-21,1961.0179443359373,1985.39599609375,1944.26513671875,1974.518310546875,8546822406,4.27,26237085979,6160,98303,13.85,485139,14438,29999586,95175945024,344,234360655008.8989,85025.0,1105803,2173081.6450633374,1966.2993469238281
2022-05-22,1974.670654296875,2047.19140625,1966.038818359375,2043.170166015625,10941123403,4.61,25659863407,6122,100975,13.92,459276,12660,29999485,94638839114,323,233863263467.01624,76053.0,1060766,1248253.0985364034,2007.7677612304688
2022-05-23,2042.3447265625,2080.33349609375,1964.3865966796875,1972.181884765625,16434529708,5.0,29541461300,6219,94582,13.69,464592,11419,29997786,95841970142,501,244838581881.14297,86505.0,1072900,2499843.5619449355,2014.8116760253906
2022-05-24,1972.390869140625,1991.5355224609373,1920.6881103515625,1978.9827880859373,13057109007,5.42,32956201467,6074,98535,13.97,478049,12246,29997610,93837095529,585,235070914108.62595,90999.0,1114616,3055223.158272777,1965.8993225097656
2022-05-25,1978.677001953125,2014.3695068359373,1943.9385986328125,1944.827880859375,13364545730,6.31,38509960332,6165,102835,13.78,454328,10100,29996073,95176835979,492,234197472836.1901,88486.0,1070376,1926938.41528804,1970.4532470703125
2022-05-26,1945.0333251953125,1962.171142578125,1759.1995849609375,1803.913330078125,23458681818,7.99,51376731735,6092,112811,13.96,421804,7949,29997359,94097522333,395,228211658277.2328,82879.0,1085543,4447116.876876407,1867.579345703125
2022-05-27,1802.5438232421875,1814.656494140625,1721.2647705078125,1724.9228515625,25470760032,6.83,45548286421,6218,99428,13.64,441517,8560,29996377,95872773180,462,209149007673.504,83183.0,1081029,4794688.347947815,1765.8469848632812
2022-05-28,1724.635986328125,1757.9417724609375,1724.635986328125,1757.9417724609375,23214777872,3.73,23604617235,6166,96247,13.82,482026,17906,29999373,95084172922,433,209201443778.07324,90301.0,1062454,2924571.6227227114,1741.2888793945312
2022-05-29,1792.1844482421875,1818.776611328125,1765.9373779296875,1812.031005859375,10642556101,3.81,24161086427,6157,112140,13.8,467126,16313,29998745,95178248082,345,211228419050.15045,101830.0,1098666,1723422.308070351,1797.2323608398438
2022-05-30,1811.885986328125,2005.2108154296875,1804.4560546875,1996.4412841796875,19580808705,6.47,37961721339,6096,102688,13.9,418023,8257,30000158,94130139895,518,226142147923.993,78208.0,1042306,2395470.687926242,1904.49853515625
2022-05-31,1996.4080810546875,2005.490966796875,1932.35205078125,1942.3280029296875,18363115560,8.86,56552060855,6146,108154,13.8,487096,7822,29998457,94904786888,486,233647452827.3378,84822.0,1146018,3119915.840687778,1969.144775390625
2022-06-01,1942.0506591796875,1965.1666259765625,1776.05322265625,1823.5693359375,21037797760,9.21,60055943179,6119,125888,13.91,444442,7395,29999281,94440690673,428,228835515119.1995,81334.0,1093537,3314408.1645388696,1876.7099609375
2022-06-02,1822.412109375,1845.31396484375,1789.6641845703125,1834.1505126953125,17065041354,10.08,64707342185,6159,127467,13.75,410756,7805,29998744,95057221028,442,216414720236.1409,76281.0,1085236,3721854.277530212,1822.8851928710938
2022-06-03,1834.135009765625,1840.058837890625,1746.509765625,1775.07861328125,14878001811,9.92,64573734294,6135,115369,13.81,415205,7914,29999289,94755078757,428,215118986884.32724,77277.0,1087481,2404108.53878736,1798.945556640625
2022-06-04,1775.2208251953125,1810.2996826171875,1751.5333251953125,1801.6094970703125,8677951273,9.57,62971528903,5898,108285,14.45,401055,7608,29999164,91089869697,368,209691152184.016,72793.0,1044971,1643671.8445725397,1784.6658325195312
2022-06-05,1801.8189697265625,1825.859619140625,1777.13330078125,1805.2049560546875,8850385937,9.34,59366273609,5939,109393,14.29,392139,8206,29999583,91697428958,399,211898846256.05176,70225.0,1000650,1470500.336662971,1802.5042114257812
2022-06-06,1805.635986328125,1915.030517578125,1804.990234375,1859.2896728515625,16518471852,8.89,57517185219,5794,107199,14.64,428837,8065,29997647,89469322378,466,224303479756.2552,75875.0,1047615,2069785.226555589,1846.2366027832031
2022-06-07,1859.333740234375,1862.9149169921875,1729.41357421875,1814.04833984375,24020076750,9.61,61928256668,5957,110406,14.3,417578,8342,29997406,92030193176,457,209219844730.8953,80566.0,1042327,3103743.165141918,1816.4276428222656
2022-06-08,1814.1007080078125,1830.676025390625,1770.231201171875,1793.572265625,18041476023,11.6,75582283210,5883,112452,14.45,394856,6964,29998597,90719260050,421,214353415737.5012,69814.0,1038767,3077360.797489682,1802.1450500488281
2022-06-09,1793.5128173828125,1827.2930908203125,1779.8675537109375,1789.8260498046875,12013083393,11.42,76095263911,5808,100858,14.68,419890,7746,29998599,89826067674,590,214761003953.12387,74642.0,1023331,2157295.3842575983,1797.6248779296875
2022-06-10,1789.68994140625,1797.6077880859375,1663.4339599609375,1665.042236328125,18504740451,8.36,59135006269,5897,92869,14.42,453004,7049,29998059,90849109233,432,212178168426.7393,75311.0,1079723,3790474.579272965,1728.9434814453125
2022-06-11,1665.2178955078125,1679.314208984375,1507.0389404296875,1529.6634521484375,21127089064,5.53,41376926755,5866,92584,14.52,452227,9635,29999402,90599999081,383,197759791196.234,76309.0,1032227,6219358.84906998,1595.3086242675781
2022-06-12,1530.189697265625,1539.705078125,1436.1839599609375,1445.216552734375,23465074882,4.79,38719455936,5839,95441,14.55,424933,13542,29999711,89982242315,432,174513308017.41028,77945.0,1031362,5667550.75953742,1487.8238220214844
2022-06-13,1443.83544921875,1448.738037109375,1181.9482421875,1204.582763671875,45162788786,9.6,95861337469,5835,99746,14.53,452643,6480,30001927,89875295152,296,152036007817.34766,82361.0,1071404,13539794.83426851,1319.776123046875
2022-06-14,1204.5552978515625,1252.4718017578125,1094.701904296875,1211.662841796875,33327826525,6.62,66776852142,5747,98804,14.75,455396,7585,30002283,88530537850,403,147461126731.4213,87957.0,1090181,11348399.98123704,1190.8479614257812
2022-06-15,1211.365966796875,1236.6275634765625,1025.6842041015625,1233.2064208984375,37539999450,7.34,72230086011,5750,96505,14.73,449772,5880,30000062,88606494004,334,129694641613.92703,81820.0,1108247,7717906.054086938,1176.7210388183594
2022-06-16,1233.603515625,1246.140625,1058.7845458984375,1067.730712890625,18907671369,3.9,45180977936,5820,87082,14.54,476348,7793,30001241,89730543543,378,138298772216.93256,86775.0,1101540,7802505.697702891,1151.5648498535156
2022-06-17,1067.9876708984375,1112.4715576171875,1060.86767578125,1086.519287109375,14591486540,3.85,45599442508,5870,85006,14.48,486231,7503,29998697,90475501756,422,130341435761.08142,77409.0,1119245,5902464.150633827,1081.9615478515625
2022-06-18,1086.3779296875,1095.1668701171875,896.1090087890625,993.6367797851562,21655406608,4.74,55855612595,5816,86949,14.58,448497,8806,30001814,89568888054,273,119081562086.99582,73572.0,1048707,6629020.998720303,1017.8226470947266
2022-06-19,993.400634765625,1142.3408203125,943.1163330078124,1127.656494140625,21795481981,3.3,32654814093,5711,85306,14.78,436122,7753,29999820,88054100581,341,113386056655.64278,71708.0,1039756,6666058.308417393,1051.6285705566406
2022-06-20,1127.65625,1159.9853515625,1066.1131591796875,1127.6424560546875,19739691429,3.02,31375548161,5871,84641,14.47,445329,9252,30000969,90402319243,463,127990497710.39787,73920.0,1039994,4571376.745449306,1120.3493041992188
2022-06-21,1127.5118408203125,1185.4324951171875,1112.5726318359375,1124.8245849609375,15632089439,3.97,43463730164,5465,89999,15.55,426471,6991,30001901,84351907708,472,136248800097.01688,73775.0,1020860,3355908.701528165,1137.5853881835938
2022-06-22,1125.3729248046875,1126.26171875,1049.7633056640625,1051.421875,15010593493,3.37,39683822982,5355,96925,15.83,425533,6285,30002149,82629821482,438,127495073653.72282,77189.0,994107,3554526.956215795,1088.2049560546875
2022-06-23,1051.329345703125,1146.4942626953125,1050.2196044921875,1143.38671875,14657862919,5.15,55290317255,5309,91867,16.02,413414,6001,30002310,81841958716,319,129705306477.7118,76154.0,969474,3654221.4442421375,1097.8574829101562
2022-06-24,1143.2047119140625,1238.616943359375,1134.5140380859375,1226.8447265625,16981552654,4.58,47629295462,5366,95693,15.84,445329,5780,30003976,82845054114,385,136596810215.88538,69633.0,1013435,3785255.2107824096,1185.7951049804688
2022-06-25,1226.7247314453125,1246.394287109375,1184.56201171875,1243.4468994140625,12481946184,4.14,39063860247,5347,97503,15.85,386249,5867,30003988,82405792759,259,146553941079.74683,69275.0,964741,2527181.3582567167,1225.281982421875
2022-06-26,1242.987548828125,1272.1312255859375,1199.4063720703125,1199.8316650390625,12096607824,4.19,40520495410,5310,109449,15.98,365795,5659,30003842,81901700455,276,147013457293.07605,61323.0,913796,1747660.4325361436,1228.5892028808594
2022-06-27,1199.713134765625,1234.1807861328125,1179.79248046875,1193.6806640625,12492225250,5.22,54099913325,5411,103879,15.7,424851,7175,30004134,83568687998,327,145609370647.08743,78927.0,980760,2333624.1359521933,1201.8417663574219
2022-06-28,1193.2540283203125,1229.739013671875,1141.15966796875,1144.5792236328125,14023205651,4.75,50397241148,5312,95146,16.0,407188,4785,30003996,81996078299,419,143414994807.65103,63241.0,979559,3823035.060587358,1177.1829833984375
2022-06-29,1144.5244140625,1152.684814453125,1092.09912109375,1098.94384765625,15386286815,5.44,63290331754,5332,103379,15.92,407251,5105,30003723,82160142076,397,134173255163.56133,64851.0,963210,4868006.587631996,1122.0630493164062
2022-06-30,1099.3531494140625,1103.6904296875,1009.0948486328124,1067.298828125,16350755497,4.83,56508280513,5628,95063,15.01,418326,6338,30006170,86816870673,376,125578401841.76324,68625.0,1039600,4268707.677211589,1069.8593139648438
2022-07-01,1068.3167724609375,1100.223876953125,1040.1507568359375,1059.767333984375,17499453625,3.21,35552904252,6455,80287,13.07,489382,12719,30005150,99406436874,429,126657654254.50104,81644.0,1165169,4435384.804677646,1067.1146850585938
2022-07-02,1060.1212158203125,1073.0526123046875,1033.962158203125,1066.5128173828125,9935603640,1.69,19367055591,6488,77836,13.06,514414,17774,30004198,100084932816,396,123815569683.9177,91125.0,1203046,2401077.9535362627,1058.4122009277344
2022-07-03,1066.4674072265625,1083.4189453125,1044.005615234375,1073.7669677734375,8557248150,1.95,21176660058,6540,81207,12.95,466046,13369,30002790,101012127672,323,126315519410.30556,89340.0,1170243,1342757.4880329168,1066.9147338867188
2022-07-04,1073.7943115234375,1152.94384765625,1048.3963623046875,1151.05908203125,13670889311,2.62,26864964814,6435,82625,13.17,463406,7157,30001068,99441600353,425,124830747396.93124,76794.0,1133437,2656368.096591474,1106.5484008789062
2022-07-05,1150.509765625,1165.6827392578125,1086.8299560546875,1134.541015625,16195518291,3.12,33127985821,6477,85826,13.13,466046,6422,30002305,99995266724,484,137683638052.40454,78722.0,1192851,2524527.3920401456,1134.390869140625
2022-07-06,1134.822265625,1193.63671875,1116.24755859375,1186.9739990234375,15373536703,3.47,34027332279,6480,81529,13.04,477526,7114,30002027,100070119666,486,135248717935.81152,78004.0,1152633,3475712.8536324417,1157.9201354980469
2022-07-07,1186.9609375,1246.8948974609375,1165.6231689453125,1237.5933837890625,14230795894,4.13,40761793061,6419,83732,13.23,489078,8676,30003547,99021771957,482,139826870455.5106,90515.0,1184499,4634890.889396403,1209.2680969238281
2022-07-08,1237.580322265625,1262.8857421875,1200.6322021484375,1222.5062255859375,16315929082,3.07,30264170187,6553,82624,12.95,480887,9678,30000702,101102468222,513,147499690881.52817,88652.0,1192309,3554477.825794432,1230.901123046875
2022-07-09,1222.306884765625,1228.7679443359375,1209.3775634765625,1216.978271484375,8821353104,3.02,29505264147,6414,83419,13.25,488706,13751,30001730,99009979795,420,145620683403.22806,82647.0,1167959,2113116.194339944,1219.357666015625
2022-07-10,1216.9044189453125,1216.9044189453125,1157.175537109375,1168.401611328125,10984558039,2.14,21041133292,6495,82233,13.06,493292,11783,30002554,100195662357,355,141470183075.9118,85557.0,1176389,1616148.3672763533,1189.8464965820312
2022-07-11,1168.1390380859375,1169.19384765625,1095.0028076171875,1097.236572265625,12064180410,3.09,32310421336,6484,81512,13.07,450162,6580,30002754,100179941352,475,135934692708.33932,67647.0,1139639,2199240.8262079204,1132.39306640625
2022-07-12,1097.2591552734375,1097.2591552734375,1038.1356201171875,1038.191650390625,12583282453,2.53,27739123781,6511,82885,12.99,458683,6498,30002913,100441517780,478,127099419408.7054,67582.0,1132669,3262417.8941578604,1067.7113952636719
2022-07-13,1038.1866455078125,1113.587158203125,1019.2203369140624,1113.587158203125,18302588147,3.14,34350933701,6412,85892,13.21,489459,7771,30003744,98866166449,490,127232435458.1618,68066.0,1163550,4039901.746673016,1071.1453247070312
2022-07-14,1113.5157470703125,1202.953369140625,1077.40576171875,1191.5262451171875,16688640823,3.81,36726172033,6540,84111,12.98,512454,8997,30002435,101052371478,473,130463718291.444,74598.0,1207366,3518538.7699900023,1146.3502807617188
2022-07-15,1191.6748046875,1275.7781982421875,1182.9031982421875,1233.129150390625,17411448225,3.49,34767999413,6436,84352,13.15,547282,7326,30003992,99137952535,488,144279874744.67258,70665.0,1191120,4344740.9576722765,1220.871337890625
2022-07-16,1232.7916259765625,1377.944580078125,1195.60595703125,1352.62646484375,18364013796,2.92,26046133732,6448,84132,13.08,584397,10079,30003320,99553312914,425,142498770169.07025,71806.0,1240502,3067993.146374973,1289.7421569824219
2022-07-17,1353.205078125,1378.41748046875,1329.7633056640625,1338.6357421875,16079711737,2.68,24906210932,6426,85066,13.17,554636,8486,30002942,99066134623,360,162259437468.19955,65597.0,1241164,2707742.226920308,1350.0054016113281
2022-07-18,1338.8060302734375,1578.7178955078125,1338.8060302734375,1578.7178955078125,27440420623,4.54,35135781862,6456,88572,13.07,507492,6109,30002054,99662589854,428,174956184804.55536,73786.0,1235995,3778596.458813281,1458.761962890625
2022-07-19,1578.3839111328125,1607.0330810546875,1501.7974853515625,1542.9752197265625,27753529276,4.6,35586273832,6476,81056,13.09,491574,7675,30001849,99932278005,512,180004390130.96225,79668.0,1174250,5244937.263138127,1557.5474243164062
2022-07-20,1542.954345703125,1612.645751953125,1500.80322265625,1520.20068359375,22942708340,4.26,34127877817,6443,84301,13.07,501508,6602,30002913,99163183692,520,182569432209.7732,79189.0,1179937,4473917.110748389,1544.1510009765625
2022-07-21,1520.37451171875,1595.761962890625,1472.1854248046875,1576.74951171875,20009556587,3.19,24472978230,6474,84739,13.05,516093,7850,30003039,100029650304,574,177186997921.86023,81001.0,1203458,6086873.937310213,1541.2678527832031
2022-07-22,1576.745361328125,1641.209228515625,1523.6417236328125,1537.4051513671875,18926100582,2.43,19100551087,6468,80839,13.06,539270,12625,30002362,99713757023,573,190224861301.94363,81067.0,1205945,2740036.189668372,1569.7503662109375
2022-07-23,1536.4573974609375,1591.632568359375,1495.6781005859375,1549.2974853515625,14998811383,2.14,15792987351,6456,82353,13.1,498152,13214,30004538,99642511664,466,187997415521.1136,89415.0,1186492,1831270.081361436,1543.2663879394531
2022-07-24,1549.2225341796875,1654.4287109375,1548.671142578125,1599.4766845703125,17217849557,1.86,13689431825,6401,83637,13.18,490574,12855,30003070,98841060971,475,191203391102.1591,76901.0,1101468,1466212.4762671047,1587.9497680664062
2022-07-25,1599.1572265625,1605.3369140625,1445.3834228515625,1445.3834228515625,20585056021,2.56,23754872466,6395,86434,13.26,607652,8972,30002130,99004625007,514,181580347186.5052,84902.0,1164024,1955658.435548742,1523.8152465820312
2022-07-26,1445.151123046875,1445.151123046875,1362.95166015625,1441.8067626953125,18238563509,2.26,27645007068,6380,84632,13.24,1066898,6234,30003713,98326539812,480,167971450500.01773,74599.0,1744653,3319455.46464001,1423.7651672363281
2022-07-27,1443.726806640625,1636.7994384765625,1423.618896484375,1636.232666015625,23007524016,3.3,23574798199,6433,81310,13.17,532080,7882,30001724,99355794116,540,174571108380.17477,86260.0,1246468,2464260.335765364,1535.0944519042969
2022-07-28,1636.23193359375,1774.576416015625,1604.8909912109375,1725.4681396484375,27231399966,3.99,27005607346,6438,84234,13.19,505827,7268,30002207,99197100452,522,192485029113.9744,85770.0,1153550,4003054.208295815,1685.2918701171875
2022-07-29,1725.6239013671875,1759.884033203125,1662.7911376953125,1727.406982421875,23249531113,2.78,19415115915,6423,83337,13.18,530965,6968,30002597,99079134759,554,204501720634.5605,88343.0,1196079,3920898.857647442,1718.926513671875
2022-07-30,1727.0618896484375,1738.016845703125,1678.1080322265625,1695.969482421875,15576977870,1.69,12277416442,6421,82556,13.24,538151,14523,30001680,99101216578,479,204511334070.2359,86227.0,1167900,2029814.156244791,1709.7890625
2022-07-31,1695.884765625,1745.8831787109375,1672.61279296875,1681.517333984375,14200735370,1.62,11543215897,6403,82523,13.22,526270,10765,30002994,98952796744,476,202498548074.523,79396.0,1167889,1231704.828812725,1698.9745178222656
2022-08-01,1681.445556640625,1700.1708984375,1613.416015625,1635.19580078125,16191371176,2.88,23580872768,6441,83750,13.16,669314,8621,30001547,99547211265,561,201972518665.07025,73838.0,1304550,1552289.728642454,1657.5570678710938
2022-08-02,1634.6458740234375,1672.6297607421875,1567.85107421875,1632.9454345703125,20426082309,2.34,17447426756,6446,83354,13.15,537551,7242,30002633,99407635532,581,189965040512.8048,77884.0,1223696,3203442.91772978,1627.0180358886719
2022-08-03,1633.05126953125,1678.0982666015625,1595.634521484375,1618.87451171875,16786218830,1.99,15725584672,6355,84139,13.29,574028,10467,30003079,98123247291,602,194193885684.9942,82689.0,1234898,2046398.9234022887,1631.4146423339844
2022-08-04,1618.88671875,1658.5115966796875,1585.3265380859375,1608.205810546875,14467440626,1.78,17102541649,6389,83379,13.27,845053,7286,30001321,98501467664,529,193897898931.0219,78670.0,1486483,1953193.8447109903,1617.732666015625
2022-08-05,1607.52392578125,1732.254638671875,1606.4970703125,1732.254638671875,18546491876,2.48,17134974698,6511,89379,13.07,553037,6876,30003750,100559520009,650,198453862461.0772,74217.0,1213412,2521497.4434202434,1669.632568359375
2022-08-06,1732.6611328125,1744.326416015625,1691.6580810546875,1691.6580810546875,11757911705,1.64,11788764416,6385,82975,13.32,553368,12881,30003331,98573159936,534,205104134450.3888,78532.0,1156677,1776162.986957854,1715.075927734375
2022-08-07,1691.7779541015625,1724.7891845703125,1672.908447265625,1699.350830078125,10252090340,1.73,12459101119,6450,82542,13.16,548149,11864,30003070,99818611999,418,201083409780.1541,78286.0,1176671,1553941.300546658,1697.2066040039062
2022-08-08,1699.6934814453125,1806.886474609375,1697.407958984375,1775.51611328125,16841424404,3.12,20888856665,6423,84839,13.27,508975,7104,30002082,99327799272,567,206926156335.3664,77066.0,1134028,2452547.462877538,1744.8760070800781
2022-08-09,1776.0712890625,1786.12255859375,1675.849853515625,1703.0250244140625,16368619692,3.25,22435156603,6345,84650,13.36,490876,6448,30001464,97728945314,531,212616581323.3318,81442.0,1149001,2651056.9714997504,1735.2671813964844
2022-08-10,1702.906494140625,1869.400634765625,1665.0904541015625,1851.74267578125,23512477984,5.06,32790380268,6375,93482,13.34,497667,6969,30002177,98568212618,472,201154888737.14383,82803.0,1144477,3461646.820761228,1772.2850646972656
2022-08-11,1851.828369140625,1927.939208984375,1851.828369140625,1881.22412109375,23826986482,4.42,26961948839,6314,86458,13.46,468861,7900,30001802,97355434730,579,224228532704.6448,77166.0,1126280,3675522.465083852,1878.2050170898438
2022-08-12,1880.899169921875,1957.552978515625,1860.08349609375,1957.2464599609373,17168141904,3.47,20744690017,6343,81448,13.4,498699,7513,30002209,97960064112,596,225414960830.8505,85230.0,1115123,2361856.5472672186,1913.9455261230469
2022-08-13,1957.333984375,2013.7557373046875,1948.59521484375,1981.3365478515625,16038975216,2.32,13437723600,6380,82518,13.36,495184,9747,30003394,98493844066,536,238350842628.4943,76064.0,1115857,2547845.8728535324,1975.25537109375
2022-08-14,1981.782470703125,2022.79150390625,1919.0101318359373,1936.802001953125,14062754456,2.42,14343206452,6318,86979,13.43,477656,10922,30002427,97678979135,542,240745846532.00928,76873.0,1110811,1682452.1063585628,1965.0965270996094
2022-08-15,1936.760498046875,2007.2103271484373,1881.8568115234373,1904.2281494140625,20349931313,3.9,25490752408,6270,81303,13.56,464889,10081,30002961,96697305915,569,226916752973.4407,70494.0,1087288,2518190.6631644154,1932.5139465332031
2022-08-16,1902.8331298828125,1910.745361328125,1862.2734375,1878.139404296875,15637578930,2.54,15518320871,6381,81811,13.35,490642,10569,30003783,98528466853,561,224980057898.25665,74365.0,1100392,2307757.901404328,1888.4978332519531
2022-08-17,1877.934326171875,1951.6756591796875,1823.5322265625,1832.9996337890625,20308508124,2.54,15840742318,6287,83526,13.55,499814,10391,30003371,97154210321,553,225921542636.63284,77331.0,1116376,3528058.2987363166,1871.5354614257812
2022-08-18,1833.715576171875,1876.376953125,1826.957763671875,1847.0078125,14999352229,2.45,15531651130,6344,83257,13.4,504037,9265,30002932,98028776281,533,220345755840.4298,71337.0,1090638,2217855.2293255203,1846.0145263671875
2022-08-19,1847.0953369140625,1847.0953369140625,1611.3388671875,1612.9873046875,25906358731,2.99,21371448232,6256,90587,13.57,470152,6501,30002316,96577110972,422,208491772760.9,72421.0,1107163,3065548.2492153924,1729.6292114257812
2022-08-20,1612.650634765625,1652.21875,1534.298828125,1577.0037841796875,18334580263,1.95,14312223578,6353,83389,13.33,461726,10630,30002202,98009097771,385,196711460049.6769,69428.0,1077898,2130968.8976623523,1594.0429992675781
2022-08-21,1576.5435791015625,1640.9365234375,1569.0465087890625,1619.3189697265625,15849221752,1.48,10779092286,6363,83510,13.32,485844,18731,30004520,98386295310,434,189349157144.21228,75037.0,1094567,2008285.877121617,1601.4613952636719
2022-08-22,1619.1668701171875,1622.77880859375,1535.0147705078125,1622.505859375,18557078599,2.57,18066664879,6264,84822,13.59,449781,9485,30004529,97005686170,600,185723814113.85995,71513.0,1069791,1964136.114260601,1599.8665771484375
2022-08-23,1622.9393310546875,1666.676513671875,1569.4285888671875,1662.7698974609375,18322041914,2.45,16511696178,6353,85672,13.33,453814,7309,30004296,98040394501,621,191113525677.4284,65056.0,1085179,2272706.7957710074,1630.4535827636719
2022-08-24,1662.6954345703125,1686.5577392578125,1610.0992431640625,1657.0592041015625,16780932907,2.35,15702512320,6256,81861,13.6,460105,9129,30004708,96811556726,649,194360432048.0857,67209.0,1034449,2798284.245866993,1654.1029052734375
2022-08-25,1657.3365478515625,1718.1832275390625,1656.8560791015625,1696.45703125,14818795695,2.77,20904763641,6210,85523,13.61,478712,9262,30005885,95881269469,640,204132994563.12283,72519.0,1054592,2878324.617851259,1682.2082214355469
2022-08-26,1696.3245849609375,1698.56103515625,1498.771240234375,1507.7828369140625,26713710143,2.4,18105901387,6237,86425,13.62,452829,7767,30003397,96499043968,584,198474843526.4969,69870.0,1080448,2690344.555748456,1600.3599243164062
2022-08-27,1508.156982421875,1517.1500244140625,1454.282958984375,1491.39501953125,18120831899,1.53,11733733734,6236,86452,13.62,460146,10522,30003675,96124553471,439,180294677202.72693,79298.0,1052096,2642456.4263143945,1492.7462463378906
2022-08-28,1491.206787109375,1505.7919921875,1430.54736328125,1430.54736328125,12823572918,1.49,11329800648,6239,90059,13.63,445407,10824,30003004,96593800009,454,178816754723.53,77681.0,1034290,2465938.6635025432,1464.5233764648438
2022-08-29,1430.439453125,1556.3095703125,1427.7283935546875,1553.037353515625,17965837488,2.67,19473457572,6327,94421,13.45,442556,8018,30005101,97680006048,508,173838296359.10126,76813.0,1061386,2784605.139225026,1491.8786926269531
2022-08-30,1553.18896484375,1600.461181640625,1480.831787109375,1523.8388671875,21835784470,3.22,23714139361,6211,98774,13.71,434732,6907,30005013,96006677870,553,189779297471.8217,71966.0,1057643,3040023.058880787,1539.5802001953125
2022-08-31,1524.2864990234375,1612.35888671875,1524.2864990234375,1553.6849365234375,20591680941,3.69,26136983036,6250,89864,13.57,436394,6070,30003831,96471876406,495,189646469986.3225,69622.0,1025104,3310287.4929001937,1553.6542053222656
2022-09-01,1553.75634765625,1593.082763671875,1520.1883544921875,1586.1767578125,16434276817,3.26,23613263110,6262,79538,13.61,459819,6067,30003480,96644833871,512,184592284381.16684,72384.0,1089327,3732988.5229133256,1563.3010559082031
2022-09-02,1586.0179443359375,1643.1832275390625,1551.8779296875,1577.220458984375,17708478709,2.34,17102479580,6293,76642,13.47,483773,7660,30003491,97130733077,591,190712725693.15512,76080.0,1084255,5113445.221217947,1589.5748901367188
2022-09-03,1577.2137451171875,1579.454345703125,1541.672119140625,1556.8726806640625,9516825994,1.45,10161641535,6200,73329,13.67,495930,7286,30004415,95883189919,469,184784599503.0608,67525.0,1040908,2179745.8938373844,1563.80322265625
2022-09-04,1556.8958740234375,1578.00927734375,1543.6988525390625,1577.6416015625,8884144998,1.51,11434326814,6269,73811,13.53,556552,10330,30004498,97109223152,425,184967711389.9569,65582.0,1097754,1087611.077972303,1564.0614013671875
2022-09-05,1577.884033203125,1621.661376953125,1559.7818603515625,1617.1832275390625,13060541168,1.95,14619902921,6171,75633,13.79,496770,8280,30003489,95442665771,542,186940319061.23285,66176.0,1081928,1809405.2262030083,1594.1276245117188
2022-09-06,1617.240234375,1680.5953369140625,1561.74853515625,1561.74853515625,22946059125,2.68,19269708826,6259,80446,13.6,474527,6064,30003458,96698543946,512,198398024469.4029,74315.0,1101841,3548214.68972771,1605.3331604003906
2022-09-07,1560.90673828125,1651.0511474609375,1500.013671875,1629.9063720703125,19560363854,3.52,24171122353,6218,81261,13.66,447323,6151,29999487,95850417183,562,181730758691.4795,68613.0,1072760,5811728.054507339,1585.469482421875
2022-09-08,1629.80517578125,1655.0640869140625,1603.0638427734375,1635.34765625,17621046717,3.75,27017252517,6292,79663,13.58,475808,6246,30001869,97284259259,602,192937744137.1988,70839.0,1066059,3501143.4444146976,1630.8201904296875
2022-09-09,1635.187744140625,1735.809814453125,1632.8365478515625,1719.08544921875,20242323690,3.65,25466962749,6065,81196,14.0,486897,6267,30002210,93636701102,545,204078741407.8805,69396.0,1099890,3066791.351022277,1680.7298889160156
2022-09-10,1718.9613037109375,1784.497802734375,1710.2969970703125,1776.2037353515625,13130928217,2.45,15146464248,6044,74220,14.07,463784,6664,30000782,93330675556,459,204788597002.29425,65593.0,1011849,2106474.402044902,1747.4899597167969
2022-09-11,1775.97607421875,1782.7298583984375,1730.164794921875,1761.800048828125,12464301922,2.08,13281379803,6066,77615,13.99,459706,7921,30004901,93722612993,474,210877051447.08347,69092.0,1010401,1418877.5569756478,1762.6676940917969
2022-09-12,1762.0848388671875,1778.1634521484375,1698.29345703125,1713.7652587890625,17688391310,3.1,21385726349,6047,81240,14.0,453458,6289,30003259,93421775515,586,210709331809.0905,66964.0,1067994,3037735.181049258,1738.0767517089844
2022-09-13,1713.9625244140625,1745.779052734375,1564.0318603515625,1580.7879638671875,23066821734,3.11,23605410036,6064,79714,14.02,489602,7083,30003416,93677408394,581,205451367119.0597,72250.0,1083910,5054951.292205872,1651.1403503417969
2022-09-14,1574.858154296875,1642.1572265625,1564.0318603515625,1634.7550048828125,17897150206,2.28,17084508729,5909,77833,14.4,536414,7202,30002495,91262167192,581,192671682219.97284,73037.0,1102188,8068878.491246833,1603.9505615234375
2022-09-15,1635.0830078125,1648.9456787109375,1466.139404296875,1471.6934814453125,26946275878,2.67,23102480251,6727,75375,12.77,619189,8503,29999237,103067634872,581,195932295438.26843,70150.0,1172845,12273834.425911997,1555.4653930664062
2022-09-16,1471.9283447265625,1480.564208984375,1415.581298828125,1432.44775390625,16764804299,1.57,13923035887,7092,76255,12.18,627038,9556,29999719,108453581716,523,176204424615.23975,91715.0,1352368,6257676.586797096,1450.1304016113281
2022-09-17,1432.87646484375,1473.0604248046875,1415.0423583984375,1469.74169921875,10798098671,1.06,8870964174,7130,71667,12.12,658628,11702,29999753,109100642086,397,171487643245.21585,81860.0,1317974,3950094.77122449,1447.6802368164062
2022-09-18,1469.7054443359375,1469.7054443359375,1331.4947509765625,1335.3291015625,15762284723,1.36,11782591937,7130,78827,12.12,472302,11681,29999766,109110713999,372,174115382913.04483,88682.0,1193762,2161838.455638231,1401.5586853027344
2022-09-19,1335.270751953125,1388.272216796875,1287.4208984375,1377.5413818359375,18712714223,1.76,14407629126,7125,81423,12.13,451129,11035,29999706,109013376094,622,155844362272.48642,75676.0,1159317,5246774.085393829,1347.1263122558594
2022-09-20,1377.6190185546875,1381.9656982421875,1319.201416015625,1324.38818359375,14722317220,1.88,15549616707,7138,83552,12.1,457747,9093,29999827,109254223109,621,162589509845.53873,80415.0,1138124,3705389.32765951,1350.7935791015625
2022-09-21,1324.215576171875,1384.4769287109375,1229.4267578125,1252.6077880859375,20643507800,2.12,18644158099,7054,83557,12.25,448227,8626,29999820,108040126300,614,159466369911.53146,72039.0,1100621,3882204.607466921,1297.6817626953125
2022-09-22,1251.5673828125,1336.1578369140625,1240.96826171875,1327.68017578125,18461527259,1.71,14196384851,7152,83198,12.08,446191,8450,29999832,109307438549,713,153144676689.67004,90615.0,1123227,4375142.8432242125,1289.0934143066406
2022-09-23,1327.481201171875,1353.288330078125,1270.1983642578125,1328.259521484375,18771106339,1.58,13064001814,7167,81450,12.06,463058,7494,29999925,109526146952,612,159404859466.7421,113111.0,1098651,3638621.998872931,1319.8068542480469
2022-09-24,1328.24462890625,1346.2552490234375,1312.6402587890625,1317.9932861328125,12098209717,1.08,9076087361,7168,74354,12.05,488203,9772,29999958,109572454063,588,158381398644.5481,198238.0,1120251,1847560.8486617056,1326.2833557128906
2022-09-25,1317.9384765625,1333.371337890625,1275.627685546875,1294.216796875,11802651633,1.3,10957389389,7168,73322,12.05,446630,7527,29999985,109579680394,639,159640325469.7581,251730.0,1107339,1205631.104238561,1305.28857421875
2022-09-26,1294.3861083984375,1335.5263671875,1282.04931640625,1335.3201904296875,16034549271,1.96,16537249259,7148,79885,12.09,461597,7506,29999982,109346730346,720,155073502984.87076,175432.0,1142997,2977850.4011444137,1311.8204956054688
2022-09-27,1335.3370361328125,1396.8914794921875,1308.991455078125,1330.127685546875,17870598937,2.52,22611010328,7141,78742,12.1,523027,7666,29999985,109297797714,772,165559227254.34595,82740.0,1219036,2859006.3414884754,1342.8369140625
2022-09-28,1329.5413818359375,1351.9644775390625,1267.8692626953125,1337.410888671875,18994979566,2.47,19756181085,7162,78203,12.06,440692,9281,29999988,109543773900,690,153943808187.98734,262710.0,1100208,2796876.8415694027,1321.6965026855469
2022-09-29,1337.554443359375,1348.107666015625,1293.193359375,1335.65234375,13796915736,2.27,18787473879,7154,76732,12.08,462394,8173,29999946,109491231482,796,158317132208.98877,171998.0,1119229,3311944.908073342,1328.626953125
2022-09-30,1335.646484375,1368.743408203125,1320.3831787109375,1327.9786376953125,14250100093,2.21,18854642753,7162,76758,12.06,452593,7996,29999982,109541453283,675,160490658559.8889,117964.0,1214852,3264289.8864219165,1338.1879272460938
2022-10-01,1328.1937255859375,1332.5164794921875,1306.1025390625,1311.6444091796875,6227961237,1.36,11418509105,7137,79346,12.11,450114,9114,29999967,109108987097,619,159190054190.7046,98593.0,1165650,1779350.086012859,1319.6142883300781
2022-10-02,1311.75341796875,1316.330078125,1275.3360595703125,1276.093505859375,7578351650,0.97,8482736656,7175,79320,12.04,452325,11489,29999966,109719958621,603,156986172583.10825,85867.0,1169461,1352973.6642646748,1294.8782653808594
2022-10-03,1276.1634521484375,1326.554443359375,1271.15087890625,1323.439208984375,10153070907,1.93,17718303421,7157,76479,12.07,421139,6411,30000000,109492675920,536,154712415980.18298,70620.0,1268126,2322777.418211881,1299.3269958496094
2022-10-04,1323.2783203125,1364.970947265625,1320.07666015625,1362.1265869140625,10139774963,2.16,17621542205,7132,83567,12.11,443791,7382,29999997,109037577801,735,161638153291.06076,78005.0,1225246,1930469.6263974423,1342.6131286621094
2022-10-05,1361.972900390625,1362.4517822265625,1320.8551025390625,1352.837158203125,9774451820,2.38,20507549173,7148,86099,12.09,464151,9337,29999991,109349771260,662,161969108949.39737,80528.0,1168541,1687529.7102162654,1349.5292358398438
2022-10-06,1352.806640625,1380.4049072265625,1349.449951171875,1351.70947265625,12033514861,1.86,15623298162,7157,82121,12.07,518358,9025,29999969,109416859323,846,163877962505.96393,88947.0,1208253,2026318.1637427064,1358.5927429199219
2022-10-07,1351.83642578125,1359.328125,1321.74609375,1332.5169677734375,10061619355,1.67,13492009638,7146,80647,12.09,504681,9596,29999982,109336193777,746,162383607473.31076,99807.0,1178153,2302921.1031441973,1341.3569030761719
2022-10-08,1332.371337890625,1335.954833984375,1307.072998046875,1315.50048828125,5804676208,2.56,20622354179,7169,72413,12.05,545064,6156,29999986,109875585715,537,159330665594.1979,124842.0,1188308,1676964.1322967722,1322.7249145507812
2022-10-09,1315.460205078125,1327.6688232421875,1309.3446044921875,1322.604248046875,5486230123,4.16,31287093350,7162,53280,12.06,548124,8190,29999990,109771966121,357,157470581131.91925,193996.0,1088567,770895.3569471461,1318.7694702148438
2022-10-10,1322.61865234375,1335.6627197265625,1291.337646484375,1291.337646484375,8794491050,4.67,37582169969,7165,55629,12.06,544018,25819,29999989,109776077729,480,157663454792.97437,232910.0,1097789,1200458.2560787578,1310.2391662597656
2022-10-11,1291.109619140625,1296.27392578125,1272.7376708984375,1279.57568359375,9274845260,3.58,29333893936,7164,61347,12.06,522219,19982,29999995,109645622117,606,153665736882.56128,164954.0,1140645,1929037.1157951765,1284.9242248535156
2022-10-12,1279.7322998046875,1303.0751953125,1277.5274658203125,1294.9063720703125,8355638578,2.89,22281959320,7164,65259,12.06,496693,25881,30000000,109724089651,681,154989293285.64536,158636.0,1092710,1741120.8529229087,1288.8103332519531
2022-10-13,1294.9173583984375,1297.564208984375,1209.2781982421875,1288.1239013671875,17499038202,3.27,27488686311,7157,76420,12.07,480220,14515,29999997,109491056408,627,152965874122.3454,131209.0,1108941,3106266.161640072,1272.4709167480469
2022-10-14,1288.0487060546875,1339.7447509765625,1285.3782958984375,1297.422119140625,13113767755,2.7,20982958370,7162,69566,12.06,467626,30376,29999968,109650526022,593,158250983084.92157,135546.0,1096168,2671005.8113410887,1302.6484680175781
2022-10-15,1297.305908203125,1300.7459716796875,1268.468505859375,1274.8717041015625,6798512624,2.53,19676288930,7167,64126,12.06,491789,48847,29999980,110059417811,414,154983012020.22812,185757.0,1045352,1379547.6551392274,1285.3480224609375
2022-10-16,1275.0054931640625,1312.634521484375,1275.0054931640625,1306.296630859375,7491625206,2.45,17822373644,7157,68463,12.07,414320,35917,29999991,109674126042,614,153642766910.1261,118220.0,974209,955224.3780204304,1292.2355346679688
2022-10-17,1306.3095703125,1335.6478271484375,1297.447265625,1331.713623046875,9401189650,3.47,27647227186,7154,74724,12.08,421044,16040,29999979,109416569916,704,157143277520.46295,94962.0,1039686,1521466.570598969,1317.7795715332031
2022-10-18,1331.669921875,1339.0859375,1291.66064453125,1310.447021484375,10416747806,3.73,29217198083,7168,79033,12.05,391350,17382,29999989,109592138248,877,160064398655.5869,93185.0,1089588,2187877.8910829565,1318.2158813476562
2022-10-19,1310.5631103515625,1312.4423828125,1283.96533203125,1285.7442626953125,8350692785,3.92,33130272753,7154,76544,12.08,407645,17475,29999985,109295399508,845,155653902876.97888,92081.0,1027669,2052110.580059077,1298.1787719726562
2022-10-20,1285.6602783203125,1307.8551025390625,1275.323974609375,1283.200927734375,9009111996,4.28,35367998733,7165,77070,12.06,454852,8556,29999979,109441214403,755,154706471011.98627,87516.0,1195727,1842233.5063968813,1288.0100708007812
2022-10-21,1283.1881103515625,1305.081298828125,1260.666748046875,1299.9464111328125,10412565245,4.36,34341965708,7165,76787,12.06,445056,11587,29999949,109473590504,784,153789325642.46643,87794.0,1128938,2278530.4859405886,1287.2206420898438
2022-10-22,1299.90234375,1317.10107421875,1295.9468994140625,1314.2991943359375,7175324564,3.13,21906854720,7166,67134,12.06,392382,72060,29999975,109532890949,587,155623175252.16803,127763.0,1002461,1315555.0404436125,1306.8123779296875
2022-10-23,1314.24951171875,1367.7607421875,1302.9088134765625,1363.447021484375,9909510925,2.46,17543495100,7163,71893,12.06,409088,38203,29999995,109393735408,732,156751112710.68933,129870.0,972847,1022259.200243977,1337.0915222167969
2022-10-24,1363.4918212890625,1368.425537109375,1327.85400390625,1344.99853515625,13092820173,3.12,23547153638,7120,74791,12.13,423635,44187,29999987,108818290541,976,160053491063.12323,126978.0,1036585,2289473.337038751,1351.1924743652344
2022-10-25,1344.7113037109375,1509.9854736328125,1336.9788818359375,1461.6654052734375,25367291294,3.71,25761288525,7152,78190,12.08,411861,31426,29999988,109125581993,876,161285034065.66605,114186.0,1039157,2571054.53954441,1413.3352661132812
2022-10-26,1461.1331787109375,1584.63671875,1460.4287109375,1566.566650390625,32705548427,3.46,23444016929,7166,84524,12.06,449233,16128,29999965,109177175297,839,181692946483.5092,91762.0,1099386,5285250.469186989,1518.1913146972656
2022-10-27,1566.8414306640625,1574.4034423828125,1510.8167724609375,1514.3748779296875,22813499245,2.79,19868396622,7162,85313,12.06,462004,18345,29999995,109210512012,823,186230023761.1836,104420.0,1084208,3710200.503652512,1541.609130859375
2022-10-28,1514.3231201171875,1568.6339111328125,1493.87109375,1555.4779052734375,19974623205,3.15,20187568905,7152,78574,12.08,408307,21078,29999973,108947947242,833,178699742848.31064,101698.0,1112253,2782443.779675581,1533.0765075683594
2022-10-29,1555.274658203125,1652.3822021484375,1549.983642578125,1619.698486328125,21618154775,2.73,16847981456,7150,78081,12.08,404658,30866,29999996,108970962293,678,190345794606.65143,96096.0,1014155,2390993.988761436,1594.3347473144531
2022-10-30,1619.6978759765625,1637.037841796875,1579.4852294921875,1590.7833251953125,13930073427,1.88,11954787469,7168,76525,12.05,401590,50635,29999988,109228337759,619,195030636840.124,118345.0,1040871,1932973.3625058464,1606.7510681152344
2022-10-31,1590.4813232421875,1630.452880859375,1555.9189453125,1572.7144775390625,19306919714,3.78,23932842965,7161,76580,12.07,422663,21520,30000006,109121771246,780,190464094121.51865,114334.0,1062048,2294747.446255302,1587.3919067382812
2022-11-01,1572.6453857421875,1606.605712890625,1568.0985107421875,1579.70458984375,14507311208,2.77,18522412597,7137,77530,12.1,437892,21259,29999984,108217436083,798,190339067298.5208,103941.0,1081686,2493491.7186593344,1581.7635498046875
2022-11-02,1579.4979248046875,1613.41064453125,1507.2447509765625,1519.7117919921875,23254218281,3.23,21233333626,7156,75675,12.08,398887,59155,29999992,108793115483,775,187232771186.6256,133021.0,1013951,2527022.582558058,1554.9662780761719
2022-11-03,1519.724853515625,1556.7596435546875,1517.1016845703125,1531.541748046875,14248351007,4.44,33662933314,7155,74664,12.08,429433,49168,29999998,108621510684,647,184803812633.51297,140020.0,1090112,3110804.714097943,1531.281982421875
2022-11-04,1531.3975830078125,1661.334716796875,1529.2684326171875,1645.0933837890625,20806964347,3.91,23525904169,7168,77716,12.05,399999,54927,29999993,108693965561,583,189920299834.6304,136966.0,1023814,2567712.152868005,1591.7735290527344
2022-11-05,1645.156494140625,1660.4864501953125,1625.9642333984375,1627.968017578125,11006973190,2.75,15613710939,7157,72701,12.07,399822,82055,29999997,108844393697,529,197656839968.1735,148493.0,985650,2475286.849754364,1639.893798828125
2022-11-06,1627.901123046875,1634.1324462890625,1572.2347412109375,1572.2347412109375,11632744705,2.57,15597214302,7168,77751,12.05,376906,71642,29999995,108919468315,468,194188235998.3579,187530.0,919531,1325897.8512155162,1601.6257629394531
2022-11-07,1572.0169677734375,1604.475341796875,1550.41552734375,1568.59130859375,15279963349,3.22,22116856933,7168,81092,12.05,435008,29789,29999986,108677009832,624,185417853953.63373,124931.0,1085543,3652858.64698006,1573.8747863769531
2022-11-08,1568.32958984375,1574.7998046875,1259.443115234375,1332.8355712890625,42048003440,6.83,56990615164,7165,88980,12.06,420959,20969,29999980,108583604518,531,178983015744.34845,106546.0,1099125,4756914.748123654,1433.8520202636719
2022-11-09,1333.1224365234375,1335.7435302734375,1083.28564453125,1100.1697998046875,38864492427,6.09,61054537493,7146,92783,12.09,465954,9517,29999983,108299939601,364,152511325059.36545,94565.0,1212455,10341313.40962438,1213.0803527832031
2022-11-10,1100.107177734375,1341.7911376953125,1093.12255859375,1299.464599609375,28581002122,5.32,43173312118,7161,85277,12.07,437761,12826,29999876,108380276878,472,142234077226.42737,105255.0,1209671,13257702.588027244,1208.6213684082031
2022-11-11,1298.8824462890625,1302.2952880859375,1211.32958984375,1287.2210693359375,20920539099,3.61,29642986414,7151,82450,12.08,429682,29977,29999939,108339796458,552,152617814933.502,126715.0,1125826,5048516.454639448,1274.9320983886719
2022-11-12,1287.4383544921875,1288.15087890625,1242.1522216796875,1255.268310546875,10964962767,2.56,20449710205,7168,75008,12.05,417415,63199,29999950,108818069599,299,151076825171.9216,146621.0,1076757,5461663.825281195,1268.25244140625
2022-11-13,1255.4412841796875,1271.7125244140625,1208.52099609375,1221.8192138671875,10717455214,2.24,20228404244,7172,74335,12.05,427550,56503,29999980,108824189684,315,149381000085.61472,186975.0,1066252,2717974.628018555,1239.3735046386719
2022-11-14,1221.8955078125,1284.2176513671875,1178.4290771484375,1241.604248046875,15028035663,2.62,24185417485,7167,81661,12.06,479481,19148,29999984,108646738930,470,150347956777.63934,143006.0,1186526,6802585.329205361,1231.53662109375
2022-11-15,1241.677734375,1283.19873046875,1238.688232421875,1251.7362060546875,11798011594,2.74,23904583061,7151,76642,12.08,471325,36458,29999957,108221063048,566,151459281545.23398,128897.0,1161965,4114420.975841505,1253.8252258300781
2022-11-16,1251.808837890625,1264.486328125,1192.98779296875,1215.6025390625,11939561598,2.46,21839911114,7150,72025,12.08,449937,55682,29999976,108477331176,619,148954337708.4018,159313.0,1076247,3894439.012314717,1231.2213745117188
2022-11-17,1215.8486328125,1224.9656982421875,1189.1527099609375,1200.80859375,9723646871,2.37,23174606735,7159,74656,12.07,467158,53674,29999993,108537491636,539,143847194528.20978,153267.0,1109387,3526441.2474405617,1207.6939086914062
2022-11-18,1200.8021240234375,1226.7374267578125,1200.8021240234375,1212.30029296875,7979913378,2.28,18793247928,7159,69972,12.07,430624,78908,29999988,108729791976,619,145145839262.31418,153602.0,1065401,3269925.383399041,1210.1604919433594
2022-11-19,1212.2154541015625,1227.8372802734375,1200.4755859375,1218.4267578125,5978745776,2.08,16207722481,7165,69391,12.06,388222,109843,29999977,108999121607,405,144282832139.36826,197034.0,923019,2387226.770441562,1214.73876953125
2022-11-20,1218.436279296875,1224.0777587890625,1137.9332275390625,1142.4666748046875,9651002684,2.0,16269578627,7163,74489,12.06,366042,84583,29999986,108789806026,462,145817463676.91052,165701.0,932638,2279759.9226883342,1180.7284851074219
2022-11-21,1142.395751953125,1142.395751953125,1084.8572998046875,1108.35302734375,14080099208,2.06,17628559163,7163,77331,12.06,377691,62320,29999992,108637372869,447,134261771989.83412,167035.0,935083,5048147.410524979,1119.5004577636719
2022-11-22,1107.89599609375,1136.442626953125,1081.13818359375,1135.1734619140625,12040670755,2.38,19352296295,7150,77279,12.08,380101,56254,29999992,108480845803,607,130630499417.67108,134451.0,979790,4120627.898080736,1115.1625671386719
2022-11-23,1135.4215087890625,1184.997314453125,1130.0228271484375,1183.1995849609375,11242676044,2.11,16841257313,7137,76099,12.11,412435,72786,29999958,108342267119,578,139391874894.87115,167948.0,978920,4463864.393962108,1158.4103088378906
2022-11-24,1183.3450927734375,1211.62744140625,1180.3797607421875,1203.983154296875,9706372376,1.94,15759583946,7166,70351,12.06,455451,123703,29999978,109069581517,531,144912494697.3926,191360.0,979203,3318939.038396012,1194.8338623046875
2022-11-25,1203.7994384765625,1203.7994384765625,1174.8233642578125,1198.9259033203125,5483308196,1.72,14240047285,7156,68250,12.07,457115,120900,29999984,108956986790,519,141707431617.1878,220432.0,973683,2123649.3383466336,1195.3370361328125
2022-11-26,1198.79052734375,1227.0380859375,1198.097900390625,1205.89794921875,5074160558,1.77,13584856927,7159,71240,12.07,420037,120690,29999967,108952605574,368,145792668871.95547,194204.0,986262,1123880.7071575366,1207.4561157226562
2022-11-27,1205.9052734375,1220.3494873046875,1195.0390625,1195.126953125,4486976868,1.8,13384995286,7159,68460,12.07,389265,116089,29999971,108992617864,489,145582067558.18182,203414.0,865078,877676.8150090612,1204.1051940917969
2022-11-28,1194.9603271484375,1198.7376708984375,1156.0625,1170.086181640625,7275411870,1.96,17826552842,7175,73284,12.04,496442,74698,29999959,108897457661,665,140338515475.3885,166969.0,1053180,1329313.058116762,1179.961669921875
2022-11-29,1169.8743896484375,1222.1641845703125,1163.4775390625,1216.9012451171875,7639405818,1.78,14870303308,7152,76431,12.08,456786,64587,29999968,108489365793,670,144170995935.19675,160596.0,1047723,1982289.008798045,1193.1043395996094
2022-11-30,1216.9287109375,1302.0386962890625,1215.4979248046875,1295.6885986328125,9836925304,2.16,16566226604,7151,78335,12.08,413369,50600,29999962,108391371349,580,152246490567.11047,140439.0,1021089,1534349.2372338898,1257.5384826660156
2022-12-01,1295.76953125,1295.9998779296875,1267.70849609375,1276.27392578125,6857935276,2.18,16794118320,7163,76578,12.06,385929,75456,29999981,108779963075,632,153210218986.40137,162352.0,999758,1746753.464794647,1283.9379577636719
2022-12-02,1276.32861328125,1294.3033447265625,1269.2431640625,1294.3033447265625,6213645709,2.04,15943201869,7167,74826,12.06,446511,72025,29999978,108792905931,562,152706122945.50525,167487.0,1022810,1305759.420932948,1283.5446166992188
2022-12-03,1294.45654296875,1299.84033203125,1241.431884765625,1243.3348388671875,5672609405,1.94,14839045501,7163,70443,12.06,427041,96995,29999985,108868247657,449,152726048186.28134,166152.0,985263,870461.6025890149,1269.7658996582031
2022-12-04,1243.21923828125,1281.4923095703125,1242.9117431640625,1280.256591796875,5174128454,1.96,14337269578,7154,69496,12.08,451218,98461,29999979,108904070646,446,150408722667.01202,193618.0,949844,716750.5843361293,1261.969970703125
2022-12-05,1279.9989013671875,1302.237548828125,1252.472412109375,1259.6767578125,6120359523,2.23,17801901128,7144,74650,12.09,416369,77441,29999987,108517515412,666,155224081651.0186,190810.0,1009468,1206120.302797073,1273.5964050292969
2022-12-06,1259.854248046875,1271.9232177734375,1247.6298828125,1271.65380859375,5089212680,2.35,18901811657,7170,75964,12.05,418891,75154,29999980,108837484998,625,150773646086.2526,181652.0,1030668,2510032.762971455,1262.7652893066406
2022-12-07,1271.5531005859375,1272.694091796875,1224.447998046875,1232.4375,5752205180,2.75,21689477944,7075,77858,12.21,381201,82025,29999970,107539500950,632,146472792458.04907,167340.0,985597,3751541.786525,1250.2831726074219
2022-12-08,1232.4517822265625,1286.229736328125,1226.3585205078125,1281.1163330078125,6227269815,2.73,19294282648,7161,71555,12.06,378257,73823,29999971,108939415612,650,147485077273.9238,157297.0,941014,1684850.106340705,1256.5390930175781
2022-12-09,1281.0772705078125,1290.055419921875,1260.8187255859375,1264.2847900390625,5706183865,2.39,42479111449,7152,81863,12.08,1420187,43387,29999993,108331369174,503,153361569690.60486,142808.0,1565635,2894062.740244172,1274.0590515136719
2022-12-10,1264.37548828125,1279.5279541015625,1262.119873046875,1266.3841552734375,3282499999,2.17,19154307742,7165,71449,12.06,568888,76434,30000006,108895780541,444,151308861997.6882,129462.0,1457706,1480514.4102959954,1268.1018676757812
2022-12-11,1266.4178466796875,1281.783203125,1260.6636962890625,1263.8685302734375,3362005848,2.27,21165291288,7160,70985,12.07,539018,77412,29999973,108984491809,510,152685822398.08792,176375.0,1077049,804455.5150235563,1268.1833190917969
2022-12-12,1263.573486328125,1275.6103515625,1243.477783203125,1274.6190185546875,5151109364,2.26,20840121295,7156,78245,12.07,559293,49142,29999970,108625632250,783,149131555960.80737,166971.0,1153049,1675818.92477549,1264.3201599121094
2022-12-13,1274.6624755859375,1341.4393310546875,1258.472412109375,1320.5491943359375,8812883119,2.69,22373108082,7151,82501,12.08,448263,21126,29999962,108260607320,757,151491423420.8596,125578.0,1142315,3514619.294060818,1298.7808532714844
2022-12-14,1320.6885986328125,1346.1744384765625,1305.8333740234375,1309.3287353515625,7830915428,2.45,19712120094,7163,81211,12.06,444237,34101,29999953,108590109025,712,158201256517.16077,143776.0,1090679,2783400.8226206023,1320.5062866210938
2022-12-15,1309.1907958984375,1311.067138671875,1262.6893310546875,1266.3538818359375,6032859783,2.57,21169055748,7156,82820,12.07,438221,37196,29999977,108492965775,678,154002329185.44156,134247.0,1074966,2620419.061105065,1287.3252868652344
2022-12-16,1266.4605712890625,1278.156982421875,1162.1756591796875,1168.2593994140625,9297811507,2.48,22798849073,7160,81815,12.07,478114,26695,29999972,108372601275,583,152873196343.88196,122661.0,1140427,2868200.9822905394,1218.7631530761719
2022-12-17,1168.0667724609375,1189.0450439453125,1165.4078369140625,1188.1495361328125,5077258586,2.04,17185182084,7163,79974,12.06,416251,40465,29999971,108572437709,496,141539412017.5726,138589.0,1097445,3165392.23974172,1177.6672973632812
2022-12-18,1188.1285400390625,1194.2144775390625,1176.185791015625,1184.7152099609375,3350092519,2.24,16861112376,7162,77551,12.06,340536,56105,29999991,108807787862,548,141537663341.01117,129385.0,954112,1458138.2706912768,1185.8110046386719
2022-12-19,1184.75830078125,1192.923828125,1160.377197265625,1167.60986328125,4943628091,2.18,17897365083,7164,75184,12.06,391646,43651,29999979,108700457741,693,141135420423.14642,163409.0,943784,1331471.9831962597,1176.4172973632812
2022-12-20,1167.8826904296875,1224.0926513671875,1165.5994873046875,1217.70361328125,6684951715,2.5,19838126213,7168,83227,12.05,379756,25760,29999991,108487225322,752,144508398385.21896,109164.0,1002740,2317992.965898694,1193.8196105957031
2022-12-21,1217.58642578125,1218.1922607421875,1206.4400634765625,1213.5999755859375,4217182733,2.27,19614664894,7163,84773,12.06,429494,38239,29999990,108563342135,738,144850783788.53632,127116.0,1030097,1932459.846370854,1213.9546813964844
2022-12-22,1213.672607421875,1221.98681640625,1187.1278076171875,1218.18212890625,5297471739,2.3,18212223056,7178,78931,12.04,396270,52119,29999970,108911616707,666,145121621891.601,156550.0,985670,1596527.8312647792,1210.2423400878906
2022-12-23,1218.079345703125,1226.998779296875,1215.994873046875,1220.159423828125,4835831923,2.03,16612065980,7180,82427,12.03,408654,43091,29999998,108881359150,689,146130399939.30112,143581.0,1043020,2664923.397591638,1220.30810546875
2022-12-24,1220.117919921875,1224.91162109375,1216.3387451171875,1221.1485595703125,2626153345,1.9,13953389265,7166,72981,12.06,372729,70068,29999997,109058033654,547,145949341469.06146,120727.0,952869,1120869.7510826385,1220.6292114257812
2022-12-25,1221.1715087890625,1223.517822265625,1203.7196044921875,1218.9620361328125,3942720070,2.03,13670191829,7168,71780,12.05,358745,112304,29999956,109290486943,460,145880985984.5337,189448.0,853974,766984.4781805569,1216.8427429199219
2022-12-26,1218.920166015625,1226.974365234375,1214.3359375,1226.974365234375,3282098400,1.98,14722550940,7162,79961,12.06,380056,62508,29999965,108872724671,488,145995598943.17307,150473.0,912291,968036.7278043992,1221.8012084960938
2022-12-27,1226.987060546875,1230.4180908203125,1205.8956298828125,1212.7916259765625,4091530737,2.26,18565037222,7156,81374,12.07,399353,30514,29999961,108656647519,613,146143368853.37094,133149.0,993174,1266970.6217706422,1219.0231018066406
2022-12-28,1212.736572265625,1213.12890625,1185.7021484375,1189.986083984375,4991669631,2.48,19632858099,7173,83923,12.05,379201,40135,29999983,108841680311,805,142802761283.7757,123206.0,977050,1527541.113910433,1200.388427734375
2022-12-29,1190.0101318359375,1204.1416015625,1188.3602294921875,1201.5953369140625,4132233940,2.61,20056208825,7161,82278,12.07,363843,47340,29999987,108700723789,793,142810180848.49826,133800.0,956439,1751748.9538771643,1196.0268249511719
2022-12-30,1201.569580078125,1202.03466796875,1187.4625244140625,1199.2327880859375,4055668253,2.7,20559372588,7166,81358,12.05,375800,68665,29999974,108806086964,820,142089510480.95364,159448.0,956170,1945504.3993088813,1197.5748901367188
2022-12-31,1199.360107421875,1205.088623046875,1194.2037353515625,1196.771240234375,3018513333,2.73,19585675641,7166,76168,12.06,336918,104602,29999972,108974810629,871,143066554680.1954,187689.0,897116,1358697.1522265614,1198.8559265136719
2023-01-01,1196.713623046875,1203.475341796875,1192.8853759765625,1200.96484375,2399674550,2.93,18036457836,7172,63332,12.05,281764,127370,29999972,109416864544,1223,142847124500.73782,1091688.0,751217,1624748.038122511,1198.5097961425781
2023-01-02,1201.103271484375,1219.860595703125,1195.2149658203125,1214.6566162109375,3765758498,2.73,20591319328,7171,77435,12.05,339858,64798,29999981,108874501515,2172,145062133603.21622,157073.0,860699,1133228.1059984963,1207.7088623046875
2023-01-03,1214.7440185546875,1219.0953369140625,1207.4915771484375,1214.77880859375,3392972131,2.93,22267876443,7168,79776,12.05,349277,65901,29999964,108801053845,803,145489141080.10123,157568.0,948991,1125905.0267724586,1214.0274353027344
2023-01-04,1214.7186279296875,1264.8074951171875,1213.1688232421875,1256.526611328125,6404416893,3.83,29513905520,7170,84707,12.05,406310,40711,29999979,108692832217,673,149754112498.5689,141581.0,1037526,2855508.389422742,1237.3053894042969
2023-01-05,1256.484619140625,1258.571533203125,1245.173095703125,1250.4385986328125,4001786456,2.83,25709158256,7153,87274,12.08,523302,31389,29999980,108340300221,701,149506235930.78317,117744.0,1144439,2026799.632672402,1252.6669616699219
2023-01-06,1250.458984375,1273.2203369140625,1240.947509765625,1269.3790283203125,4977252792,3.13,24515619991,7160,87351,12.07,392488,33599,29999973,108507163127,702,149139023805.79245,135538.0,1002634,1700237.684845132,1258.50146484375
2023-01-07,1269.4197998046875,1270.5982666015625,1262.2711181640625,1264.2703857421875,2565213548,2.55,18714982021,7163,81948,12.06,390985,64924,30000005,108848348035,495,151384300587.836,154781.0,998299,1449885.5322764104,1266.639892578125
2023-01-08,1264.181884765625,1287.3594970703125,1260.226806640625,1287.3594970703125,3495088905,2.48,22169765554,7165,82704,12.06,645678,60663,29999984,108934894219,505,151091743447.05817,163401.0,1080994,947159.8045486626,1274.7819213867188
2023-01-09,1287.4508056640625,1342.1441650390625,1286.6807861328125,1321.5389404296875,7990438824,3.37,26543481375,7167,92879,12.06,446810,19889,29999977,108487247175,662,156893595389.07568,115455.0,1160613,2476467.1251227106,1309.4536743164062
2023-01-10,1321.3955078125,1342.7572021484375,1318.5272216796875,1336.5860595703125,5830173253,3.27,24832851982,7166,91100,12.06,414820,18920,29999966,108546981800,699,158211508457.32095,133336.0,1069290,2401589.0451495047,1329.8164978027344
2023-01-11,1336.48681640625,1387.9327392578125,1323.5831298828125,1387.9327392578125,6314904311,3.47,25466337456,7155,92327,12.08,424774,16080,29999984,108341853491,740,159667096435.49973,118812.0,1085121,1764214.2250896678,1358.9838562011719
2023-01-12,1405.3514404296875,1432.28125,1378.422119140625,1417.9384765625,12230193038,3.55,25397758826,7156,93096,12.07,433869,17788,29999975,108298134693,689,167186099787.44785,122886.0,1079814,2814461.8233585926,1408.4983215332031
2023-01-13,1417.9461669921875,1461.6727294921875,1404.02392578125,1451.6148681640625,7684148212,4.13,29480606306,7162,94888,12.06,414152,19860,29999987,108415246629,555,168335351397.27856,108720.0,1071696,2680787.834164682,1433.8144226074219
2023-01-14,1451.428466796875,1563.7391357421875,1450.9884033203125,1550.7069091796875,15444626014,4.21,27988987982,7170,97351,12.04,445536,9935,29999984,108511834059,485,185721377700.02496,96708.0,1136712,4670748.472349394,1504.2157287597656
2023-01-15,1550.7315673828125,1556.9508056640625,1520.893798828125,1552.4794921875,6774614499,3.72,23739712895,7146,90292,12.08,397890,43036,29999982,108296985205,433,182776570593.37567,140785.0,976055,1579410.7326858607,1545.263916015625
2023-01-16,1552.519287109375,1594.039794921875,1529.5736083984375,1576.83349609375,8454485431,4.29,27887418109,7160,91633,12.06,428331,20788,29999967,108392695584,636,187216753222.68515,143709.0,1058735,2023660.021251053,1563.2415466308594
2023-01-17,1577.107421875,1594.0009765625,1553.3359375,1567.8460693359375,7599462786,4.3,26891033300,7171,89626,12.04,408811,20049,29999979,108533581326,682,186892543922.21484,127056.0,1030401,2687091.322303424,1573.0726013183594
2023-01-18,1567.698974609375,1602.106689453125,1509.4228515625,1515.5069580078125,10354880595,4.5,33560576341,7165,80193,12.05,471074,16628,29999976,108422817169,695,189170844261.04504,119294.0,1104802,2205501.202138833,1548.6838684082031
2023-01-19,1515.2496337890625,1557.9703369140625,1514.3800048828125,1552.5565185546875,6432638856,3.94,24745685461,7160,77457,12.06,395211,28931,29999968,108403070550,599,182698701808.23505,121352.0,1024681,2763435.939012909,1535.0391235351562
2023-01-20,1552.3736572265625,1659.8857421875,1544.9178466796875,1659.754150390625,8528894754,4.25,25720620233,7168,76296,12.05,403912,37192,29999973,108678906123,568,185346713668.8424,140686.0,1001980,2251405.801535805,1604.2328491210938
2023-01-21,1659.7060546875,1674.1793212890625,1626.81298828125,1627.1181640625,8859250310,3.62,21072475142,7163,77695,12.06,397386,43994,29999985,108545506698,461,197437304964.1306,134983.0,1026380,2467410.109335671,1646.9541320800781
2023-01-22,1627.365966796875,1658.0234375,1612.085693359375,1628.382080078125,7517988734,3.58,19312151668,7160,69727,12.06,350940,71670,29999962,108891672082,441,194519282807.7978,162138.0,900270,1646501.439566425,1631.4642944335938
2023-01-23,1628.55078125,1641.2181396484375,1607.903076171875,1628.2510986328125,8264507375,3.99,23115320837,7165,75187,12.05,366342,56305,29999963,108832752249,565,195282801578.0597,154898.0,922587,1578401.5797105618,1626.4807739257812
2023-01-24,1627.8482666015625,1639.723876953125,1551.3897705078125,1556.604248046875,8180274691,4.62,30754508640,7166,81561,12.05,385430,45306,29999973,108630100527,571,195479888936.772,122888.0,1021976,2767067.6045600213,1593.8915405273438
2023-01-25,1556.8074951171875,1632.24169921875,1530.7978515625,1611.7110595703125,10598973448,4.19,25825941797,7158,80926,12.07,391334,44511,29999969,108543093004,723,185764248966.2465,134115.0,1022294,3072576.6211240664,1582.8895263671875
2023-01-26,1611.0809326171875,1626.1982421875,1586.59814453125,1603.10595703125,8395315241,4.19,26205253084,7166,82042,12.05,406732,35258,29999957,108499288876,717,191877905073.1303,120896.0,1040403,2859820.6043609115,1606.7458190917969
2023-01-27,1603.080078125,1617.0008544921875,1565.2449951171875,1598.156494140625,8124465373,3.85,25377717914,7153,83236,12.07,439692,33608,30000000,108403225441,708,189540204513.2333,106581.0,1110274,2003344.4998249293,1595.87060546875
2023-01-28,1598.1253662109375,1604.7041015625,1565.39013671875,1572.43505859375,5803653357,3.18,18813456271,7169,76681,12.05,374212,57590,29999983,108897299392,559,190335385077.7909,124331.0,999273,2003226.982725363,1585.1636657714844
2023-01-29,1572.6295166015625,1653.7249755859375,1568.98486328125,1646.1556396484375,8801292300,3.95,23135740585,7159,78837,12.06,386016,48780,29999988,108677977525,584,190380206731.76733,124341.0,974334,1611712.7518663327,1610.3737487792969
2023-01-30,1646.147705078125,1646.651611328125,1546.6607666015625,1567.3265380859375,9180418120,3.35,21825804088,7168,83220,12.05,428410,29795,29999984,108519642064,755,194476454475.29324,111822.0,1059295,2632291.769610164,1601.6966552734375
2023-01-31,1567.419921875,1598.517578125,1563.8043212890625,1586.535400390625,6585191019,4.54,30245226857,7163,83132,12.06,435168,24248,29999970,108506882047,741,188837036684.2332,117630.0,1087552,2419569.365650284,1579.0693054199219
2023-02-01,1586.4881591796875,1644.7275390625,1566.8572998046875,1641.792724609375,8116969489,5.0,30951074759,7159,83126,12.06,423396,19690,29999981,108362374217,674,188324016009.2326,124559.0,1065110,2344716.026199413,1609.9664306640625
2023-02-02,1641.365966796875,1704.4581298828125,1641.3226318359375,1643.2415771484375,10558081069,5.13,32389670787,7141,86408,12.1,438178,13721,29999991,108031130324,659,198910865969.2917,122639.0,1097907,3068473.8568631858,1657.5970764160156
2023-02-03,1642.9046630859375,1670.6968994140625,1634.223388671875,1664.74560546875,8169519805,5.49,33686520435,7153,87939,12.07,406469,8908,29999956,108162318070,832,195687387758.8744,121064.0,1097389,2603855.380408867,1653.1426391601562
2023-02-04,1664.4722900390625,1690.099609375,1648.189208984375,1667.0592041015625,5843302512,4.39,26322246409,7156,83089,12.06,423366,13407,29999977,108299159490,579,198121921117.79584,144264.0,1057393,2100800.732760307,1667.455078125
2023-02-05,1667.16650390625,1671.770263671875,1616.391845703125,1631.6458740234375,6926696531,3.8,23794846802,7166,82753,12.05,438947,23638,29999978,108469992015,630,199363461369.5676,138323.0,1078770,1195168.4173367128,1646.7436218261719
2023-02-06,1631.645263671875,1653.7154541015625,1611.319091796875,1616.2470703125,6919871886,4.54,28478691953,7167,86323,12.05,426625,16287,29999999,108517726041,889,195393929106.86505,160066.0,1065503,1751914.6691567502,1628.2317199707031
2023-02-07,1616.0096435546875,1673.7978515625,1614.863037109375,1672.0035400390625,8030277434,5.75,36817069793,7148,86058,12.07,433602,7295,29999960,108090755040,755,195025796694.13284,159075.0,1127657,2441591.302122334,1644.1685180664062
2023-02-08,1671.9052734375,1688.5272216796875,1635.2650146484375,1650.716796875,7806089579,6.06,38656256230,7139,87423,12.1,427046,8018,29999969,107868173706,721,200443369929.25903,167995.0,1130734,2619665.6233977354,1661.6035766601562
2023-02-09,1651.082275390625,1655.23486328125,1537.1822509765625,1546.438232421875,10524969124,6.11,40353819491,7155,91915,12.07,407245,8272,29999974,108244669031,725,194818467010.9499,145531.0,1080441,2673917.267397588,1597.4844055175781
2023-02-10,1546.5965576171875,1553.32568359375,1504.83447265625,1514.869140625,8397387897,4.42,29368859389,7168,90176,12.04,422722,11272,29999963,108391449606,735,185438346629.5423,150396.0,1092131,2822137.7027482847,1529.9064636230469
2023-02-11,1514.94189453125,1541.334716796875,1510.14697265625,1539.9267578125,5064007416,3.58,21415378130,7158,80696,12.06,384209,43490,29999962,108515206975,549,181751457771.64075,165867.0,976907,2895936.583967876,1526.5875854492188
2023-02-12,1539.7760009765625,1545.55419921875,1501.4620361328125,1515.03369140625,5319698775,3.46,21067638895,7158,81777,12.06,380397,41513,29999957,108568583883,550,183025933019.63663,144105.0,940706,1384837.0219660671,1525.4564819335938
2023-02-13,1514.9169921875,1524.7314453125,1470.02392578125,1507.1658935546875,9363855114,4.38,29595631552,7159,90683,12.06,424807,19294,29999940,108349415809,676,182107376190.8968,137219.0,1039686,2543595.9991121106,1504.2095642089844
2023-02-14,1506.9920654296875,1562.0343017578125,1497.1944580078125,1556.8751220703125,9249575045,8.55,64056071186,7148,88094,12.08,456606,20571,29999973,108359165487,654,179969986633.13608,128277.0,1088531,2591109.459310794,1530.7739868164062
2023-02-15,1556.76513671875,1674.289794921875,1545.689697265625,1673.7459716796875,10015035156,6.66,42442291537,7152,93864,12.07,444145,5669,29999984,107997105063,485,184934759898.16983,97008.0,1191785,2606199.8200370986,1612.6226501464844
2023-02-16,1673.867431640625,1732.8011474609375,1638.1455078125,1640.067626953125,12704861676,6.9,44451859861,7158,95360,12.06,436675,6726,29999984,108119870192,607,200719813349.0492,104921.0,1138819,3398135.519582874,1671.2204284667969
2023-02-17,1640.2801513671875,1716.7818603515625,1636.173828125,1694.7833251953125,9802443159,6.73,40142664080,7097,96206,12.16,411193,6237,29999933,107246290313,528,197560124175.6089,105869.0,1087307,2248068.7782226605,1672.0047912597656
2023-02-18,1694.7418212890625,1705.30908203125,1683.670166015625,1691.8194580078125,5491437195,5.6,30627715818,7109,94855,12.13,383594,8583,29999929,107572535768,402,202060834827.4363,86626.0,993214,2279971.376035,1693.8851318359375
2023-02-19,1691.68017578125,1718.9476318359375,1673.9066162109375,1681.4361572265625,6959144003,5.21,29673223535,7117,100424,12.13,377252,7379,29999981,107713385506,420,202305116522.296,73695.0,999893,1643302.3274625875,1691.4926452636719
2023-02-20,1682.3370361328125,1716.4893798828125,1659.2950439453125,1702.6751708984375,7703604237,6.35,37171212039,7129,109068,12.11,404988,7581,29999961,107899731637,460,202649140966.45828,83971.0,1043692,2159766.531957372,1690.1991577148438
2023-02-21,1702.7978515625,1714.28564453125,1642.396728515625,1658.036376953125,8721608198,5.99,37349599727,7115,106063,12.13,427497,5637,29999983,107662798019,570,203632431996.6093,90985.0,1082444,2114230.8657744527,1679.379150390625
2023-02-22,1658.1409912109375,1663.996826171875,1604.8033447265625,1643.231689453125,9189387004,6.5,40866932589,7096,106556,12.15,425796,5926,29999960,107473851064,594,196323707303.9934,91333.0,1091460,2631739.3233376774,1642.543212890625
2023-02-23,1643.298583984375,1674.6015625,1632.566162109375,1651.0738525390625,9013236167,6.68,42639674435,7118,103333,12.12,462707,6659,29999937,107653828349,510,199135955264.6773,99773.0,1069107,2246796.3874451034,1650.3850402832031
2023-02-24,1650.8951416015625,1661.09130859375,1583.1478271484375,1608.3731689453125,8909129423,5.35,34956299586,7085,103977,12.18,480460,8131,29999957,107279613495,489,197398095035.912,93081.0,1114672,2653652.76563877,1625.8768615722656
2023-02-25,1608.6583251953125,1608.8651123046875,1567.6317138671875,1594.9149169921875,5657686235,4.12,24663365746,7112,91693,12.14,441520,21095,29999960,107829588302,363,191466360076.42096,98903.0,1016230,2252993.684104041,1595.0175170898438
2023-02-26,1594.7611083984375,1645.2734375,1590.39306640625,1640.817138671875,5727967432,4.26,24307982693,7119,89707,12.13,440912,49238,29999982,108007550257,354,191067743394.1482,136175.0,983426,1744044.7167225787,1617.8111877441406
2023-02-27,1640.763671875,1662.57568359375,1615.387939453125,1634.326416015625,7239824677,4.55,27327787901,7133,97089,12.11,442360,26498,29999969,108031903221,517,195518718716.1577,124160.0,1014540,2555734.753964246,1638.263427734375
2023-02-28,1634.50244140625,1644.435791015625,1602.4281005859375,1605.8951416015625,6323676957,4.64,29019407899,7109,94595,12.14,411722,12892,29999933,107546631941,571,193433081734.02203,91524.0,1044859,2069557.539287425,1621.8153686523438
2023-03-01,1606.0404052734375,1663.4337158203125,1601.548583984375,1663.4337158203125,7701847224,5.82,35831060580,7118,96258,12.13,432642,7615,29999941,107745380322,509,197180570399.7064,90080.0,1076582,2051083.7861524543,1633.6141052246094
2023-03-02,1663.549072265625,1672.0511474609375,1622.5999755859375,1647.3193359375,7080950926,5.21,33605840367,7099,94460,12.15,455138,8282,29999978,107401831106,529,196357258961.0232,91179.0,1083984,2316390.2739875326,1651.3798828125
2023-03-03,1647.5577392578125,1648.475341796875,1552.4515380859375,1569.1676025390625,9922240199,5.36,34761706713,7099,95722,12.17,437946,7998,29999967,107393412339,505,187350684448.325,90148.0,1105265,2474410.127584759,1604.4130554199219
2023-03-04,1569.278076171875,1575.63720703125,1551.73681640625,1566.9239501953125,4389045367,4.56,27052351676,7108,101034,12.14,378703,22765,29999959,107602711572,466,187385738196.75143,94257.0,993092,1725209.1901147764,1565.8940124511719
2023-03-05,1567.1793212890625,1584.2088623046875,1559.9541015625,1564.46875,5020886238,5.18,29307339847,7120,99575,12.13,363229,24103,29999979,107762761412,496,187312739176.6982,91461.0,950188,1278213.0260466768,1568.9527587890625
2023-03-06,1564.3831787109375,1579.456298828125,1557.363525390625,1567.398681640625,5245153345,6.08,37983458797,7112,101211,12.15,399454,11370,29999943,107548617057,473,186523132401.71,90795.0,999028,1596075.8704709876,1567.1504211425781
2023-03-07,1567.4246826171875,1579.1622314453125,1543.1275634765625,1561.93310546875,6854058349,5.95,37755589297,7116,97429,12.13,394933,7139,29999943,107562148529,627,187419176282.65155,81067.0,1035864,2066650.766357021,1562.9118957519531
2023-03-08,1561.9779052734375,1568.17529296875,1534.0882568359375,1534.0882568359375,7130327525,5.94,37320061309,7105,99757,12.14,392289,8175,29999944,107453748231,688,185201724831.47403,84138.0,1025165,2151167.4172569504,1549.5824279785156
2023-03-09,1534.0316162109375,1544.1083984375,1423.2647705078125,1438.6607666015625,9457897583,5.91,40550234117,7113,100965,12.14,415190,8752,29999953,107464689660,824,183456357451.56155,81823.0,1026646,2103558.3267346434,1485.0163879394531
2023-03-10,1438.7601318359375,1438.7601318359375,1378.525390625,1429.1580810546875,12665194936,5.28,36919533821,7082,100342,12.19,418461,6093,29999957,107092774949,609,168543332615.4913,88175.0,1065265,5732249.82842225,1421.3009338378906
2023-03-11,1429.100830078125,1484.136962890625,1428.72314453125,1482.61669921875,14917080154,16.32,101261424003,7114,90390,12.13,376077,6730,29999930,107406601881,207,171554041403.6548,87379.0,1053539,8447539.532826642,1456.1444091796875
2023-03-12,1482.431884765625,1607.152587890625,1461.6109619140625,1590.29296875,11480965122,5.68,30904991179,7109,90318,12.14,393575,15261,29999982,107587798681,403,175250961051.46814,86152.0,967202,4800432.019993378,1535.3721008300781
2023-03-13,1590.8311767578125,1699.9117431640625,1572.07470703125,1680.3089599609375,15711468959,5.77,39889905007,7125,91747,12.12,531332,10740,29999944,107624028213,651,192678946306.96155,100379.0,1135150,5289320.914352668,1635.7816467285156
2023-03-14,1680.2952880859375,1779.9178466796875,1665.90234375,1703.507080078125,16159781303,5.88,36151597518,7118,96853,12.12,458561,10389,29999939,107691890022,606,200217335210.6733,102281.0,1111230,4995861.72461654,1707.4056396484375
2023-03-15,1705.18994140625,1721.0792236328125,1616.63037109375,1656.1805419921875,12715339905,5.34,32866777696,7101,98568,12.16,448940,8263,29999950,107370864301,646,204418824397.2013,95654.0,1091704,4927242.174379187,1674.77001953125
2023-03-16,1656.33203125,1693.1392822265625,1639.26171875,1677.2154541015625,9364980166,5.03,29146213974,7119,100533,12.12,413904,11499,29999936,107719498729,629,198124551704.1813,107974.0,1058484,3364957.555708659,1666.4871215820312
2023-03-17,1677.2967529296875,1799.343994140625,1667.1318359375,1792.485107421875,12467445117,5.23,28876682813,7116,101004,12.13,447558,15425,29999974,107604222912,658,205492570980.4,101447.0,1048284,4006708.0334151327,1734.0644226074219
2023-03-18,1793.5924072265625,1840.3575439453125,1751.2628173828125,1761.65966796875,10317822213,3.91,21372877183,7121,99609,12.12,424207,31235,29999950,107734484837,458,217021516199.4347,103816.0,1057394,3163103.535749597,1786.7181091308594
2023-03-19,1762.9632568359375,1843.8441162109373,1762.9632568359375,1785.5765380859375,9170565472,4.19,22355362291,7114,103914,12.13,403736,42927,29999940,107817087999,411,212275059826.0909,132337.0,965643,2279369.825287348,1788.8367919921875
2023-03-20,1785.416259765625,1807.7252197265625,1728.103759765625,1735.3212890625,10978325507,4.21,24985753846,7132,103529,12.1,472166,16011,29999972,107869280107,576,214460391087.7737,115496.0,1108609,2885151.609914196,1764.1416320800781
2023-03-21,1735.617919921875,1836.28857421875,1725.00732421875,1806.7607421875,10758627746,4.05,22839471496,7115,108252,12.13,456807,18565,29999975,107635218371,623,207209114595.60065,135682.0,1086029,3195035.2253929684,1775.9186401367188
2023-03-22,1804.95703125,1821.458251953125,1717.76513671875,1737.717041015625,12484103560,4.11,23669198288,7125,105783,12.12,456449,16953,29999919,107701268710,627,214414911461.3664,165343.0,1087286,3396989.468238712,1770.474365234375
2023-03-23,1737.140869140625,1853.8880615234373,1732.524658203125,1816.4051513671875,11012966854,4.71,27097769260,7104,130034,12.15,463365,17834,29999916,107437913338,499,209417145668.57123,161282.0,1049895,3596411.946560629,1784.9896850585938
2023-03-24,1815.81982421875,1819.935302734375,1730.3494873046875,1752.0447998046875,10913669383,4.59,26619909041,7121,120808,12.12,446977,10360,29999926,107615992484,514,216982978386.4819,151965.0,1101253,3116755.4042185885,1779.537353515625
2023-03-25,1751.469482421875,1762.674560546875,1716.6519775390625,1743.7647705078125,6614309912,3.54,20362203950,7122,112676,12.11,433484,19476,29999949,107672872204,396,208912341847.4792,138109.0,1061362,2902991.3409772296,1743.6401977539062
2023-03-26,1743.8421630859375,1797.8802490234375,1741.182861328125,1775.6767578125,6990313307,4.01,22162968519,7122,113063,12.12,408993,22436,29999925,107663643041,403,209377037136.38583,136818.0,1009383,1463653.9359938153,1764.6455078125
2023-03-27,1775.4813232421875,1781.3792724609375,1690.5166015625,1715.4608154296875,8585750760,5.26,32606040326,7115,118144,12.12,447371,6889,29999966,107547095988,507,209284487510.1815,125238.0,1083049,1862049.6322704004,1740.7095031738281
2023-03-28,1715.327392578125,1791.1109619140625,1702.564697265625,1772.78564453125,8346890042,5.48,33296747287,7111,115640,12.13,497982,7761,29999916,107485212888,572,205860005091.0389,125329.0,1153065,2515993.359907538,1745.4471740722656
2023-03-29,1772.89990234375,1825.6009521484373,1772.89990234375,1793.0018310546875,9136176952,5.63,34602893435,7113,113731,12.13,516141,7640,29999946,107463463555,585,215388793671.3069,123055.0,1147348,2605218.423871771,1791.1006469726562
2023-03-30,1793.345947265625,1827.2802734375,1766.2489013671875,1792.7371826171875,9724496987,5.96,37400759221,7118,120829,12.13,515818,6811,29999915,107533384225,625,215670092458.9601,116739.0,1194401,2108930.304741252,1794.903076171875
2023-03-31,1793.6201171875,1844.6773681640625,1783.1422119140625,1822.0220947265625,9149379763,5.25,31440721408,7124,111634,12.1,486594,9118,29999961,107700474728,597,214249360081.4181,125489.0,1137713,2667362.038240712,1810.8654479980469
2023-04-01,1821.704345703125,1840.173095703125,1811.1185302734373,1813.860595703125,5556443606,4.65,24741287947,7114,110065,12.12,427793,23488,29999929,107529415269,409,217710074816.35803,122380.0,1081027,1920415.340832051,1821.7141418457031
2023-04-02,1821.192138671875,1824.328857421875,1774.8724365234375,1795.7081298828125,6199721188,4.52,23677899834,7099,109047,12.15,401175,49850,29999922,107626049500,386,217333835577.8108,147374.0,982908,1116455.2191173902,1804.025390625
2023-04-03,1794.9224853515625,1839.1578369140625,1765.5189208984375,1810.297119140625,9643826401,6.04,33288679532,7078,117278,12.19,424681,23173,29999898,107037840970,612,214044623869.25003,148923.0,1022336,1598843.5701751218,1802.4740905761719
2023-04-04,1810.14208984375,1886.5946044921875,1802.9554443359373,1871.005126953125,10398322335,6.3,34822024601,7021,125590,12.28,443292,19310,29999889,106177044843,547,216321659709.4248,136971.0,1052042,3231529.8518771734,1842.67431640625
2023-04-05,1870.965087890625,1937.49755859375,1865.94189453125,1909.114013671875,10319231689,6.91,38414399966,7042,129998,12.22,470143,13942,29999853,106356342432,507,227993499110.3787,117105.0,1134386,3184297.252401797,1895.879638671875
2023-04-06,1909.1435546875,1909.271728515625,1857.0850830078125,1872.922607421875,8263191830,6.15,33043798323,6995,121377,12.27,429861,17723,29999708,105776576985,605,224331453301.66537,115898.0,1048642,2496953.112563102,1887.1057434082031
2023-04-07,1872.734130859375,1882.2991943359373,1845.993896484375,1865.6361083984373,8356130492,5.13,27937185695,7058,118265,12.21,455007,33784,29999843,106860372535,547,220725464070.85733,139135.0,1055198,1565346.966723396,1866.6658325195312
2023-04-08,1864.6790771484373,1879.1077880859373,1848.87548828125,1849.4981689453125,5016362733,5.22,25168323209,7062,117079,12.21,386527,68134,29999884,107120954401,353,223495116816.9764,152716.0,955297,1077705.8986530208,1860.5401306152344
2023-04-09,1849.6722412109373,1873.057373046875,1828.7000732421875,1859.3878173828125,6361497715,4.78,24095099019,7045,122364,12.23,382386,76440,29999852,106893733595,338,219156529296.0116,165843.0,950307,1181216.8909587872,1852.7043762207031
2023-04-10,1859.7412109375,1917.3001708984373,1848.1641845703125,1911.20751953125,8380134275,5.51,28423542045,7064,121645,12.2,444758,58914,29999841,107032998644,531,221945172195.856,171553.0,983710,1233884.5567845963,1884.103271484375
2023-04-11,1911.3758544921875,1936.728271484375,1886.5341796875,1892.189697265625,8877222956,6.0,33681093302,7061,121620,12.22,470997,37319,29999874,106784181483,564,229454011898.84967,159814.0,1061616,2327219.4020693987,1906.7070007324219
2023-04-12,1891.94970703125,1929.8812255859373,1860.036865234375,1920.68212890625,11010714187,5.23,26818315709,7016,122134,12.29,438010,42303,29999888,106137704453,533,223264159588.6381,156538.0,1052791,3561372.1989566083,1900.6374816894531
2023-04-13,1917.6983642578125,2022.150146484375,1901.8603515625,2012.6346435546875,12546950499,6.43,35563190355,6508,122093,13.23,518890,14752,29999659,98436638731,469,229561298470.62463,122643.0,1067875,3241484.054777261,1963.5858764648438
2023-04-14,2013.9306640625,2126.316650390625,2011.5032958984373,2101.635498046875,16298099411,6.58,33953044053,7006,121775,12.31,538183,21685,29999912,105789466253,496,251319121493.2508,148781.0,1170270,3740940.410690071,2063.3465270996094
2023-04-15,2101.616455078125,2111.075439453125,2076.5107421875,2092.466796875,8036468153,5.65,27096530499,7020,112378,12.29,514123,80490,29999884,106457746379,373,250505823489.31,176903.0,1041796,2090308.0541297563,2095.4173583984375
2023-04-16,2092.281005859375,2137.445068359375,2076.83203125,2120.005859375,7898126856,7.77,30469108368,7042,102820,12.24,371594,132118,29999895,107230247516,349,250426467956.25684,230055.0,919379,1801946.187755556,2106.6409912109375
2023-04-17,2120.001220703125,2120.113525390625,2063.03857421875,2076.242919921875,9648882546,8.58,39511637138,7065,125862,12.2,382699,39634,29999930,106808408036,674,249485624632.469,160561.0,983704,2366776.7097966173,2094.8490600585938
2023-04-18,2075.855224609375,2121.531494140625,2057.65380859375,2104.537353515625,9134015143,12.52,60817366363,7068,112551,12.21,388391,20309,29999924,106664480401,714,250562472251.3362,134187.0,1040496,2358272.7244503223,2089.8944702148438
2023-04-19,2103.9462890625,2104.857177734375,1928.5828857421875,1936.4034423828125,13779745451,15.65,81943647577,7081,117208,12.17,369708,12804,29999980,106843098443,796,247382220849.4785,111988.0,1099147,3465666.9740939783,2018.4474487304688
2023-04-20,1936.41796875,1979.5733642578125,1918.1328125,1943.09765625,11324135406,14.68,76593655942,7027,114695,12.25,378723,13778,29999958,105985846427,933,232450086795.89493,114316.0,1078477,2278831.6203681203,1944.3054504394531
2023-04-21,1943.409912109375,1955.649169921875,1827.7889404296875,1849.9998779296875,12044274581,9.0,46365409545,7098,103951,12.17,398108,50119,29999947,107249131290,756,229930811851.8701,141635.0,1027729,3608235.035040316,1894.2119750976562
2023-04-22,1849.2864990234373,1886.7816162109373,1845.8492431640625,1874.2286376953125,6970642726,9.95,43833129395,7137,102312,12.09,325807,103773,29999943,108423556871,631,220657238750.9456,218682.0,886463,2128234.927130497,1864.0364990234375
2023-04-23,1874.1715087890625,1882.229736328125,1838.992431640625,1862.06201171875,6607451862,10.88,48450624042,7131,103584,12.09,308321,99838,29999972,108085854588,716,223675832614.51227,175445.0,875851,1519796.8932944995,1864.3639221191406
2023-04-24,1862.0853271484373,1888.1937255859373,1811.7921142578125,1842.7574462890625,8438191338,10.57,51481567850,7131,105847,12.09,345203,79160,29999956,108014860253,825,219995802079.69,179230.0,913280,1789513.7488442045,1851.2071533203125
2023-04-25,1842.204345703125,1877.4849853515625,1805.3228759765625,1866.753662109375,8677255481,8.95,44423858600,7123,105061,12.1,381307,76692,29999925,107873465063,769,216522512597.078,169198.0,972251,2485065.908749569,1847.9414672851562
2023-04-26,1866.14892578125,1962.567626953125,1792.4638671875,1866.564208984375,14356524696,9.44,46885746251,7125,107168,12.1,381343,71874,29999956,107927969997,687,222078904352.23825,167865.0,978909,2454554.9788356675,1871.9361572265625
2023-04-27,1866.6932373046875,1936.9451904296875,1863.14794921875,1908.786376953125,14008145806,9.28,43417185595,7110,107197,12.11,374962,90859,29999970,107875694472,716,224882843824.1945,188828.0,941529,3043184.171008697,1893.8931884765625
2023-04-28,1909.2730712890625,1923.19921875,1876.2918701171875,1892.5128173828125,7691759733,8.93,43633561010,7121,101307,12.1,384374,66108,29999962,107817932488,822,228847255026.11435,171555.0,982012,2069119.844456728,1900.3192443847656
2023-04-29,1892.5650634765625,1916.9737548828125,1887.990478515625,1908.9169921875,4796651246,9.28,41252060084,7113,93077,12.11,348612,120978,29999908,108087574757,615,226984562882.7944,191405.0,901709,1419259.198478126,1901.611572265625
2023-04-30,1908.7413330078125,1938.41796875,1876.92431640625,1876.92431640625,6539641957,10.2,50580093244,7123,105855,12.1,348801,48643,29999965,107706289723,655,227036700434.30856,143419.0,952239,1243964.459624095,1900.2519836425781
2023-05-01,1868.89111328125,1886.2064208984373,1809.1932373046875,1831.954833984375,8625783201,13.84,77126318174,7109,102487,12.12,366261,6284,29999953,107196873962,623,220531263372.39383,94860.0,1079483,2961392.5357799595,1849.0614013671875
2023-05-02,1831.7265625,1879.759521484375,1824.3270263671875,1870.789306640625,7536785767,17.12,95049603008,7111,99674,12.13,381277,6246,29999959,107240872645,706,218790418874.6112,100467.0,1111742,2680577.6724368194,1851.6506042480469
2023-05-03,1870.6871337890625,1915.504150390625,1845.871826171875,1904.65185546875,8306390869,15.44,83762267764,7100,105098,12.13,404609,7915,29999973,107086874844,794,222423425647.59177,97664.0,1126682,2114607.466884597,1884.1787414550781
2023-05-04,1905.1689453125,1915.8717041015625,1868.6297607421875,1877.7041015625,6578438233,15.82,86486115375,7123,100277,12.11,392871,11996,29999961,107530035553,774,226367551087.72675,100342.0,1111605,2442567.9062825227,1891.8436279296875
2023-05-05,1877.8331298828125,1998.41357421875,1876.9466552734373,1995.0609130859373,9498261360,27.62,155844446670,7129,97049,12.09,435230,23654,29999958,107417422783,447,225949972259.25912,124107.0,1168186,2790962.5266868207,1937.0635681152344
2023-05-06,1995.4791259765625,2017.5594482421875,1870.6055908203125,1900.2218017578125,9623243037,27.29,150689523890,7109,99877,12.11,372273,7093,29999984,107046934391,604,233673483417.21823,103056.0,1189403,3418492.750788903,1945.9664916992188
2023-05-07,1899.9176025390625,1933.9984130859373,1873.076416015625,1873.076416015625,6883942236,22.98,125192517260,7112,93941,12.11,357398,5173,29999969,107252572775,722,227410019239.07333,89733.0,1094374,1945818.79839152,1895.0172119140625
2023-05-08,1872.47509765625,1886.162109375,1818.4505615234373,1849.042724609375,9895102899,21.37,122493509823,7115,99069,12.12,400256,8561,29999959,107204455706,686,220854751790.54712,99587.0,1143042,2600225.305079216,1856.5326232910156
2023-05-09,1849.06103515625,1860.66748046875,1832.906982421875,1848.6031494140625,6129516088,18.33,103187004464,7112,104694,12.11,401741,7837,29999973,107266164871,853,220462515301.40665,107686.0,1136597,2744144.7334929435,1847.8096618652344
2023-05-10,1848.2135009765625,1886.80029296875,1795.6688232421875,1842.4014892578125,9945549603,19.63,108134611080,7107,110750,12.12,378703,8789,29999978,107187594512,879,219126441188.27817,101862.0,1090223,2977907.269059733,1843.2710266113281
2023-05-11,1842.4920654296875,1842.4920654296875,1774.132568359375,1796.4906005859375,8353828312,19.91,113381482558,7042,108632,12.23,369098,9250,29999980,106161330919,821,217943842879.5201,96082.0,1111025,3292952.983240436,1813.9018249511719
2023-05-12,1795.1766357421875,1812.4249267578125,1742.40380859375,1808.019775390625,9047198660,13.91,77852992618,6917,111660,12.45,402176,9003,29999816,104370265978,756,209649145107.1798,107461.0,1077285,3547448.593427521,1789.5062866210938
2023-05-13,1808.375,1816.0584716796875,1788.4755859375,1796.1148681640625,4647630864,9.6,49682615247,7080,116494,12.15,402746,44266,29999918,107025026375,758,214876836977.04288,110516.0,1023428,1968708.0225620165,1802.2559814453125
2023-05-14,1796.10791015625,1823.49072265625,1793.228759765625,1800.5009765625,4711210241,9.27,48384396065,7052,110652,12.21,402774,31802,29999935,106679554770,725,215120562314.89505,127648.0,974047,1228933.7325362307,1803.3320922851562
2023-05-15,1800.3712158203125,1845.6954345703125,1787.536376953125,1817.5499267578125,6748889346,12.28,68043747934,7083,117142,12.16,414907,8048,29999972,106932692984,912,217854657783.2187,107356.0,1066294,2021646.072038778,1812.7882385253906
2023-05-16,1816.82421875,1830.3515625,1797.84375,1824.1214599609373,5595959668,11.84,64374908775,7084,129914,12.17,394652,9799,29999937,106956196846,890,217025913894.76,102832.0,1092788,2256925.963623166,1817.2852478027344
2023-05-17,1824.068359375,1835.5545654296875,1786.6719970703125,1821.859619140625,6352161579,11.29,60505535694,7073,129735,12.16,391263,8758,29999916,106831578600,893,215331922157.6117,99238.0,1035307,2919814.079781919,1817.0386352539062
2023-05-18,1822.0682373046875,1831.4503173828125,1774.195068359375,1801.728515625,5673124255,11.21,61428068427,7112,116120,12.11,378122,13825,29999959,107300431213,837,217605796233.75247,98052.0,1046877,1898379.1894616112,1807.3605346679688
2023-05-19,1800.994384765625,1826.1942138671875,1797.4344482421875,1812.5894775390625,4796110259,9.78,53950566897,7084,113344,12.15,399612,16353,29999954,106913303098,956,215106163933.6024,109407.0,1082791,2392871.584048752,1809.3031311035156
2023-05-20,1812.76611328125,1829.0096435546875,1808.0467529296875,1820.47802734375,2951655969,7.11,38588308207,7110,112737,12.12,457314,55760,29999920,107536762351,673,215734753446.8875,139290.0,1070390,1491066.0633504817,1817.5751342773438
2023-05-21,1820.1380615234373,1827.9219970703125,1799.9468994140625,1804.5313720703125,3386768865,7.72,40754757081,7095,116251,12.13,414344,43076,29999952,107273204402,764,216412046308.21844,151450.0,1008885,1517125.4159440163,1813.1345825195312
2023-05-22,1804.8419189453125,1826.696533203125,1793.2239990234375,1817.5347900390625,4534841049,9.88,54738006490,7110,115338,12.12,391756,9496,29999951,107282391014,877,215673663460.5001,97572.0,1041071,2089745.2831537689,1810.5743103027344
2023-05-23,1817.7811279296875,1869.343994140625,1816.2879638671875,1854.380615234375,6820047160,11.04,61474276313,7094,112150,12.14,398403,8630,29999951,106998325104,791,220660105842.90225,94521.0,1117643,3309962.3565552747,1839.4484252929688
2023-05-24,1854.2996826171875,1854.2996826171875,1780.925537109375,1800.0999755859375,7101647419,9.43,51263205411,7112,123716,12.13,394347,9189,29999975,107274099805,866,216089943692.82977,96462.0,1076385,2439408.32509383,1822.4062194824219
2023-05-25,1799.84521484375,1815.9947509765625,1763.3651123046875,1805.9537353515625,6321689859,8.31,47963979652,7110,127320,12.13,406157,12352,29999968,107274449146,779,211731420684.4946,101316.0,1050957,1837700.795737201,1796.2897033691406
2023-05-26,1805.7254638671875,1837.8658447265625,1798.406005859375,1828.689697265625,5451414258,7.16,38295483040,7120,129802,12.12,409070,12536,29999969,107410414294,809,216302261169.45013,105062.0,1066238,2999386.572093428,1817.6717529296875
2023-05-27,1828.57568359375,1836.1845703125,1817.4920654296875,1831.1182861328125,3216737652,6.23,30857611373,7126,124597,12.09,400424,44816,29999959,107791884429,621,217853769262.36325,121457.0,1015501,1826099.890028235,1828.3426513671875
2023-05-28,1831.0986328125,1915.7232666015625,1825.46728515625,1910.9141845703125,6359610561,7.59,35304442784,7130,129549,12.08,359831,16672,29999979,107757309494,778,220022227740.2601,109715.0,942269,1425630.1459539407,1870.8008422851562
2023-05-29,1909.2974853515625,1926.4217529296875,1879.0775146484373,1893.078125,5884674572,8.45,43753085048,7113,121193,12.12,402399,8794,29999986,107276073506,920,226217953897.03348,94403.0,1068856,2187083.3307456137,1901.9687194824219
2023-05-30,1893.0931396484373,1916.574951171875,1883.9346923828125,1901.026611328125,5363439784,9.09,52791040032,7104,122123,12.13,451525,8495,29999954,107146267870,736,226140359577.0992,100169.0,1182994,1951577.235173699,1898.6573486328125
2023-05-31,1901.0982666015625,1907.035400390625,1852.0947265625,1874.1304931640625,5984512548,8.41,45644667671,7101,124270,12.11,434876,10203,29999980,107125029717,908,222601189176.5001,102993.0,1093568,2652550.605830965,1883.5897216796875
2023-06-01,1873.9146728515625,1887.705322265625,1846.2274169921875,1862.201416015625,5640027197,8.71,46429527239,7099,113935,12.14,387497,12130,29999992,107157192361,891,220748544147.4297,113959.0,1090429,2242306.4493534947,1867.51220703125
2023-06-02,1862.4237060546875,1910.2784423828125,1851.9647216796875,1907.256591796875,6097746022,7.07,37543014337,7090,124335,12.16,460345,16495,29999986,107030947075,789,224490517885.272,113914.0,1104253,3455387.6283390275,1882.9808654785156
2023-06-03,1907.4207763671875,1908.822265625,1885.4854736328125,1892.4124755859373,3472274607,5.85,29191407795,7101,127685,12.14,410025,49992,29999988,107401282557,590,226508030923.0943,127899.0,1028692,1965690.427900212,1898.5352478027344
2023-06-04,1892.398193359375,1912.2056884765625,1885.65185546875,1890.5135498046875,3747042696,5.5,26538386439,7090,126344,12.16,385817,55151,29999974,107373427304,577,226191759048.74167,138668.0,956026,1043989.378407486,1895.1923217773438
2023-06-05,1890.4176025390625,1890.6405029296875,1780.2115478515625,1811.828369140625,9246593033,7.13,42765863720,7074,126887,12.16,479136,21610,29999985,106761026406,712,222973250328.8636,120730.0,1077829,2558147.46448128,1843.2745056152344
2023-06-06,1810.5814208984373,1896.22265625,1801.4052734375,1884.494873046875,8704411776,5.99,32443616526,7095,124527,12.12,436437,23653,29999977,107116134888,741,215874430980.0269,121643.0,1129632,4072195.931743678,1848.1760559082031
2023-06-07,1884.3729248046875,1893.80908203125,1822.3031005859373,1832.39599609375,7919894455,5.25,28583680802,7089,121021,12.13,441665,20884,29999956,107236675543,686,223259105213.48563,126044.0,1085247,3377409.419618234,1858.2202758789062
2023-06-08,1832.5135498046875,1861.1361083984373,1830.1650390625,1846.3018798828125,4536041931,5.74,29881294913,7077,120773,12.15,389229,36322,29999968,107159303428,784,219233639250.9582,86856.0,1021481,2752028.220807387,1842.5291442871094
2023-06-09,1846.077880859375,1854.824951171875,1828.5445556640625,1840.2252197265625,4610831509,4.97,27112035037,7100,124599,12.12,449918,41852,29999972,107509103164,634,218783999213.40747,238243.82352941178,1061296,1875136.115890484,1842.4181518554688
2023-06-10,1840.3919677734373,1844.78564453125,1721.443115234375,1752.384765625,10788500406,4.41,29347417846,7105,121490,12.12,540050,55565,29999964,107523718145,364,206269802881.9595,389631.64705882355,1152450,2644160.9503408405,1789.7513732910156
2023-06-11,1752.527587890625,1776.84716796875,1741.1104736328125,1753.415283203125,4559112981,3.49,22461462688,7095,123525,12.13,542119,102874,29999983,107844501180,381,208718903745.6384,541019.4705882353,1186267,1575359.790383253,1755.9751281738281
2023-06-12,1753.075439453125,1757.6597900390625,1722.9063720703125,1742.5286865234375,6031384958,4.16,22163743288,7103,129240,12.12,406572,61510,29999941,107596394105,662,206663166733.6784,692407.2941176471,948386,2802589.48840187,1744.0425720214844
2023-06-13,1742.39013671875,1761.9554443359375,1727.7498779296875,1739.03759765625,6214125203,4.06,21159834803,7113,128065,12.09,392728,73400,29999984,107823692688,676,208068867729.4008,843795.1176470589,969818,2491474.571065116,1742.7832641601562
2023-06-14,1739.2501220703125,1749.1632080078125,1637.187744140625,1650.519287109375,7462905534,4.58,26846036954,7096,136985,12.1,434756,39987,29999975,107340713262,598,207211257388.56696,995182.9411764706,981714,2906562.6371744527,1694.0300903320312
2023-06-15,1650.4981689453125,1676.4066162109375,1624.1383056640625,1665.519775390625,7328564880,3.82,23774015840,7107,130752,12.09,490765,16462,29999974,107253838737,639,194666425946.66888,1146570.7647058824,1101975,3332685.648362481,1654.1407165527344
2023-06-16,1665.41064453125,1727.28955078125,1653.1708984375,1716.6688232421875,6281023479,4.09,25512775797,7120,125978,12.09,487956,28538,29999984,107574462278,682,198664331344.92447,1297958.5882352942,1132558,2279320.7130919667,1690.6349792480469
2023-06-17,1716.6717529296875,1766.76318359375,1714.15087890625,1727.2041015625,4875187477,4.25,22782178091,7142,128619,12.06,431178,66959,29999992,108193451420,553,207485609704.9561,1449346.411764706,1051002,2152637.3761681663,1731.1974792480469
2023-06-18,1727.1937255859375,1746.5091552734375,1718.1114501953125,1720.5775146484375,3820038842,3.5,19258566570,7126,113832,12.09,420383,105383,30000003,108261848267,466,205816878966.26248,1600734.2352941178,995344,882841.679219017,1728.0979614257812
2023-06-19,1720.50537109375,1745.1346435546875,1705.8134765625,1737.659423828125,5210480121,4.11,23797800158,7121,116479,12.09,440203,67380,29999982,107942591038,757,205198700018.31104,1752122.0588235294,1012225,1564277.643676642,1727.2782287597656
2023-06-20,1736.8797607421875,1793.31396484375,1715.342529296875,1792.1199951171875,7171072578,4.19,23485662783,7120,131261,12.09,397751,38519,29999983,107761196712,773,205827181923.52368,1903509.8823529412,1066839,1837717.6422298355,1759.4140625
2023-06-21,1791.9949951171875,1898.6689453125,1788.4892578125,1891.0072021484373,11731457711,4.85,25911901778,7135,128808,12.08,443114,35991,29999972,107844861509,703,215701709483.97305,2054897.705882353,1080137,3196349.0342812454,1842.5401000976562
2023-06-22,1889.79443359375,1932.0655517578125,1867.8765869140625,1872.9429931640625,8477657143,4.17,21751822867,7114,127231,12.09,410456,41671,29999976,107523681991,736,227325565978.18173,2206285.529411765,1084530,2942030.6027896,1890.6698913574219
2023-06-23,1872.540771484375,1932.5316162109373,1865.1920166015625,1892.862060546875,8290615074,4.6,24162209448,7111,123664,12.09,438581,51082,29999991,107627305375,668,223848233274.7817,2357673.3529411764,1050504,2333838.887326876,1890.7816162109375
2023-06-24,1893.77197265625,1905.2274169921875,1867.8115234375,1876.0596923828125,5026191704,3.6,19458952565,7110,115356,12.09,382816,118457,29999948,107981328741,494,224080429270.82825,2509061.1764705884,1022306,1543020.9430561536,1885.7176513671875
2023-06-25,1875.84912109375,1929.0791015625,1870.85009765625,1900.506103515625,6937581709,3.51,16577140864,7109,123544,12.11,363920,99397,29999978,107964669320,507,227520516720.1081,2660449.0,953735,1527612.1942134148,1894.0711059570312
2023-06-26,1900.05029296875,1905.3604736328125,1840.215087890625,1859.432861328125,8619702292,3.6,18356299421,7105,131321,12.11,407761,65535,29999964,107668409334,655,225138577266.8795,217561.0,961104,2000690.688630732,1876.2646789550781
2023-06-27,1859.34619140625,1911.3111572265625,1856.83837890625,1889.703369140625,7686042202,4.74,23748973334,7097,138405,12.14,411902,35848,29999964,107312132386,730,223054942082.8048,164192.0,1069097,2485677.65493952,1879.2997741699219
2023-06-28,1889.906494140625,1890.208984375,1822.102783203125,1827.97119140625,7135265016,4.43,25018334896,7144,137402,12.05,433757,17943,29999984,107925888053,760,220238897291.52185,135955.0,1085057,2226814.619473774,1857.54736328125
2023-06-29,1828.059326171875,1876.5302734375,1828.059326171875,1852.227294921875,5677228612,7.38,38654952329,7132,128956,12.08,391591,9661,29999996,107600384522,813,219790666476.7049,122855.0,1060441,2340484.7846488403,1846.2190551757812
2023-06-30,1852.0084228515625,1945.2742919921875,1831.281005859375,1933.18896484375,12895131248,6.51,34621226394,7124,129744,12.07,444419,8559,29999997,107453390131,778,224710730501.91205,106711.0,1106507,2440808.04758554,1890.4381713867188
2023-07-01,1933.3238525390625,1942.7015380859373,1910.8486328125,1924.56591796875,5136809625,4.45,21910160118,7110,123771,12.11,399422,37909,30000004,107535924039,668,228403228303.28195,124840.0,1075928,2304845.2503514085,1927.8599853515625
2023-07-02,1924.4481201171875,1958.1607666015625,1895.906982421875,1937.4383544921875,6343966490,4.25,18910143641,7130,126045,12.07,362953,68540,30000009,108018071893,590,227866078672.18732,164644.0,935358,1276052.4333003855,1928.9885559082031
2023-07-03,1937.8837890625,1974.7750244140625,1934.6888427734373,1955.38916015625,7858509087,5.15,25568830310,7112,127429,12.1,406413,35127,30000000,107484628799,810,234084442515.9824,155701.0,1010619,1968261.903453312,1950.6842041015625
2023-07-04,1955.524169921875,1966.3653564453125,1932.611328125,1936.633544921875,5683423776,7.42,29850456504,7112,125093,12.09,371762,22568,29999997,108018204870,685,232031349381.004,144707.0,1047648,1705053.0148742355,1947.7835998535156
2023-07-05,1936.7967529296875,1942.4324951171875,1897.124755859375,1910.5880126953125,6034088075,14.62,57566023935,7134,81882,12.07,294631,6469,29999997,109178663083,527,230345108840.3708,86051.0,740906,1622861.454338612,1921.7355041503906
2023-07-06,1910.4171142578125,1956.0123291015625,1847.8507080078125,1848.636474609375,8905008384,9.94,43880041029,7117,102569,12.07,322627,6251,30000004,107973276578,692,229009465162.3545,93397.0,828758,2530327.6932178345,1890.7291564941406
2023-07-07,1847.5125732421875,1876.9632568359373,1832.025390625,1870.6025390625,6468885150,7.39,37103223628,7122,124136,12.07,356372,6498,29999998,107353620951,887,220640567170.4172,100244.0,1049012,2013541.493476692,1856.7759399414062
2023-07-08,1871.0020751953125,1872.5015869140625,1844.6417236328125,1865.53955078125,4299007854,4.76,23397412310,7113,128617,12.07,362919,26134,30000000,107384662757,685,221476197173.04688,111715.0,1029173,1789545.5420371902,1863.4212341308594
2023-07-09,1865.594970703125,1878.6689453125,1857.748291015625,1863.009765625,4392863807,4.78,22277574744,7112,132287,12.07,350558,33291,29999998,107495686668,758,222142433857.8432,135963.0,953567,1026438.061974702,1866.2554931640625
2023-07-10,1863.240234375,1905.4608154296875,1848.7772216796875,1880.556396484375,6336468234,5.19,26739882255,7103,134190,12.1,426346,23390,30000000,107331893503,894,220745053272.32047,141257.0,1018235,1279116.2888987102,1874.5086669921875
2023-07-11,1880.6549072265625,1889.3817138671875,1863.2186279296875,1878.3360595703125,4905225892,5.02,26455315457,7114,136491,12.08,435103,12622,29999998,107353064067,829,223984793106.84448,123204.0,1099469,2119081.4637540667,1877.8978271484375
2023-07-12,1878.322021484375,1901.1484375,1865.7100830078125,1872.11376953125,6379007000,6.29,32325010851,7109,145932,12.07,392882,13617,30000015,107354456303,891,224941265862.1557,137014.0,1055146,1600546.8640871427,1879.3235778808594
2023-07-13,1872.040283203125,2011.88525390625,1864.49609375,2006.511474609375,11114853969,7.4,38624753222,7104,147029,12.08,416809,8319,30000000,107203757383,792,222452883381.5872,120765.0,1075507,2379175.362705252,1938.7332763671875
2023-07-14,2005.6861572265625,2026.2049560546875,1901.3612060546875,1939.3470458984373,10627449471,5.52,28944487054,7108,140258,12.08,454214,13621,30000002,107236665648,703,236977154925.40384,129238.0,1139892,3726851.6341320574,1968.1498413085938
2023-07-15,1939.129638671875,1946.0191650390625,1928.1873779296875,1931.466552734375,4380084234,4.01,18217728227,7060,151158,12.13,382817,43859,30000007,106813589107,597,230999435806.64624,147344.0,990975,1971875.39167152,1936.20068359375
2023-07-16,1931.64501953125,1942.0308837890625,1917.2940673828125,1923.681884765625,4329306566,4.62,20792150840,7103,142640,12.07,343502,23051,30000000,107389490119,632,229162730558.04977,120978.0,944708,1360289.7084901263,1928.6629638671875
2023-07-17,1923.6943359375,1936.1776123046875,1875.120361328125,1911.6461181640625,6678090758,5.54,26924628980,7137,136328,12.07,360827,9006,30000010,107670132511,764,229457437021.29004,107553.0,1015065,1629542.599656002,1911.6596069335938
2023-07-18,1911.697021484375,1916.4683837890625,1878.718505859375,1897.5992431640625,5814708445,6.11,35478900205,7128,133813,12.07,446479,7816,30000007,107512689232,648,225878880933.74725,137394.0,1131995,2131543.5513195693,1901.1207885742188
2023-07-19,1897.7972412109373,1919.264404296875,1883.067138671875,1889.0079345703125,6018487800,6.05,31907187218,7129,137534,12.08,415834,7784,29999939,107510809713,803,227034072558.8062,115291.0,1121721,2260011.047094412,1897.2841796875
2023-07-20,1889.07373046875,1919.264404296875,1879.734375,1890.9691162109373,7366830684,6.4,32009270116,7144,135726,12.07,376722,9072,29999917,107765591746,730,227416595773.6952,112429.0,1052626,2049170.3384806672,1894.7604064941406
2023-07-21,1891.581298828125,1905.38623046875,1885.2962646484373,1892.080078125,4668158260,6.37,33374464370,7140,128427,12.07,409006,8910,29999883,107722646704,796,224711098292.8361,134122.0,1119782,2069413.1822794632,1893.5859680175781
2023-07-22,1891.955078125,1897.0880126953125,1855.0927734375,1864.912353515625,4101305643,4.87,23553563819,7151,142345,12.06,365666,13040,29999684,107833001730,703,225013911072.3513,107893.0,1027017,1698969.9258313254,1877.2620544433594
2023-07-23,1866.09423828125,1904.4832763671875,1859.56884765625,1889.191650390625,4480604100,5.39,25073407368,7148,140226,12.06,353932,17043,29999720,107958237509,602,222979966928.8494,108099.0,972835,1241883.5151909704,1879.8345031738281
2023-07-24,1888.8095703125,1889.761962890625,1836.8524169921875,1850.0020751953125,6344373569,7.55,38558174115,7149,140042,12.06,371173,9069,29999669,107873689908,774,222931694452.9368,107834.0,1027824,1739484.9468863285,1866.3565063476562
2023-07-25,1850.0279541015625,1867.3232421875,1845.9815673828125,1857.741943359375,4163381707,7.47,36003490175,7140,148833,12.07,347040,7032,29999796,107711115359,948,220072308263.96863,94388.0,996051,1962140.0074387123,1855.2686767578125
2023-07-26,1857.696533203125,1886.97412109375,1849.4368896484373,1872.159912109375,5781548155,6.4,31655338914,7153,154034,12.06,372624,7543,29999739,107942018518,787,220376146903.2037,97784.0,1027476,2051676.3636665724,1866.5668640136719
2023-07-27,1872.0863037109373,1885.591552734375,1855.321533203125,1860.357177734375,4291339248,7.65,36951833604,7146,152257,12.07,361682,5579,29999633,107813302359,877,222568774005.4374,100614.0,1003243,1790932.631036234,1868.3391418457031
2023-07-28,1860.7025146484373,1881.457275390625,1857.0489501953125,1874.744873046875,3800973336,8.82,42606260992,7144,143968,12.08,375598,8352,29999559,107755731066,799,221057326774.36444,101119.0,1019527,1946592.105262817,1868.4884033203125
2023-07-29,1874.5604248046875,1885.529296875,1870.3338623046875,1881.06884765625,2497302218,5.39,25935396508,7149,145035,12.06,366196,8893,29999653,107886198648,624,222644146428.51187,96107.0,985551,1204096.1854918394,1877.8731079101562
2023-07-30,1880.87158203125,1884.1441650390625,1851.72802734375,1861.643798828125,4003005547,5.18,23605579597,7144,169552,12.07,380539,14502,29999757,107921070448,547,223008631102.87857,95586.0,994602,1852756.023789774,1869.5968933105469
2023-07-31,1861.7552490234373,1875.62939453125,1851.9154052734373,1856.162353515625,4391613314,5.35,27661560032,7159,154614,12.05,439308,15420,29999648,108138723329,634,221743097658.5301,112369.0,1027524,2685812.436655947,1861.3656005859375
2023-08-01,1856.190185546875,1873.0299072265625,1817.9207763671875,1871.7921142578125,7634860636,5.27,27190618467,7161,145719,12.05,379290,8955,29999701,108014422548,768,218090273554.28943,104350.0,1069399,2610274.097613212,1854.7332458496094
2023-08-02,1873.4681396484373,1877.511474609375,1822.3482666015625,1839.0897216796875,6448512422,5.68,29177145259,7161,141928,12.05,381990,11828,29999507,107993092633,766,220648506573.40152,102859.0,1039788,2264735.4781203447,1853.1044006347656
2023-08-03,1838.89794921875,1856.4075927734373,1825.3477783203125,1835.136474609375,4710581074,5.17,27012243725,7145,152154,12.07,400791,16344,29999568,107793758866,793,217724756692.93503,118760.0,1048954,2284071.752268715,1838.9474487304688
2023-08-04,1834.8905029296875,1847.9122314453125,1817.413818359375,1827.712890625,4861242484,4.35,23308784539,7152,155534,12.05,425197,17645,29999410,107947687465,858,218329059769.64212,108505.0,1079720,1749925.2579428423,1831.9823608398438
2023-08-05,1827.798583984375,1836.46484375,1824.8079833984373,1834.9879150390625,2866049749,3.66,20081142056,7155,150721,12.06,365904,25776,29999240,107993871315,611,217405649868.17297,101535.0,1110493,1455777.4155909922,1831.0148315429688
2023-08-06,1834.84521484375,1836.2489013671875,1824.9866943359373,1827.4620361328125,2963395076,3.71,18489769138,7138,145643,12.07,351473,43184,29999497,108019767910,584,217929242651.57468,116789.0,1015244,1013864.7824683882,1830.8857116699219
2023-08-07,1827.239501953125,1842.5225830078125,1804.7166748046875,1826.9388427734373,5837881974,5.4,28306852038,7142,157001,12.08,367498,16339,29999402,107800652867,956,217993295567.2105,86578.0,1027023,1637246.049374448,1825.3544006347656
2023-08-08,1826.9310302734373,1873.84716796875,1824.4300537109373,1855.807373046875,5812855406,5.38,28849880481,7143,158546,12.07,381310,7765,29998843,107801718774,827,217362424214.7292,98439.0,1069888,1987708.590805996,1845.25390625
2023-08-09,1855.7794189453125,1869.736572265625,1845.48974609375,1854.297607421875,5870081833,4.94,26008814331,7146,152531,12.07,429051,9348,29998551,107774603331,818,221211950040.183,110628.0,1102542,2090237.2216940613,1856.3258361816406
2023-08-10,1854.3482666015625,1863.3109130859373,1845.4422607421875,1850.75341796875,3760304518,5.27,26846010827,7146,151943,12.07,387555,10041,29998389,107793228256,790,219806492883.4048,109924.0,1038855,1931293.665654176,1853.4637145996094
2023-08-11,1850.74169921875,1855.0660400390625,1839.5692138671875,1847.1243896484373,3353025102,4.39,22812399922,7148,147380,12.07,403803,13275,29998539,107816529245,844,219562309082.1932,120485.0,1058224,1775273.590775869,1848.1253356933594
2023-08-12,1847.1719970703125,1852.281005859375,1845.71923828125,1848.889892578125,2291124840,3.76,18003778079,7146,149082,12.07,360918,41087,29998588,107970643228,675,219820560504.25543,121031.0,987845,1392040.9512529606,1848.5155334472656
2023-08-13,1849.0538330078125,1859.9163818359373,1834.8043212890625,1839.2801513671875,3054625661,3.89,18081560274,7157,148530,12.05,348372,57193,29998776,108276126572,604,219733452475.31104,133923.0,920236,1002270.8757571854,1845.763671875
2023-08-14,1839.323486328125,1853.8363037109373,1834.8004150390625,1844.185791015625,4083364724,5.09,25986697421,7152,155933,12.05,387325,18012,29998109,108013277969,757,219639888182.8524,99891.0,992678,1504233.0973421603,1843.0364990234375
2023-08-15,1844.1641845703125,1845.547607421875,1816.3250732421875,1826.9327392578125,4483923893,5.77,30460246582,7150,170631,12.06,401907,7386,29998421,107829890177,653,218861710931.42944,109400.0,1047716,1585186.3576898545,1833.2424011230469
2023-08-16,1827.036376953125,1829.3612060546875,1798.9666748046875,1805.6590576171875,4976573383,6.56,35785426655,7152,149514,12.07,381505,6138,29998248,107868979220,670,216978668948.37616,105261.0,1068099,2011206.1026242704,1815.2558288574219
2023-08-17,1805.5673828125,1807.71484375,1551.7132568359375,1684.9334716796875,14208462072,7.6,43353587426,7140,151093,12.08,392962,6226,29998316,107721784436,639,213690571927.8484,112408.0,1062920,2522554.480626989,1712.4822387695312
2023-08-18,1682.0384521484375,1698.124267578125,1644.930908203125,1660.945068359375,9645084584,5.02,29143247106,7141,145456,12.08,418806,7462,29997983,107645212667,669,200812161032.99896,116429.0,1085791,4555045.947934164,1671.5096740722656
2023-08-19,1660.8443603515625,1693.2281494140625,1654.0758056640625,1669.471923828125,4871231360,3.2,18048510124,7143,157059,12.06,438570,18364,29998143,107783597822,598,197330876796.5352,95272.0,1069737,2268366.02607334,1669.4050598144531
2023-08-20,1669.5877685546875,1692.3287353515625,1662.9014892578125,1684.85205078125,4105056995,3.66,19061660587,7142,154301,12.08,364209,39792,29998479,108009920526,519,197930829842.6468,142045.0,943039,1535958.918091901,1677.4175109863281
2023-08-21,1685.0223388671875,1685.0826416015625,1651.9598388671875,1667.26904296875,5077248383,4.94,27430425281,7144,154841,12.08,371309,13330,29998284,107844302938,766,198572768205.2877,106261.0,1002444,2066718.013776961,1672.3334655761719
2023-08-22,1667.279296875,1668.638671875,1596.384033203125,1633.892578125,7244623133,6.18,36042583150,7154,144588,12.06,374234,7908,29998484,107885676918,651,198028055735.45145,111806.0,1030363,1979390.334487044,1641.5486450195312
2023-08-23,1634.4017333984375,1696.593994140625,1629.5810546875,1679.2744140625,7191868448,4.74,26627646516,7158,160164,12.06,379077,7642,29997948,107931585163,791,195418119098.45407,101580.0,1050780,3103625.830055161,1659.9627990722656
2023-08-24,1679.248291015625,1682.48974609375,1641.6270751953125,1659.944580078125,5104531920,4.15,23912416712,7145,157729,12.07,385330,8815,29998294,107708862431,696,199005741568.18088,95526.0,1048761,2118809.9810296507,1665.8274230957031
2023-08-25,1660.2698974609375,1671.970703125,1635.9674072265625,1652.93505859375,5396997823,4.97,27727821507,7145,157142,12.07,367313,7589,29998167,107753305360,689,196158569430.0132,102023.0,1035913,2032410.0351460385,1655.2857666015625
2023-08-26,1652.92724609375,1654.7777099609375,1643.712646484375,1646.3067626953125,2423247747,2.96,16163126041,7145,159258,12.06,411300,30303,29997981,107922680382,501,196347015751.44324,114164.0,1003361,1380063.663163136,1649.4310913085938
2023-08-27,1646.27197265625,1659.26708984375,1645.90283203125,1657.5130615234375,2624065031,3.14,16164619462,7142,149981,12.07,361835,52098,29998243,108184191166,476,195798283774.7306,145551.0,921772,1174858.4935743632,1652.2387390136719
2023-08-28,1657.4398193359375,1659.3287353515625,1627.44677734375,1652.4573974609375,4855588534,5.84,32091168744,7147,148568,12.07,340253,11072,29998096,107896201873,719,194943255012.4624,109821.0,966955,1623543.788408606,1649.1681823730469
2023-08-29,1652.274169921875,1742.6373291015625,1639.576171875,1729.7257080078125,11304916729,7.11,37967538968,7130,161771,12.1,370856,6523,29997965,107559620314,789,195725584175.7661,104928.0,1015649,2620746.4385702,1691.0533447265625
2023-08-30,1729.6766357421875,1730.564697265625,1697.147216796875,1705.1121826171875,5023904190,4.92,26987541192,7138,158305,12.08,408425,8274,29998378,107681366952,790,204068471203.39133,111067.0,1040066,2406674.7812022693,1715.6251831054688
2023-08-31,1705.364501953125,1720.011962890625,1634.8509521484375,1645.63916015625,6593153505,4.59,26022197243,7146,166957,12.07,382565,10360,29997982,107799514730,756,202701078924.7752,117091.0,1008749,1857402.322845625,1676.4666442871094
2023-09-01,1645.581298828125,1653.53173828125,1603.0341796875,1628.4912109375,6104510092,3.77,21945116195,7142,156912,12.07,399553,16900,29998124,107878959922,613,195554136006.82184,119938.0,998141,2196102.040668761,1632.6596069335938
2023-09-02,1628.5596923828125,1644.0306396484375,1627.97607421875,1637.025390625,2943590996,2.6,15384540378,7124,155530,12.11,455367,45206,29998276,107840061665,535,193832545738.76807,127174.0,995749,1872353.3402563848,1634.39794921875
2023-09-03,1637.0435791015625,1645.6451416015625,1626.0892333984375,1636.11767578125,3151878318,2.58,15194046509,7145,158495,12.07,470356,61024,29998135,108044353004,527,194321066595.90045,140870.0,1077124,1005004.317095652,1636.2239074707031
2023-09-04,1635.7247314453125,1642.6531982421875,1618.523681640625,1629.6552734375,3887968912,3.64,19988471934,7162,151792,12.05,347844,22831,29998272,108323453174,687,194665614564.88632,114024.0,967381,2069319.5279414384,1631.6392211914062
2023-09-05,1629.9110107421875,1645.9483642578125,1610.1412353515625,1633.62939453125,4417491902,3.88,21911470941,7141,163443,12.08,384010,30450,29998307,108042919702,854,192921576743.30875,120368.0,957069,1846641.352514388,1629.9075012207031
2023-09-06,1633.912109375,1656.9327392578125,1611.147705078125,1632.2523193359375,4987397046,3.98,23356596885,7133,160743,12.08,417161,17098,29998176,107552486307,754,193483337100.8523,106603.0,1078147,1635070.2222257494,1633.5612182617188
2023-09-07,1632.2628173828125,1657.3037109375,1623.220458984375,1647.5982666015625,4907290296,4.05,22790405453,7152,162602,12.06,387473,23470,29998138,107985160051,745,194278668424.7089,116986.0,1017135,2077514.7307991227,1640.0963134765625
2023-09-08,1647.8076171875,1657.1363525390625,1617.7965087890625,1636.1378173828125,4598495496,3.75,21677420985,7139,165177,12.07,381633,27637,29998050,107771034844,655,195564342179.76205,117101.0,1021185,1857019.3306818416,1639.7195739746094
2023-09-09,1636.0504150390625,1636.8707275390625,1629.660888671875,1635.162353515625,2081625742,2.73,14213972669,7137,167662,12.08,357290,55147,29997593,107953960489,513,194106711220.64468,122887.0,953222,1136510.047063181,1634.4360961914062
2023-09-10,1635.211669921875,1635.43310546875,1604.04052734375,1616.828857421875,4339499949,2.59,13221297333,7138,174202,12.08,331110,63016,29997622,108194133311,467,192999148666.54108,142427.0,867736,1240881.1283276242,1622.8785400390625
2023-09-11,1616.769775390625,1618.3057861328125,1533.4267578125,1551.6376953125,7693700923,4.32,26627248506,7143,173455,12.07,426446,30527,29997435,107995200067,663,191463544765.19772,117458.0,977153,2593630.251886746,1580.0350036621094
2023-09-12,1551.497802734375,1619.114013671875,1549.4937744140625,1592.429443359375,6813819740,3.08,19955221719,7134,167822,12.07,503148,34644,29997643,107809254006,765,187659123010.57092,115832.0,1077001,4299284.596861474,1578.1337585449219
2023-09-13,1592.892333984375,1615.05029296875,1582.217529296875,1607.988525390625,4979469106,2.4,23828252110,7131,159747,12.09,1089893,17344,29997745,107823261717,689,188142783868.62045,103618.0,1638630,3886479.044604308,1599.5371704101562
2023-09-14,1608.0316162109375,1640.522705078125,1607.7353515625,1626.974365234375,5538958553,3.74,22538728517,7120,178679,12.11,442412,9195,29997569,107428930369,731,192627470172.00107,98835.0,1059943,1949909.1583695856,1620.8160095214844
2023-09-15,1626.8701171875,1652.1131591796875,1613.2486572265625,1641.640380859375,4348584771,3.7,20741545085,7091,174851,12.15,382042,15673,29997691,107052156966,741,193395172529.42172,95697.0,1035861,1779840.417615292,1633.4680786132812
2023-09-16,1641.4464111328125,1649.9886474609375,1632.577880859375,1635.2216796875,2819575929,2.64,13803085156,7080,176712,12.18,361011,49235,29997957,107137926464,537,194456924222.4128,120823.0,948820,1415149.2518961204,1639.8086547851562
2023-09-17,1635.2010498046875,1635.512939453125,1616.779296875,1622.896728515625,3032716258,2.37,12180974956,7043,174361,12.23,348188,75142,29998030,106744326789,571,193449313375.76865,150291.0,880285,896060.5073551036,1627.5975036621094
2023-09-18,1623.0819091796875,1669.015380859375,1609.9573974609375,1637.3470458984375,5916674789,3.68,20745638649,7112,178477,12.12,377158,34072,29997895,107520100755,677,194108919742.79736,135989.0,948884,1659915.0900287242,1634.8504333496094
2023-09-19,1637.31201171875,1659.53173828125,1628.4132080078125,1643.544677734375,4405868861,2.95,16487181115,7137,173548,12.09,388222,23483,29997783,107834628557,720,194457792909.38788,120109.0,998862,2077085.5971759667,1642.2004089355469
2023-09-20,1643.495361328125,1649.619140625,1610.4207763671875,1622.890625,5156431986,3.25,18468061245,7150,170537,12.07,391166,18488,29997853,107980933672,796,194188336050.9766,107926.0,1013089,1985453.3627138007,1631.6064758300781
2023-09-21,1622.591796875,1625.20458984375,1573.3057861328125,1584.3070068359375,5191732312,3.47,38877485920,7140,170291,12.08,532040,23148,29997907,107883826233,774,192238287587.6863,124974.0,1133775,1949012.2211481908,1601.352294921875
2023-09-22,1584.0025634765625,1601.5377197265625,1579.101318359375,1593.268310546875,3460791634,2.3,13017038958,7127,166432,12.1,388948,46205,29997714,107826684082,637,189530845785.33652,119503.0,989728,1640412.5262424054,1589.4774780273438
2023-09-23,1593.213134765625,1598.001708984375,1588.3289794921875,1593.8577880859375,2101436678,2.08,10829844791,7142,161046,12.08,358137,110024,29998289,108565086880,509,189411840388.41507,182089.0,890182,1212924.4895233372,1593.3504028320312
2023-09-24,1593.82568359375,1600.207275390625,1576.7833251953125,1580.8533935546875,3086456944,1.94,10394171996,7140,161845,12.08,350546,93195,29997780,108309749962,562,189130270489.9672,182696.0,864520,992180.4205025923,1587.9174194335938
2023-09-25,1580.7474365234375,1595.8441162109375,1565.0255126953125,1588.3228759765625,4394930984,2.89,16689626817,7148,173658,12.07,379756,31962,29998008,108055685620,714,187806817577.7212,127440.0,967936,1309467.6631099398,1582.4849853515625
2023-09-26,1588.023193359375,1598.0977783203125,1580.16552734375,1593.417236328125,3544861160,3.16,19272125610,7146,167527,12.08,400282,18078,29997933,107930542555,742,188701043635.0269,124249.0,1024874,1813135.650979284,1589.9259338378906
2023-09-27,1593.1082763671875,1631.9107666015625,1585.368896484375,1597.4912109375,5533036096,2.55,15250870993,7146,175607,12.05,409749,19583,29997863,107922063743,695,189044450458.30145,121074.0,1065209,1645406.0868183875,1601.9697875976562
2023-09-28,1597.6719970703125,1666.024169921875,1597.294677734375,1652.8826904296875,6658092168,2.56,14813632157,7135,173503,12.08,410794,17409,29998301,107744858590,757,192128812281.4952,119882.0,1031792,1727382.9746431394,1628.4683837890625
2023-09-29,1652.9998779296875,1687.28125,1648.656494140625,1667.94384765625,5529687537,2.3,13039730062,7139,171890,12.08,407828,32505,29998419,107899780346,606,200221023945.95493,127545.0,1026746,2334924.6861729803,1664.2203674316406
2023-09-30,1667.83447265625,1692.5311279296875,1666.5638427734375,1671.161865234375,3155292192,2.06,11215628851,7160,180846,12.05,371619,39085,29997886,108229715830,502,198618709642.0857,125315.0,977207,1738142.98546655,1674.5228271484375
2023-10-01,1671.1614990234375,1750.595703125,1670.0821533203125,1733.8104248046875,5054880180,2.19,10825727079,7159,168990,12.05,354656,56872,29998319,108431638141,513,199391560673.04672,134370.0,933546,1505427.9202975533,1706.4124450683594
2023-10-02,1732.9840087890625,1743.5635986328125,1646.07763671875,1663.6275634765625,8420552922,3.88,22796713569,7169,171104,12.04,366401,16358,29998284,108255055043,749,205514725226.20212,102604.0,1003681,2484940.907325695,1696.5632019042969
2023-10-03,1662.88720703125,1670.3563232421875,1644.4964599609375,1656.6856689453125,4742827302,2.71,15047829339,7144,162683,12.07,375019,24286,29998320,107975019944,826,197515563775.79315,108392.0,1008324,2569189.380551368,1658.6064147949219
2023-10-04,1656.7359619140625,1657.2535400390625,1629.4266357421875,1647.838134765625,5127524863,2.31,12740447740,7156,166768,12.06,380450,29444,29998385,108129023497,716,195331070803.6124,112742.0,993331,2060750.2770136872,1647.8135681152344
2023-10-05,1647.7882080078125,1654.3790283203125,1609.8499755859375,1611.4764404296875,5403759057,2.16,12190494886,7151,170983,12.07,372736,46148,29998268,108248641611,642,194298743704.8505,130749.0,959390,2013676.0056502928,1630.8734130859375
2023-10-06,1611.36572265625,1659.60986328125,1611.36572265625,1645.83154296875,4941208729,1.95,11118749182,7150,167306,12.06,393114,45200,29998221,108193549021,647,193667888065.9216,143305.0,972959,2204428.994749832,1632.043212890625
2023-10-07,1645.8109130859375,1648.1837158203125,1631.158203125,1634.51123046875,2578994988,1.54,9225964157,7155,175808,12.05,402287,47073,29998014,108299147948,506,194465789937.8068,131381.0,1029155,1645851.0392409486,1639.916015625
2023-10-08,1634.6573486328125,1641.182373046875,1618.189208984375,1633.548583984375,3315554175,1.64,8803796378,7149,176967,12.06,352533,61765,29998333,108310841816,528,193501706550.1264,142320.0,919966,1603551.1978677446,1631.8943786621094
2023-10-09,1633.454833984375,1635.4478759765625,1553.0069580078125,1579.806640625,7020801716,1.94,11285593525,7142,178378,12.06,376952,32892,29998213,107969520316,733,192548204724.45743,144818.0,974577,2320792.140363496,1600.4290771484375
2023-10-10,1580.112060546875,1593.7413330078125,1553.03173828125,1567.7130126953125,5254966125,1.74,10418480920,7150,184993,12.04,377173,36092,29998221,108170577565,680,188902657905.75992,142751.0,1007649,2239609.778748842,1573.6495361328125
2023-10-11,1567.6807861328125,1578.2235107421875,1548.98046875,1566.2547607421875,5416504273,1.82,10809777559,7135,186186,12.08,395929,18006,29997940,107833120136,683,184941313799.52725,117294.0,989817,2244664.8949843496,1565.2848815917969
2023-10-12,1566.35595703125,1566.878173828125,1523.237548828125,1539.6124267578125,5003930677,1.92,11566035535,7144,160804,12.07,389181,35000,29998118,108026703448,703,185157284510.85025,129746.0,1024647,2320925.0230378765,1549.0210266113281
2023-10-13,1539.432861328125,1571.7506103515625,1537.921142578125,1552.0894775390625,4575141511,1.96,11614719089,7138,154044,12.07,381475,47910,29998027,108033307181,610,183948375445.9168,147416.0,1001493,1940642.62658259,1550.2985229492188
2023-10-14,1552.2637939453125,1560.3250732421875,1545.73876953125,1555.2568359375,2429214718,1.45,7940853545,7152,158239,12.06,342947,97503,29998274,108563626204,442,183782140289.06863,167009.0,939283,1240523.9365422828,1553.3961181640625
2023-10-15,1555.0760498046875,1565.7608642578125,1550.5545654296875,1558.06982421875,2923337883,1.51,8599934583,7154,152521,12.06,362581,77335,29998309,108491841539,454,184626598290.66995,181280.0,886505,987657.8840791225,1557.3653259277344
2023-10-16,1558.3134765625,1628.15625,1555.9896240234375,1600.5343017578125,8846928526,2.56,14850235863,7166,161083,12.03,386372,19909,29998107,108254158734,623,187569791725.58423,123040.0,1010443,2154340.274832464,1585.7484130859375
2023-10-17,1600.6356201171875,1601.294677734375,1554.4029541015625,1565.4395751953125,5032686973,2.05,12340604841,7150,163966,12.05,381349,25677,29998204,108018835545,674,188912197319.49185,123771.0,1015735,2298256.851406426,1580.4432067871094
2023-10-18,1565.3828125,1584.7269287109375,1556.736328125,1563.7498779296875,4354138855,2.15,12820216358,7143,162116,12.06,372486,16278,29998052,107889537163,678,186700978292.1793,115482.0,994388,2225550.4428144274,1567.6489868164062
2023-10-19,1563.9581298828125,1573.7376708984375,1543.5850830078125,1567.45703125,5035110867,2.25,13178353285,7147,152557,12.07,359509,21758,29998110,107903454552,616,184322305859.6273,115390.0,1001784,1835446.3347325253,1562.1844787597656
2023-10-20,1567.5709228515625,1628.6090087890625,1562.3028564453125,1604.6668701171875,6747486127,2.83,16980753564,7156,154733,12.06,418074,10048,29998055,108006805926,606,188162587490.1685,108613.0,1077133,2721485.633251597,1590.7874145507812
2023-10-21,1604.822265625,1641.2418212890625,1593.447998046875,1629.304443359375,4212179634,2.05,11306750982,7147,167976,12.06,364486,23699,29998320,107977270328,426,190822693057.5527,112920.0,1011195,1970834.1083594093,1617.2041320800781
2023-10-22,1629.2977294921875,1667.6666259765625,1623.9847412109375,1663.429931640625,5248406817,2.13,11480215760,7144,165805,12.06,366680,29620,29998128,107991323899,458,193689728988.79608,110614.0,971620,1294790.3551239823,1646.0947570800781
2023-10-23,1674.8492431640625,1794.0704345703125,1663.447998046875,1765.3826904296875,14362295879,4.7,25898811752,7141,160489,12.04,391509,9089,29998235,107985283550,491,198982828834.1511,116974.0,1033456,2545337.8085031314,1724.4375915527344
2023-10-24,1766.0146484375,1852.6844482421875,1758.6900634765625,1784.4375,15888690475,5.54,31356942566,7143,150052,12.06,412952,10102,29998353,107753291288,602,214769021052.0312,107019.0,1106357,4353787.772789981,1790.4566650390625
2023-10-25,1784.905029296875,1814.4847412109373,1762.1470947265625,1787.3975830078125,9439066475,5.31,29650142245,7127,151095,12.08,398021,7719,29998276,107561248515,536,210143002320.2647,123825.0,1072735,2727703.176356748,1787.2336120605469
2023-10-26,1787.48193359375,1865.09521484375,1764.0130615234375,1804.039306640625,11196672635,5.28,28965039599,7149,146395,12.04,399625,8593,29998354,107843005214,628,219299085566.4744,107650.0,1112027,2656296.9471140923,1805.1573791503906
2023-10-27,1803.794921875,1804.1358642578125,1751.4400634765625,1780.0452880859375,7493399771,4.32,22917952679,7157,158915,12.05,374513,7969,29998107,107995689909,577,211072773053.9665,105030.0,1035701,2337225.666233949,1784.8540344238281
2023-10-28,1780.084228515625,1800.6053466796875,1773.4366455078125,1776.6181640625,4226112731,3.45,17658107990,7145,168077,12.07,363363,11948,29997996,107789681968,498,212261830396.7643,100167.0,1005004,1885892.3398237324,1782.6860961914062
2023-10-29,1776.56396484375,1810.4886474609373,1766.052978515625,1795.5460205078125,4358528382,3.21,18114650623,7141,168750,12.08,367777,13100,29997952,107819983084,416,211767665712.75003,97600.0,1035582,1216574.6178898867,1787.1629028320312
2023-10-30,1795.589111328125,1829.24951171875,1779.364501953125,1810.088623046875,7534051038,4.74,27247936476,7139,156619,12.08,393019,7669,29997973,107827177101,600,212254806703.26425,104784.0,1066085,2112849.227559305,1803.5729370117188
2023-10-31,1810.131591796875,1819.97265625,1784.567626953125,1816.458984375,6477922747,5.26,29033154312,7135,159346,12.07,394314,12548,29998042,107631123242,703,212680676989.78983,102610.0,1119242,3042120.783803537,1807.78271484375
2023-11-01,1815.8720703125,1858.3128662109373,1786.4095458984375,1847.0897216796875,10628825648,5.62,30502115045,7151,158829,12.07,395445,6770,29998188,107945356524,551,214266041565.33307,133341.0,1105361,2597105.006132602,1826.9210510253906
2023-11-02,1847.2598876953125,1873.885009765625,1790.11474609375,1800.6209716796875,9004197724,5.65,30074060484,7131,156856,12.08,383888,9188,29999589,107597693913,529,217911435786.06137,100254.0,1062905,3490614.1826237785,1827.9701538085938
2023-11-03,1800.91650390625,1835.072509765625,1779.635498046875,1832.795166015625,7622864055,4.77,26833119086,7139,168887,12.09,394219,7880,29999627,107677024419,486,213436467315.04333,111779.0,1094407,2846153.1871974533,1812.1049194335938
2023-11-04,1833.368896484375,1867.2613525390625,1825.736572265625,1857.6986083984373,4845080427,4.01,20081868287,7135,187623,12.09,357059,7800,29999621,107692112646,420,217874701999.5195,88364.0,1035982,1963250.802903676,1846.016357421875
2023-11-05,1857.3956298828125,1911.608642578125,1848.6201171875,1894.15771484375,8867152645,4.64,23092755495,7134,187105,12.08,357741,6303,29999662,107653059068,376,223949795451.33304,89258.0,1020378,1775774.2537470206,1877.9455261230469
2023-11-06,1894.027099609375,1914.5826416015625,1871.9730224609373,1899.83740234375,8104122602,6.62,34963340751,7140,166016,12.06,380383,6132,29999640,107776634539,492,223175578015.7061,96824.0,1079451,2484650.2525194986,1895.1050415039062
2023-11-07,1900.5997314453125,1907.5614013671875,1852.7908935546875,1888.124267578125,9203228152,6.15,31764118198,7150,175214,12.06,390750,8028,29999653,107902868960,503,224733905840.97845,101050.0,1068716,3365673.8799587414,1887.2690734863281
2023-11-08,1887.1190185546875,1904.5462646484373,1874.545654296875,1889.3223876953125,6751627017,7.02,36835194279,7153,179360,12.05,386490,5754,29999522,107937804240,471,222646518777.07263,92199.0,1060255,2756153.8949531326,1888.8833312988281
2023-11-09,1888.9403076171875,2130.88525390625,1884.204345703125,2120.56103515625,24709695029,11.4,57102480375,7151,172210,12.06,426812,6760,29999678,107941360503,414,227055479332.8047,100118.0,1095280,3638492.6742879306,2006.1477355957031
2023-11-10,2121.0673828125,2134.69140625,2068.13427734375,2078.289794921875,14740624457,8.85,44566249163,7153,145592,12.06,442289,7877,29999717,107972463441,448,249458492426.0062,105915.0,1154557,5118993.921306826,2100.5457153320312
2023-11-11,2078.058349609375,2089.530517578125,2035.0821533203125,2052.7138671875,10228351203,6.76,33766431271,7143,185330,12.08,396477,6877,29999700,107895921915,386,244016816970.7693,107707.0,1108923,2432120.416902847,2063.846221923828
2023-11-12,2053.11865234375,2066.00341796875,2019.028076171875,2045.18701171875,7951011698,6.85,32887947141,7144,186807,12.07,373154,6002,29999648,107890578358,484,244266876343.41,91889.0,1100519,2095559.1060689075,2045.8342895507812
2023-11-13,2045.3544921875,2116.0107421875,2031.9542236328125,2055.265380859375,14322027970,11.27,54342492133,7152,147011,12.05,362607,6683,29999629,107858538606,570,243227647233.8769,100448.0,1065129,2575932.851744855,2062.146209716797
2023-11-14,2054.765380859375,2065.06689453125,1939.2803955078125,1979.0526123046875,13087862495,8.78,42769074310,7160,171025,12.05,365437,7424,29999641,108062171960,649,244642146892.4177,101080.0,1057262,2666790.300700653,2009.5413208007812
2023-11-15,1979.47265625,2061.99169921875,1968.774658203125,2060.408447265625,12626326991,8.19,39406915229,7148,178160,12.07,385945,7909,29999746,107844318514,609,235420532111.76767,110189.0,1068906,2944004.031267068,2017.661865234375
2023-11-16,2059.9658203125,2088.662353515625,1940.57421875,1960.881591796875,14651619483,7.73,39562673470,7155,174451,12.06,395977,8587,29999791,108002812540,526,243765253806.3729,101865.0,1094559,2988060.2797774267,2012.52099609375
2023-11-17,1961.8675537109373,1990.050537109375,1910.4454345703125,1961.28076171875,11881648738,6.35,32579592056,7149,177573,12.06,384863,6792,29999708,107938758996,539,233715488905.43503,95260.0,1071248,3027279.3911763146,1955.9110717773438
2023-11-18,1961.6712646484373,1971.4622802734373,1921.0623779296875,1963.2850341796875,8064677046,4.93,27278257634,7114,186943,12.1,364651,7076,29999685,107393638273,376,229710451845.40292,102647.0,1121698,2221686.4557064106,1954.3702392578125
2023-11-19,1963.1800537109373,2015.6339111328125,1944.90087890625,2013.2044677734373,7716048818,5.5,24844635282,7139,202657,12.07,366408,7447,29999682,107813142128,434,232862675892.59177,105587.0,1039208,1654682.6221629456,1984.2298278808594
2023-11-20,2011.8533935546875,2066.409912109375,1996.0443115234373,2022.2391357421875,12866464824,8.43,45131791881,7147,162722,12.07,429208,9264,29999786,107964279468,492,239642818043.4105,123744.0,1121416,2217572.520553015,2024.1366882324219
2023-11-21,2022.21728515625,2035.035888671875,1937.0667724609373,1937.0667724609373,13653500841,8.36,45641080284,7143,161183,12.08,413018,9630,29999716,107865462611,452,237758199808.7037,102990.0,1107812,2357996.0552287945,1982.8466796875
2023-11-22,1933.5831298828125,2089.51416015625,1933.1629638671875,2064.42529296875,13372200584,8.8,45161108097,7142,168793,12.08,422271,8788,29999798,107838403023,506,236573750918.85355,121813.0,1120235,3547052.96990151,2005.17138671875
2023-11-23,2063.905517578125,2088.031982421875,2041.4642333984373,2062.210693359375,7828437946,7.48,37337252875,7145,187874,12.07,416254,11311,29999675,107864151826,427,245068881711.4748,117653.0,1169879,3012292.97389784,2063.903106689453
2023-11-24,2062.411865234375,2132.481201171875,2060.9990234375,2081.152099609375,12141148820,6.98,33263276750,7134,200595,12.08,405135,8274,29999734,107750826814,431,246849383974.051,115746.0,1069497,2204620.3661891185,2084.2610473632812
2023-11-25,2081.296142578125,2091.3427734375,2067.917236328125,2084.4130859375,5362623390,5.94,26140756115,7145,232569,12.06,371071,9745,29999655,107936575620,316,247925548601.3132,106040.0,1021931,2096144.1196869763,2081.2423095703125
2023-11-26,2084.177490234375,2094.095947265625,2038.6004638671875,2063.2861328125,8054814154,6.37,28528695135,7135,222430,12.08,364448,4359,29999791,107778568328,342,247901596016.845,87639.0,975251,1328190.9858910574,2070.040008544922
2023-11-27,2062.390869140625,2070.606201171875,1988.120361328125,2027.4173583984373,10574810069,7.67,37580579846,7136,170489,12.09,374247,7416,29999707,107702123594,498,242679297145.7268,93464.0,1048116,2238544.017432703,2037.1336975097656
2023-11-28,2027.5172119140625,2074.9541015625,1996.814697265625,2049.338134765625,9910633038,8.93,46073858389,7145,164947,12.08,385854,7901,29999770,107824735828,525,239032321285.5945,95714.0,1139401,2441231.775918449,2037.1560363769531
2023-11-29,2049.186767578125,2071.994384765625,2020.756591796875,2029.92919921875,8945151861,8.25,42539356166,7150,160317,12.06,388021,8579,29999635,107940875890,542,244059963902.55185,107605.0,1165682,2290493.9701412846,2042.9667358398438
2023-11-30,2029.3583984375,2054.4443359375,2022.4617919921875,2052.55615234375,8107789163,10.1,51292428374,7145,152175,12.08,393923,7606,29999677,107888214993,507,241457347611.36835,104086.0,1120174,2401282.3285218794,2039.7051696777344
2023-12-01,2052.0966796875,2109.319091796875,2046.5570068359373,2087.139892578125,10866891430,9.96,47902562692,7151,143113,12.06,408720,8922,29999629,107863170034,561,248378707772.7905,102621.0,1134661,3037508.280131717,2073.7781677246094
2023-12-02,2087.66357421875,2182.81787109375,2087.407958984375,2165.7041015625,9130124831,7.53,39046408864,7157,164446,12.05,385327,5857,29999721,108073234725,452,248694514671.3074,90565.0,1178010,2320433.5949962544,2130.8983764648438
2023-12-03,2165.895751953125,2213.17578125,2151.720947265625,2193.691650390625,8278465782,8.52,37558175914,7130,172789,12.09,389759,5942,29999776,107731495784,367,256674671639.07745,94237.0,1050913,2166959.061291454,2181.1210327148438
2023-12-04,2193.663330078125,2273.06982421875,2193.00732421875,2243.2158203125,16149367134,11.12,52284180840,7150,141232,12.07,444103,6759,29999628,107932894414,490,266512834120.2944,103011.0,1148765,2524408.8192713954,2225.7390747070312
2023-12-05,2243.092529296875,2306.5703125,2191.17626953125,2293.841796875,15383072559,12.92,62249090972,7140,156905,12.07,429617,7677,29999716,107825092919,525,260782072313.61737,107562.0,1173745,2707057.097527127,2258.6702270507812
2023-12-06,2293.628173828125,2310.713134765625,2225.0810546875,2231.661376953125,12790612571,13.32,61927988727,7123,189236,12.09,425553,6646,29999746,107655420086,482,268706226295.20685,118466.0,1165062,3043440.22923443,2265.2709350585938
2023-12-07,2233.2177734375,2380.729736328125,2225.050537109375,2357.57958984375,14766891042,12.17,55535210757,7127,150165,12.1,447843,8034,29999710,107619362929,468,268243626042.1102,103676.0,1125802,2401011.928988473,2299.1444091796875
2023-12-08,2357.169189453125,2387.514404296875,2340.92041015625,2358.73193359375,12543458699,10.24,47393303836,7134,179374,12.07,468339,8620,29999650,107734640482,477,279230295230.816,119006.0,1194292,2832438.3000188977,2361.083984375
2023-12-09,2358.68603515625,2401.760498046875,2331.666015625,2341.17529296875,10613312823,8.63,38300260671,7135,196369,12.08,444341,8531,29999663,107775026891,315,282681705113.79974,113684.0,1135257,2086274.486365377,2358.3219604492188
2023-12-10,2341.440185546875,2376.749755859375,2323.40576171875,2352.462646484375,7369608905,7.88,38086143980,7149,160807,12.06,433182,7910,29999649,108026932108,413,279154455000.7127,112188.0,1102092,1881614.4344511256,2348.5145874023438
2023-12-11,2352.49658203125,2354.9140625,2160.358154296875,2224.578857421875,17989249470,9.16,41508837912,7146,198218,12.06,409854,12506,29999756,108107606481,473,265254908572.77515,113704.0,1125256,2570975.763542564,2273.0869140625
2023-12-12,2224.39111328125,2242.55126953125,2166.77001953125,2202.0380859375,11391132228,10.97,50122096805,7146,226854,12.06,409990,7414,29999643,108106962359,443,264753336742.2436,107499.0,1093953,2927984.867964141,2208.9376220703125
2023-12-13,2202.600341796875,2283.09912109375,2150.75439453125,2260.648681640625,12576395493,11.81,53102099693,7137,241420,12.05,393670,6624,29999683,107951238138,423,257531030943.11688,97065.0,1032623,2511075.9082616125,2224.275634765625
2023-12-14,2260.736083984375,2331.6015625,2239.3662109375,2316.5791015625,12608711052,10.88,50490208853,7128,219930,12.07,428157,8326,29999697,107686124251,409,270609281825.46283,106406.0,1170568,2458439.8880308094,2287.0707397460938
2023-12-15,2316.1103515625,2316.892822265625,2214.26318359375,2219.33740234375,10259157898,13.38,62408897335,7134,197603,12.06,419283,4854,29999659,107844138701,357,269269977224.10004,105671.0,1183631,2352246.6216983786,2266.6509399414062
2023-12-16,2220.41552734375,2260.809814453125,2213.55078125,2226.926513671875,6866555430,12.8,56142820542,7108,243350,12.09,383550,5646,29999668,107658432944,279,265590298116.3371,91667.0,1045840,1971948.09326332,2230.4256591796875
2023-12-17,2226.892578125,2244.366455078125,2195.76171875,2196.481201171875,7410453853,9.54,43035438461,7122,195340,12.08,404253,4700,29999675,107644874518,306,261623553440.65408,93764.0,1104583,2405769.5005249684,2215.87548828125
2023-12-18,2195.341796875,2222.019287109375,2120.12744140625,2217.2734375,10366536490,13.65,65135843878,7136,180634,12.05,420006,5750,29999730,107799727606,442,256870835958.53464,119504.0,1093711,3378409.724586697,2188.6904907226562
2023-12-19,2218.240966796875,2253.348876953125,2139.723388671875,2177.87255859375,10619179629,12.0,59461865666,7114,195441,12.08,449666,7772,29999631,107521423941,412,266392203303.032,125327.0,1157990,3740264.181971009,2197.2964477539062
2023-12-20,2177.239501953125,2263.3291015625,2161.21875,2201.911376953125,12652290807,11.26,59904298984,7116,173458,12.09,496886,5673,29999672,107579988983,388,262647356455.5901,140585.0,1252386,3341834.8264732864,2200.9246826171875
2023-12-21,2201.7900390625,2278.12158203125,2184.856689453125,2239.54248046875,12616530536,8.78,44677681379,7144,148210,12.05,510494,10813,29999597,107751019186,390,262578442470.5994,114901.0,1230840,3522418.494172872,2226.0776977539062
2023-12-22,2239.59814453125,2341.947509765625,2233.53271484375,2326.52490234375,16137246310,7.8,37780442260,7131,157153,12.08,501957,7670,29999641,107605180103,337,269313675098.40112,110177.0,1201456,3352456.0601981585,2285.4008178710938
2023-12-23,2326.7158203125,2332.072021484375,2270.428955078125,2309.04638671875,7995772945,5.86,25841520736,7127,163070,12.07,444593,6866,29999691,107629555293,260,270844400322.6457,105720.0,1141867,2963541.9453447773,2309.5657958984375
2023-12-24,2309.626708984375,2325.705078125,2249.984375,2265.692138671875,9450799236,5.57,25761943570,7115,151160,12.1,445510,9696,29999750,107427708036,203,272168604002.58212,111946.0,1143126,2027091.4036066025,2287.7520751953125
2023-12-25,2265.340576171875,2303.551025390625,2254.574462890625,2272.561767578125,8036302656,5.57,26045896236,7106,147695,12.11,432937,5611,29999701,107288173904,215,270338461955.012,96269.0,1104742,1619873.0398008274,2274.0069580078125
2023-12-26,2272.21875,2274.557373046875,2180.225341796875,2231.46533203125,10668581464,4.79,22207584805,7142,168868,12.08,448244,8344,29999676,107826286358,271,265654888203.8061,108815.0,1124057,2537787.84465373,2239.61669921875
2023-12-27,2231.39306640625,2392.608642578125,2215.140380859375,2378.739990234375,14161342927,7.07,31475090098,7108,173258,12.08,451129,7137,29999734,107320132740,310,264260432047.4872,112504.0,1095692,2914832.87119252,2304.4705200195312
2023-12-28,2380.20068359375,2445.017578125,2338.703857421875,2347.566162109375,15660799060,7.45,34067777487,7128,150762,12.08,492298,9306,29999747,107586891315,282,282159689189.6318,121082.0,1199500,3888569.325549083,2377.8720703125
2023-12-29,2346.84375,2386.004638671875,2262.975830078125,2300.690673828125,12536968996,6.3,28027641089,7115,154346,12.08,429230,7373,29999745,107328229193,322,276667659738.42584,121405.0,1137529,3090530.552311756,2324.1287231445312
2023-12-30,2300.399658203125,2322.021484375,2270.011962890625,2292.0654296875,6888195427,5.01,22897728249,7108,160442,12.09,441327,7192,29999721,107328398745,283,272029259587.3928,104499.0,1072548,2784463.727986352,2296.1246337890625
2023-12-31,2291.9453125,2318.512939453125,2261.394287109375,2281.47119140625,6871481744,3.82,17377901165,7137,166563,12.07,419441,8685,29999722,107822421080,206,271995259386.8336,99141.0,1082661,1732725.1498239683,2288.3309326171875
2024-01-01,2282.870361328125,2352.327880859375,2267.01806640625,2352.327880859375,6906765990,3.41,14906085174,7107,172256,12.1,483842,13132,29999683,107407637525,305,270690252667.77783,97342.0,1106405,1654155.0685597842,2313.6360473632812
2024-01-02,2352.593505859375,2431.21240234375,2348.892333984375,2355.83642578125,12910543630,5.02,22284590590,7122,175613,12.07,459434,8623,29999673,107478678978,332,282898876804.1357,110959.0,1104841,2430125.671610545,2372.1336669921875
2024-01-03,2355.9814453125,2385.11767578125,2113.92529296875,2210.761962890625,19332933581,8.7,39988832546,7129,162254,12.08,421905,7175,29999680,107766428329,326,280116877010.66064,122328.0,1106178,3275423.017995713,2266.4465942382812
2024-01-04,2210.529052734375,2294.608154296875,2204.86572265625,2269.0380859375,11044564896,5.77,26099893223,7128,159507,12.07,427264,9814,29999673,107488204769,360,263508756345.20853,146677.0,1102478,2680561.5494113816,2244.76025390625
2024-01-05,2269.409423828125,2276.7646484375,2209.537109375,2268.647216796875,10860953290,5.16,22821996688,7100,203316,12.09,423170,8350,29999689,107245315367,401,267163450119.7592,145052.0,1094803,2982253.1673952406,2256.089599609375
2024-01-06,2269.5400390625,2271.359375,2219.781982421875,2241.624755859375,5970741680,4.8,20329524156,7058,272027,12.17,408744,7362,29999728,106831408703,246,264754355909.0904,133102.0,1024946,2020054.392483192,2250.5765380859375
2024-01-07,2242.0126953125,2257.1279296875,2211.5625,2222.865966796875,6490053615,7.29,32535045832,7083,264242,12.13,468272,5161,29999680,107394196834,182,266586791041.6585,118086.0,989500,1195380.5761998373,2233.3922729492188
2024-01-08,2222.857666015625,2358.815673828125,2171.99365234375,2333.03271484375,13830287095,6.42,27437921443,7089,207399,12.13,437976,9019,29999739,107128253991,352,263628545996.0969,150965.0,1078890,2281545.4456989467,2271.6749267578125
2024-01-09,2332.8681640625,2369.6416015625,2243.21923828125,2344.8271484375,14891130716,5.97,24802785501,7127,164297,12.08,439212,7191,29999700,107735811426,430,273375349251.5832,138080.0,1095510,2917749.048213728,2322.6390380859375
2024-01-10,2344.923583984375,2626.976806640625,2341.943115234375,2582.103515625,29042100476,9.92,41561765444,7140,151467,12.06,580930,6373,29999700,108039914246,296,280861293182.09155,121835.0,1211199,3952075.1231914,2473.9867553710938
2024-01-11,2584.171630859375,2687.779052734375,2567.99365234375,2619.619140625,22575246883,8.32,35400353754,7126,159988,12.09,537923,10513,29999741,107494111854,349,306364975910.06616,127869.0,1207285,4449150.076974266,2614.890869140625
2024-01-12,2619.177001953125,2710.421875,2460.925537109375,2524.460205078125,23623839263,6.36,27776006348,7150,164505,12.07,519137,8444,29999721,108005495587,333,307521490220.4747,148710.0,1200165,3448800.314693406,2578.7461547851562
2024-01-13,2522.933837890625,2589.079833984375,2498.594482421875,2576.597900390625,12250316867,4.62,19986845329,7153,164480,12.07,418547,8166,29999684,108005730581,271,302061166176.453,182089.0,1223526,2925976.761912301,2546.801513671875
2024-01-14,2578.003662109375,2578.332275390625,2470.42431640625,2472.2412109375,9405587417,4.81,38786781856,7158,157390,12.06,334692,7379,29999717,108134241314,180,302031884693.8249,169058.0,1920751,1410579.6214345433,2524.7503662109375
2024-01-15,2471.6669921875,2550.76904296875,2470.82080078125,2511.36376953125,9700630000,6.07,26164485426,7159,164764,12.05,428885,9569,29999738,108163633646,335,297622292275.976,244296.0,1209055,2242174.250892032,2501.1551513671875
2024-01-16,2510.627197265625,2613.56689453125,2500.00390625,2587.691162109375,11063317095,8.34,36888126668,7166,149582,12.04,411397,8049,29999723,108180953706,356,299016773345.50903,222872.0,1233426,2091559.500273704,2552.9722900390625
2024-01-17,2587.044677734375,2592.737060546875,2508.432861328125,2528.369384765625,10441017520,9.51,40102180616,7143,147667,12.08,409589,8795,29999698,107968963473,333,302263202537.16766,216675.0,1214209,2615605.151515481,2554.14599609375
2024-01-18,2528.59326171875,2546.263916015625,2426.135498046875,2467.018798828125,11900028080,8.49,37668315197,7153,141325,12.06,442112,8925,29999708,107969323481,297,300371941437.4314,287846.0,1200511,2510960.409735535,2492.0028686523438
2024-01-19,2468.68896484375,2501.30517578125,2414.7109375,2489.49853515625,11405278376,7.76,33271450114,7163,148410,12.05,462208,10148,29999768,108078043228,325,291831764913.9943,111959.0,1171604,2838892.400241378,2468.5509033203125
2024-01-20,2489.84765625,2489.84765625,2456.095703125,2469.589111328125,5297826161,4.88,19308792981,7166,167383,12.04,433514,8525,29999643,108259517050,276,293562334738.0125,104166.0,1096043,2232620.250160876,2476.3450317382812
2024-01-21,2469.798583984375,2479.760498046875,2452.377685546875,2453.9130859375,4578471955,3.81,16362395893,7072,168370,12.2,450369,16437,29999700,106895847127,235,293115864717.0454,108648.0,1101299,1185015.556648066,2463.9624633789062
2024-01-22,2454.9873046875,2463.447265625,2303.502685546875,2310.826416015625,13923771728,4.98,21817992413,7084,162927,12.16,427980,13564,29999727,107066175822,360,286621970236.9302,113468.0,1087949,2731946.830426353,2383.19091796875
2024-01-23,2310.95166015625,2348.03125,2167.282470703125,2240.68603515625,16182147521,4.2,18590570686,7117,159496,12.12,439764,14593,29999726,107559721243,340,274875047603.4448,113845.0,1086947,4276968.104299407,2266.7378540039062
2024-01-24,2241.749755859375,2261.384521484375,2197.65673828125,2233.561767578125,10134722960,3.46,15447411952,7141,171309,12.08,436594,12009,29999726,107890753868,422,264463964421.91547,106618.0,1075883,2982920.320794252,2233.5881958007812
2024-01-25,2233.969970703125,2240.380859375,2173.6865234375,2217.710205078125,9302247037,5.77,28883670050,7138,154859,12.07,486461,10012,29999744,107897157665,308,263687112882.8029,126107.0,1152799,2685756.4922283865,2216.4368896484375
2024-01-26,2217.44189453125,2280.3837890625,2196.14013671875,2267.19970703125,9975117607,4.86,22573714573,7141,159255,12.07,494951,8630,29999726,107806677082,304,260143615375.23016,132004.0,1173491,4482000.654171106,2240.2913818359375
2024-01-27,2267.3193359375,2282.54443359375,2252.38525390625,2267.885986328125,5144367230,3.27,15310918127,7126,158322,12.11,523138,8399,29999664,107624862310,284,267295870848.59467,134474.0,1152538,2193628.887973624,2267.5337524414062
2024-01-28,2268.19287109375,2306.898681640625,2242.683837890625,2257.208740234375,7296214994,3.09,14594281982,7138,168391,12.09,482822,11274,29999662,107888489936,272,270292311556.97263,139190.0,1151528,1499979.0731658002,2268.7460327148438
2024-01-29,2256.995361328125,2320.02734375,2237.711669921875,2317.064208984375,8948195551,3.86,16805633146,7137,167905,12.08,475796,11904,29999762,107991132926,397,267485399613.19,139569.0,1088393,2218027.869219818,2282.9496459960938
2024-01-30,2317.435791015625,2388.87060546875,2298.281982421875,2344.49365234375,10173440062,7.04,31884774469,7151,163606,12.06,489946,8074,29999665,107940522562,383,273412317383.0248,111341.0,1194446,2749107.154095697,2337.2705078125
2024-01-31,2343.558837890625,2349.611328125,2264.443603515625,2282.54443359375,10807883277,6.43,29203802451,7129,163250,12.08,456146,8223,29999747,107737421516,408,277087193962.6766,115635.0,1139181,3543895.4591068155,2310.03955078125
2024-02-01,2282.17529296875,2309.842529296875,2243.57177734375,2303.82470703125,8895583113,7.06,31392970368,7127,144260,12.07,450784,8397,29999707,107815064064,401,268841411170.65247,111755.0,1133907,3020636.036188917,2284.8535766601562
2024-02-02,2303.7060546875,2323.053466796875,2282.230224609375,2308.0380859375,7186143091,5.73,24500437327,7123,149794,12.09,452748,9329,29999666,107869357288,420,273988835710.2203,104044.0,1117062,2856858.652418677,2304.2569580078125
2024-02-03,2307.980224609375,2327.346923828125,2293.5380859375,2296.038330078125,4647754021,5.4,22511514075,7117,153627,12.09,426362,6766,29999615,107882343219,278,273999515688.0656,105926.0,1070470,1661855.6271658626,2306.2258911132812
2024-02-04,2296.116943359375,2309.01123046875,2272.304931640625,2289.546142578125,5438100035,4.35,18512427976,7111,153334,12.1,448165,10851,29999731,107809884439,316,271151565547.1013,101677.0,1041905,1497226.851804823,2291.7448120117188
2024-02-05,2289.20556640625,2334.6767578125,2270.06787109375,2298.888916015625,7277068110,4.9,22341636360,7123,161689,12.07,485042,9517,29999713,107912071842,360,273266923223.6049,114984.0,1099305,2698912.474018871,2298.2097778320312
2024-02-06,2298.955078125,2389.826171875,2296.78857421875,2372.201904296875,9520885493,9.6,37660659816,7125,139482,12.11,445954,7128,29999668,107853818287,313,275189804879.5774,102929.0,1066133,3218029.0512003466,2339.4429321289062
2024-02-07,2372.2626953125,2442.63623046875,2353.7060546875,2423.7451171875,9660628536,10.35,43071499865,7132,147375,12.08,446937,6674,29999710,108032034472,304,279473177419.6006,130177.0,1172659,3405197.795196916,2398.0875244140625
2024-02-08,2424.080078125,2459.556640625,2414.74951171875,2419.906494140625,9941841732,15.64,60785647336,7120,124364,12.11,401660,7653,29999609,107796228622,405,286538443348.7209,100560.0,1073430,3054534.83227399,2429.5731811523438
2024-02-09,2419.773681640625,2522.724609375,2419.36279296875,2487.515625,13634203177,18.61,71415240828,7134,115653,12.07,436327,6406,29999652,107744163399,329,290426119296.2203,90773.0,1064915,3669821.139591079,2462.3441772460938
2024-02-10,2487.650390625,2516.7197265625,2475.857666015625,2501.228271484375,6474444159,10.89,38670181399,7122,130606,12.08,413239,10623,29999633,107920858560,327,295569991999.1081,106897.0,1032303,2569672.5794049352,2495.364013671875
2024-02-11,2501.1298828125,2537.67919921875,2495.21435546875,2507.570556640625,7347245813,8.48,30469736562,7120,142849,12.09,421234,11034,29999682,107973234501,267,299282604193.0257,112683.0,1028570,1577079.33777963,2510.3984985351562
2024-02-12,2507.578857421875,2663.8427734375,2473.81201171875,2658.115966796875,13022696866,13.57,43865510119,7135,145335,12.08,395252,8667,29999747,108336399815,385,296210712852.25244,106980.0,964746,1820479.9725642195,2575.83740234375
2024-02-13,2659.586181640625,2686.455078125,2599.16943359375,2642.185302734375,18271237044,9.37,34487521504,7128,173690,12.07,471067,8776,29999808,108034822123,416,313648809575.9376,105967.0,1073814,3507305.333417208,2646.8489990234375
2024-02-14,2641.685302734375,2786.8935546875,2621.025390625,2777.90234375,21448973822,8.08,30055114476,7119,170734,12.09,489432,7121,29999733,107963565178,397,314223283204.9805,106485.0,1121381,3014709.25436157,2706.8766479492188
2024-02-15,2777.601318359375,2865.845458984375,2764.010498046875,2824.37890625,23734481937,10.68,39172512561,7130,152078,12.07,481120,6651,29999830,107909845451,338,328323957425.7916,104753.0,1143082,3392017.436321579,2807.9590454101562
2024-02-16,2825.480712890625,2858.450439453125,2760.3310546875,2803.69140625,17057114638,7.97,30843412373,7130,155412,12.06,481144,8466,29999711,107876645228,361,333368843786.408,111262.0,1183255,2782340.2789855115,2811.9884033203125
2024-02-17,2803.73583984375,2805.128662109375,2724.386962890625,2786.672607421875,17932379943,6.32,22606061106,7113,168732,12.08,437797,6285,29999610,107808972332,268,330869905899.6869,114587.0,1108438,1869324.531350048,2779.9810180664062
2024-02-18,2786.709716796875,2892.843505859375,2767.9130859375,2878.998046875,23355830478,7.31,25482158308,7096,172154,12.08,440704,6131,29999758,107612687137,315,331282794161.07886,98919.0,1085111,1572191.2189808665,2831.6160888671875
2024-02-19,2881.296875,2983.37060546875,2860.263671875,2943.57470703125,15163110589,10.51,37551815368,7109,158452,12.08,473341,6690,29999645,107596176309,393,346384364281.3017,106111.0,1129467,2491862.1350154555,2917.12646484375
2024-02-20,2944.1064453125,3031.5244140625,2879.9033203125,3013.503662109375,20341598470,11.87,41425451234,7138,178402,12.05,476160,7046,29999738,108103664047,393,345570543135.7716,115450.0,1153874,3182083.901464134,2967.2594604492188
2024-02-21,3015.6533203125,3017.1904296875,2875.41845703125,2970.35546875,18897136867,12.7,43659442265,7117,202664,12.06,445214,6931,29999629,107696619297,416,347844509428.24023,110947.0,1119641,3332594.15063158,2969.6544189453125
2024-02-22,2969.599853515625,3030.666015625,2907.109375,2971.00732421875,18058908246,15.41,51383326353,7125,166917,12.07,432647,5792,29999754,108040640154,357,354029735057.16266,112683.0,1106928,2803932.632215,2969.5956420898438
2024-02-23,2970.1396484375,2991.32958984375,2906.583740234375,2921.658203125,12822717059,12.33,44869526260,7140,179666,12.07,473641,7601,29999714,108054519966,414,346895382572.4029,135145.0,1128971,2738372.502077037,2947.4277954101562
2024-02-24,2921.962890625,3003.195068359375,2907.70068359375,2992.385986328125,10701688842,9.17,30785077921,7161,189942,12.04,465030,6280,29999827,108601405592,242,350523066139.93964,116112.0,1113910,2162654.6362174232,2956.3111572265625
2024-02-25,2992.36669921875,3117.428955078125,2984.39306640625,3112.697265625,14620450464,9.67,31687193252,7146,192390,12.06,479446,7038,29999767,108425387700,343,358505444248.5305,112861.0,1085098,2028948.0520072428,3051.7214965820312
2024-02-26,3112.529052734375,3197.375,3037.95458984375,3178.99365234375,17504464351,12.65,44049515982,7140,183794,12.07,506630,6271,29999713,108199123255,340,365240771269.0407,116788.0,1158317,3343825.251320232,3131.7130737304688
2024-02-27,3178.405029296875,3287.9580078125,3167.83056640625,3244.519287109375,21090315368,15.15,52078273471,7150,173489,12.07,518678,7848,29999785,108378433181,295,380678843889.68427,126255.0,1228401,3994757.767131823,3219.67822265625
2024-02-28,3243.893310546875,3485.450927734375,3201.575927734375,3385.703857421875,32885894265,19.51,65493392699,7145,180018,12.07,528957,5425,29999792,108230695232,320,390586832647.84296,128967.0,1201999,3886428.33536708,3329.156005859375
2024-02-29,3386.802734375,3518.96923828125,3303.9052734375,3341.919677734375,28469171094,21.47,74113151775,7142,179053,12.07,514227,7327,29999676,108219695232,215,410194282671.28265,137364.0,1254476,3824842.01524394,3387.8992309570312
2024-03-01,3341.9658203125,3452.626220703125,3341.85107421875,3435.053955078125,16880101987,17.97,58406377546,7165,166695,12.05,511414,7382,29999761,108685731684,246,398423895785.04047,124735.0,1192062,3444898.18620954,3392.874267578125
2024-03-02,3436.1591796875,3459.747314453125,3398.89892578125,3422.0498046875,12024340617,16.07,52441171233,7148,164913,12.07,507611,6043,29999815,108495209709,172,406214579565.6287,124112.0,1227238,2277607.6670032577,3429.2138061523438
2024-03-03,3422.875244140625,3491.16845703125,3372.214111328125,3490.99365234375,13643324467,17.6,54765290988,7160,167957,12.05,506129,6695,29999727,108718074450,226,401667244998.3104,118822.0,1189101,1997571.0899469897,3444.3128662109375
2024-03-04,3489.340087890625,3641.459228515625,3446.017578125,3630.433837890625,26772963830,26.62,86436145511,7167,142816,12.04,517461,7981,29999703,108653858699,274,411689609973.0646,134135.0,1219616,2610860.8578371736,3551.8126831054688
2024-03-05,3631.928955078125,3828.15966796875,3224.119384765625,3554.964599609375,47706899137,29.5,98680928276,7164,157852,12.04,538569,7276,29999751,108593584113,266,435040232589.7338,159578.0,1319185,3974182.828381525,3559.7931518554688
2024-03-06,3554.06787109375,3901.434326171875,3502.802490234375,3819.226318359375,34938642613,28.41,83456739429,7163,146359,12.04,503045,6664,29999775,108438373463,312,447900636767.9464,130414.0,1237974,5204611.746323588,3694.3827514648438
2024-03-07,3818.31103515625,3939.593994140625,3738.685302734375,3874.34765625,22457177587,25.5,74415996706,7160,147247,12.05,515934,7966,29999789,108463146699,355,448121883059.0346,131091.0,1220089,3908744.120824285,3842.7344970703125
2024-03-08,3874.830810546875,3998.826416015625,3828.36328125,3892.06103515625,26135487051,22.8,66047493310,7088,144183,12.18,510568,6369,29999704,107525961766,324,462761160771.5008,128845.0,1226320,3626829.6151963137,3898.5203857421875
2024-03-09,3892.119140625,3950.396484375,3880.658935546875,3915.4189453125,11926623780,21.55,59055881981,7160,153127,12.06,488950,5481,29999799,108667500359,215,465016304471.1409,128358.0,1183098,2231452.1809851434,3909.6483764648438
2024-03-10,3915.590576171875,3968.7236328125,3800.564453125,3881.193115234375,15783924355,23.1,63679788574,7152,145921,12.06,465076,6178,29999813,108424806273,239,467212185019.3117,117552.0,1146596,2301894.1774958307,3891.5179443359375
2024-03-11,3881.23779296875,4087.050048828125,3745.125244140625,4066.445068359375,28806262507,25.61,72310953858,7152,138151,12.06,533398,7337,29999746,108427298106,355,473782724170.2836,124567.0,1212872,3596133.067206831,3944.9645385742188
2024-03-12,4066.6904296875,4092.2841796875,3831.889892578125,3980.273193359375,26917010932,22.72,64385923989,7153,147042,12.07,515145,7431,29999684,108407847684,399,476047630420.93335,133908.0,1258496,3523323.1243699337,3992.784423828125
2024-03-13,3980.26513671875,4083.00732421875,3936.627197265625,4006.45703125,22028114691,21.58,64569491149,7117,140562,12.12,542303,5611,29999834,108066342379,348,477573646717.8524,137654.0,1254110,3997009.7808013246,4001.5891723632812
2024-03-14,4005.7451171875,4011.102783203125,3721.78857421875,3883.140380859375,25434810823,18.39,56888536551,7089,112776,12.16,555484,9352,29999917,107742572568,340,468785216254.2266,150141.0,1292290,3193417.240634352,3905.4442138671875
2024-03-15,3882.85693359375,3928.775634765625,3571.774658203125,3735.22021484375,33505075433,14.45,45740465011,7123,104563,12.11,591376,9890,29999907,108438329597,292,443515915893.6154,143422.0,1299610,3438237.414982561,3779.6568603515625
2024-03-16,3736.10498046875,3780.89453125,3468.079345703125,3522.860107421875,20199855932,11.29,37414230291,7102,110354,12.13,591224,6558,29999854,108037492868,208,441957186251.1196,141818.0,1312390,2805181.3000975004,3626.9847412109375
2024-03-17,3523.02978515625,3676.263427734375,3414.17236328125,3642.4130859375,19938757095,10.64,32275112489,7113,116991,12.12,545920,4929,29999914,108373223419,259,410243314492.9921,121273.0,1204452,2584354.982711384,3563.9696655273438
2024-03-18,3642.298828125,3642.4970703125,3456.09130859375,3517.985107421875,21162220224,11.75,40439650375,7113,110322,12.13,567548,4551,29999887,108242010340,282,428504724707.2343,141019.0,1265712,3195645.5986768934,3564.7180786132812
2024-03-19,3518.34765625,3546.582275390625,3149.286865234375,3157.6181640625,34166976701,11.06,44977949993,7119,111971,12.1,594482,6931,29999674,108244660170,217,396853448259.9758,140599.0,1357050,4093092.538583528,3342.958740234375
2024-03-20,3158.396728515625,3534.826416015625,3059.65478515625,3513.39306640625,36605316331,11.13,38891587035,7126,112685,12.11,623993,7288,29999869,108406402095,280,380370391822.3335,154616.0,1380020,5108594.489274746,3316.5677490234375
2024-03-21,3514.017578125,3586.905029296875,3412.22265625,3492.9912109375,22213647922,9.69,33968806911,7116,114533,12.12,600266,9442,29999796,108270481036,315,415780370546.1726,154090.0,1332346,4407441.380288098,3501.5341186523438
2024-03-22,3492.89794921875,3541.898193359375,3254.96923828125,3333.68798828125,20574952329,7.79,27910718440,7134,114379,12.09,618407,8920,29999870,108429169150,247,414936974099.96265,141551.0,1316464,2159305.8568530665,3405.8633422851562
2024-03-23,3335.592529296875,3433.758056640625,3273.115478515625,3336.593994140625,13242137554,5.98,21387739965,7120,120410,12.11,620973,4757,29999748,108357032123,171,397747546862.003,148050.0,1330638,2895588.407667045,3344.7650146484375
2024-03-24,3336.666015625,3470.344482421875,3301.27734375,3454.636474609375,12156660941,6.46,21236141274,7105,120745,12.13,573879,5437,29999713,108118230576,182,394713705395.2705,137569.0,1233488,1856509.832364222,3390.7310791015625
2024-03-25,3454.8857421875,3657.118896484375,3421.79052734375,3590.8837890625,18603921705,8.96,29623241049,7090,111815,12.13,576414,5119,29999736,107783707942,373,407306193302.55273,142795.0,1224186,3081929.336265482,3531.1697387695312
2024-03-26,3591.085205078125,3678.789794921875,3545.4287109375,3587.5048828125,18505553577,10.25,34984052996,7097,107464,12.14,547312,7212,29999824,107709024340,278,429753566148.9942,161991.0,1317439,5924863.317987644,3600.7021484375
2024-03-27,3587.313720703125,3664.383056640625,3460.3935546875,3500.115234375,18753082145,11.41,39817196793,6921,105555,12.39,519211,5492,29999806,105080756437,249,421204774863.43976,154517.0,1302309,10254505.633902883,3553.0513916015625
2024-03-28,3500.216064453125,3609.705322265625,3465.332275390625,3561.2939453125,16419674157,11.27,37886051029,7028,108089,12.15,537315,5368,30000177,106680761729,295,422241601242.5986,143722.0,1282280,8347257.136315899,3534.1369018554688
2024-03-29,3561.01171875,3583.701416015625,3475.7255859375,3511.80615234375,12712701619,8.62,29083964023,7122,108567,12.09,572004,5703,30000145,108120985893,256,415890204086.1239,151282.0,1298480,6932854.068215485,3533.0612182617188
2024-03-30,3511.82763671875,3566.08447265625,3489.902099609375,3507.9443359375,9389066783,7.67,25026990671,7109,108943,12.1,555827,3976,30000157,107956343809,158,412965262727.7336,131467.0,1267609,6358153.334350274,3518.9396362304688
2024-03-31,3507.95166015625,3655.218994140625,3507.24267578125,3647.8564453125,10499881424,7.58,23756563956,7106,106195,12.08,550693,6420,30000136,107946845481,194,428404829058.45874,152701.0,1230271,3112486.5645774994,3579.5674438476562
2024-04-01,3647.819580078125,3648.129150390625,3418.6953125,3505.030029296875,16002098681,8.74,28461218194,7120,99617,12.09,540780,4513,30000148,108094431017,247,419204053139.31415,139578.0,1249643,3584075.074862378,3554.9185180664062
