Date,YF_Op,YF_Hi,YF_Lo,YF_Cls,YF_Vol,OL_MktCap,OL_BlkSz,OL_AvgComPwr,OL_AvgTransFee,OL_MinDif,OL_ActAdd,OL_NewAdd,OL_ChnTrans,BIC_HshRt,D_AvgPrc
2017-11-09,62.48960113525391,66.83830261230469,61.72579956054688,64.26969909667969,279652992,3454476601.905739,0.024152,28.76637439,0.0015940241380208,1.0332297,79058.0,41593.0,30720.0,28985094798528.0,63.83085060119629
2017-11-10,64.43620300292969,65.89640045166016,56.91320037841797,59.260101318359375,291596000,3186163838.5021305,0.02225174,31.28947532,0.0015885048858101,1.03216856,80877.0,41530.0,30388.0,32510690431180.0,61.6264762878418
2017-11-11,59.348899841308594,63.71160125732422,59.2421989440918,62.30329895019531,272494016,3350772949.131648,0.02186412,32.5714183,0.0014898739517857,1.03216856,76910.0,38099.0,28000.0,33456814194287.0,61.15149974822998
2017-11-12,62.309200286865234,62.309200286865234,57.41339874267578,59.005401611328125,322820000,3174437950.9422774,0.02359319,34.01663611,0.0014165314694529,1.03216856,92565.0,46535.0,34455.0,34542027423952.0,60.259300231933594
2017-11-13,59.17580032348633,62.76440048217773,58.84870147705078,61.39649963378906,237478000,3303996139.472175,0.02176495,33.45736453,0.0015496756651888,1.18012576,70096.0,38084.0,28195.0,35012758836997.0,60.54635047912598
2017-11-14,61.64289855957031,63.81240081787109,60.8661003112793,62.67959976196289,174111008,3373889830.559527,0.02235035,31.28520716,0.0017086493946481,1.18012576,73246.0,34904.0,25225.0,31731188805113.0,62.2502498626709
2017-11-15,62.77519989013672,65.52469635009766,62.70880126953125,63.82360076904297,194636000,3436310896.332057,0.02349183,31.57235754,0.0025569659453232,1.18012576,75346.0,35533.0,26044.0,31332375455064.0,63.70807456970215
2017-11-16,63.80910110473633,72.4791030883789,62.93740081787109,71.0602035522461,418128992,3826889314.711884,0.02353796,30.92341414,0.0018170922248679,1.18012576,78859.0,40894.0,26878.0,31159338976429.0,67.5714521408081
2017-11-17,70.44840240478516,71.11840057373047,65.78179931640625,67.56900024414062,350504992,3639749426.077765,0.03696403,30.10445651,0.0007969119121476,1.07455444,99687.0,52332.0,34945.0,28318689012874.0,68.72940063476562
2017-11-18,67.40519714355469,69.7656021118164,65.71410369873047,69.6436996459961,174063008,3752586173.563613,0.0195835,31.32231487,0.0013567835165082,1.07455444,77187.0,39505.0,26623.0,32683408969026.0,68.13215065002441
2017-11-19,69.51190185546875,72.98079681396484,68.60420227050781,71.58930206298828,243056992,3858580086.100149,0.01769615,34.75424575,0.0022693009871849,1.07455444,72807.0,33614.0,23410.0,34851312529383.0,70.67155075073242
2017-11-20,71.41300201416016,72.91840362548828,70.79299926757812,72.25279998779297,188976000,3895618090.660835,0.01946249,37.74150038,0.0015521106746534,1.19832163,84182.0,40937.0,27629.0,40239311922335.0,71.84430122375488
2017-11-21,72.1968002319336,72.53450012207031,68.1093978881836,70.0282974243164,231664992,3776744821.717658,0.02470259,37.21232346,0.0014220721725229,1.19832163,93422.0,47253.0,31903.0,37946690170797.0,70.71724891662598
2017-11-22,70.18219757080078,71.95099639892578,70.18219757080078,71.8927993774414,157890000,3878311805.36578,0.02472349,33.8377603,0.0014948321373488,1.19832163,87021.0,43131.0,28788.0,33109468140896.0,71.05204772949219
2017-11-23,71.97509765625,76.39679718017578,70.90280151367188,73.22339630126953,315247008,3951099866.974199,0.02765864,33.13304557,0.0015960066578471,1.19832163,93178.0,46455.0,30992.0,33640139245821.0,73.1245231628418
2017-11-24,73.14189910888672,77.96829986572266,72.81230163574219,77.96829986572266,287392000,4208242760.027813,0.02471464,33.52652078,0.0015087211401507,1.22279407,86775.0,43390.0,28926.0,34257635840323.0,75.47270011901855
2017-11-25,77.90869903564453,89.36720275878906,77.52230072021484,88.81690216064453,487896992,4795035560.557802,0.02622234,34.38638689,0.0020969130697489,1.22279407,94101.0,47629.0,32703.0,33927076719585.0,83.40377616882324
2017-11-26,88.93930053710938,88.93930053710938,84.01730346679688,85.92680358886719,357456992,4640315591.0271015,0.02708572,36.33263921,0.0019677836564471,1.22279407,98471.0,50346.0,34085.0,36836001477524.0,86.9556770324707
2017-11-27,85.88970184326172,93.28620147705078,85.88970184326172,91.60269927978516,429591008,4948468593.44442,0.02659703,43.05840763,0.0017761493797312,1.26038126,110909.0,57337.0,38177.0,42995542523584.0,89.16707611083984
2017-11-28,91.7239990234375,96.03379821777344,90.3397979736328,96.03379821777344,388931008,5189412305.562616,0.02836964,43.01751636,0.0015139594683425,1.26038126,115325.0,64382.0,42565.0,42423879578297.0,93.5328483581543
2017-11-29,96.0124969482422,104.60900115966795,81.76809692382812,85.57099914550781,786819968,4625465149.104985,0.03293089,42.07646154,0.0013824132835316,1.26038126,130178.0,82722.0,53211.0,41870089455933.0,91.99014854431152
2017-11-30,86.24669647216797,93.53990173339844,78.07540130615234,88.33070373535156,481948000,4776038384.360787,0.03392639,43.66997214,0.0013937541803914,1.50282641,126286.0,72771.0,47663.0,48684551259252.0,86.54817581176758
2017-12-01,88.00350189208984,100.41200256347656,83.73829650878906,99.00370025634766,561342976,5354434859.463751,0.03642793,41.02061034,0.0015838322677595,1.50282641,116944.0,64099.0,40992.0,40535693430104.0,92.78937530517578
2017-12-02,98.94149780273438,103.79499816894533,98.31590270996094,100.28399658203124,402553984,5424901978.518704,0.03758508,38.64256689,0.001651169478776,1.50282641,112102.0,66473.0,43206.0,37958822333257.0,100.33409881591797
2017-12-03,100.19499969482422,106.39099884033205,98.10160064697266,101.26300048828124,364022016,5479276538.0060215,0.03081583,39.50338653,0.001666852615151,1.50282641,109687.0,55268.0,36235.0,39560471531260.0,101.48764991760254
2017-12-04,101.39600372314452,104.23600006103516,96.53250122070312,104.23600006103516,331151008,5641837640.027995,0.02829697,44.52977572,0.0017113844687734,1.3918273,121473.0,67951.0,43889.0,44047606317598.0,101.60012626647949
2017-12-05,104.2770004272461,104.3030014038086,101.83999633789062,102.39700317382812,328726016,5543933124.585189,0.03707518,44.35211825,0.0026651825175323,1.3918273,143027.0,79590.0,50478.0,44132453863247.0,103.20425033569336
2017-12-06,102.47799682617188,104.81800079345705,97.314697265625,100.35199737548828,547512000,5435312815.232041,0.03362638,56.85973701,0.0024123408985924,1.3918273,177705.0,109101.0,68062.0,58186110709414.0,101.24067306518555
2017-12-07,99.98410034179688,101.34300231933594,92.27169799804688,98.29239654541016,645691008,5325471411.557418,0.04333777,59.26873981,0.0015653754854847,1.73626199,186038.0,106077.0,65965.0,63431501304613.0,97.97279930114746
2017-12-08,98.3281021118164,133.07000732421875,95.39600372314452,124.84600067138672,1515559936,6766961737.84106,0.03280055,76.90064015,0.001704638509816,1.73626199,177936.0,102072.0,64690.0,75355774508434.0,112.9100284576416
2017-12-09,127.47899627685548,171.55099487304688,126.58799743652344,155.24200439453125,2436539904,8417479222.380251,0.04872038,78.46113597,0.0015319263648146,2.47305349,211132.0,133772.0,86411.0,94230029574912.0,145.21499824523926
2017-12-10,155.6269989013672,155.6269989013672,130.16099548339844,148.66000366210938,1087340032,8063312024.735163,0.04187916,86.50997624,0.0016667816369282,2.47305349,171237.0,90937.0,58286.0,86549169239188.0,147.51874923706055
2017-12-11,148.25799560546875,225.28700256347656,147.34100341796875,214.2030029296875,2913979904,11622048107.25501,0.04462434,88.32334375,0.0013250967696941,2.47305349,175930.0,94006.0,61084.0,88683695033708.0,183.7722511291504
2017-12-12,212.4640045166016,341.7239990234375,209.6820068359375,316.15899658203125,6961679872,17158790632.956554,0.09812261,85.12816085,0.0017546168985774,3.0321106,335981.0,210151.0,132091.0,96562142255092.0,270.00725173950195
2017-12-13,315.36199951171875,341.7950134277344,287.4830017089844,302.6019897460937,3409789952,16427647378.25278,0.10166374,88.31321505,0.0032385119202179,3.0321106,382945.0,255412.0,149733.0,88967725319382.0,311.8105010986328
2017-12-14,301.197998046875,311.3190002441406,265.6570129394531,279.3280029296875,2114880000,15168618636.105503,0.08501837,96.56683299,0.0033819719066671,3.0321106,347476.0,220615.0,135215.0,97494618293255.0,289.37550354003906
2017-12-15,280.9679870605469,316.406005859375,251.2239990234375,299.77899169921875,2599940096,16283667593.83034,0.09202069,93.85760231,0.0010447549693436,3.1668573,344142.0,217769.0,135861.0,94678348632390.0,287.09424591064453
2017-12-16,299.3370056152344,309.9010009765625,290.1340026855469,298.97198486328125,1291379968,16244895240.4982,0.06400378,101.23962459,0.0010911893711333,3.1668573,279104.0,167822.0,105873.0,103540277661020.0,299.58599853515625
2017-12-17,301.78399658203125,332.5899963378906,301.78399658203125,318.718994140625,1703580032,17322918146.07352,0.07121871,103.56041232,0.0010126567403515,3.1668573,283500.0,175907.0,112868.0,103329663414680.0,313.71924591064453
2017-12-18,318.9530029296875,360.9330139160156,302.0039978027344,358.33599853515625,1966599936,19481792914.625084,0.0694586,100.03232078,0.0018499995999111,3.5534748,271424.0,163136.0,103527.0,103982908528650.0,335.05650329589844
2017-12-19,359.125,375.2860107421875,335.67498779296875,350.25299072265625,2150479872,19046914506.85892,0.10494376,97.61016501,0.0011656373563347,3.5534748,347575.0,227716.0,133905.0,95437113030014.0,355.0847473144531
2017-12-20,349.60400390625,349.60400390625,308.62701416015625,314.6210021972656,2104060032,17113575542.974892,0.1363114,94.1090892,0.0013175398346477,3.5534748,431442.0,235875.0,145568.0,96423520110305.0,330.61400604248047
2017-12-21,314.6600036621094,339.739013671875,299.52899169921875,317.4620056152344,1555939968,17272689312.693787,0.15836594,100.56208001,0.0065591759234277,3.5534748,495185.0,262661.0,155226.0,102344522388060.0,317.8475036621094
2017-12-22,319.2569885253906,320.302001953125,187.4770050048828,264.9320068359375,2938040064,14418427704.620426,0.11045231,100.73551008,0.0041373747498387,3.41469693,407906.0,267295.0,161216.0,98442511607319.0,272.992000579834
2017-12-23,269.2669982910156,312.6679992675781,261.6369934082031,288.2659912109375,1352579968,15692650656.498426,0.08224864,102.45913857,0.0028148749353197,3.41469693,315822.0,190636.0,120284.0,103260647809380.0,282.9594955444336
2017-12-24,291.00799560546875,291.00799560546875,251.0379943847656,275.9800109863281,1122909952,15028134638.163376,0.07260874,104.51590212,0.0027362778373823,3.41469693,285745.0,166955.0,101465.0,104459592256740.0,277.2584991455078
2017-12-25,277.4939880371094,286.7900085449219,269.572998046875,273.3900146484375,804377024,14890986999.55281,0.06177514,101.44607936,0.0022134446867957,3.56915113,217812.0,120452.0,75877.0,101837043952081.0,276.81175231933594
2017-12-26,273.1080017089844,289.510986328125,272.2619934082031,286.5039978027344,842993024,15609703088.848804,0.06426404,103.2021097,0.0022336123066005,3.56915113,242517.0,126661.0,78206.0,107709902820050.0,280.3462448120117
2017-12-27,286.5889892578125,290.9440002441406,264.4230041503906,272.17401123046875,777137984,14832845818.196745,0.07326068,106.36849921,0.0020434585518644,3.56915113,269072.0,164477.0,102228.0,106411590346530.0,278.5325012207031
2017-12-28,272.1260070800781,273.177001953125,231.3769989013672,249.92999267578125,2593240064,13624466556.834503,0.07567916,105.91718588,0.0028595277542066,3.56915113,294730.0,182665.0,111907.0,107607047145440.0,256.6525001525879
2017-12-29,250.3520050048828,258.0409851074219,238.3329925537109,245.5019989013672,1392210048,13386678903.59933,0.08639589,106.96927822,0.002095454011976,3.70770799,337084.0,216140.0,130928.0,110118941142810.0,248.0569953918457
2017-12-30,245.0870056152344,245.43299865722656,208.197006225586,218.96299743652344,943667008,11942867812.159636,0.10952587,109.07718227,0.0013454433632468,3.70770799,425612.0,273281.0,170603.0,107388125648850.0,229.42000198364258
2017-12-31,216.9750061035156,237.7910003662109,213.81100463867188,232.0959930419922,771041984,12662528248.857431,0.14174253,106.23229944,0.0053873937557896,3.70770799,444528.0,177715.0,112485.0,110498862771880.0,225.16825103759766
2018-01-01,231.6660003662109,236.63400268554688,222.2030029296875,229.0330047607422,633142016,12498586757.596272,0.06560831,105.08225603,0.0023796995932803,3.77655485,226291.0,126807.0,84112.0,105335544208640.0,229.88400268554688
2018-01-02,228.9900054931641,263.625,228.9900054931641,255.6840057373047,1237949952,13956595112.458675,0.08687321,103.07109374,0.0015685467985239,3.77655485,293822.0,170400.0,110296.0,104219928246070.0,244.3222541809082
2018-01-03,255.69500732421875,260.74200439453125,243.134994506836,245.3679962158203,3215280128,13397087292.061714,0.11643959,109.24379129,0.0016372639795646,3.77655485,398995.0,245221.0,157472.0,110304746082580.0,251.23500061035156
2018-01-04,245.4750061035156,245.4750061035156,227.01300048828125,241.3699951171875,3481550080,13182168212.505877,0.18898586,108.71860171,0.0021275697574407,3.77655485,574185.0,339021.0,222626.0,105703978903150.0,239.833251953125
2018-01-05,241.03399658203125,256.14801025390625,237.8800048828125,249.27099609375,1710599936,13617416869.60671,0.19824795,112.35577014,0.0020205030996443,3.73893905,619874.0,325894.0,207769.0,114052160239080.0,246.083251953125
2018-01-06,249.7680053710937,323.114990234375,249.4149932861328,296.4540100097656,2264740096,16199255977.262775,0.13924864,106.2042745,0.0018185575038392,3.73893905,449155.0,297784.0,187536.0,107488606818010.0,279.6879997253418
2018-01-07,296.0530090332031,305.5270080566406,281.927001953125,288.45098876953125,1055400000,15765786319.011871,0.14047217,103.24083439,0.0015227280725595,3.73893905,430396.0,246347.0,152840.0,101709097820090.0,292.989501953125
2018-01-08,287.7250061035156,289.0690002441406,237.6649932861328,255.76300048828125,1182080000,13982800935.934135,0.11415009,101.69549838,0.0011559122256992,3.66095578,370046.0,228618.0,144759.0,100680200696320.0,267.5555000305176
2018-01-09,254.6060028076172,258.50299072265625,240.1840057373047,247.03700256347656,940825024,13509027537.20306,0.11832151,100.29541092,0.0011302919581246,3.66095578,367829.0,233260.0,148918.0,98548037046141.0,250.08250045776367
2018-01-10,248.072998046875,251.0540008544922,233.85899353027344,250.5180053710937,1009910016,13703014661.444489,0.11297391,102.28593265,0.0011652422627849,3.66095578,372929.0,230500.0,149042.0,103671266969800.0,245.8759994506836
2018-01-11,251.52200317382807,255.04800415039065,223.0030059814453,229.36599731445312,1079389952,12549149274.148691,0.10041207,103.67762351,0.0011334891487502,3.66095578,303834.0,190320.0,124746.0,101353692652330.0,239.7347526550293
2018-01-12,229.78700256347656,243.5919952392578,224.8209991455078,236.8560028076172,691160000,12962289940.751352,0.09043592,101.71860885,0.0012062678560544,3.54105762,287036.0,171351.0,112223.0,99934626562856.0,233.76399993896484
2018-01-13,236.8820037841797,263.19500732421875,236.8820037841797,259.1929931640625,961043008,14188305342.499142,0.08434881,97.86670468,0.0012222105016047,3.54105762,266617.0,157138.0,102511.0,98214898746809.0,249.03800201416016
2018-01-14,260.5790100097656,270.8519897460937,234.27200317382807,238.6750030517578,886414976,13068806246.59855,0.08986245,103.17681625,0.0014240571261135,3.54105762,318177.0,135357.0,89245.0,106805079832140.0,251.09450149536133
2018-01-15,237.2890014648437,245.0039978027344,232.7740020751953,232.7740020751953,601769984,12749173398.674212,0.06514555,106.85175919,0.0013035701782959,3.56482319,233309.0,128831.0,86205.0,106722153601580.0,236.9602508544922
2018-01-16,232.81700134277344,232.81700134277344,152.29299926757812,188.3309936523437,1405069952,10317602823.980268,0.08261392,100.82505028,0.0012081369461208,3.56482319,264609.0,154810.0,105050.0,103424945588480.0,201.5644989013672
2018-01-17,190.1450042724609,197.7899932861328,141.0070037841797,186.51600646972656,1422489984,10221077410.311075,0.08327418,106.18761879,0.0012696644052375,3.56482319,292243.0,164155.0,114634.0,107062838091050.0,178.864501953125
2018-01-18,186.94900512695312,207.01600646972656,176.8300018310547,192.8370056152344,936784000,10570378317.520748,0.08023837,105.25773663,0.0013261159871929,3.56482319,279817.0,159090.0,110252.0,108286563844120.0,190.9080047607422
2018-01-19,191.19200134277344,202.0749969482422,186.93800354003903,192.9640045166016,560284032,10580177187.757568,0.06184796,105.16245122,0.0013143927865994,3.68207996,215656.0,116289.0,78594.0,106716950497740.0,193.29225158691406
2018-01-20,194.3780059814453,214.58799743652344,194.3780059814453,211.0180053710937,540785984,11573340788.832048,0.05085654,110.51761674,0.00131807271968,3.68207996,188909.0,99160.0,67769.0,110812908142320.0,203.59050369262695
2018-01-21,211.2350006103516,211.2350006103516,184.6360015869141,190.42100524902344,463516000,10446271504.385197,0.05172572,105.67704945,0.0013162436757732,3.68207996,173276.0,87510.0,59261.0,103709107371280.0,199.38175201416018
2018-01-22,191.7899932861328,195.2460021972656,166.88299560546875,180.00799560546875,494091008,9877635360.874483,0.04814131,103.98198173,0.0013297296082558,3.71448453,169436.0,85499.0,58916.0,106484265749820.0,183.48174667358398
2018-01-23,180.2790069580078,186.30599975585932,165.7259979248047,177.8070068359375,441764992,9759369332.171286,0.05352225,105.42628252,0.0013828925084273,3.71448453,181925.0,89868.0,63187.0,105088179443330.0,177.52950286865234
2018-01-24,178.4250030517578,186.2790069580078,173.718994140625,179.98699951171875,375948992,9881632843.32374,0.04833769,106.89761688,0.0013477427327787,3.71448453,174541.0,87315.0,60100.0,109872951368770.0,179.60250091552734
2018-01-25,181.56300354003903,185.42300415039065,176.3489990234375,180.27200317382807,363137984,9899959958.749872,0.04704193,109.20011196,0.0013428278387762,3.71448453,174911.0,88868.0,61058.0,108042487555710.0,180.90175247192383
2018-01-26,179.81900024414062,182.8919982910156,167.08399963378906,176.73399353027344,375476992,9708347996.442032,0.04737453,110.65972618,0.0013763617836725,3.73119918,179238.0,88525.0,61222.0,112280995016320.0,176.6322479248047
2018-01-27,176.66099548339844,183.1540069580078,174.87899780273438,180.8860015869141,291632992,9939423475.11378,0.03687062,120.67883864,0.0014452191448283,3.73119918,155839.0,74763.0,51744.0,122461544556080.0,178.89500045776367
2018-01-28,181.42100524902344,194.6790008544922,181.42100524902344,193.8650054931641,363515008,10655498761.614424,0.07203488,115.1344793,0.0018042582521581,3.73119918,217270.0,73407.0,50159.0,111155149384060.0,187.84650421142578
2018-01-29,193.75100708007807,194.3860015869141,179.23199462890625,181.6640014648437,303560992,9987600043.395494,0.04302035,113.03574965,0.0014313143477184,4.01137876,162036.0,78619.0,52531.0,119641167165656.0,187.25825119018555
2018-01-30,181.44500732421875,181.5180053710937,163.03399658203125,165.2760009765625,433227008,9089162511.832731,0.0393623,123.06564987,0.001417710836812,4.01137876,148621.0,75460.0,52222.0,125197324660770.0,172.81825256347656
2018-01-31,165.29600524902344,167.0679931640625,157.64500427246094,163.3509979248047,363292992,8985655323.87398,0.04897468,118.74353368,0.0014769222967138,4.01137876,168408.0,83010.0,58366.0,118840981542070.0,163.3400001525879
2018-02-01,163.6820068359375,165.81399536132812,131.54800415039062,142.2969970703125,539880000,7829669669.308866,0.04435828,115.50935496,0.0015138336065788,4.15949084,161874.0,75275.0,53383.0,117711356600340.0,150.8352508544922
2018-02-02,142.56199645996094,142.56199645996094,105.34600067138672,131.37899780273438,815539968,7230823153.604836,0.05441601,121.90736702,0.0014291144982355,4.15949084,184581.0,95352.0,70561.0,123889693712160.0,130.46224784851074
2018-02-03,131.4010009765625,165.55499267578125,121.16600036621094,160.25,687676032,8822242345.829514,0.04045244,121.5890707,0.0013917202750023,4.15949084,151643.0,71409.0,52545.0,122242033490390.0,144.59299850463867
2018-02-04,160.38099670410156,173.79600524902344,139.69400024414062,148.02499389648438,1006080000,8151440364.0852,0.04178581,126.11842048,0.0015854770798679,4.15949084,153095.0,66578.0,47854.0,126843931562900.0,155.4739990234375
2018-02-05,148.7270050048828,153.5240020751953,118.14700317382812,125.33000183105467,844678016,6903590089.802439,0.04728251,126.88421742,0.0016182964822108,4.34136796,154802.0,62522.0,45702.0,132472102905200.0,136.43200302124023
2018-02-06,127.52100372314452,146.11399841308594,106.94400024414062,142.99099731445312,1148409984,7878622485.532025,0.04806338,134.56105734,0.0014323075766089,4.34136796,169117.0,83782.0,61220.0,133372217200310.0,130.89249992370605
2018-02-07,142.48199462890625,157.8979949951172,131.5240020751953,138.2030029296875,817808000,7616955218.917637,0.04241481,135.35469634,0.0014958119918468,4.34136796,158866.0,74879.0,54703.0,137886618947670.0,142.52674865722656
2018-02-08,138.33599853515625,151.08099365234375,138.33599853515625,149.46600341796875,869206976,8239957550.368967,0.03380178,132.20477279,0.0015193118759722,4.60556126,127539.0,57753.0,42426.0,133542110597130.0,144.30474853515625
2018-02-09,149.72999572753906,163.97999572753906,142.58599853515625,163.9499969482422,722204992,9040888789.104568,0.03268182,140.77609117,0.0016219034210131,4.60556126,121259.0,53998.0,40032.0,138245035839570.0,155.06149673461914
2018-02-10,163.48800659179688,169.32899475097656,149.1439971923828,155.59300231933594,576328000,8582207761.508807,0.06845215,131.2580895,0.0017578803945152,4.60556126,187057.0,70330.0,50467.0,131416880012390.0,159.38850021362305
2018-02-11,155.39199829101562,155.7310028076172,142.61099243164062,148.99000549316406,495720000,8220119135.988155,0.03365672,127.92807271,0.0016208198869583,4.6351508,119401.0,52746.0,38216.0,128849762554680.0,150.68099975585938
2018-02-12,150.10400390625,163.34800720214844,150.10400390625,161.5659942626953,535710016,8916380048.07207,0.03194793,136.03251698,0.0015303208940049,4.6351508,119886.0,54195.0,39049.0,137852771355160.0,156.28050231933594
2018-02-13,161.77499389648438,162.37399291992188,153.51100158691406,159.5540008544922,483468000,8807649513.429289,0.04091322,135.67939706,0.0015952363207547,4.6351508,134854.0,60077.0,42506.0,134487731635450.0,159.30349731445312
2018-02-14,159.57899475097656,218.2310028076172,159.57899475097656,213.35899353027344,2383340032,11781123840.327494,0.04699987,140.6372591,0.0015545467538696,4.6351508,161618.0,79225.0,56917.0,140330762821260.0,187.68699645996094
2018-02-15,212.3470001220703,237.8769989013672,211.1739959716797,225.42599487304688,2087289984,12450493537.01382,0.0768823,134.35835837,0.0017894958416968,4.76586614,234753.0,93736.0,63271.0,136308415046900.0,221.70599746704102
2018-02-16,225.5,236.08799743652344,212.32899475097656,230.12399291992188,1300089984,12713399808.96528,0.04526981,137.58651737,0.0014733139854587,4.76586614,162146.0,81520.0,56804.0,139638692446390.0,226.01024627685547
2018-02-17,229.5019989013672,233.4510040283203,225.60299682617188,229.46499633789065,863401024,12680368828.828371,0.05146847,139.02253763,0.0014616505409822,4.76586614,179969.0,87043.0,59355.0,140240157727870.0,229.5052490234375
2018-02-18,230.50900268554688,232.6439971923828,214.4579925537109,215.73599243164065,1011120000,11925008224.38248,0.05908709,144.23064696,0.0015545906144268,4.90195968,197451.0,93030.0,65378.0,146911179583765.0,223.3367462158203
2018-02-19,215.4149932861328,226.9669952392578,215.3769989013672,223.0570068359375,767596992,12332900636.399538,0.06304711,142.86709331,0.0015196420177815,4.90195968,216756.0,110279.0,72322.0,141815781182600.0,220.20399856567383
2018-02-20,223.0870056152344,253.8979949951172,222.5070037841797,232.8509979248047,1739670016,12877749264.029863,0.04973799,139.93571366,0.0016274088040037,4.90195968,168317.0,77148.0,58445.0,141315817416280.0,233.08575057983398
2018-02-21,230.947998046875,235.41000366210932,208.9250030517578,213.3520050048828,1195820032,11802501492.427624,0.04631561,144.33645321,0.0016700828894164,4.90195968,152160.0,70817.0,52232.0,142417018477330.0,222.15875244140625
2018-02-22,212.84100341796875,222.7680053710937,191.8099975585937,195.30799865722656,974379008,10807165565.0874,0.04047748,141.93421132,0.0015869138187039,4.93839819,141584.0,59613.0,44921.0,145161496447110.0,205.68175125122067
2018-02-23,194.1929931640625,216.1320037841797,184.07000732421875,209.3090057373047,1065680000,11585078070.702097,0.05455706,147.67621491,0.0018093448671643,4.93839819,189743.0,56608.0,43136.0,147019560121760.0,200.9260025024414
2018-02-24,210.63699340820312,220.3070068359375,197.88400268554688,209.4219970703125,937312000,11594280523.107004,0.0363598,143.0788131,0.0015032368278098,4.93839819,124250.0,51408.0,39468.0,143189930525840.0,209.5625
2018-02-25,208.1320037841797,225.5489959716797,202.3650054931641,220.4750061035156,1028590016,12209412746.288666,0.0305302,140.91566775,0.0015001852184936,5.03816953,104584.0,45695.0,35104.0,142854404462550.0,214.13025283813477
2018-02-26,222.13800048828125,234.41700744628903,218.73599243164065,220.9620056152344,1297080064,12239473864.803928,0.03859079,140.55877528,0.0016665158987783,5.03816953,121855.0,55685.0,41829.0,140955848365860.0,224.06325149536133
2018-02-27,221.7100067138672,224.20899963378903,215.84100341796875,216.5989990234375,856454016,12001002766.15028,0.03959061,145.88452396,0.0017076675153708,5.03816953,136503.0,58543.0,43101.0,148075784805970.0,219.58975219726562
2018-02-28,217.2790069580078,223.509994506836,202.7059936523437,202.8950042724609,761321984,11244609363.12708,0.04217906,144.95285934,0.0013915309368822,5.03816953,140563.0,63544.0,49067.0,144823986427970.0,211.5974998474121
2018-03-01,203.11900329589844,214.697998046875,201.54200744628903,209.75,678542016,11627581071.055077,0.05915788,145.59524404,0.0009901118743651,5.03351043,164887.0,90618.0,76794.0,143452526092410.0,207.27725219726562
2018-03-02,209.55499267578125,213.1289978027344,204.8800048828125,212.55599975585932,627142016,11786097442.480898,0.03832526,143.64088074,0.0013357134414851,5.03351043,129011.0,54531.0,41639.0,147645651213060.0,210.02999877929688
2018-03-03,213.83799743652344,217.76300048828125,209.53700256347656,210.6430053710937,681865984,11683229095.435007,0.03124723,149.10229071,0.001264560542644,5.03351043,117446.0,50077.0,36875.0,151988954431130.0,212.94525146484375
2018-03-04,210.23599243164065,214.1199951171875,205.363998413086,213.7989959716797,574675008,11861409374.54272,0.03109954,146.51992419,0.0013597869955826,5.07491173,115178.0,43904.0,32146.0,143207989542060.0,210.87974548339844
2018-03-05,213.7400054931641,215.97799682617188,209.24899291992188,211.1750030517578,594828992,11719137621.39594,0.03098366,150.08285861,0.0012494413460071,5.07491173,115930.0,50560.0,36716.0,156777693330480.0,212.5354995727539
2018-03-06,210.51300048828125,210.51300048828125,193.1569976806641,196.6009979248047,661078016,10913462403.610872,0.03111314,163.12728525,0.0012652552789757,5.07491173,128041.0,50735.0,37333.0,162195104370350.0,202.6959991455078
2018-03-07,196.8260040283203,199.2749938964844,175.64700317382812,185.8390045166016,755924992,10318907579.11488,0.03153812,157.80950342,0.001231294738812,5.44571275,123901.0,49475.0,36602.0,159862542670820.0,189.3967514038086
2018-03-08,185.697998046875,188.14700317382807,176.1739959716797,176.51100158691406,612508992,9803476728.602053,0.08516638,157.95150335,0.0019947921717423,5.44571275,244618.0,53521.0,40060.0,162757796020620.0,181.63249969482422
2018-03-09,176.4810028076172,189.9149932861328,160.42599487304688,187.16799926757807,943363968,10398081579.519758,0.03524456,153.98793781,0.0012202533976938,5.44571275,127268.0,53873.0,40501.0,153537371127490.0,178.49749755859375
2018-03-10,188.11300659179688,194.6479949951172,176.53599548339844,177.73199462890625,625808000,9876511551.717392,0.03179889,157.05713083,0.0012311305268928,5.44571275,118955.0,46318.0,34656.0,157297144962900.0,184.2572479248047
2018-03-11,177.51300048828125,193.4770050048828,172.47000122070312,188.9459991455078,669377984,10502282358.51849,0.03017831,158.46779581,0.0013039935894769,5.51783506,101950.0,38168.0,28851.0,158806450673752.0,183.10150146484375
2018-03-12,189.01600646972656,193.33999633789065,175.875,178.23399353027344,567628992,9909571128.586489,0.03089987,160.23046421,0.0013756365840418,5.51783506,111398.0,40752.0,30580.0,164879186748860.0,184.11624908447266
2018-03-13,177.5970001220703,181.8699951171875,172.2570037841797,175.78199768066406,468094016,9776000754.5263,0.03678951,168.46286823,0.0014523101653311,5.51783506,115400.0,41660.0,31573.0,167032843685860.0,176.8764991760254
2018-03-14,175.93699645996094,177.5469970703125,158.6300048828125,161.1009979248047,480652992,8961736246.755302,0.03280181,163.94048332,0.001179040258205,5.67197249,99592.0,42570.0,32145.0,162564696348360.0,168.30374908447266
2018-03-15,161.20199584960938,167.33200073242188,151.47900390625,164.4759979248047,564609024,9151831359.161024,0.03969009,157.83371059,0.0012843028457831,5.67197249,123228.0,48373.0,37350.0,159918918656070.0,161.12224960327148
2018-03-16,164.81700134277344,171.25799560546875,158.99099731445312,165.4499969482422,436628000,9208603301.14277,0.03109981,169.47698677,0.0012069205556567,5.67197249,106214.0,43180.0,32934.0,170114961396090.0,165.12899780273438
2018-03-17,165.18800354003906,165.21800231933594,151.05799865722656,152.968994140625,403808992,8516204571.411768,0.03146387,173.8959757,0.0012233141028505,5.67197249,109647.0,38566.0,29538.0,170562471648110.0,158.60824966430664
2018-03-18,152.53700256347656,156.1540069580078,138.01800537109375,154.07400512695312,595955008,8579834213.512593,0.03433734,160.85507563,0.0011809306194178,5.77105092,101440.0,40046.0,31126.0,161005049016170.0,150.1957550048828
2018-03-19,155.47500610351562,163.0489959716797,151.66299438476562,161.14199829101562,504832992,8975785745.58795,0.03490644,163.22267671,0.0012381992892779,5.77105092,115571.0,42899.0,32671.0,167236564956020.0,157.83224868774414
2018-03-20,161.52099609375,173.3000030517578,156.81500244140625,168.81700134277344,492892000,9405702505.93077,0.03159235,166.30267784,0.0012497034967741,5.77105092,106881.0,42038.0,31775.0,164176820036140.0,165.11325073242188
2018-03-21,169.5570068359375,175.26100158691406,166.61500549316406,169.052001953125,462536000,9421185115.860874,0.03235476,164.41325519,0.0011945394829435,5.72123162,113325.0,44237.0,32627.0,164381524685650.0,170.12125396728516
2018-03-22,168.72300720214844,172.30599975585938,161.11300659179688,163.6719970703125,404996992,9123847753.90625,0.02815736,170.83813009,0.0012240703547854,5.72123162,108430.0,39744.0,29088.0,170863446582270.0,166.4535026550293
2018-03-23,163.57699584960938,167.83200073242188,157.26300048828125,167.83200073242188,348056000,9358419307.62988,0.02799785,177.85209077,0.0012547353071666,5.72123162,106368.0,37468.0,27949.0,175437979264940.0,164.1259994506836
2018-03-24,168.53399658203125,168.6529998779297,159.63099670410156,159.63099670410156,290270016,8903665890.406916,0.02467829,183.04418288,0.0010811594855713,6.12340913,94654.0,37217.0,28381.0,186455155358240.0,164.11224746704102
2018-03-25,158.86399841308594,162.7209930419922,157.52000427246094,160.08399963378906,241431008,8931254603.924969,0.02446846,182.98346595,0.0012414139710241,6.12340913,85727.0,32120.0,23951.0,183020950723810.0,159.79724884033203
2018-03-26,160.1649932861328,160.99400329589844,143.1230010986328,149.2209930419922,407135008,8327463637.165713,0.02712313,187.23529366,0.0012849384086879,6.12340913,103615.0,36265.0,27072.0,188393125297190.0,153.37574768066406
2018-03-27,148.96099853515625,149.62100219726562,135.7790069580078,135.7790069580078,385104000,7579314035.497661,0.02902796,179.91859563,0.0011556851056111,6.12340913,101541.0,40423.0,31152.0,176123328831370.0,142.53500366210938
2018-03-28,135.49000549316406,140.125,131.03399658203125,131.7469940185547,328374016,7356261450.705468,0.02679286,185.43357855,0.0012194322368823,6.39743316,100897.0,38267.0,29407.0,196376002590280.0,134.5989990234375
2018-03-29,131.9250030517578,132.61000061035156,113.93399810791016,114.6790008544922,476804000,6404898754.07528,0.03513796,186.46089601,0.0013527501885703,6.39743316,114116.0,40764.0,31182.0,189011501141390.0,123.28700065612793
2018-03-30,114.8040008544922,124.9020004272461,110.25700378417967,118.5979995727539,468439008,6625522868.863041,0.03093539,187.87181934,0.0011960857758315,6.39743316,108201.0,40103.0,31057.0,187668784200460.0,117.14025115966797
2018-03-31,118.63700103759766,123.87200164794922,116.18399810791016,116.60700225830078,295439008,6516161891.123667,0.02501785,195.36108969,0.0011543539935981,6.69085518,90986.0,34528.0,26555.0,204114036507900.0,118.82500076293945
2018-04-01,116.90499877929688,117.83300018310548,110.52300262451172,115.22200012207033,274182016,6440467892.124349,0.02226438,198.78739954,0.0011340744112197,6.69085518,80470.0,29466.0,23209.0,195235219251910.0,115.1207504272461
2018-04-02,115.23699951171876,121.41600036621094,114.71900177001952,119.30599975585938,271703008,6670555657.038032,0.02696729,203.36236668,0.0014402609925014,6.69085518,96245.0,30594.0,23738.0,207863093207800.0,117.66950035095215
2018-04-03,119.50900268554688,136.44700622558594,118.58399963378906,134.47000122070312,375408992,7520302648.022062,0.03943397,194.80260546,0.0014711689317903,6.69085518,108508.0,34937.0,27738.0,189741430564400.0,127.25250244140625
2018-04-04,133.9080047607422,134.61000061035156,116.58300018310548,118.41200256347656,380351008,6624014815.482789,0.02911702,195.94523867,0.0012247381408827,6.8026261,103971.0,37705.0,29159.0,203868572769360.0,125.87825202941895
2018-04-05,118.20899963378906,121.28700256347656,114.46800231933594,119.13099670410156,294022016,6665959948.92701,0.02434203,199.36937254,0.0010935920867421,6.8026261,85396.0,35012.0,26769.0,204640194552060.0,118.27375030517578
2018-04-06,118.81500244140624,119.93399810791016,112.78700256347656,113.15499877929688,233190000,6333432384.689254,0.02696564,207.71029304,0.0013037083805151,6.8026261,101034.0,35735.0,27447.0,211856109132320.0,116.17275047302246
2018-04-07,113.13500213623048,119.37999725341795,113.09500122070312,116.26000213623048,211470000,6508919061.411194,0.02570688,206.1230435,0.0012668222833499,7.19291663,99662.0,31071.0,24048.0,210828598825910.0,115.46750068664551
2018-04-08,116.29100036621094,118.5500030517578,115.9469985961914,117.6709976196289,194664000,6589541553.314989,0.023364,202.90329927,0.0011744190219019,7.19291663,87833.0,26709.0,21368.0,200556111138240.0,117.11474990844727
2018-04-09,117.78299713134766,122.4260025024414,113.3249969482422,114.98999786376952,260171008,6441101641.99525,0.02936935,208.91983339,0.0012925144872054,7.19291663,91822.0,31357.0,24659.0,207584896182250.0,117.1309986114502
2018-04-10,115.21299743652344,115.4000015258789,112.51799774169922,114.26300048828124,202879008,6402059065.22243,0.02756173,208.81406128,0.0012377752917148,7.23213894,101550.0,33250.0,25950.0,213766316714020.0,114.3484992980957
2018-04-11,114.28900146484376,119.09400177001952,113.33000183105467,118.29100036621094,230068992,6629292354.055319,0.03243879,204.22754735,0.0012676348750856,7.23213894,103588.0,35733.0,27739.0,195906059485480.0,116.25100135803223
2018-04-12,118.29199981689452,129.3350067138672,113.5510025024414,129.3350067138672,587510976,7250048798.269685,0.03200507,196.9008061,0.0011201380770576,7.23213894,99556.0,39588.0,31431.0,202167128185360.0,122.62825393676758
2018-04-13,129.2740020751953,133.0399932861328,124.05599975585938,125.35399627685548,458040000,7028752557.88849,0.03355918,213.37148882,0.0011377097133309,7.23213894,110271.0,43800.0,34116.0,213061529935090.0,127.93099784851074
2018-04-14,125.2239990234375,129.33900451660156,124.76699829101562,126.29399871826172,258806000,7083436840.974619,0.02855946,214.23093346,0.0012346740811013,7.13573107,104233.0,36571.0,28039.0,217815074403510.0,126.4060001373291
2018-04-15,126.66899871826172,132.0449981689453,126.66899871826172,132.0449981689453,274427008,7408005110.614426,0.02608655,219.64867106,0.0012439272051872,7.13573107,97671.0,32210.0,24753.0,214360306968120.0,129.35699844360352
2018-04-16,131.96800231933594,132.62600708007812,125.23799896240234,128.3350067138672,290855008,7201710960.154404,0.03204829,218.36330167,0.0012415815609595,7.13573107,113388.0,35939.0,27387.0,213640461420370.0,129.5417537689209
2018-04-17,128.7100067138672,139.6529998779297,128.7100067138672,132.92799377441406,532336000,7461342950.557163,0.03396127,201.1204014,0.001191458095477,7.30940189,107445.0,39333.0,29892.0,204185548273610.0,132.50025177001953
2018-04-18,132.3769989013672,140.85299682617188,132.3769989013672,139.9969940185547,381161984,7860217087.164756,0.04125076,210.16645465,0.0014569491644176,7.30940189,115369.0,38183.0,28902.0,215685597395020.0,136.40099716186523
2018-04-19,140.04100036621094,146.86700439453125,138.95799255371094,146.3000030517578,408736000,8216436773.634047,0.02859151,227.70643473,0.0014962082351391,7.30940189,103670.0,39905.0,30365.0,232446978726440.0,143.04150009155273
2018-04-20,146.50100708007812,155.7239990234375,143.843994140625,155.53700256347656,491945984,8737556202.592955,0.03339689,220.67680184,0.0011855457575029,7.30940189,117718.0,44146.0,33287.0,218312351126300.0,150.4015007019043
2018-04-21,155.68499755859375,156.61000061035156,142.17799377441406,148.9340057373047,482924000,8368846419.887352,0.03184133,223.54492861,0.0010892391978881,7.70807231,113316.0,41138.0,31442.0,236743496071030.0,150.85174942016602
2018-04-22,148.60800170898438,152.22999572753906,145.31399536132812,146.7740020751953,338735008,8249841799.661387,0.02508739,240.2435823,0.0011367457118585,7.70807231,97936.0,33552.0,25897.0,240790706566280.0,148.23149871826172
2018-04-23,146.6719970703125,152.76800537109375,146.6699981689453,152.2519989013672,376060000,8560052764.703828,0.02957039,242.84323888,0.0011897609081298,7.70807231,111269.0,39227.0,29324.0,239437537365430.0,149.5904998779297
2018-04-24,152.5749969482422,165.9429931640625,152.5749969482422,165.781005859375,643558016,9323341537.79234,0.03416286,246.55840948,0.001163905325263,8.37678451,122174.0,46305.0,34695.0,261227772907370.0,159.21849822998047
2018-04-25,165.08700561523438,165.08700561523438,142.59300231933594,144.76400756835938,613467008,8143321700.077526,0.04055543,240.91229891,0.0011428101556642,8.37678451,126990.0,49041.0,36810.0,237372797528670.0,154.38275527954102
2018-04-26,144.69900512695312,153.822998046875,142.64300537109375,153.6790008544922,412436992,8647056340.82695,0.03130884,230.69931051,0.0010745045743403,8.37678451,107651.0,40144.0,30811.0,232006230598110.0,148.71100234985352
2018-04-27,153.44400024414062,153.61900329589844,145.90499877929688,145.90499877929688,386742016,8211707567.304812,0.03338457,239.61362224,0.0010827916312691,8.32906475,116790.0,41242.0,31264.0,237976344265010.0,149.7182502746582
2018-04-28,145.74200439453125,153.3260040283203,145.74200439453125,152.29600524902344,337116992,8573629886.190661,0.03125191,243.70327908,0.0011153365905079,8.32906475,110853.0,38876.0,30025.0,248995923899540.0,149.27650451660156
2018-04-29,152.1649932861328,155.62100219726562,148.89700317382812,153.63099670410156,388081984,8651159933.296368,0.0302707,249.84788311,0.0011271779364106,8.32906475,113731.0,38765.0,29376.0,256733094975940.0,152.57849884033203
2018-04-30,153.64700317382812,154.08099365234375,147.87100219726562,148.4770050048828,341396992,8363353035.775352,0.02954005,258.49501018,0.0011183383281392,8.32906475,117359.0,41201.0,31767.0,264894902749070.0,151.01900100708008
2018-05-01,148.343994140625,148.5449981689453,143.93899536132812,148.48800659179688,342152000,8366124084.028313,0.03386528,264.74290153,0.0011070895135255,9.00619953,118294.0,41753.0,31533.0,273644025850440.0,147.32899856567383
2018-05-02,148.44500732421875,152.88699340820312,146.98399353027344,151.57699584960938,354656992,8542404219.859445,0.0369077,256.78914956,0.0011430706803995,9.00619953,114322.0,44636.0,32040.0,262867970324580.0,149.97324752807617
2018-05-03,151.85899353027344,163.9969940185547,151.01199340820312,161.45899963378906,617984000,9101606657.056704,0.04661322,253.54309265,0.0012394095785992,9.00619953,127253.0,46225.0,35382.0,250488355453030.0,157.08174514770508
2018-05-04,160.468994140625,170.3780059814453,157.93699645996094,168.78799438476562,633054976,9517210982.52462,0.03944663,258.02342327,0.001086642456365,8.99993329,121661.0,48401.0,37470.0,264873644355940.0,164.39299774169922
2018-05-05,168.35000610351562,181.6280059814453,168.35000610351562,177.76199340820312,741246016,10025980995.256603,0.03722961,273.86953166,0.0011418376838267,8.99993329,125427.0,44778.0,34557.0,277313359974950.0,174.02250289916992
2018-05-06,178.02099609375,182.88299560546875,166.1750030517578,171.8000030517578,626270016,9692531837.0955,0.02979259,288.43604953,0.0011672199737902,8.99993329,113760.0,41852.0,30523.0,288470924470680.0,174.7197494506836
2018-05-07,171.75900268554688,171.91700744628906,158.92999267578125,164.87899780273438,573281024,9304597468.391315,0.03428961,282.23621691,0.0011993568382955,9.75880116,114337.0,39228.0,30531.0,289442216829350.0,166.8712501525879
2018-05-08,164.8300018310547,167.9810028076172,158.1580047607422,159.61700439453125,466308992,9009990068.227633,0.03450047,283.69258951,0.0011645519919923,9.75880116,117759.0,42113.0,32219.0,287784462831520.0,162.64650344848633
2018-05-09,159.61700439453125,159.61700439453125,152.59800720214844,157.05499267578125,448136000,8867589097.632095,0.03586748,279.69737099,0.0011378312871987,9.75880116,117306.0,40458.0,31083.0,280464918097520.0,157.22175216674805
2018-05-10,157.1510009765625,160.33599853515625,149.33700561523438,149.86900329589844,426694016,8464216292.280725,0.03039124,296.74099674,0.0011694007641975,9.75880116,109078.0,41954.0,32400.0,300752648149240.0,154.1732521057129
2018-05-11,149.44500732421875,149.44500732421875,134.7259979248047,137.11700439453125,530416000,7745947037.985478,0.03700066,291.30336064,0.001048927185358,9.97681458,120114.0,43286.0,33848.0,285714783088610.0,142.68325424194336
2018-05-12,137.2570037841797,144.41900634765625,132.58799743652344,141.8820037841797,410184992,8017218742.719073,0.03139578,289.65058751,0.001026699693742,9.97681458,111215.0,40059.0,31640.0,298405010916410.0,139.03650283813477
2018-05-13,141.79800415039062,147.24600219726562,137.65499877929688,144.58799743652344,383224000,8172452407.89803,0.02425236,300.71117776,0.0009812921794343,9.97681458,92413.0,34288.0,26695.0,306800107527530.0,142.82175064086914
2018-05-14,144.62399291992188,152.15499877929688,136.07200622558594,147.71400451660156,584222016,8351180601.666446,0.03661868,297.68089716,0.001149890275831,10.42096192,118066.0,40306.0,31106.0,299815423389310.0,145.14125061035156
2018-05-15,147.48800659179688,149.38299560546875,138.57000732421875,139.8800048828125,415984992,7910328587.14636,0.03398771,289.98614078,0.0010939699325713,10.42096192,109461.0,43323.0,33072.0,292733405063600.0,143.83025360107422
2018-05-16,139.64999389648438,140.6510009765625,135.27699279785156,139.26800537109375,351689984,7877842535.274381,0.03360666,305.23060259,0.0011539489215102,10.42096192,115655.0,41370.0,31915.0,313934023927800.0,138.71149826049805
2018-05-17,139.5590057373047,141.16600036621094,131.95199584960938,132.7729949951172,320248992,7512384412.922873,0.03160866,312.15537458,0.0010978254890492,10.42096192,109118.0,40198.0,31459.0,311899052802090.0,136.36249923706055
2018-05-18,132.70399475097656,137.05499267578125,129.7030029296875,136.0570068359375,371688000,7700196195.1512,0.03267944,306.01648927,0.0011471849085995,10.63546963,116248.0,40367.0,31455.0,317142457595040.0,133.8797492980957
2018-05-19,135.96499633789062,137.50100708007812,133.87100219726562,135.32000732421875,310963008,7660367724.089956,0.03345096,297.96308099,0.0011084256034542,10.63546963,114733.0,36974.0,28950.0,294322426093210.0,135.66425323486328
2018-05-20,135.27200317382812,140.31500244140625,133.79400634765625,139.697998046875,324983008,7910226317.508462,0.02478605,293.3988084,0.0009886491145955,10.63546963,87624.0,32570.0,25638.0,303564926543340.0,137.2697525024414
2018-05-21,139.6439971923828,139.6439971923828,133.9340057373047,134.50900268554688,308376992,7618477496.253057,0.03022766,323.11354085,0.0011094001025932,10.65980426,114866.0,38095.0,29924.0,322907691083400.0,136.9327507019043
2018-05-22,134.25999450683594,135.60499572753906,128.33200073242188,128.67599487304688,294447008,7289977261.748216,0.0349117,310.5687675,0.0010897007840029,10.65980426,116536.0,42848.0,32181.0,311542572971030.0,131.71824645996094
2018-05-23,128.80799865722656,129.33200073242188,117.3499984741211,119.31400299072266,373329984,6761366066.133226,0.03418754,322.76224919,0.0010716603968799,10.65980426,128232.0,43001.0,33461.0,324693048900110.0,123.70100021362305
2018-05-24,119.19499969482422,124.37100219726562,115.88999938964844,122.61299896240234,345857984,6950268088.153776,0.03008427,333.25067867,0.000982793236576,11.30795263,120367.0,43117.0,33727.0,342883696551720.0,120.51725006103516
2018-05-25,122.55899810791016,124.2020034790039,117.8209991455078,119.44200134277344,297743008,6772147959.25714,0.03298466,316.877932,0.0010867346470665,11.30795263,110418.0,38643.0,30374.0,318053468747770.0,121.00600051879883
2018-05-26,119.3499984741211,122.2509994506836,117.86799621582033,118.2770004272461,275851008,6707708158.074619,0.03130484,310.75251084,0.0013276073076444,11.30795263,114355.0,31678.0,24109.0,310316327953480.0,119.43649864196777
2018-05-27,118.50399780273438,118.8479995727539,116.98600006103516,117.99199676513672,258727008,6693256843.155085,0.03608291,312.18321682,0.0015576271549648,11.30795263,101643.0,27099.0,21592.0,312342427634090.0,118.08249855041504
2018-05-28,117.93000030517578,119.08300018310548,111.47599792480467,111.5979995727539,295723008,6332124802.014043,0.02949359,315.2303628,0.0011949885188071,10.92329171,103013.0,31104.0,24379.0,312053443800890.0,115.02174949645996
2018-05-29,111.84400177001952,121.96299743652344,110.90299987792967,119.56800079345705,350520000,6786039952.466706,0.03051989,313.86094175,0.0012475416379245,10.92329171,106868.0,34138.0,26790.0,311213024588530.0,116.06949996948242
2018-05-30,119.54000091552734,122.3759994506836,116.01699829101562,117.53299713134766,305275008,6672084697.997799,0.03535281,295.0703728,0.0013407481330088,10.92329171,110583.0,34358.0,26299.0,295109100838530.0,118.86649894714355
2018-05-31,117.31800079345705,120.59400177001952,116.63800048828124,118.0739974975586,297183008,6704419253.227225,0.0326412,290.70984306,0.0011497812987786,10.92329171,100956.0,35018.0,26856.0,284733156039220.0,118.1560001373291
2018-06-01,118.02799987792967,120.1959991455078,117.11599731445312,119.91500091552734,290886016,6810591622.875645,0.03080813,295.24749083,0.0011317062489356,10.45067724,101981.0,34975.0,27011.0,295075804098170.0,118.81374931335449
2018-06-02,119.8280029296875,123.8939971923828,118.95500183105467,123.30699920654295,310800000,7005024477.371426,0.02778778,289.54077923,0.0010779361749571,10.45067724,94365.0,30467.0,23903.0,293402107614810.0,121.49600028991699
2018-06-03,123.28500366210938,127.36799621582033,122.36599731445312,125.5,322787008,7114869765.47383,0.02495152,289.01551506,0.0010682013434738,10.45067724,91338.0,29105.0,22747.0,289647218440630.0,124.6297492980957
2018-06-04,125.21099853515624,126.32599639892578,118.72799682617188,119.90299987792967,299780992,6814955798.84073,0.02937501,292.53142905,0.0011849782393661,10.12034803,103403.0,30943.0,23980.0,287819584444710.0,122.5419979095459
2018-06-05,119.89600372314452,122.00599670410156,116.44200134277344,121.70099639892578,300892000,6919044155.307285,0.02423062,302.06420226,0.0010631415086798,10.12034803,97709.0,32617.0,25519.0,308819775749670.0,120.01124954223633
2018-06-06,121.88800048828124,122.13800048828124,118.55599975585938,121.18299865722656,324158016,6891523911.624556,0.02411784,319.52572384,0.0010461073591643,10.12034803,95847.0,33206.0,26041.0,320986798529730.0,120.94124984741211
2018-06-07,121.33899688720705,123.1780014038086,119.62100219726562,121.4260025024414,365670016,6907225767.058792,0.02409862,315.46749478,0.0010320720165047,10.12034803,95609.0,32225.0,25326.0,329642553071650.0,121.39100074768066
2018-06-08,121.51599884033205,121.9459991455078,118.70500183105467,120.08399963378906,285831008,6832720258.742492,0.02548298,322.00262877,0.0010325268870941,10.95627286,96269.0,30994.0,25012.0,330960277583620.0,120.5627498626709
2018-06-09,120.10800170898438,121.0250015258789,117.74099731445312,117.74099731445312,242235008,6701048968.85056,0.02387683,309.13921548,0.0009996481068896,10.95627286,88902.0,28573.0,22846.0,305977013425100.0,119.15374946594238
2018-06-10,117.56199645996094,117.56199645996094,104.08200073242188,107.04399871826172,399889984,6093826708.164745,0.03073058,313.09785599,0.0012425576993795,10.95627286,86348.0,26696.0,22081.0,323943213052000.0,111.56249809265137
2018-06-11,106.54100036621094,108.84700012207033,104.1240005493164,107.51599884033205,331430016,6122170330.545194,0.03123786,307.18665611,0.000997425273563,10.96523272,104657.0,36101.0,28933.0,302337685499320.0,106.75699996948242
2018-06-12,107.4280014038086,108.05799865722656,99.37460327148438,100.7519989013672,333163008,5738490254.607899,0.02912948,311.73550681,0.0010592365709861,10.96523272,96498.0,33578.0,26477.0,316114854071570.0,103.90315055847168
2018-06-13,100.79900360107422,100.947998046875,91.28849792480467,94.07559967041016,360492992,5359644668.248984,0.02997283,326.89814802,0.00107221508298,10.96523272,96317.0,35132.0,27838.0,329273160085980.0,96.77777481079102
2018-06-14,93.9936981201172,102.41699981689452,93.61160278320312,101.15399932861328,367742016,5764322336.908291,0.03329823,309.9556206,0.0010879990915295,10.96523272,105778.0,35907.0,27838.0,307900370664130.0,97.79407501220703
2018-06-15,101.11499786376952,101.11499786376952,95.59950256347656,96.6760025024414,293284992,5510460940.210958,0.03060698,300.89673316,0.0010479745601769,11.00397176,101357.0,32496.0,25317.0,298769646418620.0,98.62637519836426
2018-06-16,96.57839965820312,98.34639739990234,93.97059631347656,97.5770034790039,259324992,5563120937.414905,0.02497407,298.87589868,0.0010345724392523,11.00397176,86059.0,27498.0,21400.0,297223137103020.0,96.61809921264648
2018-06-17,97.71759796142578,98.6572036743164,95.53299713134766,96.10260009765624,242331008,5480462423.399089,0.01982623,310.18184488,0.0010095143577743,11.00397176,80759.0,24371.0,19230.0,319153400234450.0,97.00259971618652
2018-06-18,95.77349853515624,99.81340026855467,93.91000366210938,98.81900024414062,282937984,5636758427.560838,0.026193,308.74414153,0.0011078981693506,10.68487348,86021.0,26176.0,20927.0,303353641211240.0,97.07897567749023
2018-06-19,98.72730255126952,100.81999969482422,97.39830017089844,98.83769989013672,284982016,5639235692.07429,0.02643159,298.70184036,0.0010451187903517,10.68487348,93082.0,31993.0,24875.0,302694185539290.0,98.94582557678223
2018-06-20,98.956298828125,99.20459747314452,95.96710205078124,97.99349975585938,261392000,5592438020.15592,0.02555674,299.07042761,0.0010532143333333,10.68487348,88870.0,29332.0,23580.0,299998753925410.0,98.03037452697754
2018-06-21,97.8812026977539,98.86949920654295,96.36489868164062,96.92549896240234,261544000,5532895182.63264,0.02682385,301.53650951,0.0010320337893656,10.68487348,91698.0,30498.0,24355.0,302495690837830.0,97.51027488708496
2018-06-22,96.94110107421876,97.12370300292967,81.3958969116211,85.07589721679688,458636992,4857692049.050356,0.03039141,303.32865683,0.001034161021104,10.55491414,101506.0,34151.0,26393.0,309680928138590.0,90.1341495513916
2018-06-23,85.09300231933594,86.36119842529297,81.64299774169922,82.60369873046875,439203008,4717740365.842027,0.02404363,300.85769278,0.0009268460290566,10.55491414,82199.0,32497.0,24848.0,298176708368350.0,83.92522430419922
2018-06-24,82.73909759521484,83.38860321044922,74.28810119628906,80.777099609375,449884992,4614506486.713572,0.02637528,297.39206403,0.0011044190730536,10.55491414,84987.0,27804.0,22504.0,292300122938220.0,80.29822540283203
2018-06-25,80.3666000366211,86.0728988647461,79.02050018310547,81.8333969116211,458366016,4676031601.763515,0.02611038,295.53418445,0.0010694842668164,10.45723736,88821.0,29921.0,24039.0,303904120356290.0,81.82334899902344
2018-06-26,81.81520080566406,82.497802734375,76.85369873046875,76.86669921875,258432992,4393320909.440124,0.02525378,294.30721706,0.0010177497963322,10.45723736,86760.0,29555.0,23666.0,295531732768380.0,79.50835037231445
2018-06-27,76.93199920654297,81.33930206298828,75.86299896240234,80.65969848632812,274128000,4611161273.053566,0.0337772,282.51436006,0.0011392414677799,10.45723736,100614.0,30731.0,25031.0,273841798223682.0,78.69849967956543
2018-06-28,80.62570190429688,81.03910064697266,74.43920135498047,74.92980194091797,263414000,4284540399.0356064,0.05421349,266.55612277,0.0010912875120987,10.45723736,141842.0,31109.0,24796.0,265736182234200.0,77.75845146179199
2018-06-29,74.80889892578125,80.17849731445312,73.17269897460938,78.7688980102539,309339008,4505244229.133007,0.02636722,285.71242481,0.0010007068920371,9.77363507,91329.0,32574.0,26046.0,287297518908170.0,76.73224830627441
2018-06-30,78.94660186767578,83.24430084228516,78.94660186767578,81.3740005493164,276550016,4655518460.716256,0.02449377,301.08051687,0.0009123762374884,9.77363507,91295.0,33403.0,27075.0,304816775153950.0,80.62787628173828
2018-07-01,81.50399780273438,81.60749816894531,78.36109924316406,80.2428970336914,343401984,4591943916.135117,0.02354251,287.56215336,0.0010998711454731,9.77363507,81720.0,27043.0,20533.0,280660201651750.0,80.42887306213379
2018-07-02,80.2677001953125,86.2708969116211,78.68820190429688,85.2571029663086,302471008,4880024922.617107,0.02820384,265.79839911,0.0010985181606012,9.86996939,87488.0,28513.0,22752.0,265738964546900.0,82.62097549438477
2018-07-03,85.38780212402344,89.27680206298828,84.73490142822266,85.10130310058594,343900992,4872255973.135017,0.03482967,263.55751378,0.0010471311891399,9.86996939,104588.0,32715.0,26372.0,262619986266700.0,86.12520217895508
2018-07-04,85.17279815673828,89.11620330810547,84.02140045166016,85.49400329589844,282222016,4895850433.925902,0.03018266,257.98433503,0.0011353465205876,9.86996939,90420.0,31087.0,24165.0,259151230445432.0,85.95110130310059
2018-07-05,85.6531982421875,86.67050170898438,82.54190063476562,83.76000213623047,306121984,4797718478.577809,0.02584214,264.10404058,0.0010464190627285,9.86996939,85811.0,29867.0,24614.0,266852974648010.0,84.65640068054199
2018-07-06,83.8373031616211,84.59649658203125,81.32140350341797,83.37809753417969,253160000,4776975088.428975,0.02696001,263.17428744,0.0010299955469313,9.23246999,87354.0,29368.0,23577.0,258314768268160.0,83.2833251953125
2018-07-07,83.404296875,86.20189666748047,80.7020034790039,86.20189666748047,238936992,4940071224.648861,0.02334359,275.2658245,0.0009824267115084,9.23246999,85371.0,29875.0,24382.0,276329842530050.0,84.12752342224121
2018-07-08,86.26229858398438,86.6781005859375,82.18199920654297,82.39600372314453,239655008,4723179941.541281,0.02903266,272.71295106,0.0012080439903055,9.23246999,88356.0,29454.0,23725.0,273027398084860.0,84.37960052490234
2018-07-09,82.54409790039062,83.25779724121094,80.74800109863281,80.85759735107422,263326000,4636271538.612379,0.02633752,284.85086573,0.000623895066966,9.68385181,90039.0,30567.0,24938.0,293249993229430.0,81.85187339782715
2018-07-10,80.78230285644531,80.88269805908203,75.38349914550781,76.08350372314453,321614016,4363527790.736289,0.03529267,267.09611052,0.0011102989843014,9.68385181,95051.0,32322.0,26563.0,267281175788180.0,78.28300094604492
2018-07-11,76.12989807128906,80.7968978881836,76.07430267333984,78.69989776611328,284915008,4514680627.996821,0.02763427,259.97383942,0.0010052539556316,9.68385181,89363.0,30012.0,24522.0,258915731105470.0,77.92524909973145
2018-07-12,78.59410095214844,78.59410095214844,75.31060028076172,76.80860137939453,267396992,4407287148.259572,0.02590795,269.18612863,0.0010816622208178,9.68385181,86115.0,30426.0,24527.0,275808105367760.0,77.32685089111328
2018-07-13,77.29209899902344,78.43460083007812,76.10759735107422,76.94249725341797,256038000,4416068464.1654,0.02574478,273.25828043,0.0010385264885925,9.30836572,84217.0,27847.0,23099.0,267727921757050.0,77.19419860839844
2018-07-14,76.97329711914062,77.54180145263672,76.17849731445312,76.72239685058594,197776000,4404534982.102516,0.02542934,270.1471674,0.0010344649234967,9.30836572,88801.0,27875.0,22352.0,271682833687260.0,76.8539981842041
2018-07-15,76.70459747314453,79.64920043945312,76.0155029296875,78.93900299072266,230467008,4532993307.69776,0.02229914,276.94446815,0.0011177537033398,9.30836572,77822.0,24554.0,20360.0,278421663891440.0,77.82707595825195
2018-07-16,78.95960235595703,84.59590148925781,78.21479797363281,84.59590148925781,307904000,4859146283.634855,0.0242472,283.44249172,0.0009895258555827,9.69324291,85010.0,29191.0,24083.0,292772076629730.0,81.59155082702637
2018-07-17,84.30149841308594,90.30970001220705,82.99949645996094,89.80609893798828,341836000,5159807169.445227,0.02797464,295.86894477,0.0010962799455989,9.69324291,93989.0,31442.0,25551.0,303285771093360.0,86.85419845581055
2018-07-18,89.82150268554688,93.64990234375,86.02780151367188,86.96209716796875,375428992,4997683461.67832,0.03037141,287.45314092,0.001013385962808,9.69324291,97848.0,36201.0,28931.0,285191581104570.0,89.11532592773438
2018-07-19,86.89820098876953,88.82939910888672,85.78849792480469,86.6677017211914,307785984,4982042999.445711,0.0262717,281.48759071,0.0010050442304583,9.69324291,92612.0,32136.0,25983.0,283220122253080.0,87.04594993591309
2018-07-20,86.68199920654297,86.68199920654297,82.42109680175781,82.75460052490234,287448000,4758284017.784337,0.02819278,278.37937446,0.0009583401302757,10.02164622,97319.0,38935.0,26252.0,284723501097360.0,84.63492393493652
2018-07-21,82.6583023071289,85.24500274658203,80.67120361328125,84.46389770507812,246152992,4857668680.720535,0.0267685,269.35694542,0.0009470754398594,10.02164622,93114.0,37296.0,23337.0,264195594729430.0,83.25960159301758
2018-07-22,84.2645034790039,84.63050079345703,82.87190246582031,83.15619659423828,245916992,4783522788.551285,0.02367285,257.43691872,0.0009411798145177,10.02164622,77113.0,23972.0,19948.0,263182427594330.0,83.73077583312988
2018-07-23,83.23149871826172,86.05460357666016,82.31410217285156,82.43319702148438,296071008,4743136088.313333,0.02753678,272.85253574,0.001047204831992,10.02164622,91343.0,29781.0,24106.0,281187165869720.0,83.50835037231445
2018-07-24,82.68299865722656,89.28520202636719,81.93199920654297,89.28520202636719,440572992,5138896855.908629,0.02507193,310.36814624,0.0009917346981913,9.51070749,94280.0,32795.0,27534.0,313267188545490.0,85.79635047912598
2018-07-25,88.6572036743164,89.92240142822266,85.41130065917969,86.28170013427734,310156992,4967265518.036642,0.0281398,292.38005922,0.0010018991409675,9.51070749,92986.0,33016.0,27368.0,278833117337190.0,87.56815147399902
2018-07-26,86.2771987915039,88.02220153808594,83.1865005493164,84.02749633789062,286579008,4838832612.484142,0.02653226,292.84168896,0.0010598540664428,9.51070749,100028.0,30906.0,25917.0,303023167393730.0,85.37834930419922
2018-07-27,83.7300033569336,85.21829986572266,82.04399871826172,84.4636001586914,358798016,4865166716.91612,0.02672743,294.35723607,0.0009798305669208,10.44998195,87330.0,29404.0,24783.0,304063449596140.0,83.86397552490234
2018-07-28,84.53690338134766,84.62809753417969,82.83110046386719,83.6240005493164,279804992,4817963342.08803,0.02426151,286.64715301,0.0009455917887212,10.44998195,82432.0,27050.0,22804.0,284188471819300.0,83.90502548217773
2018-07-29,84.0541000366211,85.20709991455078,83.38459777832031,84.08409881591797,276696000,4845697245.615073,0.02216915,301.1400709,0.0010167366863704,10.44998195,79097.0,24065.0,20639.0,306757299869500.0,84.18247413635254
2018-07-30,84.15399932861328,84.71289825439453,80.60040283203125,82.84989929199219,313998000,4775662140.524268,0.02808575,288.33122632,0.0010229353397811,10.07020187,83665.0,27794.0,23574.0,281253456608970.0,83.07929992675781
2018-07-31,82.68930053710938,82.93949890136719,76.8104019165039,79.70230102539062,319362000,4595212461.58612,0.03420784,259.1657548,0.0010529727291394,10.07020187,92819.0,31849.0,26785.0,245526943560040.0,80.53537559509277
2018-08-01,80.39080047607422,80.7334976196289,76.40149688720703,77.85559844970703,301530000,4489684544.689512,0.03098948,244.10623867,0.0011369578420931,10.07020187,89956.0,31398.0,26104.0,252499090812310.0,78.8453483581543
2018-08-02,77.71420288085938,78.53800201416016,75.61470031738281,76.13880157470703,285466000,4391766757.466534,0.0279635,261.06191806,0.0010017846669503,10.07020187,86992.0,30414.0,25852.0,269383881528310.0,77.00142669677734
2018-08-03,76.30180358886719,77.56639862060547,74.4655990600586,77.5354995727539,298295000,4473352674.201632,0.03146038,271.82670922,0.0009715198161695,9.04963826,95152.0,31172.0,26655.0,260110927712530.0,76.46732521057129
2018-08-04,77.42230224609375,77.8228988647461,72.76300048828125,73.19869995117188,262765000,4224228247.301213,0.02535272,262.25858041,0.0009073948906084,9.04963826,86074.0,30075.0,25459.0,258860508983640.0,75.30172538757324
2018-08-05,73.37909698486328,75.0010986328125,72.6895980834961,74.58940124511719,265627000,4305576117.348918,0.02293199,261.30602466,0.0010526378059701,9.04963826,81988.0,25910.0,21440.0,264718575664080.0,73.91479873657227
2018-08-06,75.06159973144531,76.58589935302734,72.79029846191406,73.88829803466797,265134000,4266200291.86509,0.02514097,264.77962708,0.0009891420322114,9.04963826,83833.0,28629.0,24215.0,270157701900400.0,74.58152389526367
2018-08-07,74.00309753417969,75.22779846191406,68.12779998779297,68.17030334472656,299418000,3937131617.108944,0.02605683,278.43405042,0.0010446545394252,9.21768639,91419.0,32250.0,27140.0,287336080945570.0,71.38224983215332
2018-08-08,68.16280364990234,68.16280364990234,62.138301849365234,62.49039840698242,313187000,3609976119.932943,0.03669176,272.90561325,0.0011120629725639,9.21768639,100372.0,36123.0,30398.0,265025108862960.0,65.23857688903809
2018-08-09,62.47299957275391,65.57740020751953,61.296199798583984,63.98080062866211,270095000,3697101552.307285,0.03419126,278.39041657,0.0010847679947316,9.21768639,107038.0,35988.0,30370.0,285300704961480.0,63.33185005187988
2018-08-10,63.97499847412109,64.93009948730469,58.86309814453125,59.39400100708008,259781000,3432894943.377491,0.02778822,277.51254762,0.0008922350938942,9.84513517,89044.0,34210.0,28383.0,289354372049980.0,61.79054927825928
2018-08-11,59.48759841918945,59.79869842529297,55.672698974609375,58.35910034179688,259948000,3373834339.599906,0.02995081,258.57836086,0.000870462783098,9.84513517,85101.0,33960.0,28612.0,252922221351820.0,58.32952404022217
2018-08-12,58.21749877929688,61.7057991027832,57.95669937133789,59.32809829711914,276383000,3430578516.766188,0.02733086,246.61216545,0.000948080689106,9.84513517,76480.0,28083.0,23233.0,244925442174260.0,59.30202388763428
2018-08-13,59.483699798583984,60.597801208496094,56.305999755859375,56.84820175170898,223061000,3287967375.849471,0.02667686,254.15887652,0.0009083084853043,9.84513517,83388.0,31717.0,25926.0,262984006776400.0,58.30892562866211
2018-08-14,57.00479888916016,57.0536003112793,51.15850067138672,54.55939865112305,250440000,3156308650.8270035,0.03379403,255.2446014,0.0008879533473658,8.87319106,97304.0,38051.0,32306.0,237652678031600.0,54.944074630737305
2018-08-15,54.67900085449219,58.947898864746094,54.30049896240234,54.50040054321289,282699000,3153701581.987264,0.02761753,251.10504624,0.0008466118955634,8.87319106,91517.0,36061.0,30181.0,256151356602820.0,55.60694980621338
2018-08-16,54.5359992980957,57.42699813842773,54.510501861572266,55.36190032958984,211779000,3204309260.4865403,0.02715903,246.19186299,0.0007866178145535,8.87319106,81940.0,33682.0,28914.0,244068312155110.0,55.45884990692139
2018-08-17,55.32939910888672,61.51440048217773,55.19300079345703,61.51440048217773,263383000,3561223976.097075,0.03337506,234.86401192,0.0008756305083652,8.87319106,88347.0,34760.0,29467.0,231684906600330.0,58.387800216674805
2018-08-18,61.55680084228516,62.03400039672852,55.80289840698242,57.27569961547852,243057000,3316719012.276927,0.02337595,246.45412909,0.0007825503596773,8.47976532,77776.0,33635.0,28887.0,249138369536840.0,59.16734981536865
2018-08-19,57.22269821166992,58.741798400878906,56.54330062866211,57.93899917602539,204484000,3355938831.0436897,0.04558803,252.67726187,0.0012707758995297,8.47976532,84684.0,26477.0,23390.0,249102500475210.0,57.61169910430908
2018-08-20,57.90840148925781,58.55120086669922,53.97840118408203,53.99620056152344,244192000,3128401065.2678003,0.02238797,250.07825051,0.0009011171256467,8.47976532,73613.0,29843.0,25898.0,258857050328870.0,56.108551025390625
2018-08-21,53.77159881591797,56.79790115356445,53.77159881591797,56.35020065307617,187486000,3265612545.31974,0.02755973,257.38997917,0.0009500459526414,8.82745516,87774.0,29567.0,25592.0,258849125930930.0,55.17282485961914
2018-08-22,56.65909957885742,59.01139831542969,54.37839889526367,55.31859970092773,228893000,3206603646.79938,0.02527884,248.54537606,0.0008577551896138,8.82745516,78168.0,29779.0,25842.0,250096445057300.0,56.34187412261963
2018-08-23,55.19369888305664,57.80910110473633,54.39350128173828,57.543399810791016,205125000,3336405714.669391,0.02570907,252.21426694,0.0009383825918981,8.82745516,78447.0,29046.0,25599.0,256215579034390.0,56.234925270080566
2018-08-24,57.60419845581055,58.2781982421875,55.9536018371582,57.9297981262207,194676000,3359629510.578925,0.02645182,249.34667499,0.0008417471507076,8.75240683,82504.0,30562.0,26568.0,249386491567660.0,57.44144916534424
2018-08-25,57.92359924316406,58.214599609375,57.3650016784668,57.907901763916016,187571000,3359241041.877598,0.02264756,258.40715612,0.0008719626340891,8.75240683,78099.0,29155.0,24741.0,261447741733810.0,57.85277557373047
2018-08-26,58.05160140991211,58.10540008544922,56.238399505615234,57.33409881591797,206572000,3326778885.8961964,0.02210131,258.29295515,0.00090094997674,8.75240683,72222.0,26104.0,22356.0,252136947125480.0,57.43237495422363
2018-08-27,57.2593002319336,60.42440032958984,56.92789840698242,60.24990081787109,228072000,3496795837.143076,0.0253055,242.46459705,0.0009095718065807,8.75240683,76561.0,28068.0,23979.0,243992373964600.0,58.71537494659424
2018-08-28,60.22600173950195,63.39720153808594,59.62300109863281,63.02439880371094,246764000,3658685679.3851047,0.03192881,242.07587045,0.0009873838296442,8.80984312,86649.0,31996.0,26791.0,244554757445100.0,61.56765079498291
2018-08-29,63.02920150756836,63.38970184326172,60.73849868774414,61.7672004699707,220637000,3586618391.82902,0.0277391,248.89877367,0.0009431919496508,8.80984312,83413.0,32249.0,27210.0,250712132218260.0,62.23115062713623
2018-08-30,61.76559829711914,62.03459930419922,58.9192008972168,60.31520080566406,219094000,3503156758.0341086,0.02641465,251.29645908,0.0009157176234531,8.80984312,80130.0,30350.0,25617.0,258255513902560.0,60.758649826049805
2018-08-31,60.42279815673828,62.25490188598633,59.32490158081055,61.92549896240234,265252000,3597594154.636675,0.02658773,249.6511904,0.0008858680710979,8.68664605,84277.0,31915.0,27005.0,248963725024050.0,60.982025146484375
2018-09-01,61.738800048828125,67.25070190429688,61.738800048828125,65.95099639892578,306586000,3832451971.40184,0.0261196,255.50677119,0.0008383846899318,8.68664605,85551.0,34297.0,28913.0,260658852102490.0,64.16982460021973
2018-09-02,65.98480224609375,66.90139770507812,64.32980346679688,65.64939880371094,265104000,3815814305.513124,0.02788081,246.54778112,0.0008667434382402,8.68664605,81412.0,31132.0,26595.0,243586638193540.0,65.71635055541992
2018-09-03,65.81759643554688,66.19850158691406,64.32160186767578,65.37319946289062,235034000,3800708955.710264,0.03388494,240.03462816,0.0007108419303862,8.68664605,88620.0,31560.0,34045.0,247198327722290.0,65.42772483825684
2018-09-04,65.31990051269531,68.97720336914062,65.22760009765625,67.70989990234375,308206000,3937552511.196865,0.04325845,252.22909023,0.000426396050052,8.81987831,94744.0,34170.0,69168.0,258986548694890.0,66.80865097045898
2018-09-05,67.66790008544922,68.1187973022461,58.43769836425781,58.43769836425781,409226000,3399199563.235297,0.03723589,249.8987429,0.0011078405260814,8.81987831,85799.0,34777.0,29197.0,257004708690160.0,63.165523529052734
2018-09-06,58.32099914550781,58.32099914550781,54.90959930419922,57.48619842529297,351270000,3344707553.0512724,0.02810126,260.9939529,0.000839552166748,8.81987831,88673.0,34473.0,30705.0,259146991660040.0,57.25944900512695
2018-09-07,57.34220123291016,58.11660003662109,55.51169967651367,56.19779968261719,229626000,3270502677.403877,0.02790336,243.04483424,0.0008333904483093,8.6979847,82714.0,32695.0,27771.0,241106940798150.0,56.79207515716553
2018-09-08,56.12670135498047,57.60630035400391,52.58420181274414,53.24459838867188,223684000,3099414882.338588,0.02734002,244.3043678,0.0008330599382312,8.6979847,81378.0,31870.0,27522.0,247294636632120.0,54.8904504776001
2018-09-09,53.27470016479492,56.39979934692383,52.71720123291016,54.924198150634766,253320000,3197954531.420844,0.02629804,245.77717032,0.00085150391751,8.6979847,80064.0,30827.0,26185.0,251509401785380.0,54.32897472381592
2018-09-10,54.99369812011719,56.06529998779297,53.49620056152344,54.59579849243164,251240000,3179642512.736608,0.02538542,250.25416134,0.000821908886462,8.6979847,79446.0,31013.0,27471.0,251503954540460.0,54.78774929046631
2018-09-11,54.6068000793457,54.7848014831543,51.075801849365234,52.3672981262207,272379000,3050613527.0112443,0.02866068,252.55553998,0.0009075819053917,8.78527591,82749.0,33133.0,28729.0,251411731717300.0,53.208675384521484
2018-09-12,52.38899993896485,52.41170120239258,47.66749954223633,51.65660095214844,290357000,3009989965.635299,0.02710382,257.81220983,0.0008432418851301,8.78527591,85263.0,34606.0,29738.0,263027564991160.0,51.03120040893555
2018-09-13,51.88330078125,55.049198150634766,51.76029968261719,54.536399841308594,295074000,3178538900.791917,0.02868267,250.37299549,0.0008591463619277,8.78527591,87874.0,34136.0,28199.0,240234430883500.0,53.30729961395264
2018-09-14,54.64759826660156,58.4390983581543,53.31600189208984,56.57649993896485,336190000,3298266201.220183,0.02650315,252.0677095,0.0008575869779362,8.79954902,81244.0,31237.0,26922.0,260882179845460.0,55.74479961395264
2018-09-15,56.33689880371094,58.40079879760742,56.17530059814453,56.71310043334961,252020000,3307045639.168278,0.02675038,254.32624823,0.0008637617463378,8.79954902,83129.0,31227.0,26965.0,256756533132110.0,56.906524658203125
2018-09-16,56.58100128173828,57.36809921264648,55.05889892578125,56.97269821166992,253978000,3323019951.494406,0.02166672,251.60457533,0.0008344372602505,8.79954902,73762.0,27560.0,23389.0,253693220393670.0,56.495174407958984
2018-09-17,57.02009963989258,57.750099182128906,51.84960174560547,52.54050064086914,261325000,3065224227.602888,0.02614452,241.98064479,0.0009155749460544,8.79954902,78146.0,28887.0,25396.0,243997662030920.0,54.79007530212402
2018-09-18,52.29380035400391,55.10079956054688,50.9995002746582,54.097198486328125,296552000,3156866840.22087,0.02598112,256.38195316,0.0008784539099911,8.69647117,82274.0,31837.0,27064.0,255553144071790.0,53.12282466888428
2018-09-19,54.01750183105469,54.92300033569336,52.25559997558594,54.33449935913086,271642000,3171464622.22169,0.02676778,250.39693431,0.0008524052303607,8.69647117,80077.0,30151.0,25612.0,249110774057260.0,53.88265037536621
2018-09-20,54.37279891967773,57.15370178222656,53.63980102539063,56.6343994140625,260631000,3306489036.55083,0.0328995,234.35441103,0.0008589499948207,8.69647117,83103.0,32051.0,27031.0,236015553051490.0,55.450175285339355
2018-09-21,56.78269958496094,62.05709838867188,56.46229934692383,60.722801208496094,398550000,3546092331.205016,0.04127293,257.01303719,0.0008059469191576,8.76077553,125335.0,39674.0,32384.0,260725583332100.0,59.006224632263184
2018-09-22,60.81460189819336,61.70869827270508,57.74470138549805,60.43659973144531,298424000,3530306112.000913,0.02802425,262.35608149,0.0007670678665311,8.76077553,88636.0,37177.0,30509.0,270360811422370.0,60.17615032196045
2018-09-23,60.548301696777344,63.1870002746582,59.99509811401367,61.36640167236328,304888000,3585573943.1496763,0.02524987,266.61446983,0.0007506979119888,8.76077553,78558.0,31024.0,26633.0,269199603316010.0,61.274200439453125
2018-09-24,61.339298248291016,61.339298248291016,57.3047981262207,57.96910095214844,296366000,3387936771.73258,0.02928319,260.49312582,0.0007750172815638,8.76077553,82367.0,31133.0,27777.0,263574818675920.0,59.48812389373779
2018-09-25,58.02099990844727,58.14759826660156,54.73759841918945,57.53760147094727,351579000,3363518075.614074,0.03297379,253.32301872,0.0007752933059908,9.23076475,81370.0,32096.0,28527.0,257086537942180.0,57.11094951629639
2018-09-26,57.44919967651367,59.62009811401367,56.701698303222656,57.39550018310547,294136000,3355984216.260072,0.03356162,250.42535897,0.0007182029290688,9.23076475,80244.0,32461.0,29296.0,252719444057830.0,57.79162406921387
2018-09-27,57.45000076293945,64.29499816894531,56.92390060424805,62.979400634765625,574277000,3683331116.254556,0.03545646,246.6600162,0.0007221557800968,9.23076475,83944.0,34271.0,30759.0,246320494499590.0,60.41207504272461
2018-09-28,63.17150115966797,64.42259979248047,60.807899475097656,61.89509963989258,459862000,3620849596.291241,0.04750435,267.96852617,0.0008936567936826,8.9100791,112288.0,36882.0,31912.0,269259773258000.0,62.57427501678467
2018-09-29,61.64350128173828,62.025299072265625,59.49160003662109,61.60689926147461,356028000,3604880857.779047,0.02849973,264.07111631,0.0006901173826782,8.9100791,85883.0,36100.0,29385.0,258636891945850.0,61.1918249130249
2018-09-30,61.625301361083984,62.38850021362305,60.14970016479492,61.14189910888672,463002000,3578572495.6419,0.03363642,254.37016107,0.0007915036519366,8.9100791,103418.0,30873.0,26386.0,258500758663422.0,61.32635021209717
2018-10-01,61.09859848022461,61.72969818115234,59.7400016784668,60.208099365234375,456583000,3524829602.1463537,0.02514642,270.10443456,0.0007782537641958,8.9100791,84203.0,34148.0,27913.0,269598615304000.0,60.69409942626953
2018-10-02,60.30120086669922,61.252201080322266,59.41070175170898,59.70539855957031,444830000,3496226566.338282,0.03002058,259.22324784,0.0007641089823632,9.14622254,88521.0,36069.0,29087.0,257777910904980.0,60.167375564575195
2018-10-03,59.57550048828125,59.57550048828125,57.07659912109375,57.477500915527344,452464000,3366549192.885872,0.02803341,248.18055824,0.0006866889533777,9.14622254,82378.0,33381.0,28377.0,252346641993090.0,58.4262752532959
2018-10-04,57.52149963378906,59.04899978637695,57.44490051269531,58.27949905395508,343602000,3414311289.777128,0.028127,244.99519093,0.0007453754083876,9.14622254,83751.0,31166.0,25919.0,242576603121090.0,58.0737247467041
2018-10-05,58.33150100708008,59.127201080322266,57.67369842529297,58.76620101928711,371790000,3443572489.929784,0.02694258,240.34811764,0.0008158461648056,9.14622254,79455.0,31229.0,24987.0,233277957125220.0,58.474650382995605
2018-10-06,58.87570190429688,58.9197998046875,57.2666015625,57.84410095214844,375900000,3390439992.71737,0.02401848,252.56164139,0.0007071552779424,8.47898059,81724.0,32162.0,26984.0,253042599697860.0,58.2265510559082
2018-10-07,57.93489837646485,58.36439895629883,57.20819854736328,58.160301208496094,435270000,3409852449.53705,0.02296344,254.53892427,0.0007850553256969,8.47898059,70006.0,27698.0,23135.0,255430193841920.0,57.91694927215576
2018-10-08,58.2318000793457,59.82440185546875,57.48199844360352,59.41260147094727,347408000,3484200698.657095,0.02466146,261.27474247,0.0008524357017392,8.47898059,79387.0,28145.0,23228.0,260207659905240.0,58.73770046234131
2018-10-09,59.44540023803711,59.52909851074219,58.21179962158203,58.71329879760742,318545000,3443970249.236074,0.02773645,250.60946966,0.0008214913044939,8.97971979,75188.0,29044.0,23810.0,253938642801020.0,58.97489929199219
2018-10-10,58.664100646972656,58.664100646972656,57.42570114135742,57.9818000793457,358009000,3401919781.1156907,0.02291861,251.51578701,0.0008855172635997,8.97971979,77185.0,28390.0,23107.0,257081172318170.0,58.18392562866211
2018-10-11,57.97639846801758,57.97639846801758,50.9911994934082,51.233001708984375,343098000,3006661729.44978,0.03314824,252.91604448,0.0009016944326124,8.97971979,92678.0,32705.0,27327.0,252316698174580.0,54.544249534606934
2018-10-12,50.87459945678711,53.82149887084961,50.87459945678711,53.551700592041016,280891000,3143531234.48334,0.02460069,258.12780758,0.0007729775356814,8.85825002,78508.0,31525.0,26064.0,261403710926640.0,52.28059959411621
2018-10-13,53.45610046386719,54.2775993347168,53.21419906616211,53.45180130004883,237333000,3138411583.889893,0.02383277,254.81463862,0.0007097283714195,8.85825002,72554.0,29796.0,25206.0,249359988073180.0,53.59992504119873
2018-10-14,53.50920104980469,53.838600158691406,52.03229904174805,52.18740081787109,242221000,3064947639.492288,0.02025922,248.2689303,0.0007623820952602,8.85825002,69498.0,25292.0,21520.0,257360463477880.0,52.89187526702881
2018-10-15,52.17380142211914,57.46200180053711,51.91490173339844,54.87960052490234,431765000,3223915376.9096503,0.02344735,269.51268453,0.0008677950517733,8.85825002,78731.0,30059.0,24530.0,273799731712590.0,54.10757637023926
2018-10-16,54.9650993347168,55.4817008972168,53.67369842529297,54.06819915771485,281917000,3177022379.1551304,0.03371903,265.11165372,0.0010416001234614,9.05455695,81007.0,31085.0,26324.0,257613322907200.0,54.54717445373535
2018-10-17,54.26490020751953,54.26490020751953,53.08530044555664,53.67210006713867,295022000,3154493154.50901,0.05884642,254.81563478,0.0012281928951348,9.05455695,123384.0,32280.0,27111.0,252546641560520.0,53.821800231933594
2018-10-18,53.71689987182617,53.986698150634766,52.12910079956055,52.52690124511719,296411000,3087944969.196032,0.09803318,256.26588621,0.0017162275294886,9.05455695,168208.0,33116.0,29079.0,262970727506140.0,53.08990001678467
2018-10-19,52.55229949951172,53.59999847412109,52.23749923706055,53.02009963989258,272130000,3117661572.673404,0.0961828,258.3474603,0.0017912006184744,8.88430433,142053.0,31845.0,27584.0,251244193121210.0,52.852474212646484
2018-10-20,53.06700134277344,53.46179962158203,52.79669952392578,53.36280059814453,258418000,3138522444.72888,0.13559995,234.79866215,0.0007183936309173,8.88430433,206344.0,32149.0,27208.0,237868618584900.0,53.172075271606445
2018-10-21,53.43470001220703,53.77310180664063,52.71269989013672,52.91579818725586,273510000,3112992279.411964,0.03508771,242.06653248,0.0007145589377824,8.88430433,89922.0,26075.0,21907.0,249362455475660.0,53.20907497406006
2018-10-22,52.78459930419922,53.114200592041016,52.01279830932617,52.20389938354492,263337000,3071857135.825242,0.03554845,248.74311793,0.0007840343046472,8.88430433,82261.0,27993.0,23089.0,253083144895340.0,52.52887439727783
2018-10-23,52.23699951171875,52.87350082397461,51.94020080566406,52.54130172729492,278025000,3092486288.107573,0.04325269,253.82378277,0.0007202120544496,8.71791602,84884.0,31159.0,25822.0,256948829834480.0,52.398000717163086
2018-10-24,52.45650100708008,53.007999420166016,52.2864990234375,52.51499938964844,291042000,3091668589.303009,0.04501349,245.8953177,0.0009580283649,8.71791602,78001.0,29142.0,24604.0,244147134644540.0,52.56649971008301
2018-10-25,52.48809814453125,52.510101318359375,52.06010055541992,52.23460006713867,241117000,3075863295.042216,0.04670673,238.65347312,0.0007659432685292,8.71791602,82192.0,28055.0,23301.0,238193343630810.0,52.323225021362305
2018-10-26,52.21960067749024,52.4833984375,51.7317008972168,52.098899841308594,292908000,3068535014.150831,0.04143681,227.50898399,0.0006408671242579,8.71791602,73161.0,29928.0,24425.0,219179057140540.0,52.133399963378906
2018-10-27,52.12779998779297,52.360599517822266,51.77479934692383,51.93199920654297,312308000,3059442779.408625,0.02768029,223.51374847,0.0006585210065245,8.18746631,76749.0,29698.0,25136.0,226623591532700.0,52.04879951477051
2018-10-28,52.05229949951172,52.17219924926758,51.48469924926758,51.9375,335237000,3060552174.584164,0.02351604,240.80352242,0.000734164589915,8.18746631,74262.0,25551.0,21081.0,243556162578470.0,51.91167449951172
2018-10-29,51.83269882202149,52.03020095825195,48.65420150756836,49.0713996887207,373076000,2892378238.99923,0.02656729,241.64071733,0.0007364614741157,8.18746631,76156.0,27506.0,22929.0,243294051759220.0,50.397125244140625
2018-10-30,48.99649810791016,49.47719955444336,48.78850173950195,49.23910140991211,295448000,2902989240.104331,0.02773621,240.16101171,0.0006558861586005,8.39635927,81742.0,29879.0,25725.0,244938078340680.0,49.125325202941895
2018-10-31,49.337799072265625,49.94049835205078,48.3213996887207,49.44150161743164,410734000,2915611872.353855,0.03115692,236.73074035,0.0007623371310701,8.39635927,80783.0,28970.0,24361.0,231637514133390.0,49.26029968261719
2018-11-01,49.56230163574219,51.02780151367188,49.41619873046875,50.27190017700195,321492000,2965288443.5859613,0.02922724,236.15370538,0.0006842491756045,8.39635927,79995.0,29987.0,25267.0,240878057755450.0,50.06955051422119
2018-11-02,50.339500427246094,51.6598014831543,50.31539916992188,51.3306999206543,362726000,3028448123.172136,0.03574791,234.26805528,0.0006528053179349,8.39635927,85285.0,35507.0,25414.0,227101859506290.0,50.91135025024414
2018-11-03,51.29759979248047,51.36100006103516,50.76079940795898,50.9734001159668,325128000,3008062226.976876,0.02771359,227.32075504,0.0006377258771167,8.10143867,74050.0,28820.0,24153.0,223244249511370.0,51.09819984436035
2018-11-04,50.98619842529297,55.13669967651367,50.81570053100586,53.61249923706055,441533000,3164593913.629184,0.02495399,231.69254569,0.0007048263183948,8.10143867,70561.0,27070.0,22827.0,235006778309440.0,52.63777446746826
2018-11-05,53.593299865722656,54.708099365234375,53.11149978637695,53.54629898071289,398133000,3161538834.938996,0.03320283,251.35308827,0.000957060123317,8.10143867,94745.0,30415.0,24733.0,251810012801870.0,53.73979949951172
2018-11-06,53.70249938964844,55.945098876953125,53.4828987121582,55.945098876953125,371534000,3303957100.898169,0.0314524,242.37723903,0.0007196201332068,8.34968485,86541.0,29462.0,25299.0,239587036465400.0,54.76889896392822
2018-11-07,56.04399871826172,56.15710067749024,53.70690155029297,54.18889999389648,385412000,3201015541.591786,0.03050924,237.3344561,0.0007608432009537,8.34968485,87178.0,31488.0,25583.0,235009696389540.0,55.02422523498535
2018-11-08,54.19240188598633,54.46289825439453,52.37289810180664,52.3734016418457,351857000,3094521898.519942,0.02931048,239.21561681,0.0007377395535078,8.34968485,82687.0,29724.0,25286.0,245172346324930.0,53.3503999710083
2018-11-09,52.36470031738281,52.72430038452149,51.67020034790039,51.89599990844727,386711000,3067045529.714349,0.02844129,237.3107238,0.0006599498239735,8.34968485,77098.0,28785.0,24769.0,233213976171658.0,52.16380023956299
2018-11-10,51.92679977416992,52.69850158691406,51.844200134277344,52.401798248291016,322713000,3097677324.7333746,0.02812135,226.11477225,0.000533622537876,8.20837079,78189.0,30866.0,27590.0,226967117301150.0,52.217824935913086
2018-11-11,52.31890106201172,52.47010040283203,50.24850082397461,51.36489868164063,410262000,3037102583.6600456,0.03649441,228.49872255,0.0004255982100865,8.20837079,89092.0,39063.0,37337.0,230797411253170.0,51.600600242614746
2018-11-12,51.47710037231445,51.68130111694336,50.46929931640625,50.64820098876953,388194000,2995439614.00801,0.04563196,229.85843811,0.0007032524020563,8.20837079,87657.0,28745.0,24121.0,235796643711260.0,51.0689754486084
2018-11-13,50.6348991394043,50.96749877929688,49.26100158691406,49.69660186767578,356433000,2939911367.36603,0.02727833,236.93800151,0.000673249775862,8.0684434,84809.0,28519.0,24360.0,236191840071510.0,50.140000343322754
2018-11-14,49.57889938354492,50.299198150634766,41.94359970092773,43.610801696777344,604639000,2580506062.8500686,0.02959872,236.16947093,0.0006976060741953,8.0684434,83937.0,29173.0,25042.0,233783767460950.0,46.35812473297119
2018-11-15,43.72769927978516,44.242000579833984,40.77750015258789,43.94829940795898,588718000,2601094097.7747936,0.0318437,221.69838826,0.0006799656981943,8.0684434,91451.0,35535.0,29297.0,226940003787510.0,43.173874855041504
2018-11-16,43.96110153198242,43.96110153198242,42.08660125732422,42.45890045166016,411507000,2513535762.878519,0.02785409,225.11882624,0.0006598467602081,8.0684434,83912.0,30655.0,24980.0,222770218387410.0,43.116926193237305
2018-11-17,42.488800048828125,42.488800048828125,41.662899017333984,41.92890167236328,330818000,2482775128.0543213,0.02445786,229.61259788,0.000617724024225,8.00057376,77713.0,29863.0,24355.0,233020477323080.0,42.14235019683838
2018-11-18,42.08819961547852,42.97949981689453,42.00640106201172,42.32789993286133,352001000,2506991340.408345,0.02638633,225.18752997,0.0006154387190881,8.00057376,80229.0,29834.0,24303.0,223526382619220.0,42.35050010681152
2018-11-19,42.33940124511719,42.33940124511719,35.96950149536133,36.6411018371582,571241000,2170681614.888899,0.02969958,218.50360715,0.0007417713297807,8.00057376,83810.0,30418.0,24771.0,215111688736200.0,39.32235145568848
2018-11-20,36.5724983215332,37.91080093383789,31.406700134277344,33.0442008972168,619356000,1957985914.340765,0.04055075,204.5497048,0.0007506250316337,8.00057376,97207.0,36533.0,29557.0,194289921953400.0,34.73355007171631
2018-11-21,33.06520080566406,34.67060089111328,31.89259910583496,34.67060089111328,504001000,2054816209.785871,0.03672764,193.42000523,0.0008302298713638,7.48393516,92063.0,34313.0,27364.0,195979582768640.0,33.5747504234314
2018-11-22,34.69279861450195,34.89950180053711,32.195098876953125,32.195098876953125,468218000,1908541306.3303964,0.02928934,200.8149964,0.0006478632933111,7.48393516,84563.0,30979.0,25236.0,205494572336410.0,33.49562454223633
2018-11-23,32.02220153808594,33.025001525878906,31.135299682617188,32.159698486328125,462932000,1906860379.2499373,0.02859289,198.34531467,0.0006865917891119,7.48393516,79680.0,29580.0,23861.0,199017544698640.0,32.08555030822754
2018-11-24,32.259700775146484,33.14670181274414,28.763999938964844,29.21769905090332,396969000,1732817409.800013,0.02633349,195.57755049,0.0006169663064447,6.85705729,75768.0,28809.0,23430.0,183006790150870.0,30.847025394439697
2018-11-25,29.2268009185791,31.914100646972656,27.07270050048828,30.892200469970703,573938000,1832533581.01099,0.02894304,189.19841093,0.0007145209728384,6.85705729,81547.0,29909.0,24115.0,187258240550620.0,29.776450634002686
2018-11-26,30.86870002746582,32.11320114135742,28.38319969177246,29.410999298095703,528902000,1745049438.0264876,0.03112052,178.81087356,0.0007260128627021,6.85705729,82875.0,30676.0,24669.0,175527878881600.0,30.19402503967285
2018-11-27,29.40959930419922,31.349199295043945,28.819299697875977,31.06879997253418,486621000,1843767204.548668,0.03356321,165.71989612,0.0006890370590507,6.85705729,81243.0,29465.0,23302.0,163482385816680.0,30.16172456741333
2018-11-28,31.116899490356445,35.97829818725586,30.971200942993164,34.6265983581543,573550000,2055358100.7555823,0.03063384,165.38847358,0.000708435337904,6.08433919,83233.0,29861.0,24504.0,159120126145610.0,33.17324924468994
2018-11-29,34.71944046020508,35.53849411010742,33.223018646240234,33.797447204589844,476701013,2006589073.7417264,0.03368284,166.86621179,0.0007132401767362,6.08433919,85384.0,31912.0,25688.0,162904074911960.0,34.319600105285645
2018-11-30,33.79917526245117,34.25259017944336,31.43252182006836,32.06476211547852,431153649,1904162733.589418,0.02978012,166.19030724,0.0006128521675396,6.08433919,87236.0,33460.0,24627.0,167867671023810.0,32.88726234436035
2018-12-01,32.13059616088867,35.15485000610352,31.50525665283203,34.34073638916016,428286157,2039844018.120015,0.02652432,177.6254304,0.0006112430954146,6.08433919,86464.0,34525.0,25625.0,181054610524680.0,33.282859802246094
2018-12-02,34.26240921020508,35.13786315917969,33.43260955810547,33.71315002441406,407318732,2003067673.84476,0.0232952,179.67202105,0.0006363465575584,6.01010627,75857.0,27402.0,21691.0,180447700089750.0,34.136507987976074
2018-12-03,33.8102912902832,33.8102912902832,30.494159698486328,31.07280158996582,431873524,1846676000.5712,0.02531001,184.40117767,0.0007247711798217,6.01010627,80180.0,26878.0,21766.0,181084812280720.0,32.29688596725464
2018-12-04,31.005577087402344,32.149879455566406,30.3936767578125,31.186124801635746,398521610,1853880978.600284,0.02313931,186.05862449,0.0006701005002656,6.01010627,74069.0,28492.0,22588.0,183874955272930.0,31.183814525604248
2018-12-05,31.215850830078125,31.386568069458008,29.277233123779297,29.295238494873047,392132740,1741886861.884442,0.02607541,179.91443789,0.0006750233816556,6.28182263,79519.0,27844.0,22143.0,179006534080740.0,30.29372262954712
2018-12-06,29.248985290527344,30.408763885498047,26.91876983642578,26.943660736083984,451241301,1602440495.9513123,0.02766741,171.70916498,0.0007053307411008,6.28182263,79585.0,28621.0,23654.0,174242459442250.0,28.38004493713379
2018-12-07,26.90794563293457,26.90794563293457,22.997705459594727,25.272584915161133,519622321,1503402910.89525,0.0293411,174.28278161,0.0007339621824814,6.28182263,82746.0,30586.0,25219.0,173118805869410.0,25.52154541015625
2018-12-08,25.128456115722656,26.62774085998535,23.62689971923828,24.864017486572266,504751040,1479415288.194505,0.0298857,166.2020931,0.0006065965301598,6.28182263,79196.0,31056.0,25713.0,165432403133820.0,25.06177854537964
2018-12-09,24.8035945892334,26.913270950317383,24.8035945892334,25.94702339172364,471979152,1544212422.982869,0.02444946,164.41753148,0.0006113692293078,5.9346823,69333.0,27808.0,23161.0,159500173565070.0,25.616870880126953
2018-12-10,25.91168594360352,26.12583351135254,24.502552032470703,24.617799758911133,423653343,1465429307.1042829,0.03388193,159.61887924,0.0008194813885157,5.9346823,77401.0,27292.0,23075.0,160760292531820.0,25.289467811584473
2018-12-11,24.60049057006836,24.95208549499512,23.51013565063477,23.80238342285156,386533569,1417212409.260648,0.02815597,158.33254803,0.0006741395426131,5.9346823,78222.0,27405.0,22716.0,160792519885940.0,24.21627378463745
2018-12-12,23.795936584472656,25.250564575195312,23.710840225219727,24.49382972717285,367818943,1458707994.652049,0.03126343,157.13954403,0.0006419288966492,5.9346823,79927.0,27402.0,22622.0,152980642466760.0,24.312792778015137
2018-12-13,24.530656814575195,24.659683227539062,23.607572555541992,23.66886138916016,328942983,1409934003.912513,0.02624466,163.09019323,0.0006695069748458,5.53575399,85761.0,27126.0,22541.0,163708162218130.0,24.1166934967041
2018-12-14,23.64648056030273,23.75445938110352,22.82478141784668,23.464330673217773,318851820,1398109762.826339,0.02396857,166.69997295,0.0006788632753982,5.53575399,77811.0,28665.0,23417.0,169316892241630.0,23.422513008117676
2018-12-15,23.46288108825684,24.116273880004883,23.3409481048584,23.78242492675781,291476162,1417378336.778492,0.06787533,154.46881879,0.0006462226755258,5.53575399,81630.0,28525.0,23629.0,150597718701100.0,23.675631999969482
2018-12-16,23.787988662719727,26.72523307800293,23.77702522277832,25.59720993041992,424549776,1525911138.095472,0.02366581,156.25781784,0.0006271755156385,5.61129946,72923.0,27922.0,23020.0,158693951936130.0,24.971864223480225
2018-12-17,25.682781219482425,30.403738021850582,25.682781219482425,29.26889038085937,613385969,1745163396.17792,0.0307259,150.91072536,0.0007890568400647,5.61129946,80424.0,29141.0,23472.0,146211828046780.0,27.7595477104187
2018-12-18,29.26650619506836,30.14215660095215,28.253374099731445,30.14215660095215,492064386,1797636737.7791138,0.02881707,146.59024131,0.0006152725002963,5.61129946,77361.0,30308.0,25305.0,150190357933990.0,29.451048374176025
2018-12-19,30.32775115966797,31.76934051513672,29.449499130249023,29.68278694152832,505439992,1770636826.2979424,0.03263873,150.99647674,0.0006751666654239,5.61129946,82956.0,33677.0,26822.0,151916534505429.0,30.307344436645508
2018-12-20,29.604042053222656,33.258155822753906,29.41044807434082,32.816871643066406,796645103,1958102417.1345809,0.02611212,161.58206108,0.0006770622033244,5.24953855,78944.0,33139.0,25929.0,157409713018110.0,31.272379398345947
2018-12-21,32.732635498046875,34.28339767456055,30.296894073486328,30.79661750793457,546504526,1838070711.2622712,0.02545168,171.10850405,0.0006408284486476,5.24953855,82750.0,32002.0,26435.0,174960955286060.0,32.02738618850708
2018-12-22,30.82662010192871,31.85591125488281,30.334074020385746,31.85591125488281,419546205,1901820225.837169,0.02378803,170.95791322,0.0006950268422999,5.24953855,77969.0,30168.0,24331.0,172654043613410.0,31.21812915802002
2018-12-23,31.99216651916504,34.147010803222656,31.802282333374023,33.45967483520508,554317219,1998084617.36271,0.02407801,173.70656728,0.0006226022504344,5.99062228,75079.0,29358.0,23591.0,185453599919370.0,32.8502836227417
2018-12-24,33.47358322143555,36.55831527709961,33.1966667175293,33.1966667175293,535897387,1982872606.327025,0.02833207,174.62445596,0.0006633035999844,5.99062228,83096.0,31029.0,25689.0,177742250429660.0,34.10630798339844
2018-12-25,33.40159606933594,33.40159606933594,30.45227432250977,31.13432884216309,508836253,1860119618.7267623,0.02523114,169.84668557,0.0006952256191853,5.99062228,72192.0,25715.0,20745.0,168680181914480.0,32.09744882583618
2018-12-26,31.09346389770508,32.20487594604492,29.74602508544922,30.98590087890625,464721770,1851676356.366664,0.02639856,165.23485668,0.0006891254403706,5.94678348,76109.0,24594.0,20074.0,162806082816550.0,31.007566452026367
2018-12-27,30.962173461914062,31.36321830749512,28.13193321228028,28.29450798034668,442100051,1691241248.465145,0.02620778,164.36534683,0.0006369113188137,5.94678348,75593.0,28518.0,23233.0,167876578796500.0,29.687958240509033
2018-12-28,28.30059814453125,33.35983657836914,28.30059814453125,32.51082992553711,486919645,1943709559.5337288,0.02736604,165.59232389,0.0006183531050961,5.94678348,77399.0,29792.0,24273.0,166964921798530.0,30.617965698242188
2018-12-29,32.55842590332031,33.338653564453125,31.52054023742676,31.56500244140625,390868406,1887624982.6521,0.02617483,165.22675446,0.0005752875364839,5.94678348,79647.0,32692.0,26450.0,170742903453770.0,32.24565553665161
2018-12-30,31.423141479492188,32.37809753417969,31.167882919311523,31.97651672363281,405650440,1912722457.937805,0.02528528,177.52894175,0.0006376232714004,5.83106975,81036.0,30453.0,23843.0,172751845069770.0,31.736409664154053
2018-12-31,31.97723388671875,32.00060272216797,30.164321899414062,30.468223571777344,367746437,1822936647.0183225,0.02660995,170.97268195,0.0006200992203616,5.83106975,76465.0,29912.0,23947.0,172424215122590.0,31.15259552001953
2019-01-01,30.458393096923828,32.09758377075195,30.264280319213867,31.979930877685547,379429124,1913848531.160932,0.02038881,165.70718905,0.0006758347939175,5.83106975,62314.0,21866.0,17493.0,168813733690410.0,31.2000470161438
2019-01-02,32.0212287902832,33.7933235168457,31.765974044799805,33.43368148803711,414331918,2001337714.9518275,0.02568252,167.22714503,0.0006472762248284,5.98087878,75022.0,26216.0,21999.0,170535399486470.0,32.753551959991455
2019-01-03,33.353572845458984,33.42070388793945,31.592479705810547,32.02669906616211,345068249,1917578615.8753128,0.02706574,172.63614395,0.0006199680141385,5.98087878,77643.0,29475.0,24755.0,174514975188300.0,32.59836387634277
2019-01-04,32.01652526855469,33.02334976196289,31.437557220458984,32.40416717529297,391010579,1940667812.403279,0.02470133,175.31551282,0.0006427375565592,5.98087878,74051.0,28279.0,24134.0,178628742472310.0,32.22039985656738
2019-01-05,32.34554672241211,36.14344024658203,32.34479522705078,34.936866760253906,640607603,2092873749.0431893,0.02413657,177.84293257,0.0006211197542595,5.98087878,73070.0,28915.0,24416.0,178801887087360.0,33.94266223907471
2019-01-06,34.84721755981445,39.95914077758789,34.784061431884766,39.29885482788086,809493170,2354734303.392933,0.02610013,175.17387561,0.0006802705063137,6.15308551,66283.0,30230.0,24787.0,179600501140800.0,37.22231864929199
2019-01-07,39.27975082397461,39.647560119628906,37.61374282836914,37.8062744140625,586891613,2265845412.4412155,0.0262801,174.29505146,0.0007255387793389,6.15308551,74393.0,30043.0,24626.0,174987027212010.0,38.58683204650879
2019-01-08,37.91899108886719,40.95065689086914,37.91899108886719,39.47971725463867,643946959,2366708380.6543083,0.02394381,173.74287261,0.00069104417153,6.15308551,72940.0,28727.0,23646.0,172663473938080.0,39.06708908081055
2019-01-09,39.44645309448242,40.27861404418945,38.90272521972656,38.98553466796875,504601883,2337622342.5846195,0.02410437,174.33190975,0.0006585696864286,6.10616757,66829.0,28685.0,23918.0,174219556423000.0,39.4033317565918
2019-01-10,38.98713684082031,39.52403259277344,33.0317497253418,33.86600875854492,701124437,2031160387.7640712,0.02236007,174.69140236,0.0006572630777005,6.10616757,68101.0,29639.0,24736.0,179233015643420.0,36.35223197937012
2019-01-11,33.683475494384766,34.09872817993164,32.046043395996094,32.32762908935547,628980637,1939403965.1127424,0.02100253,187.70102246,0.0006098030538505,6.10616757,65845.0,29281.0,24438.0,190393342200910.0,33.03896903991699
2019-01-12,32.456207275390625,32.938995361328125,32.0305061340332,32.38442611694336,491524393,1943317467.127467,0.01908929,194.64282867,0.0005807764248048,6.10616757,59220.0,28671.0,23705.0,194044197371980.0,32.45253372192383
2019-01-13,32.39582443237305,33.13856506347656,30.12771224975586,30.332897186279297,564244096,1820650214.192173,0.02205744,187.62970688,0.0005859237640425,6.49163582,68103.0,29404.0,23945.0,192420096059850.0,31.49874973297119
2019-01-14,30.378097534179688,32.73394775390625,30.310152053833008,32.35824203491211,593098938,1942681233.910313,0.02062805,184.85893485,0.0006741927263379,6.49163582,61495.0,26371.0,21395.0,185399092785622.0,31.445109844207764
2019-01-15,32.38420486450195,32.70694732666016,31.079927444458008,31.507068634033203,527294088,1891997938.513533,0.02552479,177.78648613,0.0006615758678229,6.49163582,68633.0,28247.0,24331.0,173604411074330.0,31.91953706741333
2019-01-16,31.438589096069336,32.24639129638672,31.26805877685547,31.82341766357422,539347966,1911428961.691944,0.02361982,174.62241498,0.0006106580011989,6.23996805,67089.0,27615.0,23354.0,172868159220833.0,31.694114208221436
2019-01-17,31.850112915039062,31.94688606262207,30.6761474609375,31.88865089416504,609389197,1915835819.51151,0.0196025,185.94685883,0.0005867790539157,6.23996805,61489.0,28057.0,23444.0,186218845332010.0,31.590449333190918
2019-01-18,31.913450241088867,31.940603256225582,30.955570220947266,31.311487197875977,566482194,1881620738.740415,0.02405062,184.40586351,0.0006319708428537,6.23996805,68782.0,29545.0,25034.0,185913371939980.0,31.530277729034424
2019-01-19,31.480209350585938,33.11235809326172,31.368427276611328,32.550724029541016,585789957,1956568748.927247,0.02318694,181.56402628,0.0005777419428163,6.23996805,67864.0,29926.0,26616.0,186331287192400.0,32.1279296875
2019-01-20,32.49004364013672,33.35414505004883,30.935497283935547,31.17640686035156,584024741,1874410574.0092103,0.02100363,182.03809255,0.0005937969761003,6.44264206,65573.0,26488.0,21674.0,185570758503410.0,31.989023208618164
2019-01-21,31.188655853271484,31.389184951782227,30.956666946411133,31.21286964416504,531048792,1877041330.0709984,0.02466718,180.71442939,0.0006801385520115,6.44264206,71060.0,26545.0,22072.0,176167192782850.0,31.18684434890747
2019-01-22,31.21330451965332,32.019771575927734,30.32467460632324,31.684425354003903,589374367,1905855463.9277616,0.02146727,182.01871583,0.0006022767858681,6.44264206,64058.0,26921.0,23210.0,186989697239150.0,31.31054401397705
2019-01-23,31.669023513793945,32.386165618896484,31.558425903320312,32.001956939697266,613521888,1925423375.155158,0.02061461,189.25587003,0.0006774386817096,6.39966736,56263.0,23681.0,20519.0,186194423603800.0,31.903892993927002
2019-01-24,32.042972564697266,33.0421257019043,31.42762756347656,32.77610778808594,614405338,1972480166.457304,0.02014266,188.02022315,0.000715877670335,6.39966736,62720.0,24409.0,20445.0,191051883408480.0,32.322208404541016
2019-01-25,32.8204345703125,33.2095947265625,32.273338317871094,32.9818115234375,661476020,1985341836.877412,0.0237198,185.58341322,0.0006395274734146,6.39966736,70087.0,27784.0,23039.0,184349927650590.0,32.8212947845459
2019-01-26,32.967960357666016,33.95001220703125,32.86662673950195,33.1505241394043,694481467,1996012204.3155856,0.02246513,195.81243058,0.0006722199472351,6.39966736,67619.0,29051.0,23690.0,196668935634530.0,33.23378086090088
2019-01-27,33.08196258544922,33.34574890136719,32.080501556396484,32.59283447265625,678149673,1962938599.250697,0.02167494,203.17646208,0.0006421909544575,6.66182867,64946.0,26779.0,22243.0,207614772790840.0,32.775261878967285
2019-01-28,32.51712417602539,32.71674728393555,30.52311134338379,31.19925880432129,812860294,1879468285.42272,0.02198016,202.27564443,0.00066112117615,6.66182867,66206.0,26624.0,22021.0,199958708228060.0,31.739060401916504
2019-01-29,31.23554420471192,31.457534790039062,30.43724822998047,31.097110748291016,707842400,1873789090.3355625,0.02072378,195.26936017,0.0006189504305393,6.66182867,61164.0,27596.0,23157.0,199749141133580.0,31.056859493255615
2019-01-30,31.066558837890625,32.08937454223633,30.86351776123047,31.930953979492188,694822148,1924523300.312886,0.02144162,205.09427296,0.0007290588746233,6.97520666,70533.0,27027.0,22899.0,209700425611860.0,31.487601280212402
2019-01-31,31.89085578918457,32.43729782104492,31.39546012878418,31.652175903320312,654137406,1908130794.1527195,0.02412794,195.18509107,0.0006044450383745,6.97520666,64268.0,26848.0,22541.0,190089187354710.0,31.843947410583496
2019-02-01,31.71952247619629,33.44944381713867,31.12713623046875,32.82707977294922,825977656,1979425265.641421,0.02286186,190.66820443,0.000597732156962,6.97520666,67341.0,28765.0,23700.0,196839070535900.0,32.28079557418823
2019-02-02,32.8179817199707,34.557167053222656,32.72809219360352,34.39482879638672,829064166,2074481180.928188,0.0246875,203.45409282,0.0006360911696143,6.9673389,70553.0,30514.0,24709.0,206793228841850.0,33.6245174407959
2019-02-03,34.431209564208984,34.56844711303711,33.11767578125,33.43925476074219,820461891,2017360113.573675,0.02034459,213.01362881,0.0005872330956326,6.9673389,63671.0,28123.0,22325.0,209919668944520.0,33.88914680480957
2019-02-04,33.464359283447266,34.42838668823242,33.464359283447266,34.10862731933594,740036504,2058221212.0339687,0.02287774,205.24712484,0.0006295580050842,6.9673389,67696.0,28846.0,22422.0,203381152621940.0,33.86643314361572
2019-02-05,34.00916290283203,34.38839340209961,33.777740478515625,34.25664520263672,708712284,2067659230.503612,0.02326597,199.19402075,0.0006940505016923,6.9673389,66844.0,27045.0,23341.0,202356409007930.0,34.107985496520996
2019-02-06,34.34730529785156,34.34730529785156,32.54347610473633,32.932987213134766,748545366,1988240237.46963,0.02133199,203.10949018,0.0006712996901565,7.10708741,64116.0,25623.0,21527.0,205351089929890.0,33.542768478393555
2019-02-07,32.9053955078125,33.59257888793945,32.87847137451172,33.22241973876953,652002936,2006215435.071216,0.02140097,209.33122875,0.0005936058793491,7.10708741,67908.0,27890.0,23108.0,211606810016920.0,33.1497163772583
2019-02-08,33.23527145385742,43.90346908569336,33.00557327270508,43.4647216796875,1721691113,2625319089.9443336,0.02649754,201.37684584,0.0006500419823212,7.10708741,72374.0,30322.0,25228.0,202861153057120.0,38.40225887298584
2019-02-09,43.02186584472656,45.86474609375,42.26860046386719,44.790283203125,1509978243,2706034018.2338386,0.03449925,201.02184379,0.0006871278830826,7.15067443,85133.0,40014.0,33374.0,204123352594410.0,43.98637390136719
2019-02-10,44.763633728027344,47.09407043457031,42.90381622314453,46.82740783691406,1420578823,2829822289.849709,0.02387464,209.93474387,0.0006300151649329,7.15067443,70420.0,31112.0,25859.0,212580670602620.0,45.39723205566406
2019-02-11,46.881832122802734,46.881832122802734,42.397342681884766,43.18254089355469,1229169302,2610194497.51208,0.02758698,212.28301009,0.0007151317634235,7.15067443,78601.0,33054.0,26148.0,212170331034110.0,44.83588695526123
2019-02-12,43.16887283325195,44.14329147338867,42.54317855834961,43.92864227294922,1098569294,2655935498.2477484,0.02402049,208.48736602,0.0006410206434434,7.15067443,69954.0,30987.0,24975.0,209738695985100.0,43.44599628448486
2019-02-13,43.83333969116211,44.51005172729492,41.416805267333984,41.99764251708984,1087815590,2539801210.367927,0.02418306,207.77099787,0.0006438284528224,7.35123524,73467.0,31701.0,24535.0,217861939663370.0,42.939459800720215
2019-02-14,41.87549591064453,42.5533561706543,41.26705551147461,41.64054870605469,997741394,2518836819.8982,0.02241175,217.37405225,0.0005800396350276,7.35123524,68834.0,31774.0,24769.0,214798088773890.0,41.83411407470703
2019-02-15,41.64327621459961,43.6757926940918,41.61971664428711,42.699668884277344,1043820661,2583499755.902574,0.02929233,210.62989068,0.0006155967177325,7.35123524,74873.0,29252.0,23956.0,210796301706310.0,42.409613609313965
2019-02-16,42.759765625,44.18357849121094,42.56769561767578,43.59476089477539,1017844635,2638328856.328232,0.02142798,220.70784555,0.0005838152934066,7.53785984,64746.0,29005.0,23994.0,225816243069620.0,43.27645015716553
2019-02-17,43.39625930786133,44.64957427978516,42.91134262084961,43.928367614746094,1089205822,2659166491.618863,0.02283719,223.64918957,0.0006496200110262,7.53785984,69585.0,29943.0,23580.0,220978195525610.0,43.72138595581055
2019-02-18,43.88195037841797,49.21957778930664,43.84201049804688,48.04317474365234,1462180271,2908965070.415967,0.02688169,222.77685266,0.0006849894924203,7.53785984,76407.0,30813.0,25001.0,226074597813880.0,46.24667835235596
2019-02-19,48.13616943359375,49.18318176269531,47.268829345703125,47.86467742919922,1417050580,2898852435.74316,0.02730527,223.76669365,0.0006901706775258,7.53785984,72927.0,33149.0,26951.0,223042166173230.0,48.11321449279785
2019-02-20,47.82089614868164,52.158390045166016,47.41093444824219,51.78596496582031,1582934318,3137096623.457188,0.02676927,220.31584721,0.000706632538071,7.69798046,77448.0,32596.0,26201.0,224528731387420.0,49.79404640197754
2019-02-21,51.83532333374024,51.83532333374024,48.68165969848633,49.1515998840332,1259734341,2978261193.103039,0.02509002,226.17359174,0.0006468113293281,7.69798046,71147.0,33274.0,26299.0,232460960404740.0,50.3759765625
2019-02-22,49.132930755615234,50.02767181396485,48.717384338378906,49.80573272705078,1213665948,3018608508.810936,0.02547953,224.24092634,0.0006498045226354,7.69798046,72494.0,31399.0,24740.0,219994684370390.0,49.42092990875244
2019-02-23,49.67182159423828,51.88578414916992,48.66763687133789,51.68092727661133,1278039837,3133043858.831426,0.02207752,224.98620923,0.0005889221017638,7.87631971,68386.0,31941.0,25569.0,235914139570700.0,50.476542472839355
2019-02-24,51.68029022216797,53.415828704833984,43.65616226196289,44.678592681884766,1618048131,2709211593.891936,0.02484404,235.26528874,0.0006294286781323,7.87631971,75213.0,33065.0,26107.0,238348818198980.0,48.3577184677124
2019-02-25,44.57594680786133,47.19085693359375,44.57594680786133,46.21306610107422,1212141472,2802932281.7146,0.02596243,228.49349821,0.0006693755573519,7.87631971,69464.0,29806.0,24123.0,228482686866350.0,45.638954162597656
2019-02-26,46.17646026611328,46.517333984375,45.09392166137695,45.49113082885742,1060325373,2759837674.747944,0.02429419,235.98086478,0.0006803956636985,8.24821157,71079.0,31133.0,24258.0,243273836292070.0,45.819711685180664
2019-02-27,45.49864196777344,46.138301849365234,44.41291427612305,45.581424713134766,1061879935,2765960678.3641577,0.0228799,237.33410645,0.0006152507397039,8.24821157,66592.0,29024.0,23577.0,238196101600680.0,45.40782070159912
2019-02-28,45.61649703979492,46.92005920410156,45.59764862060547,46.23725509643555,1119495712,2806396908.535156,0.02358156,230.55803198,0.0005587451902957,8.24821157,65264.0,30320.0,24278.0,230173844530460.0,46.092864990234375
2019-03-01,46.23541259765625,48.98780059814453,46.14991760253906,47.48723983764648,1175425172,2882939565.920533,0.02482067,230.44644212,0.0006431281346036,8.24821157,70932.0,30523.0,24665.0,231699592790690.0,47.21509265899658
2019-03-02,47.48123550415039,49.64073944091797,47.46395492553711,49.01536560058594,1227656624,2976438490.560124,0.02411736,235.78297009,0.0006022705241415,8.10078209,71523.0,32665.0,26386.0,238213076971450.0,48.40032386779785
2019-03-03,49.02194595336914,49.38588333129883,48.09316253662109,48.38032150268555,1102677211,2938604935.062283,0.02056391,239.87635791,0.0006011615375748,8.10078209,63100.0,28092.0,22555.0,238260453180880.0,48.72032833099365
2019-03-04,48.33495330810547,48.6493034362793,45.85337448120117,46.43203353881836,1243464082,2820961944.6883216,0.02429382,244.0195795,0.0007304639782324,8.10078209,71937.0,28650.0,22970.0,243990983075720.0,47.317416191101074
2019-03-05,46.523563385009766,54.02388381958008,46.14234161376953,53.1324577331543,2000300862,3228891374.619922,0.02283524,256.27812108,0.0006805550962707,8.57566707,73759.0,30622.0,25501.0,267969624384410.0,49.95556163787842
2019-03-06,53.02022552490234,56.26727294921875,52.27675247192383,55.784278869628906,1998850452,3390894715.963356,0.02809117,260.63024758,0.0007205634157014,8.57566707,79733.0,32704.0,27195.0,254468082556640.0,54.33713245391846
2019-03-07,55.8377685546875,58.99951934814453,55.07939147949219,57.18903350830078,2410843754,3477098958.135354,0.06406169,250.83731132,0.0014282181106412,8.57566707,81796.0,33544.0,28380.0,253411875803690.0,56.77642822265625
2019-03-08,57.435508728027344,57.6500244140625,55.45344924926758,56.09954833984375,1977538387,3411646319.0983605,0.02876632,244.56836134,0.0006314284982499,8.57566707,76564.0,33043.0,27428.0,241384789997070.0,56.65963268280029
2019-03-09,56.00178146362305,59.285743713378906,56.00178146362305,58.086891174316406,2145350395,3533357384.0038824,0.02560573,247.47977778,0.0005975421632532,8.64967549,71974.0,32301.0,27001.0,254487975641620.0,57.34404945373535
2019-03-10,58.09852981567383,58.25138854980469,56.59122085571289,57.18186569213867,1778709344,3479130440.1252427,0.02211068,248.96846899,0.0006205953986596,8.64967549,65081.0,27959.0,23278.0,246586511727120.0,57.53075122833252
2019-03-11,57.18770217895508,57.848880767822266,54.82707214355469,55.42021560668945,1839260243,3372777277.61478,0.02221899,255.93814318,0.0006747189052957,8.64967549,66334.0,26956.0,21942.0,258303069889160.0,56.32096767425537
2019-03-12,55.41301727294922,57.263145446777344,53.49565124511719,56.99705505371094,1666711996,3469586009.8814325,0.03223902,260.65526021,0.0009256343057227,8.95536429,70126.0,29287.0,24918.0,266305386019470.0,55.79221725463867
2019-03-13,57.07566452026367,57.21018981933594,55.43373489379883,55.93318557739258,1465625295,3405605192.630318,0.02698524,248.42537234,0.0007287214743483,8.95536429,65197.0,28703.0,24092.0,251706406199640.0,56.413193702697754
2019-03-14,55.86001205444336,57.75611114501953,55.785194396972656,56.58418273925781,1610293200,3446078637.033606,0.02417468,257.0546269,0.0007762935518879,8.95536429,72448.0,29315.0,24418.0,260395422211510.0,56.49637508392334
2019-03-15,56.5416374206543,59.386192321777344,56.5416374206543,58.9892578125,1824454595,3593405940.346782,0.02518054,260.25018843,0.000686858428638,8.95536429,71840.0,32717.0,25742.0,258417093584020.0,57.864681243896484
2019-03-16,58.99413299560547,62.093448638916016,58.99413299560547,61.84475326538086,1997899601,3768211591.438084,0.02547719,247.9595984,0.000592538461949,8.91788412,68520.0,32377.0,26228.0,252275617308840.0,60.48161697387695
2019-03-17,61.881492614746094,61.98963928222656,60.78253936767578,61.243778228759766,1609232029,3732541996.402869,0.01922539,260.4494463,0.0006316894542634,8.91788412,59082.0,26035.0,21274.0,273386327067820.0,61.47436237335205
2019-03-18,61.28428268432617,62.77064895629883,59.5024299621582,60.26480484008789,1971826811,3673876692.215218,0.02052745,284.56574011,0.0006497793857687,8.91788412,65321.0,27098.0,22809.0,288321661833920.0,60.95554161071777
2019-03-19,60.22429656982422,60.947174072265625,59.7523193359375,60.61556625366211,1824124623,3696113073.062949,0.02434488,269.9940905,0.0006188052576666,9.44072238,67783.0,28549.0,23674.0,272655709079210.0,60.38483905792236
2019-03-20,60.67791366577149,60.95704650878906,58.56939697265625,60.8465461730957,1990264182,3711056768.021422,0.02455066,263.42148723,0.0006293265565898,9.44072238,65546.0,29003.0,23741.0,263679828864580.0,60.262725830078125
2019-03-21,60.86749267578125,61.08232879638672,58.73954391479492,59.378326416015625,1766689848,3622370254.709936,0.02301453,270.07492032,0.0005589359869657,9.44072238,67261.0,29995.0,25011.0,275952870170220.0,60.01692295074463
2019-03-22,59.3026123046875,60.284576416015625,58.8876953125,59.82400131225586,1660894830,3650448600.62772,0.02169722,276.73595147,0.0005648531190255,9.42146897,64365.0,30861.0,24793.0,280909116759510.0,59.574721336364746
2019-03-23,59.79153060913086,61.70700454711914,59.507808685302734,61.34861373901367,2009701790,3744392789.8217134,0.02356095,280.96148821,0.0006197024826251,9.42146897,71590.0,30593.0,25324.0,283649333223050.0,60.5887393951416
2019-03-24,61.24291610717773,61.24728393554688,59.71322250366211,60.223876953125,2041814465,3676654120.331249,0.01847428,273.75514413,0.0006143115620266,9.42146897,56419.0,25485.0,20467.0,284209951037510.0,60.60682487487793
2019-03-25,60.30268096923828,60.926551818847656,58.999908447265625,59.49673843383789,2057863894,3633147438.7557983,0.02279053,273.99052012,0.0007051630533955,9.42146897,67543.0,25446.0,21219.0,277553905061690.0,59.93146991729736
2019-03-26,59.50830841064453,59.65300750732422,58.334938049316406,59.343528747558594,2020400713,3624684932.380578,0.0206704,284.54584356,0.0006398109529803,9.81463991,64099.0,26820.0,22246.0,298415780803420.0,59.20994567871094
2019-03-27,59.40789794921875,62.288082122802734,59.32523727416992,62.25143051147461,2220590688,3803213697.177216,0.02244669,284.450059,0.0006335466310856,9.81463991,68049.0,27941.0,23046.0,284466818090944.0,60.818161964416504
2019-03-28,62.22245788574219,62.22245788574219,60.74556350708008,61.17048645019531,1818355774,3738105467.249809,0.0209513,289.48471051,0.0006124059289399,9.81463991,63473.0,28427.0,23839.0,298566918399320.0,61.59024143218994
2019-03-29,61.16759490966797,61.532344818115234,60.2597770690918,61.30161285400391,1977436351,3747088655.90067,0.02125972,306.8573518,0.0005718500307778,10.36037551,67682.0,31141.0,25018.0,321359784635370.0,61.06533241271973
2019-03-30,61.25409698486328,64.1090087890625,60.36506271362305,60.62196350097656,1698116593,3706455566.174259,0.02533209,306.63728923,0.0005469927107157,10.36037551,73452.0,38016.0,28332.0,315896164310590.0,61.58753299713135
2019-03-31,60.63848114013672,60.850318908691406,60.212364196777344,60.75539779663086,1646531872,3715506988.3229256,0.02253211,305.10943598,0.0005403655173421,10.36037551,65383.0,32434.0,23959.0,300882414558030.0,60.61414051055908
2019-04-01,60.76983642578125,60.98517227172852,60.41389083862305,60.67799377441406,1712538382,3711666823.957202,0.02553425,297.50524799,0.0006293591290615,10.68695059,73720.0,32993.0,25329.0,311104849603230.0,60.71172332763672
2019-04-02,60.70470428466797,77.41172790527344,60.53777694702149,76.1932601928711,4161362861,4661945548.740402,0.03171432,320.87827417,0.0006558870484162,10.68695059,92902.0,40502.0,32613.0,336990277330490.0,68.7118673324585
2019-04-03,76.25630187988281,97.49525451660156,76.0096435546875,84.92193603515625,6206102119,5197379703.841078,0.038426,333.88666053,0.000890143933084,10.68695059,94136.0,45218.0,36643.0,334902141537640.0,83.67078399658203
2019-04-04,85.1739273071289,89.33838653564453,81.56863403320312,84.98090362548828,4195622761,5202222965.45996,0.03813413,318.16594643,0.0006787641160114,10.68695059,94936.0,44949.0,36324.0,321210098376920.0,85.26546287536621
2019-04-05,85.03794860839844,89.58201599121094,84.92327880859375,88.67786407470703,3512861847,5429876204.382385,0.02838363,325.39961305,0.0006849230924363,11.4164436,80058.0,34003.0,27619.0,335584809816020.0,87.05527687072754
2019-04-06,88.70777130126953,96.7413558959961,86.31238555908203,92.57341766357422,3857950929,5669751507.38136,0.02449255,336.59951045,0.0005761320569534,11.4164436,72829.0,32901.0,25951.0,335044678818230.0,91.08373260498047
2019-04-07,92.42137145996094,95.39466857910156,90.08541870117188,92.31237030029295,3314848880,5655145738.688921,0.02456795,341.48079752,0.000623003180017,11.4164436,70592.0,32815.0,25742.0,337592499166530.0,92.55345726013184
2019-04-08,92.32789611816406,93.82284545898438,87.0640869140625,89.4930419921875,3295695862,5483764488.663482,0.29186599,344.13082013,0.0006764028441771,11.87949576,169409.0,124094.0,27435.0,359437066342650.0,90.67696762084961
2019-04-09,89.49773406982422,89.49773406982422,85.00721740722656,86.7869644165039,2742631078,5319164192.251749,0.02679579,336.78332867,0.0006985597269229,11.87949576,71522.0,28805.0,24169.0,332529956190610.0,87.69741249084473
2019-04-10,86.77433013916016,90.35243225097656,86.74703979492188,88.37773895263672,2765900677,5417818432.979791,0.02672939,320.952335,0.0006391635021114,11.87949576,69259.0,31096.0,24865.0,319679767609900.0,88.06288528442383
2019-04-11,88.3935317993164,88.52174377441406,76.65676879882812,79.67799377441406,3461536000,4885645229.479849,0.18155745,325.8922221,0.0006499876934395,11.87949576,127456.0,85896.0,27864.0,335072941802740.0,83.31250953674316
2019-04-12,79.63264465332031,80.26605987548828,76.44163513183594,78.96395874023438,2839796022,4842974237.526425,0.02413129,328.22579057,0.0005984032262117,11.49906763,67977.0,30101.0,24676.0,320501183042740.0,78.82607460021973
2019-04-13,78.94670867919922,81.102783203125,76.69335174560547,78.22130584716797,2379257754,4798540624.25452,0.02253051,320.11718262,0.0005690720689801,11.49906763,65936.0,28348.0,23514.0,324891234437540.0,78.74103736877441
2019-04-14,78.20467376708984,82.9375228881836,76.97917175292969,82.9375228881836,2328308745,5089118873.617485,0.01905343,336.34418137,0.0005752937581445,11.49906763,63272.0,25916.0,20566.0,347546509218810.0,80.26472282409668
2019-04-15,83.014892578125,83.84815216064453,76.98197174072266,79.05470275878906,2742760721,4852106665.344754,0.02439052,357.3902322,0.0006923428151382,11.85694867,71119.0,29109.0,24045.0,371923344356800.0,80.72492980957031
2019-04-16,79.03822326660156,81.83829498291016,78.02865600585938,81.34928131103516,2176907331,4994097263.209296,0.023961,343.65500314,0.0006014492528368,11.85694867,67534.0,30147.0,25028.0,337925934496960.0,80.06361389160156
2019-04-17,81.35240936279297,82.00177764892578,79.08088684082031,79.32746887207031,2060101784,4871089303.128113,0.02408051,328.46853889,0.00059607029898,11.85694867,68748.0,29331.0,24316.0,333286148550110.0,80.44063568115234
2019-04-18,79.39220428466797,83.20145416259766,79.30755615234375,82.07487487792969,2616912436,5041039021.5008,0.02333244,345.88204353,0.0006397648702415,11.85694867,72675.0,30961.0,24430.0,343686880087480.0,80.99402236938477
2019-04-19,82.09881591796875,83.18848419189453,80.43392944335938,82.56922149658203,2608961075,5072555568.035951,0.02505552,342.26414683,0.0005697630024675,11.80133363,70899.0,30978.0,25126.0,341666194391480.0,82.07261276245117
2019-04-20,82.55038452148438,82.89277648925781,80.27595520019531,81.51249694824219,2422737857,5008786128.639156,0.02367783,329.93627854,0.0005444486832272,11.80133363,68378.0,29681.0,24355.0,333431038264800.0,81.80790328979492
2019-04-21,81.52201843261719,81.8905029296875,75.02021026611328,77.33155822753906,2957685726,4753016085.169714,0.02051009,338.33478365,0.0006420115146198,11.80133363,61794.0,25866.0,20520.0,345837372737840.0,78.94107246398926
2019-04-22,77.2944107055664,77.88958740234375,75.69957733154297,76.94807434082031,2657300819,4730533127.203323,0.0217932,336.82022181,0.0006432464091239,11.81972921,58365.0,24827.0,20605.0,335390701805210.0,76.95791244506836
2019-04-23,76.85350036621094,79.46178436279297,74.63941192626953,74.84502410888672,2920088568,4602291493.25271,0.02481668,329.16176526,0.0006213414794588,11.81972921,72600.0,29682.0,24171.0,329062996226740.0,76.44993019104004
2019-04-24,74.75387573242188,75.23564910888672,71.35606384277344,73.30894470214844,3347048436,4508855552.0992775,0.02597559,330.14996441,0.0006277792395893,11.81972921,72250.0,31312.0,25815.0,328115951949410.0,73.66363334655762
2019-04-25,73.24531555175781,74.50772094726562,71.05500030517578,71.24811553955078,2754712046,4383055962.289506,0.02541055,320.44745465,0.0005935138972933,11.81972921,70374.0,29943.0,24458.0,318106670363020.0,72.5140380859375
2019-04-26,71.3633041381836,74.51300811767578,70.19367218017578,73.11534881591797,3041612619,4498993825.30616,0.02512389,327.11917585,0.0006149971695692,11.26843338,72006.0,31196.0,25724.0,320477252305460.0,72.29633331298828
2019-04-27,73.21337127685547,73.3286361694336,71.99333190917969,72.12090301513672,2059777054,4438828869.146438,0.0229716,327.74045502,0.0005446209453147,11.26843338,68381.0,29792.0,24193.0,322206579277420.0,72.66406059265137
2019-04-28,72.12030792236328,72.48282623291016,69.08003234863281,69.72679901123047,2362638270,4292475937.33316,0.02041882,322.24607437,0.0005906267679798,11.26843338,62196.0,25323.0,20662.0,318882996048260.0,70.85249137878418
2019-04-29,69.78425598144531,70.2292251586914,67.26605987548828,67.96038055419922,2532498296,4184718177.7539287,0.0238996,324.53537889,0.0006159431303409,11.3204103,69133.0,27772.0,22234.0,333406253464246.0,68.80998039245605
2019-04-30,67.9505844116211,74.66829681396484,67.9505844116211,74.28087615966797,3065300354,4575014744.010945,0.02234418,330.68916808,0.0006371823917562,11.3204103,65162.0,27256.0,22611.0,337688342243000.0,71.21258544921875
2019-05-01,74.30335235595703,75.420654296875,72.29801177978516,73.65776824951172,2871792311,4537795481.043815,0.02261319,338.47268421,0.000644160284841,11.3204103,70954.0,28253.0,24540.0,344091100618290.0,73.91994667053223
2019-05-02,73.68275451660156,74.5236587524414,73.09578704833984,73.77717590332031,2903392114,4546313730.0932665,0.0198372,355.6021172,0.0006286938411646,11.3204103,63040.0,24358.0,21431.0,355978365757460.0,73.76984405517578
2019-05-03,73.76445007324219,80.41926574707031,73.4426040649414,79.32653045654297,3850339792,4889306813.667232,0.0259752,333.45680402,0.0006234561858974,12.09738302,63336.0,26931.0,23712.0,331617526669820.0,76.73821258544922
2019-05-04,79.30793762207031,82.01958465576172,75.7961654663086,78.0638427734375,3502670655,4812504895.226278,0.02701783,315.66962917,0.0006868822464664,12.09738302,63939.0,26721.0,22640.0,319371439683000.0,78.79688262939453
2019-05-05,78.00423431396484,78.15052795410156,75.53789520263672,75.98436737060547,2650746461,4685429739.030817,0.02135029,341.23194639,0.0005837178491815,12.09738302,63634.0,25868.0,21443.0,343233694690660.0,76.91925621032715
2019-05-06,76.02898406982422,76.39363861083984,72.3252944946289,74.98275756835938,2933488799,4624767716.502427,0.02211087,356.86184947,0.0006553929665222,11.64854857,64961.0,26454.0,22164.0,355843955626610.0,74.93266868591309
2019-05-07,74.97994232177734,78.00873565673828,74.66644287109375,74.69300079345703,3088433048,4608014779.371634,0.02290654,346.58346792,0.0005785780079984,11.64854857,69855.0,29536.0,25005.0,344644648876390.0,75.5870304107666
2019-05-08,74.64736938476562,75.318115234375,73.10152435302734,74.62028503417969,2532851418,4604588511.391985,0.02263107,332.31074094,0.0005867246189288,11.64854857,63851.0,27823.0,23657.0,331194759562980.0,74.42182350158691
2019-05-09,74.59397888183594,75.93289184570312,72.98983764648438,74.17713928222656,2436426305,4578365166.774159,0.02455335,344.02855402,0.0007091142124079,11.64854857,70340.0,28149.0,23775.0,349018543906360.0,74.4234619140625
2019-05-10,74.18959045410156,78.7241439819336,73.0380630493164,77.1666488647461,3051537532,4764043307.93841,0.0262429,357.8616685,0.0006419246211426,11.9192894,72304.0,30316.0,26184.0,360902315462780.0,75.77961158752441
2019-05-11,77.16275024414062,94.54438018798828,77.1092300415039,89.22225952148438,5491744173,5509601447.862257,0.02869445,343.58900603,0.000579976715044,11.9192894,75983.0,34213.0,29766.0,341042669367320.0,84.5096549987793
2019-05-12,89.53929901123047,93.17626953125,83.82306671142578,84.56551361083984,5582599422,5223152849.661054,0.03004828,323.01719661,0.0006605587673343,11.9192894,72196.0,33077.0,27258.0,318630174556858.0,87.77603721618652
2019-05-13,84.63257598876953,92.37200927734376,84.29974365234375,88.05823516845703,4658762984,5440173984.65462,0.02369919,337.39825777,0.0006361820620025,11.80690968,67309.0,28002.0,23870.0,348031592886220.0,87.34064102172852
2019-05-14,88.05304718017578,93.37297821044922,87.65838623046875,91.6204071044922,4930071296,5661600537.201951,0.03139453,342.28236894,0.0007023352416869,11.80690968,82326.0,36610.0,31156.0,346129548508970.0,90.17620468139648
2019-05-15,91.66155242919922,103.1400146484375,90.81726837158205,101.74456787109376,5168624436,6288722250.287728,0.02949825,344.76149966,0.0006413119185935,11.80690968,84245.0,38490.0,31398.0,347907094001410.0,96.84085083007812
2019-05-16,101.5731430053711,106.20565032958984,92.56511688232422,95.58558654785156,6442000276,5909519050.397887,0.03835439,361.32694231,0.0007200386186614,12.23577884,107122.0,50423.0,38593.0,371591874353776.0,98.98237419128418
2019-05-17,95.63260650634766,97.2586669921875,84.93778228759766,88.99523162841797,5319840521,5503376305.00872,0.03307371,353.38352738,0.0006526943148405,12.23577884,89689.0,41602.0,33058.0,357158134496820.0,91.7060718536377
2019-05-18,89.01001739501953,89.87495422363281,85.8005142211914,86.70018768310547,3317998478,5362642974.261697,0.02676989,342.35422579,0.0005838776744694,12.23577884,74553.0,34111.0,27426.0,345364398841240.0,87.8464183807373
2019-05-19,86.67533111572266,96.54276275634766,86.12923431396484,95.32119750976562,4108852208,5897232005.284416,0.02352007,338.62511055,0.0005686011514728,12.23577884,66843.0,31986.0,25767.0,344023286191860.0,91.1671314239502
2019-05-20,95.33937072753906,95.33937072753906,88.56927490234375,91.4936752319336,3566921483,5661777496.6194,0.02823095,350.07028763,0.0006302827232899,12.16739908,78462.0,34078.0,28304.0,353119401193760.0,92.68542289733887
2019-05-21,91.57208251953124,92.44412994384766,89.58797454833984,91.50775146484376,3145769021,5663933862.375651,0.0305226,350.77717589,0.0005937188010974,12.16739908,80958.0,33509.0,28793.0,348027200875890.0,91.27798461914062
2019-05-22,91.5051040649414,92.00270080566406,87.5451431274414,88.2105712890625,3398528443,5461151814.083712,0.02629585,343.7533677,0.0005711249667791,12.16739908,72997.0,33738.0,28747.0,353028545216630.0,89.81587982177734
2019-05-23,88.1976089477539,89.7386703491211,85.23011779785156,89.17677307128906,3208807269,5522222812.1464,0.02814998,345.90224948,0.0078320696856071,12.16739908,74895.0,32495.0,27736.0,343184605770820.0,88.0857925415039
2019-05-24,88.97394561767578,102.74993133544922,88.3244400024414,99.9030303955078,5393657682,6187938982.388272,0.03744815,348.59553423,0.0005623872393117,12.06803849,87795.0,36436.0,32021.0,353796713286590.0,94.98783683776855
2019-05-25,100.04553985595705,104.10557556152344,98.7228775024414,102.6723175048828,4507357465,6360971061.560128,0.02871856,359.59944738,0.0005769324588246,12.06803849,77732.0,36932.0,30783.0,353143051703430.0,101.38657760620117
2019-05-26,102.70059204101562,112.6732177734375,99.74384307861328,111.4186019897461,5168378349,6904574606.948877,0.02291469,361.11805551,0.0006023809802008,12.06803849,71866.0,30355.0,24597.0,368517319654840.0,106.63406372070312
2019-05-27,111.43529510498048,120.69171142578124,111.1279525756836,118.03260040283205,6355361291,7316103373.5567,0.03960802,357.16939207,0.0007768363615857,12.5391441,87937.0,39465.0,32363.0,360886762082020.0,115.32188987731934
2019-05-28,117.8918914794922,117.8918914794922,112.99124145507812,114.93115997314452,4171886802,7125519293.01413,0.03235515,351.24988887,0.0006729024200898,12.5391441,87185.0,38939.0,31379.0,358786113035390.0,115.92654609680176
2019-05-29,114.92544555664062,117.87444305419922,110.47267150878906,115.08123016357422,4122926836,7136526722.542041,0.02913114,364.26571585,0.0006375782382259,12.5391441,83596.0,37762.0,31701.0,367008779860160.0,114.58844757080078
2019-05-30,115.14059448242188,119.7417449951172,105.29833221435548,108.79557800292967,4971290022,6748317863.881275,0.03461852,369.48552802,0.0006933775454293,12.65052237,83854.0,38735.0,32523.0,367546980734810.0,112.24406242370605
2019-05-31,108.69622039794922,114.62804412841795,105.91383361816406,114.53695678710938,4207966341,7106142114.965084,0.03886029,372.33498805,0.0007115252140602,12.65052237,93291.0,39040.0,32631.0,373258894205350.0,110.94376373291016
2019-06-01,114.46625518798828,115.6069107055664,111.67902374267578,112.61927032470705,3807158511,6988833543.214716,0.02708147,370.79043387,0.0006398578991114,12.65052237,75647.0,34028.0,27912.0,370637841091180.0,113.59286499023438
2019-06-02,112.71016693115234,116.24699401855467,111.91221618652344,114.7028350830078,3434073037,7119854615.952441,0.02777259,373.52404859,0.0006384238162201,12.65052237,79261.0,30412.0,24747.0,373981446115830.0,113.89305305480957
2019-06-03,114.66870880126952,115.90577697753906,106.4624481201172,107.46857452392578,3832352496,6672283234.118886,0.03037603,365.90056042,0.000679987502074,12.99193953,77976.0,31070.0,25313.0,370570749722940.0,111.12637710571289
2019-06-04,107.37293243408205,107.37293243408205,99.2943115234375,102.08782196044922,4316694183,6339641078.993061,0.03095388,355.20637325,0.0007735855357208,12.99193953,81669.0,33934.0,27113.0,360446474958120.0,104.0319995880127
2019-06-05,102.11949920654295,104.84400177001952,101.21884155273438,103.84928894042967,3585162872,6450536350.577736,0.02677162,373.68597731,0.0006271319162797,12.99193953,78412.0,33745.0,26708.0,379926110932940.0,103.00790786743164
2019-06-06,103.80683135986328,111.33433532714844,102.08814239501952,111.1072235107422,4142250662,6902986423.745629,0.0268319,375.11804829,0.0005635040726923,12.76093419,81006.0,36302.0,28146.0,373934741278250.0,107.08413314819336
2019-06-07,110.97515106201172,120.6396942138672,109.5865707397461,117.3744125366211,5140908477,7294153471.158714,0.02818304,385.6333045,0.000664977426522,12.76093419,81000.0,35494.0,28580.0,379875928870790.0,114.64395713806152
2019-06-08,117.278076171875,119.4982452392578,114.45549774169922,118.55203247070312,4689557936,7369156002.862833,0.02784217,391.96240062,0.0005880252276036,12.76093419,83111.0,39907.0,31590.0,394699669719300.0,117.44596290588379
2019-06-09,118.5860595703125,119.13320922851562,112.56881713867188,115.1323013305664,4360301111,7158348047.66068,0.02480207,388.8833385,0.0005785991189837,12.76093419,74033.0,34157.0,26844.0,398701015650300.0,116.3550968170166
2019-06-10,114.9955596923828,129.7088165283203,113.1698989868164,129.07144165039062,5449266884,8026955779.386279,0.03470557,396.67315621,0.0006480249902705,13.57518366,92385.0,38894.0,31862.0,407755670002270.0,121.73642921447754
2019-06-11,129.26412963867188,138.14874267578125,125.9625244140625,136.0297393798828,5441787587,8461502154.876996,0.03948963,378.10527879,0.0006618994229967,13.57518366,96373.0,45640.0,35979.0,366854026420850.0,132.3512840270996
2019-06-12,136.08583068847656,142.70640563964844,132.23800659179688,135.65374755859375,5855623530,8439915206.151722,0.04693302,359.93695949,0.0006944247647194,13.57518366,109848.0,49279.0,38911.0,367537625459600.0,136.6709976196289
2019-06-13,135.68211364746094,136.88600158691406,129.1358184814453,131.3517608642578,4947794845,8174201021.79378,0.03286066,379.22510083,0.0005729162099868,13.21460585,96569.0,45685.0,35707.0,386591269404780.0,133.26392364501953
2019-06-14,131.3140106201172,133.1774444580078,126.86178588867188,133.0532684326172,4352005824,8282147117.103023,0.03064596,396.25626208,0.0005430645729081,13.21460585,97699.0,47438.0,36690.0,394347180005400.0,131.10162734985352
2019-06-15,133.1798095703125,139.186279296875,133.1439666748047,138.12709045410156,4329002013,8599857878.883043,0.03339858,377.49728367,0.0004985139748282,13.21460585,90817.0,45369.0,35516.0,388003743951010.0,135.90928649902344
2019-06-16,138.14878845214844,138.7944793701172,134.54083251953125,137.12225341796875,4372645801,8539421929.399823,0.02886671,390.96597029,0.0005479113529934,13.21460585,92193.0,43500.0,33740.0,394315152021990.0,137.1515884399414
2019-06-17,137.12994384765625,137.27732849121094,133.05030822753906,134.43809509277344,3230230843,8374209652.709325,0.03311822,392.41880351,0.000588143084554,13.66765928,93562.0,41508.0,32358.0,397136930516880.0,135.47391891479492
2019-06-18,134.4720916748047,135.92283630371094,129.7471466064453,135.1587371826172,3720828769,8421088412.654995,0.03633867,396.03427887,0.0005544320752903,13.66765928,102821.0,47700.0,36419.0,397882913631380.0,133.82520294189453
2019-06-19,135.1526641845703,139.34060668945312,134.03050231933594,136.6031951904297,4383960510,8513158967.765698,0.03495459,413.71099364,0.0005470415988569,13.66765928,94925.0,43455.0,35344.0,413096159436490.0,136.28174209594727
2019-06-20,136.60227966308594,137.08358764648438,132.64306640625,135.47984313964844,3880682308,8445277834.627963,0.03183929,427.40651235,0.0005103677621709,14.09355821,91739.0,43590.0,35597.0,438262281500720.0,135.4521942138672
2019-06-21,135.50851440429688,141.07347106933594,135.50851440429688,138.88375854492188,4378260963,8659708333.808973,0.0371508,448.72681484,0.0005135910866362,14.09355821,105476.0,49478.0,40722.0,445133724102870.0,137.7435646057129
2019-06-22,139.03695678710938,146.43467712402344,138.479736328125,141.90304565429688,5488615002,8849907542.266684,0.04820169,413.04148674,0.0004991403982146,14.09355821,131241.0,64250.0,48617.0,404553702746570.0,141.46360397338867
2019-06-23,141.94515991210938,142.56011962890625,136.321533203125,136.88217163085938,3998980168,8538812285.870812,0.03377463,411.16136079,0.0005521055446113,14.65621843,103566.0,45084.0,34823.0,423665802023000.0,139.42724609375
2019-06-24,136.92086791992188,138.6890106201172,132.83248901367188,135.5327606201172,3907725105,8456691882.453975,0.03642997,431.84969182,0.0005071122535811,14.65621843,112153.0,53031.0,39861.0,445573859370370.0,135.99378204345703
2019-06-25,135.58094787597656,138.1245574951172,130.8856964111328,136.48939514160156,4411092400,8518456384.832529,0.03548075,443.45419842,0.0006341779359511,14.65621843,109612.0,44866.0,35067.0,446198126749100.0,135.27014923095703
2019-06-26,136.4770050048828,138.3216094970703,128.944091796875,131.2650909423828,5565887285,8194309075.57606,0.04224324,424.42880575,0.0006423348192544,14.65621843,119514.0,47759.0,37207.0,435689494360360.0,133.75194931030273
2019-06-27,131.22300720214844,132.0428466796875,110.66587829589844,114.40476989746094,5588611122,7143533838.07308,0.05143998,440.85500358,0.0008409662019305,15.42176661,133861.0,56729.0,38746.0,457968669833240.0,122.08412551879883
2019-06-28,114.4111099243164,122.02327728271484,113.46674346923828,120.15009307861328,4683311766,7504031163.335132,0.03299168,451.75948719,0.0006270336902644,15.42176661,96431.0,41151.0,32602.0,455340746401030.0,117.5128059387207
2019-06-29,120.15509796142578,135.74449157714844,116.21924591064452,133.66278076171875,5745785825,8349874223.170113,0.03264478,437.27660255,0.0005670442536015,15.42176661,96330.0,42353.0,32208.0,434629427105100.0,126.44540405273438
2019-06-30,133.72463989257812,136.25967407226562,120.44098663330078,122.24911499023438,5525273220,7638479411.333226,0.03179412,415.03126039,0.0005837120010482,15.37217547,82546.0,35295.0,28620.0,418077142127460.0,128.16860389709473
2019-07-01,122.1141357421875,126.0243682861328,114.22135162353516,122.5837173461914,5034162436,7661169617.15101,0.03128411,423.98749336,0.0006059116864048,15.37217547,94235.0,35624.0,28878.0,436768825503554.0,121.23589324951172
2019-07-02,122.55633544921876,123.29338836669922,112.64794158935548,119.2436981201172,4761878443,7454177045.480831,0.02876978,437.92979107,0.0005910985333045,15.37217547,87666.0,33732.0,27804.0,445357621232620.0,119.43534088134766
2019-07-03,119.33422088623048,123.73639678955078,118.37224578857422,122.56411743164062,4529682890,7663627607.496525,0.02785149,459.77015944,0.0005602271135685,15.37217547,87462.0,35580.0,28485.0,468101899665870.0,121.00174522399902
2019-07-04,122.50275421142578,126.67379760742188,119.0459976196289,119.97692108154295,4564200301,7503521758.956503,0.02989965,449.13122246,0.0005793972922469,15.67437702,85675.0,35263.0,28363.0,455078421309540.0,122.04986763000488
2019-07-05,119.83766174316406,120.64836883544922,117.1535873413086,118.35250854492188,4110868217,7403650612.133223,0.03009143,433.63860961,0.0006109743570496,15.67437702,80786.0,33877.0,27576.0,439040004307810.0,118.99803161621094
2019-07-06,118.37871551513672,121.29405975341795,117.32711791992188,117.82362365722656,3484378308,7372159099.783305,0.0292259,428.97579939,0.0005057122628659,15.67437702,82894.0,36663.0,28486.0,428439371355710.0,118.70587921142578
2019-07-07,118.02600860595705,120.32526397705078,117.6410903930664,120.32087707519533,3348662401,7530158850.770358,0.02630872,438.52661882,0.0004828134119235,15.32397004,79278.0,37473.0,28884.0,449703202528720.0,119.07831001281738
2019-07-08,120.2834930419922,125.08201599121094,118.59856414794922,123.28548431396484,3803750017,7717424775.63246,0.03376045,435.0713935,0.0004170503378807,15.32397004,98245.0,50314.0,37824.0,427141419439670.0,121.8123893737793
2019-07-09,123.24710083007812,124.16542053222656,118.22809600830078,119.4328155517578,3785641025,7477912325.2700815,0.03200593,423.50873338,0.0005581403783173,15.32397004,88273.0,40161.0,31878.0,420626668622190.0,121.26835823059082
2019-07-10,119.5009994506836,120.10431671142578,103.82218933105467,108.50025939941406,4699511838,6795015799.528231,0.03268153,441.70982177,0.0005514984973074,15.32397004,95016.0,48150.0,37140.0,453587882044130.0,112.98194122314453
2019-07-11,108.57040405273438,108.57040405273438,97.28199768066406,102.64430236816406,4633853162,6429834065.747917,0.03219874,459.33673997,0.0005680182341193,15.21813244,92832.0,44466.0,36554.0,460633969582620.0,104.26677703857422
2019-07-12,102.82732391357422,106.3561019897461,101.21263122558594,105.30005645751952,3611846208,6597833066.499842,0.02726725,469.9679545,0.0005142954741366,15.21813244,85355.0,42051.0,34431.0,474199131595610.0,103.92402839660645
2019-07-13,105.28663635253906,105.59156799316406,98.0140380859375,101.02479553222656,3353538171,6331534620.328085,0.02592788,465.94303835,0.0005152122673242,15.21813244,80753.0,39933.0,31632.0,469607869025320.0,102.4792594909668
2019-07-14,101.10679626464844,101.68443298339844,88.80690002441406,89.77047729492188,3717531246,5627610311.645575,0.0250278,495.97125139,0.0005605577825327,16.51091498,80736.0,37479.0,29209.0,523817338872630.0,95.3421516418457
2019-07-15,89.85773468017578,92.63166046142578,85.68106842041016,90.9229736328125,3570361793,5701209001.118837,0.03000889,487.75381654,0.0005955259909374,16.51091498,85103.0,40011.0,31117.0,497679917533340.0,89.77335929870605
2019-07-16,90.90007019042967,92.06021118164062,77.49899291992188,79.49993133544922,3703346636,4986007185.278925,0.03998082,456.95116332,0.0005563551142875,16.51091498,82901.0,37930.0,31062.0,435282652122780.0,84.98980140686035
2019-07-17,79.4073257446289,93.04772186279295,77.49747467041016,89.81072235107422,4616360556,5633927478.822172,0.06323598,447.09653637,0.0006332789185481,16.51091498,94634.0,40080.0,33529.0,458897739836700.0,84.94081115722656
2019-07-18,89.69473266601562,103.1461181640625,87.44803619384766,101.08541870117188,4890332056,6342655371.1992,0.02929863,462.90881378,0.0005775500025373,16.30427147,84112.0,38441.0,31529.0,461802701594330.0,95.34357643127441
2019-07-19,101.08193969726562,101.17887878417967,95.7221221923828,98.40265655517578,3983990085,6175698940.047146,0.0295717,457.38983012,0.0005352898222764,16.30427147,80801.0,39305.0,31172.0,473369012525200.0,99.09639930725098
2019-07-20,98.45692443847656,104.61331939697266,97.70774841308594,100.60993957519533,3771308934,6315650714.511224,0.02640781,456.59691655,0.0005298419666374,16.30427147,74573.0,34673.0,28475.0,449595960899880.0,100.34698295593262
2019-07-21,100.50656127929688,101.46703338623048,96.9504165649414,99.6275863647461,2829054215,6255292527.412955,0.02620249,435.01247324,0.0005075475750019,15.91994166,67015.0,32188.0,26066.0,427046174943770.0,99.63789939880371
2019-07-22,99.55789184570312,100.2451171875,92.30303955078124,95.41738891601562,2693989249,5992312150.261327,0.02583572,439.28772016,0.0005554682337968,15.91994166,72584.0,32726.0,26322.0,447826307922840.0,96.880859375
2019-07-23,95.40665435791016,95.47981262207033,89.44454193115234,90.62262725830078,2700924026,5692476352.987974,0.02669318,449.47982269,0.0005450952728882,15.91994166,73633.0,35356.0,28235.0,439763372595470.0,92.7384090423584
2019-07-24,90.46114349365234,96.41960906982422,88.1529312133789,94.3096694946289,3247150970,5925431706.80552,0.026774,453.45126575,0.0005494765419445,15.91994166,75642.0,33914.0,28490.0,455900127992030.0,92.3358383178711
2019-07-25,94.35980987548828,95.84864807128906,92.47152709960938,93.44631958007812,2690273677,5872458614.584344,0.02726703,442.35902408,0.0005577081294083,15.524545,72671.0,33563.0,27788.0,434611932134970.0,94.03157615661621
2019-07-26,93.41134643554688,94.54645538330078,90.75366973876952,94.30501556396484,2260844511,5927669044.052211,0.02854083,412.22905385,0.0005545904661632,15.524545,72620.0,32394.0,27544.0,411947148074640.0,93.25412178039551
2019-07-27,94.31610870361328,95.6519775390625,87.69709014892578,88.88902282714844,2626517608,5588512727.725732,0.0263957,428.43392915,0.0005555883837733,15.524545,70026.0,32778.0,27954.0,435780574755430.0,91.6385498046875
2019-07-28,88.8858871459961,90.41407775878906,85.35436248779297,89.76933288574219,2460180908,5645261230.99242,0.0220808,466.53250366,0.0005595784591685,15.22108189,65188.0,29774.0,24993.0,474900119371730.0,88.60591506958008
2019-07-29,89.77179718017578,91.39435577392578,88.56600952148438,90.42642211914062,2457824867,5687966785.216248,0.02496323,464.74523236,0.0005358906322639,15.22108189,72708.0,33218.0,28738.0,465604367347487.0,90.03964614868164
2019-07-30,90.47145080566406,92.19244384765624,89.02040100097656,90.56694793701172,2302521844,5698153127.218277,0.03029746,451.10621407,0.0006316132143428,15.22108189,79137.0,35548.0,31235.0,449706516209920.0,90.56281089782715
2019-07-31,90.47100067138672,99.48381042480467,90.33488464355467,98.50957489013672,3051471469,6199407236.133894,0.02759765,469.32588033,0.000635971548587,15.22108189,77104.0,35231.0,30008.0,475949046375980.0,94.6998176574707
2019-08-01,98.56668853759766,100.25748443603516,95.98094177246094,99.17972564697266,2953184689,6242937039.68454,0.03110362,453.34523762,0.0006177759631405,16.19118575,76138.0,35151.0,29409.0,460582462910860.0,98.4962100982666
2019-08-02,99.1995849609375,99.1995849609375,93.54407501220705,94.94129180908205,2882784454,5977477830.639848,0.03012049,442.9881874,0.0005943749232535,16.19118575,77050.0,36491.0,30490.0,448966260299680.0,96.72113418579102
2019-08-03,95.01681518554688,96.84276580810548,94.15895080566406,94.58087921142578,2512959054,5956228593.152234,0.02649424,479.20431902,0.0005392916106947,16.19118575,71083.0,36562.0,30819.0,480690598763520.0,95.14985275268555
2019-08-04,94.5982437133789,95.39308166503906,91.45407104492188,93.20378112792967,2427608117,5870796709.326932,0.0297437,464.04927811,0.0006606291510358,15.93032137,73718.0,32139.0,27563.0,453505582863380.0,93.66229438781738
2019-08-05,93.08528137207033,105.5912857055664,93.08528137207033,96.83464813232422,4134352823,6100752471.11918,0.03132874,454.0088578,0.0006572941869226,15.93032137,78657.0,35719.0,30526.0,458331237536270.0,97.14912414550781
2019-08-06,96.8896026611328,98.97561645507812,91.66018676757812,93.06971740722656,3245339849,5864189003.581367,0.03632248,442.59454877,0.0005924741239359,15.93032137,84830.0,41728.0,34421.0,444012290709140.0,95.1487808227539
2019-08-07,93.03887176513672,93.73897552490234,88.54072570800781,90.91259765625,3105989436,5728864224.265101,0.03767558,426.15576805,0.0006236513478954,15.93032137,80200.0,39559.0,33237.0,420661943339110.0,91.55779266357422
2019-08-08,90.91156768798828,91.72232818603516,88.49970245361328,90.03160858154297,3034717882,5673912378.644235,0.0407586,396.07004079,0.0005132053551106,15.23415752,87414.0,46159.0,38664.0,381295813212020.0,90.29130172729492
2019-08-09,90.08919525146484,90.35707092285156,83.48514556884766,84.43937683105469,3003278177,5321984916.341075,0.04148806,372.51260721,0.0005180294674791,15.23415752,89619.0,45627.0,37745.0,359844174995980.0,87.09269714355469
2019-08-10,84.3909912109375,87.11417388916016,83.13603210449219,85.41947937011719,3088060147,5384303506.503729,0.06588567,373.23669502,0.0007902423032864,15.23415752,359080.0,42273.0,35966.0,389172425994250.0,85.01516914367676
2019-08-11,85.45075225830078,91.03135681152344,85.44612121582031,89.75267028808594,3025787942,5658057519.384692,0.03551137,404.86327316,0.0007832479993568,15.23415752,88020.0,37750.0,31095.0,406180740343900.0,87.92022514343262
2019-08-12,89.702392578125,89.70867919921875,85.63082122802734,85.74922943115234,2716187719,5406293864.436023,0.03718645,406.01103207,0.0008022680168077,13.44438012,90574.0,40363.0,32604.0,382369868439140.0,87.69778060913086
2019-08-13,85.74642944335938,86.32353210449219,83.34724426269531,84.40614318847656,2681787838,5322213586.920741,0.03405154,386.00707252,0.0005947383234006,13.44438012,80422.0,39788.0,32888.0,381986605058462.0,84.95583724975586
2019-08-14,84.42034912109375,85.5505142211914,75.96186065673828,76.06498718261719,3093090406,4796801589.190456,0.02367373,374.94689744,0.00052119528771,13.44438012,69111.0,28794.0,24695.0,373198388796160.0,80.49942779541016
2019-08-15,76.13327026367188,78.50770568847656,72.9977798461914,76.38897705078125,3654075558,4817771698.091557,0.02311154,377.72388469,0.000541377413293,13.29208698,66626.0,28518.0,25171.0,377999443987280.0,76.00693321228027
2019-08-16,76.31524658203125,77.16976928710938,73.06852722167969,74.92015075683594,3016089036,4725606500.148299,0.03174378,357.65606567,0.0006850090448768,13.29208698,73393.0,28029.0,24311.0,348162407192690.0,75.36842346191406
2019-08-17,74.90509033203125,75.33065795898438,72.26969146728516,72.79772186279297,2482385549,4592214984.592248,0.02360062,342.51931186,0.0005565682321888,13.29208698,66961.0,26562.0,22542.0,341895905685740.0,73.82579040527344
2019-08-18,72.839599609375,77.55828094482422,71.66908264160156,76.26995086669922,2743241606,4811692766.075122,0.02556885,328.0152622,0.0005731631205942,13.29208698,64287.0,24772.0,21137.0,318865212907350.0,74.584228515625
2019-08-19,76.33711242675781,78.50802612304688,75.88134765625,77.26319122314453,2346796021,4874895895.953427,0.0211363,333.24068225,0.0005534134290956,11.78893315,59918.0,23874.0,20711.0,327551353531030.0,76.9974193572998
2019-08-20,77.29838562011719,77.44202423095703,73.94193267822266,75.19656372070312,2430165429,4745003912.723507,0.02583738,338.42204574,0.0005500211899558,11.78893315,86422.0,44849.0,22421.0,329148668260400.0,75.9697265625
2019-08-21,75.24427795410156,75.46507263183594,70.58210754394531,72.96495056152344,2878567011,4604704201.965397,0.02324545,320.29850265,0.0005186027360774,11.78893315,68031.0,29380.0,23954.0,318996602134700.0,73.56410217285156
2019-08-22,72.95076751708984,74.57101440429688,71.30902099609375,73.59859466552734,2908864703,4645192852.3211975,0.02320021,327.09921364,0.0005382001032085,11.78893315,67024.0,27702.0,23157.0,332337371634580.0,73.10734939575195
2019-08-23,73.57733154296875,75.6928482055664,72.86895751953125,75.40281677246094,2496513401,4759594301.915206,0.02157946,314.89588298,0.0004858246682108,11.39727221,62313.0,27312.0,23313.0,309710082215280.0,74.38548851013184
2019-08-24,75.40780639648438,75.6932144165039,72.32014465332031,73.46361541748047,2191973575,4637722296.763251,0.01978304,324.80169542,0.0004762734988763,11.39727221,59565.0,27110.0,22693.0,332585913311515.0,74.22119522094727
2019-08-25,73.47003936767578,74.7339859008789,71.17426300048828,72.30814361572266,2227400267,4565298699.279979,0.01727192,326.54956246,0.0005196646527549,11.39727221,52881.0,21606.0,18258.0,333664684971350.0,72.9216079711914
2019-08-26,72.32022857666016,74.98611450195312,72.12271118164062,73.857177734375,3046136697,4663625397.053855,0.01951458,318.13336704,0.0005627555447734,11.33616714,57648.0,23240.0,19889.0,321782608902670.0,73.32155799865723
2019-08-27,73.93386840820312,73.93386840820312,72.36612701416016,72.83622741699219,2489689274,4599663386.34446,0.02786676,314.6927506,0.0005904033727223,11.33616714,101506.0,39069.0,22172.0,317178693900980.0,73.26752281188965
2019-08-28,72.90277099609375,73.04862213134766,66.53832244873047,67.42554473876953,2883041616,4258477543.540799,0.01922403,321.33884014,0.0004949727866757,11.33616714,58742.0,25249.0,21915.0,331473709318650.0,69.97881507873535
2019-08-29,67.35533905029297,67.43074798583984,63.62866973876953,64.09805297851562,3092332444,4048779306.036544,0.02149381,324.0418052,0.0005574226899401,11.33616714,61585.0,26965.0,23231.0,320353717396140.0,65.62820243835449
2019-08-30,64.08373260498047,65.43724060058594,62.61457824707031,64.33297729492188,2377466438,4064071101.383557,0.02156751,317.99370945,0.0006088777085154,11.32414129,60542.0,24985.0,21737.0,317984122962720.0,64.11713218688965
2019-08-31,64.35909271240234,65.26631927490234,63.01076126098633,64.5760498046875,2283340831,4079869839.834139,0.01909476,312.78207509,0.0004596743847854,11.32414129,56024.0,26381.0,21716.0,316170849099689.0,64.30305576324463
2019-09-01,64.55860900878906,66.77418518066406,64.49559783935547,66.14472198486328,2228146663,4179461797.188149,0.01816658,321.94017223,0.0005099597497939,11.32414129,52974.0,23658.0,20623.0,325368995713400.0,65.49327850341797
2019-09-02,66.1136245727539,67.55126190185547,64.95519256591797,66.94495391845703,2400017919,4230485005.726212,0.0203063,320.46575059,0.0005167513689768,10.98791624,56420.0,24631.0,21023.0,305196771685110.0,66.3912582397461
2019-09-03,66.99076843261719,70.70952606201172,66.63894653320312,69.12925720214844,2816706430,4369003727.10945,0.02935999,310.14570379,0.00048449323227,10.98791624,102100.0,42516.0,28497.0,314041867435200.0,68.36712455749512
2019-09-04,69.17649841308594,69.23666381835938,67.06103515625,67.28562927246094,2696779274,4252963246.203144,0.02251488,305.53777041,0.0004523954387944,10.98791624,63182.0,30028.0,24818.0,310033437979670.0,68.18995666503906
2019-09-05,67.3087387084961,67.62285614013672,64.61590576171875,65.39556884765625,2379080140,4133953973.027333,0.02441471,309.68490995,0.0004369047902125,10.98791624,64838.0,30699.0,25216.0,295556958700100.0,66.23576736450195
2019-09-06,65.38672637939453,67.88983154296875,64.89051055908203,65.22820281982422,2595201216,4123836146.584261,0.02657642,308.8086064,0.000425746430102,10.59743858,68885.0,34494.0,27533.0,307057109154190.0,65.84881782531738
2019-09-07,65.23687744140625,70.29487609863281,64.90352630615234,69.03871154785156,2763572250,4365246197.222132,0.02225971,313.50682034,0.0004067258544672,10.59743858,66222.0,34286.0,27444.0,318769160701790.0,67.36849784851074
2019-09-08,69.01606750488281,71.10938262939453,68.93650817871094,70.54936981201172,2776939870,4461264987.563596,0.02688534,297.49439084,0.0003489732751091,10.59743858,74657.0,43825.0,32289.0,295705177226890.0,69.90283203125
2019-09-09,70.61939239501953,70.80872344970703,68.5150375366211,70.1922378540039,2654086135,4439197456.053829,0.02557508,301.49218309,0.0004473947590662,10.59743858,72715.0,36198.0,28016.0,319438935068980.0,70.03384780883789
2019-09-10,70.1321029663086,72.67292785644531,70.0732421875,70.82339477539062,2893715133,4479654060.996631,0.02827931,320.20768088,0.0005065050799914,10.80977703,103615.0,42634.0,28128.0,320470410696750.0,70.92541694641113
2019-09-11,70.87614440917969,71.41376495361328,68.97483825683594,69.9221420288086,2569282757,4423123575.360222,0.0264457,300.56500082,0.0004794134612718,10.80977703,74424.0,36889.0,27409.0,300906713696530.0,70.29672241210938
2019-09-12,69.95857238769531,70.14852905273438,68.73841857910156,69.2250747680664,2316445209,4379571846.970511,0.02339623,312.74491131,0.000484833126389,10.80977703,76805.0,34919.0,27447.0,321835946003200.0,69.51764869689941
2019-09-13,69.23320770263672,69.71765899658203,67.91339874267578,68.98861694335938,2368931048,4365094447.805842,0.02490399,323.77668753,0.0003935635237801,11.07401699,71351.0,38065.0,29142.0,321481548587510.0,68.96322059631348
2019-09-14,69.02195739746094,71.16039276123047,68.48624420166016,70.56230163574219,2439744085,4465186134.094407,0.02276534,315.95180501,0.0003964302929818,11.07401699,68867.0,37238.0,28227.0,318951603897580.0,69.80772399902344
2019-09-15,70.58721923828125,71.23120880126953,69.97159576416016,70.31517791748047,2330572400,4450041869.045602,0.02977412,315.88923455,0.0003704082171197,11.07401699,84055.0,52996.0,33143.0,318243731275170.0,70.52630043029785
2019-09-16,70.32331848144531,73.26958465576172,70.1119613647461,72.57311248779297,2652253522,4593445980.207342,0.02904949,305.68246591,0.0003648039642536,10.90054974,81687.0,47869.0,32339.0,304147048787200.0,71.56949424743652
2019-09-17,72.59107208251953,76.63707733154297,72.41905212402344,74.22122955322266,3104946341,4698299339.074003,0.04161032,312.45090554,0.0004140221147454,10.90054974,147072.0,79581.0,41518.0,311896118074180.0,73.96710777282715
2019-09-18,74.22852325439453,79.65522003173828,74.14994049072266,77.96913146972656,3665577129,4936111837.350671,0.03373964,315.81642901,0.000423347895784,10.90054974,101903.0,61670.0,37192.0,318428050074100.0,76.50070381164551
2019-09-19,77.91927337646484,78.0499267578125,73.38317108154297,77.05962371826172,3778427056,4879091725.43025,0.04748017,309.39785882,0.0003030441315345,10.90054974,128236.0,92564.0,50405.0,313148817182390.0,76.60299873352051
2019-09-20,76.95783996582031,77.04866790771484,73.8720932006836,75.14909362792969,3148504140,4758690400.866997,0.03462251,323.17350803,0.0004006751005058,11.05920247,107115.0,69021.0,38157.0,330768156190900.0,75.75692367553711
2019-09-21,75.18181610107422,75.5663070678711,72.90705871582031,73.51652526855469,2572614027,4655855062.687614,0.02766963,324.47877444,0.0004470459970134,11.05920247,82755.0,49710.0,30135.0,326464940431740.0,74.29292678833008
2019-09-22,73.5092544555664,73.55011749267578,71.80260467529297,72.61611938476562,2494428147,4599363574.909427,0.02016084,323.73853807,0.0004822359758918,11.05920247,62653.0,29647.0,22482.0,323465194288110.0,72.8695240020752
2019-09-23,72.61321258544922,74.0531005859375,64.3250503540039,66.85189056396484,3215899051,4234739044.565083,0.03365602,319.88710915,0.0003552315201119,11.21944969,93081.0,58732.0,35004.0,316771320407170.0,69.46081352233887
2019-09-24,66.8441162109375,67.60664367675781,55.823638916015625,55.823638916015625,3919809840,3536542705.550196,0.03845574,311.73145835,0.0003916387802041,11.21944969,121044.0,57625.0,34391.0,309231268922340.0,61.52450942993164
2019-09-25,55.834205627441406,58.35749435424805,54.254356384277344,57.65800857543945,3360298410,3653154431.222986,0.0291915,311.99799622,0.0004509200141839,11.21944969,79415.0,43668.0,31726.0,315774920698500.0,56.52601623535156
2019-09-26,57.65776062011719,57.833927154541016,51.844608306884766,55.540618896484375,2663433163,3519392995.9136515,0.02649167,313.19699039,0.0005220290197761,11.21944969,68509.0,35316.0,26800.0,315189843818600.0,55.719228744506836
2019-09-27,55.56645202636719,56.69869613647461,53.77085876464844,56.36084747314453,2324084589,3571761747.646064,0.02274761,307.67308548,0.0004600402694719,10.84453481,64949.0,29647.0,24715.0,303530846912070.0,55.59921360015869
2019-09-28,56.41657638549805,56.574928283691406,54.63769912719727,55.682247161865234,1975938676,3529115729.3280525,0.02798022,294.90547469,0.0004349613574132,10.84453481,71397.0,41439.0,28267.0,283381368817530.0,55.82786273956299
2019-09-29,55.70661544799805,55.88847732543945,52.9976692199707,54.31954574584961,1825233237,3443139550.87319,0.0218713,294.68412871,0.0004653488437486,10.84453481,62569.0,32353.0,23827.0,305843344674190.0,54.72807693481445
2019-09-30,54.31433868408203,56.15952301025391,53.31905364990234,56.056907653808594,2241248501,3553645748.245074,0.02254542,301.07124431,0.0004799137519399,10.84453481,62148.0,30865.0,23841.0,300248374484545.0,54.96245574951172
2019-10-01,56.0892333984375,57.56550598144531,55.50624084472656,56.05807495117188,2325767310,3554115664.023702,0.02365971,290.09451767,0.0004830578335556,10.38023121,96581.0,35468.0,24741.0,291313878790650.0,56.30476379394531
2019-10-02,56.01337814331055,56.88668823242188,55.598915100097656,56.50892639160156,2113331224,3583093163.3096824,0.01947555,289.45620066,0.0004403708904139,10.38023121,54809.0,25211.0,22585.0,283505451032860.0,56.25197696685791
2019-10-03,56.5347900390625,56.9116096496582,54.8372917175293,56.54681396484375,2221643896,3585868885.462781,0.02065231,280.38845846,0.0004498170822988,10.38023121,59000.0,25802.0,21750.0,280953103659350.0,56.20762634277344
2019-10-04,56.523712158203125,57.52327728271485,56.04425430297852,56.85321044921875,2292624175,3605658427.957104,0.02112094,265.76474966,0.0004329515899362,9.67848146,56034.0,25602.0,22894.0,255714193101470.0,56.73611354827881
2019-10-05,56.80954360961914,57.42682647705078,55.88550567626953,56.8438720703125,2063875681,3605485979.189457,0.01792987,275.72344705,0.0003558887528008,9.67848146,56423.0,28327.0,24992.0,279778913299930.0,56.74143695831299
2019-10-06,56.835426330566406,56.94423294067383,54.59280776977539,55.41156768798828,2381501439,3515047430.761036,0.01887152,282.08253929,0.0002887062494188,9.67848146,59631.0,32875.0,27961.0,283687070096910.0,55.94600868225098
2019-10-07,55.34202575683594,58.65361022949219,54.44594955444336,57.78829956054688,2891486029,3666242175.61994,0.02076438,283.16912181,0.0003604056138682,9.67848146,62418.0,30769.0,27343.0,280261180571930.0,56.55747127532959
2019-10-08,57.79338455200195,58.3152961730957,57.0092887878418,57.39858627319336,2417116506,3641924545.310641,0.02503622,277.7748954,0.0004031562947093,9.78485543,97961.0,34779.0,26840.0,280847464365120.0,57.6291389465332
2019-10-09,57.42048263549805,59.932804107666016,56.97870635986328,59.43086624145508,2790624239,3771315596.896225,0.01995251,289.94308289,0.0004179138770491,9.78485543,60498.0,28327.0,25620.0,285775887762540.0,58.440714836120605
2019-10-10,59.40157318115234,59.40885162353516,57.4306869506836,57.77608489990234,2440262585,3666727342.172951,0.02121381,286.14987239,0.0003825384046418,9.78485543,62762.0,30276.0,26972.0,290728278952570.0,58.50429916381836
2019-10-11,57.76942443847656,58.242374420166016,55.99586868286133,56.29697036743164,2441054545,3573257288.2520275,0.01998295,284.47532487,0.0004330762297133,10.03115512,60295.0,29346.0,25571.0,286706047007870.0,57.07615947723389
2019-10-12,56.404388427734375,56.93097686767578,55.74159622192383,55.98286819458008,2098404880,3553691098.335105,0.02040906,267.51359038,0.0003614657310265,10.03115512,56671.0,27675.0,25259.0,266999983142960.0,56.264957427978516
2019-10-13,55.94187545776367,57.726322174072266,55.87654113769531,56.71399688720703,2235957909,3600495765.0356503,0.0175735,268.89241363,0.0003855103225806,10.03115512,53649.0,24554.0,21669.0,271574789035450.0,56.56468391418457
2019-10-14,56.71815872192383,57.32960891723633,56.4776496887207,56.97540283203125,2243495397,3617470033.971751,0.01928948,266.32333581,0.0004152519665914,10.03115512,53113.0,24859.0,22150.0,267664460473080.0,56.87520503997803
2019-10-15,57.007320404052734,57.37456512451172,54.71163940429688,54.94420623779297,2602960066,3488880294.363618,0.02287561,266.29467512,0.0004747890819812,9.41953181,87869.0,28223.0,23420.0,265148962695650.0,56.009432792663574
2019-10-16,54.986629486083984,55.55139923095703,52.16562271118164,52.9231071472168,2978803244,3360900412.800738,0.02077164,259.0641516,0.0004403721684901,9.41953181,61117.0,27108.0,22850.0,252516766735410.0,53.90668964385986
2019-10-17,52.89723205566406,55.126426696777344,52.35133361816406,54.88447570800781,2925315824,3485835137.90932,0.01890098,253.65172436,0.0004708220314953,9.41953181,50985.0,23438.0,21019.0,254553558874590.0,53.81486701965332
2019-10-18,54.934757232666016,55.03578186035156,52.79499816894531,53.49169158935547,2683486531,3397728113.122684,0.01839005,253.00809003,0.0004450245577746,9.41953181,49584.0,23519.0,21030.0,250576346985480.0,54.06430721282959
2019-10-19,53.46513366699219,54.46422958374024,53.074405670166016,54.03457260131836,2453091268,3432572500.202636,0.01782832,240.99372032,0.0003965331704761,8.66562776,51198.0,24004.0,21000.0,228334433400830.0,53.7595853805542
2019-10-20,54.0631217956543,55.44245910644531,53.21806335449219,54.93437957763672,2612273453,3490123285.6838,0.01659123,244.73984793,0.0004570132876859,8.66562776,50532.0,20517.0,18621.0,241974710902380.0,54.41450595855713
2019-10-21,54.91608810424805,55.55565643310547,54.02457046508789,54.93829727172852,2727253951,3490732087.1581507,0.0185278,235.31162547,0.0004782837052903,8.66562776,49807.0,21293.0,19375.0,231455814805040.0,54.85865306854248
2019-10-22,54.928260803222656,55.288387298583984,53.64337539672852,53.744361877441406,2490194232,3415227140.88967,0.02199232,228.84676011,0.0004967199419919,8.66562776,80932.0,26865.0,20342.0,224356696151430.0,54.40109634399414
2019-10-23,53.75372314453125,53.81858825683594,48.49518966674805,49.62795639038086,3077488277,3154003638.6947126,0.0171123,231.03436905,0.0004587371988416,8.20432828,54103.0,24442.0,20720.0,232818081621850.0,51.42386436462402
2019-10-24,49.68343353271485,50.46945190429688,49.01729202270508,50.067665100097656,2650862714,3182289580.650368,0.01802104,227.03151889,0.0004712370283715,8.20432828,52261.0,23453.0,20302.0,220075536467470.0,49.80946063995361
2019-10-25,50.1142807006836,57.32029342651367,49.609222412109375,56.93901062011719,3770902916,3619392292.509359,0.01965729,214.37739742,0.0005166640912152,8.20432828,54671.0,23106.0,20786.0,212650070513670.0,53.49570178985596
2019-10-26,56.94597625732422,61.7293586730957,54.72866821289063,56.77525329589844,5234627157,3609341140.880743,0.02440484,205.59757392,0.0004803853841934,7.54551591,58545.0,26366.0,23699.0,201337052649580.0,57.544814109802246
2019-10-27,56.8026237487793,61.87487030029297,55.91541290283203,59.91399002075195,4218140032,3809261759.799385,0.01836295,197.33504594,0.0004190708504203,7.54551591,48447.0,21265.0,19508.0,193539129077730.0,58.62672424316406
2019-10-28,59.9197998046875,61.91228485107422,57.66979598999024,58.12683868408203,3793848576,3696040915.362236,0.01954526,200.76516901,0.0004789709934906,7.54551591,56690.0,24594.0,21661.0,202806588045190.0,59.407179832458496
2019-10-29,58.051361083984375,60.655860900878906,58.051361083984375,59.869625091552734,3582210705,3807220171.857466,0.030027,197.82661432,0.0005706763689141,7.54551591,95893.0,39064.0,22737.0,190849355734930.0,59.1570520401001
2019-10-30,59.865325927734375,60.89046096801758,57.603004455566406,58.42097091674805,3387114095,3715492736.5698633,0.01936797,188.3221532,0.0004503584480146,6.8439537,56829.0,24466.0,21785.0,185198165043750.0,59.1949405670166
2019-10-31,58.36344528198242,60.081844329833984,57.6921272277832,58.78068542480469,3165801278,3738809306.2795978,0.017769,198.77877186,0.0005044124932694,6.8439537,57976.0,25254.0,21915.0,201365738357340.0,58.729525566101074
2019-11-01,58.746315002441406,58.75156021118164,57.71910858154297,58.58364486694336,3425154368,3726654213.941378,0.01877051,190.42767848,0.0004303300672993,6.8439537,51312.0,22710.0,20654.0,181569756074080.0,58.450157165527344
2019-11-02,58.57908630371094,59.33478546142578,58.219505310058594,58.59702682495117,3353942166,3727903174.963352,0.01970275,180.00769063,0.0004835241784969,6.8439537,82024.0,52898.0,20146.0,178889388031230.0,58.68260097503662
2019-11-03,58.59210205078125,58.96686553955078,57.6411247253418,58.62519073486328,3259935586,3730092148.013076,0.05978615,183.1177568,0.0001598268883503,6.54262605,95024.0,38129.0,66852.0,181209284552890.0,58.45632076263428
2019-11-04,58.59573745727539,62.17682647705078,58.383060455322266,61.573055267333984,4164854559,3918062973.9967976,0.02087143,176.81516483,0.0004938754559656,6.54262605,54711.0,22740.0,20484.0,178422720116470.0,60.182169914245605
2019-11-05,61.57742691040039,63.9970588684082,61.31672668457031,63.302764892578125,4725921529,4028576059.0568695,0.02442024,179.44289975,0.0004649751446169,6.54262605,88561.0,32312.0,24029.0,181715012083950.0,62.54849433898926
2019-11-06,63.34542465209961,64.26874542236328,62.95673751831055,64.26874542236328,3755244863,4090527293.849737,0.03793177,189.38144545,0.0002897390535578,6.38955148,91415.0,55483.0,41936.0,190231557074220.0,63.70991325378418
2019-11-07,64.23900604248047,64.41033935546875,61.0816535949707,61.843223571777344,3557191963,3936601694.55637,0.01783317,190.45126699,0.0004628491085103,6.38955148,53680.0,23248.0,20763.0,186623333279160.0,62.893555641174316
2019-11-08,61.87755584716797,62.44664764404297,59.50968933105469,60.5299186706543,3414910991,3853452598.5778513,0.01773101,186.07151556,0.0004479970884486,6.38955148,53964.0,23779.0,21504.0,187993827660130.0,61.09095287322998
2019-11-09,60.48675537109375,62.15303421020508,60.37997055053711,61.9547119140625,2849228741,3944617794.5284686,0.01816273,187.47504372,0.0004761839356858,6.38955148,51732.0,23369.0,21084.0,188411564691240.0,61.24361801147461
2019-11-10,61.89714431762695,64.59861755371094,61.80536651611328,63.84146499633789,3611586094,4065184380.655245,0.01825975,180.44739676,0.0004145467547995,6.44796943,51575.0,23758.0,20575.0,175856984346850.0,63.035648345947266
2019-11-11,63.77915573120117,64.33972930908203,61.3675422668457,61.89910888671875,3033016472,3941930880.133413,0.0191503,178.66852046,0.000460482362159,6.44796943,54084.0,22591.0,20676.0,181371502472330.0,62.846384048461914
2019-11-12,61.93345260620117,62.47447204589844,60.68977737426758,61.34029769897461,3333604208,3906808006.752543,0.02130824,187.0267137,0.0005277709025373,6.44796943,86638.0,29549.0,21085.0,190382122305990.0,61.60949993133545
2019-11-13,61.37042236328125,62.057071685791016,60.87253189086914,61.11134719848633,3094050321,3892642306.3794312,0.01905894,182.07919421,0.000476517412231,6.40436425,51812.0,22381.0,21192.0,180346535915020.0,61.352843284606934
2019-11-14,61.07715225219727,61.21624755859375,59.416015625,59.42989349365234,3040274519,3785970272.002223,0.0213415,181.27233066,0.0004824741470905,6.40436425,63213.0,30784.0,24094.0,184304600823270.0,60.28482723236084
2019-11-15,59.480594635009766,60.47163009643555,57.536869049072266,57.811710357666016,3195878562,3683300415.65118,0.02554158,181.28034716,0.0003369790898888,6.40436425,70919.0,39195.0,28513.0,180230668168570.0,58.8252010345459
2019-11-16,57.78829956054688,59.1802978515625,57.471153259277344,58.56543731689453,2841793395,3731694504.84096,0.02191066,174.29601696,0.0003981984387402,6.40436425,58301.0,27847.0,23180.0,168533532213000.0,58.25129699707031
2019-11-17,58.6047477722168,60.66939163208008,58.34485626220703,59.57322692871094,3215100478,3796326275.780141,0.01676354,168.89118177,0.0003936503024453,6.1383828,49551.0,24427.0,20202.0,171646771748331.0,59.29805564880371
2019-11-18,59.570045471191406,60.077110290527344,55.85797119140625,56.80094909667969,3131873188,3620103490.711097,0.02722276,183.7216697,0.0002676951249963,6.1383828,81255.0,48971.0,33961.0,185875560128440.0,58.07651901245117
2019-11-19,56.80416488647461,57.59451675415039,54.94187545776367,55.623985290527344,3030389859,3545499347.674587,0.02317392,184.84841737,0.0004706621775818,6.1383828,92426.0,32088.0,23820.0,182945270807800.0,56.241135597229004
2019-11-20,55.63376998901367,56.65969467163086,55.09267425537109,55.290924072265625,2858714058,3524669172.764577,0.01802485,175.38329662,0.000414075895725,6.31726584,54264.0,25412.0,21731.0,175418438721980.0,55.66926574707031
2019-11-21,55.2841911315918,55.43587875366211,50.154815673828125,50.88305282592773,3158748317,3244017897.9088974,0.01969318,171.60644175,0.0004405715930154,6.31726584,56112.0,25901.0,22335.0,174174115855890.0,52.93948459625244
2019-11-22,50.87967300415039,51.38973617553711,44.89057540893555,47.615535736083984,3734545939,3036043433.8385835,0.02306202,175.41899992,0.0004832548271425,6.31726584,62589.0,27400.0,24095.0,178896592295110.0,48.69388008117676
2019-11-23,47.62232971191406,48.70744323730469,46.77606201171875,48.70648956298828,2746902870,3105930148.528107,0.01938944,172.72474559,0.0004146072620297,6.31726584,55873.0,27042.0,22860.0,172618299949360.0,47.953081130981445
2019-11-24,48.71485900878906,48.7819938659668,44.73422622680664,44.73422622680664,2709705879,2852948777.317636,0.01709469,176.38068373,0.0004213724235047,6.07841916,51351.0,24864.0,20949.0,175695417135140.0,46.741326332092285
2019-11-25,44.76981735229492,47.26742172241211,42.96390914916992,45.83033752441406,3408224795,2923164810.8185306,0.02070897,170.56062538,0.0004635064121729,6.07841916,57652.0,26334.0,22476.0,167828732067780.0,45.207871437072754
2019-11-26,45.81410598754883,47.5400390625,45.66331481933594,47.27334213256836,2659405400,3015520944.763341,0.02312555,161.68708121,0.0004550572776499,6.07841916,89969.0,31789.0,22161.0,164493529325840.0,46.57270050048828
2019-11-27,47.1645622253418,48.51714706420898,45.44130706787109,48.00880432128906,2979663352,3062776406.649744,0.01973452,166.31716435,0.0004659720076708,6.07841916,60973.0,25843.0,21901.0,168037843989810.0,47.282955169677734
2019-11-28,48.00212478637695,48.55413055419922,47.0204963684082,47.05694961547852,2662459127,3002352744.275732,0.02119506,160.26850472,0.000406738897185,5.81149858,57172.0,27649.0,23304.0,149648024948210.0,47.65842533111572
2019-11-29,47.091339111328125,49.32228088378906,47.091339111328125,48.87915802001953,2944492393,3118933856.844578,0.02010513,150.02180113,0.0004097103569002,5.81149858,55373.0,27048.0,22079.0,151237633469700.0,48.09602928161621
2019-11-30,48.912784576416016,49.28376388549805,47.089988708496094,47.47542953491211,2678481167,3029677841.645676,0.02032136,151.65646083,0.0003870134332993,5.81149858,58228.0,28117.0,23508.0,156391328321200.0,48.190491676330566
2019-12-01,47.463897705078125,48.30114364624024,46.24003601074219,47.7111701965332,2781413686,3045065277.745488,0.01768869,159.21797842,0.0003765350338983,5.81149858,54279.0,25550.0,21830.0,159101543276550.0,47.42906188964844
2019-12-02,47.65147018432617,47.81046676635742,45.323387145996094,45.8170166015625,2680452035,2924528810.958132,0.01728247,167.35699731,0.0004799427831596,5.40178169,54508.0,25909.0,21781.0,163804926491330.0,46.65058517456055
2019-12-03,45.77547073364258,46.622554779052734,44.76341247558594,45.3816032409668,2557212174,2897075433.043452,0.02194428,163.55752559,0.0004311589225129,5.40178169,90532.0,31287.0,23462.0,160228847747270.0,45.63576030731201
2019-12-04,45.39994812011719,46.5357666015625,44.58303451538086,45.19295120239258,2951880019,2885350149.556867,0.01815173,156.63846669,0.0004229089088563,5.40178169,53002.0,24537.0,21702.0,157912587782550.0,45.42792510986328
2019-12-05,45.14264297485352,46.74615478515625,44.362117767333984,45.301639556884766,2818768679,2892606514.9679527,0.01909336,152.480744,0.0003958348141337,5.60932418,54370.0,25985.0,22839.0,157099424209400.0,45.38813877105713
2019-12-06,45.28791046142578,45.70335006713867,44.75363540649414,45.67012023925781,2585078804,2916458382.647046,0.0174425,155.22366488,0.0003859673251972,5.60932418,50405.0,24662.0,21796.0,154719993298890.0,45.3537540435791
2019-12-07,45.67373275756836,46.20798873901367,45.39917755126953,45.6404914855957,2380335463,2914905241.533156,0.01740104,164.04218671,0.0003917845154503,5.60932418,54450.0,27382.0,22815.0,165976066118040.0,45.730347633361816
2019-12-08,45.68227005004883,46.5076789855957,45.44730758666992,45.95294570922852,2266427857,2935196685.055823,0.01621602,163.17877318,0.0003823844288199,5.55126602,50586.0,24571.0,20694.0,166701144793370.0,45.89755058288574
2019-12-09,45.8999137878418,46.06543350219727,44.714351654052734,44.93924331665039,2473452708,2870752574.102165,0.01914833,156.33189456,0.0003809389967366,5.55126602,52054.0,25579.0,22676.0,152415666105650.0,45.40473556518555
2019-12-10,45.012054443359375,45.103614807128906,44.1103630065918,44.64424133300781,2349745528,2852225696.14442,0.0228834,152.57014938,0.0004910683079627,5.55126602,88776.0,29811.0,23321.0,151387920561590.0,44.71756839752197
2019-12-11,44.61055755615234,44.93179321289063,43.720062255859375,43.94569778442383,2507211954,2807901476.588188,0.02285377,156.12020541,0.0004397875646416,5.55126602,59937.0,25993.0,22354.0,155766834491150.0,44.30202770233154
2019-12-12,43.92269515991211,44.283878326416016,43.50248336791992,44.08216857910156,2740797932,2816891435.812204,0.02179348,142.32092926,0.000400072702811,5.227674,53037.0,25705.0,22447.0,133555393504050.0,43.9478063583374
2019-12-13,44.01126480102539,44.50291061401367,43.710060119628906,44.45058059692383,2766557274,2840709260.912256,0.02198761,131.23674145,0.0004246513950312,5.227674,52742.0,25456.0,22702.0,130170271897970.0,44.16870403289795
2019-12-14,44.44956970214844,44.65840530395508,43.51634979248047,43.72218704223633,2721787991,2794455977.9823947,0.01893418,135.62558853,0.0003729890010271,5.227674,52778.0,26107.0,22393.0,138821203735040.0,44.08662796020508
2019-12-15,43.84593963623047,44.314151763916016,42.76106643676758,43.75682830810547,2668105124,2796979641.565033,0.01844345,146.18123385,0.0004135000778972,5.227674,51547.0,23953.0,20925.0,146448964362360.0,43.66949653625488
2019-12-16,43.78416061401367,43.866947174072266,40.048370361328125,40.37425994873047,3046141449,2581038054.7034907,0.06005295,142.29518865,0.0005391307568023,4.86549509,150917.0,25122.0,22529.0,135481954184050.0,42.01843452453613
2019-12-17,40.35862350463867,40.4158821105957,36.92511367797852,37.08342742919922,3283924746,2370935061.729619,0.02381308,138.37991775,0.0004855038703463,4.86549509,91369.0,30217.0,23879.0,138261042152850.0,38.69576168060303
2019-12-18,37.11627578735352,41.0999870300293,36.672943115234375,40.77854537963867,3845534650,2607451968.510206,0.02255871,134.90954131,0.0004292854443283,4.86549509,55495.0,25707.0,23935.0,133926977883020.0,38.916937828063965
2019-12-19,40.793453216552734,41.12337112426758,39.066871643066406,39.92029571533203,3173676635,2552859999.534058,0.01857934,135.24128041,0.0004095874141574,4.86549509,53855.0,25127.0,22716.0,137139057106820.0,40.22599792480469
2019-12-20,39.93990707397461,40.5880012512207,39.674110412597656,40.290157318115234,2778859161,2576813509.718064,0.01916539,137.36682132,0.0003933249673476,4.72724121,55593.0,26692.0,23888.0,137747569156980.0,40.12304401397705
2019-12-21,40.30481719970703,40.33557891845703,39.7354621887207,39.996829986572266,2655178488,2558333152.229946,0.01944559,134.88134131,0.0004149906674458,4.72724121,54804.0,26899.0,23957.0,135544139159980.0,40.09317207336426
2019-12-22,40.01009750366211,42.25456237792969,39.95333862304688,41.96519088745117,3141032976,2684573060.990604,0.01527881,142.98349431,0.0003944068735151,4.72724121,47953.0,23425.0,21046.0,147529173554740.0,41.04579734802246
2019-12-23,41.95431137084961,42.54795837402344,40.72304153442383,40.84747314453125,3163414128,2613394872.1301293,0.01733053,150.8276677,0.0004025428422361,4.93875311,56457.0,25176.0,22521.0,154930328565190.0,41.51819610595703
2019-12-24,40.86287689208984,41.68458557128906,40.22449493408203,40.678016662597656,2860933776,2602852495.666386,0.02103035,150.00427849,0.0004374191896616,4.93875311,84068.0,25210.0,21164.0,148085145103240.0,40.86249351501465
2019-12-25,40.73456954956055,40.757301330566406,39.88354110717773,40.62956237792969,2773383486,2600046635.662384,0.01623884,143.95322002,0.0004015408735409,4.93875311,52354.0,28263.0,18591.0,141374803750810.0,40.501243591308594
2019-12-26,40.60842514038086,41.36801910400391,39.81157302856445,40.26603698730469,2848923906,2577068048.6518416,0.02671427,140.76269719,0.0005302012739696,5.05284882,77515.0,47004.0,23415.0,143745654969070.0,40.51351356506348
2019-12-27,40.26174545288086,41.65152359008789,39.96437072753906,41.17817306518555,2949759036,2635744822.032165,0.04099377,143.04446051,0.0005368371246143,5.05284882,116696.0,90552.0,27878.0,147112289894980.0,40.76395320892334
2019-12-28,41.165157318115234,43.81186294555664,41.12905883789063,42.84252166748047,3260638656,2742583349.290771,0.04043438,143.79182173,0.0006514146967758,5.05284882,114678.0,88598.0,23448.0,143023804717350.0,42.23715019226074
2019-12-29,42.7977409362793,44.449588775634766,42.43943786621094,43.670658111572266,3573796558,2795929892.462194,0.02701569,150.08691904,0.0005289063996337,5.05284882,82853.0,59350.0,21845.0,153013595426090.0,43.339356422424316
2019-12-30,43.75393295288086,44.60399627685547,42.43143844604492,42.747337341308594,3330795171,2737129613.702863,0.02461486,152.5038631,0.0005569920721894,5.20175451,68855.0,38438.0,21499.0,153780020480580.0,43.38417625427246
2019-12-31,42.76611328125,43.06095504760742,41.17047119140625,41.34007263183594,3015923778,2647297416.041696,0.03471199,142.003178,0.0005725060548722,5.20175451,114707.0,59727.0,22197.0,138887678661020.0,42.0844030380249
2020-01-01,41.32653427124024,42.28501892089844,41.28803253173828,42.01771926879883,2782992323,2690989756.086754,0.01272189,142.77298813,0.000444675442802,5.20175451,38896.0,16006.0,15560.0,146555044642560.0,41.729326248168945
2020-01-02,42.01808547973633,42.13474655151367,39.68356704711914,39.82301330566406,2759827139,2550717892.316682,0.02334107,150.27703279,0.0002520614518181,5.06455601,66680.0,40377.0,29866.0,151112031919560.0,40.9148530960083
2020-01-03,39.863128662109375,42.447174072265625,39.45084381103516,42.41557312011719,3260961326,2717087118.6819034,0.01748348,145.9763069,0.0003989550293551,5.06455601,52691.0,22715.0,21291.0,142955956863080.0,41.044179916381836
2020-01-04,42.38352584838867,43.34270477294922,41.93307495117188,43.32660675048828,2843192897,2775747310.862421,0.01699226,145.02102452,0.0004076757636721,5.06455601,47849.0,22299.0,20827.0,144042518065960.0,42.74647808074951
2020-01-05,43.2913818359375,44.73361587524414,42.99853515625,43.55320739746094,3017148033,2790597112.6511083,0.01530327,150.27176519,0.0004094160525765,5.06455601,45952.0,19857.0,19134.0,151706374984660.0,43.644185066223145
2020-01-06,43.6038932800293,45.95787811279297,43.4943733215332,45.81635284423828,3349237768,2935950299.631206,0.01738493,153.50569232,0.0004299444974633,5.10996041,51218.0,22317.0,20894.0,153567436478750.0,44.71812438964844
2020-01-07,45.838680267333984,46.8583869934082,44.72301864624024,46.424583435058594,3611521907,2975292253.0157685,0.02038109,160.62022942,0.0004693470864687,5.10996041,86355.0,28137.0,22193.0,162504398013170.0,45.961167335510254
2020-01-08,46.4483528137207,48.20276641845703,44.62704849243164,45.65376663208008,3633957130,2926264376.3237767,0.01703452,165.31187735,0.0004720422623437,5.10996041,54635.0,23203.0,22238.0,164729579779870.0,46.23298358917236
2020-01-09,45.62226867675781,45.77783584594727,44.31050491333008,45.2159309387207,2986327757,2898524856.5630374,0.01805527,157.09800862,0.0004713757421145,5.64037311,50177.0,22227.0,20893.0,163902018845250.0,45.231635093688965
2020-01-10,45.21154022216797,49.16672134399414,44.03310775756836,48.72732925415039,3808140302,3123955271.090534,0.01876832,153.14806335,0.0004390421468657,5.64037311,51077.0,22067.0,21026.0,157233206135330.0,46.784674644470215
2020-01-11,48.63385772705078,51.334716796875,48.08839416503906,49.26376724243164,3915781115,3158698016.2892523,0.01841661,157.79898145,0.0004077773384081,5.64037311,51682.0,23149.0,22464.0,159940304845430.0,49.33018398284912
2020-01-12,49.31915664672852,51.298828125,49.012786865234375,51.08073806762695,3858852964,3275602039.4757047,0.0157146,170.01259948,0.000438382400781,5.61155721,49637.0,21059.0,20485.0,171073874540840.0,50.17787742614746
2020-01-13,51.12231063842773,51.39035415649414,48.93413162231445,49.733768463134766,3336204744,3189585667.45098,0.01803428,169.33878082,0.0004846003867848,5.61155721,49440.0,19090.0,18615.0,165713809516897.0,50.29514122009277
2020-01-14,49.69736099243164,59.88150405883789,49.69026947021485,58.47823333740234,5729547956,3750811520.976828,0.02458014,158.87674227,0.0005020935133396,5.61155721,88289.0,28170.0,23314.0,159707783490250.0,54.43684196472168
2020-01-15,58.39026641845703,59.92303466796875,56.16674423217773,58.05284881591797,5070738793,3723937927.863696,0.02409595,157.92659047,0.0004912109800882,5.61155721,62017.0,26034.0,25161.0,158132939292480.0,58.13322353363037
2020-01-16,58.0479621887207,58.30206680297852,55.148738861083984,57.618255615234375,4347723835,3696468946.773892,0.02028152,157.21142052,0.0004698719930268,5.63834839,55786.0,23520.0,22945.0,162015508565170.0,57.279255867004395
2020-01-17,57.64296722412109,62.88954544067383,56.8988151550293,61.48712539672852,5067456613,3945079328.456879,0.02186505,150.67282402,0.0004565768750525,5.63834839,57221.0,24505.0,23802.0,151936375323240.0,59.729613304138184
2020-01-18,61.302833557128906,62.165672302246094,58.52505874633789,59.40864562988281,4426051530,3812168757.9366326,0.01938377,158.14702942,0.0004229561190543,5.63834839,56450.0,27480.0,24829.0,160751277109580.0,60.350552558898926
2020-01-19,59.445709228515625,61.78595733642578,56.18039321899414,57.80069351196289,4197776579,3709416592.5319695,0.02053813,168.73316222,0.0004189831960351,5.63834839,58656.0,28262.0,24011.0,165217208254760.0,58.80318832397461
2020-01-20,57.78152847290039,58.08806610107422,56.22681427001953,57.20326232910156,3306438947,3671501217.925433,0.01838901,165.16801324,0.0004391965545081,5.5409988,53102.0,24091.0,21428.0,168089119552490.0,57.324917793273926
2020-01-21,57.2335205078125,57.96322250366211,56.27197265625,57.64788055419922,3130143642,3700399486.325991,0.02650371,150.51834293,0.0004605618674111,5.5409988,86842.0,28330.0,22566.0,144972372853390.0,57.27914905548096
2020-01-22,57.639591217041016,58.99089431762695,57.31628036499024,58.3547248840332,3076205980,3746153755.8169184,0.0232112,141.2789278,0.0004113960257787,5.5409988,56918.0,25559.0,22344.0,143270275691200.0,58.07537269592285
2020-01-23,58.35038757324219,58.47669982910156,53.38565826416016,54.6302604675293,3348002983,3507429323.281427,0.02010226,144.90830871,0.0003911913938093,5.21861743,53724.0,24738.0,21904.0,143191454584470.0,56.2107515335083
2020-01-24,54.64381408691406,55.424434661865234,51.36441421508789,54.53178787231445,3532776556,3501483441.247953,0.02314439,143.86457774,0.0003952165036121,5.21861743,57741.0,25192.0,22978.0,142466519744430.0,53.99111270904541
2020-01-25,54.564056396484375,54.564056396484375,52.76921463012695,53.69778823852539,2938756558,3448330346.341964,0.01712148,147.62134121,0.0003392762188766,5.21861743,52176.0,25869.0,22451.0,152236177252490.0,53.89877891540527
2020-01-26,53.68706512451172,56.47526550292969,53.29893493652344,56.21271514892578,3283750798,3610279147.528744,0.01526409,159.76019313,0.0003375516585246,5.21861743,48116.0,22154.0,20470.0,162278520353460.0,54.918495178222656
2020-01-27,56.27534103393555,59.57749938964844,56.078887939453125,58.76326751708984,3832184228,3774518149.452472,0.01911276,157.75723769,0.0005360363019565,5.29994529,52083.0,22424.0,20546.0,158684223430940.0,57.67374897003174
2020-01-28,58.76856231689453,61.15335464477539,57.76319885253906,60.671817779541016,4220742210,3897539244.162466,0.02568729,150.4527346,0.0004797039914608,5.29994529,89845.0,30119.0,25061.0,149235914920180.0,59.5892333984375
2020-01-29,60.66376876831055,62.24987030029297,59.78307342529297,60.07793426513672,3894445882,3859826945.38925,0.02265852,153.40598335,0.0004364216329177,5.29994529,63116.0,26935.0,23902.0,155216727827260.0,60.6936616897583
2020-01-30,60.013916015625,69.73802947998047,58.77690887451172,68.15906524658203,6042169957,4379495811.113206,0.02194116,150.40496091,0.0004014948727473,5.30879952,59202.0,27683.0,25304.0,148855932129210.0,64.1719799041748
2020-01-31,68.17903900146484,69.37981414794922,65.78914642333984,67.8794937133789,5718104791,4361987953.874323,0.02725174,144.7819579,0.0004375823377265,5.30879952,66434.0,31744.0,28301.0,145838795445660.0,67.8068733215332
2020-02-01,67.90851593017578,72.2823257446289,67.65506744384766,70.82001495361328,6009767449,4551489217.195788,0.02136536,152.8112387,0.0003943532656894,5.30879952,60802.0,30388.0,27152.0,157447792671640.0,69.6664810180664
2020-02-02,70.8023452758789,73.25373077392578,68.12895202636719,70.2315444946289,5482993030,4514176239.409331,0.02206801,155.06075209,0.0003573754578308,5.30879952,61786.0,30370.0,26287.0,156209765773470.0,70.6041431427002
2020-02-03,69.99258422851562,72.38532257080078,68.96752166748047,69.78022003173828,4965069690,4485699283.60239,0.02583008,154.7087975,0.0003015780836104,5.31611499,79489.0,42926.0,34278.0,159375466006950.0,70.28141212463379
2020-02-04,69.76948547363281,70.33206939697266,66.90425872802734,68.1957778930664,4449652117,4384404729.562493,0.02306977,169.71118108,0.0003802100294582,5.31611499,97282.0,36336.0,27836.0,170848722303630.0,68.8003978729248
2020-02-05,68.11460876464844,73.18159484863281,67.87781524658203,72.49310302734375,5169585841,4661241330.54658,0.02287475,167.25567401,0.0003917644432017,5.31611499,78855.0,37397.0,26823.0,167387423758020.0,70.41678047180176
2020-02-06,72.53237915039062,74.65676879882812,71.10643768310547,73.38868713378906,5463272394,4719417249.837115,0.02665331,172.60790528,0.0004046501004824,5.87512744,90967.0,39877.0,30055.0,186670445043470.0,72.92106819152832
2020-02-07,73.4679183959961,74.95879364013672,73.2222671508789,74.35611724853516,5051951258,4782170829.694694,0.02857992,173.86567275,0.000430566553626,5.87512744,96577.0,42383.0,28102.0,173591950925990.0,74.00127410888672
2020-02-08,74.39537811279297,77.4217300415039,72.1395034790039,76.46756744384766,5496860399,4918557138.882752,0.02807431,175.13623667,0.0003930616529048,5.87512744,90988.0,36155.0,26886.0,175355928282220.0,75.10604476928711
2020-02-09,76.4490966796875,78.20138549804688,75.69126892089844,77.09258270263672,5145711108,4959339648.151174,0.02645824,184.14200216,0.0004105722459529,6.11428314,95562.0,38754.0,26501.0,184628439533660.0,76.85858345031738
2020-02-10,77.14305114746094,77.56034088134766,73.12471008300781,74.33509826660156,5373709984,4782455165.859394,0.02890924,167.67047749,0.0004221632927745,6.11428314,75976.0,31681.0,26628.0,169256770897360.0,75.54080009460449
2020-02-11,74.34607696533203,76.63123321533203,72.84619903564453,76.59739685058594,4742120918,4928518769.325761,0.03146121,163.69611581,0.000424304788175,6.11428314,108827.0,36999.0,25776.0,164915056331570.0,75.10522651672363
2020-02-12,76.49352264404297,82.27188873291016,76.45463562011719,81.29744720458984,5701884854,5231463542.325744,0.02807353,161.24909506,0.0004425994121094,6.11428314,70641.0,31006.0,27301.0,159720807379740.0,79.12937355041504
2020-02-13,81.22972106933594,83.68916320800781,78.58231353759766,80.40342712402344,6579062946,5174521528.632122,0.02968241,164.84594753,0.0004384704591678,5.76539202,79789.0,35158.0,29009.0,162442585240030.0,80.97615623474121
2020-02-14,80.3755111694336,83.46430969238281,79.42839050292969,82.99034881591797,5382846670,5341629210.577925,0.02688275,172.74642672,0.0003742388539639,5.76539202,75393.0,31717.0,27233.0,173322125307070.0,81.56464004516602
2020-02-15,83.02545166015625,83.38416290283203,76.1030044555664,76.51324462890625,5612667760,4925317359.983816,0.02429268,174.32933423,0.0003907562938516,5.76539202,68301.0,30826.0,27422.0,171163654285920.0,79.75646591186523
2020-02-16,76.72930908203125,80.41192626953125,69.57598876953125,75.152587890625,6186098306,4838281542.973095,0.02220312,176.69947001,0.000405210004145,6.07143761,58039.0,26864.0,24125.0,181364724009110.0,75.46745300292969
2020-02-17,74.96808624267578,75.38346862792969,69.44019317626953,73.25130462646484,5593944695,4716428993.985972,0.0207307,177.7116552,0.000502761455216,6.07143761,57185.0,25684.0,23859.0,182234008136630.0,73.26076316833496
2020-02-18,73.18562316894531,78.01386260986328,70.89256286621094,77.0351791381836,5600214717,4960633327.999887,0.0260003,177.44142285,0.0004216281052587,6.07143761,102193.0,32031.0,24093.0,177357810560360.0,74.78180694580078
2020-02-19,77.07551574707031,78.19882202148438,70.54457092285156,71.13594055175781,5298677185,4581272803.364349,0.02436741,175.04271948,0.0003811566112039,6.07143761,74395.0,29776.0,25723.0,176557682445380.0,74.23871231079102
2020-02-20,70.98194885253906,72.16673278808594,67.45927429199219,69.62484741210938,5500324693,4484441487.618089,0.02826487,175.57946914,0.0004970571663582,6.19793373,76172.0,28270.0,24862.0,179641725749450.0,70.05820083618164
2020-02-21,69.57044219970703,74.93936157226562,68.91468811035156,73.45092010498047,5579449656,4731360218.588948,0.02387241,165.94899888,0.0003951270509638,6.19793373,65915.0,28343.0,24174.0,164559963638150.0,71.71885299682617
2020-02-22,73.4858627319336,76.48518371582031,72.57438659667969,75.1330795288086,5547090434,4840242802.484487,0.02016929,168.43761739,0.0003712488730713,6.19793373,56831.0,28198.0,24305.0,173249161995340.0,74.41962814331055
2020-02-23,75.07401275634766,79.80030822753906,74.97501373291016,79.53665161132812,5702486428,5124500966.113614,0.01820529,172.93381057,0.0003441752933849,5.97574283,53247.0,25081.0,21678.0,174290250210240.0,77.34649658203125
2020-02-24,79.55951690673828,79.55951690673828,72.37696838378906,75.5356216430664,6355612214,4867312350.176877,0.01806188,178.03231272,0.0005494968802885,5.97574283,55496.0,24904.0,21627.0,183091022285990.0,76.75790596008301
2020-02-25,75.49539947509766,75.80707550048828,70.06889343261719,71.18024444580078,5755711246,4587226919.402527,0.02065483,186.02704875,0.0004035808556346,5.97574283,85487.0,28055.0,21785.0,185681244042310.0,73.13790321350098
2020-02-26,71.18038177490234,71.86497497558594,58.57949066162109,61.01430892944336,6518313483,3932518624.255164,0.02306919,176.34459884,0.0004071587459976,5.97574283,65895.0,29404.0,24673.0,174342572483150.0,65.65978908538818
2020-02-27,61.02792739868164,64.6236572265625,57.80403137207031,61.50788497924805,5649302854,3964769866.75865,0.02271256,172.93927542,0.0004125267192122,6.21615501,62783.0,29661.0,25692.0,180329005004620.0,61.240875244140625
2020-02-28,61.43793487548828,63.17148971557617,57.84066390991211,59.76395797729492,5266399749,3852770917.289368,0.02393932,174.92706179,0.0003844105785157,6.21615501,60552.0,28155.0,24632.0,170629965584700.0,60.55351161956787
2020-02-29,59.74873733520508,61.37752914428711,58.38515853881836,58.54326248168945,4168117352,3774526424.4661794,0.02154952,181.92877976,0.0003778894366426,6.21615501,63407.0,28697.0,24567.0,187044893116660.0,59.513671875
2020-03-01,58.53054428100586,60.11835479736328,56.64622497558594,57.956687927246094,4317287191,3737132710.299987,0.01790058,186.9113341,0.0003380099073788,6.40443886,52761.0,25828.0,22673.0,191820063661440.0,58.31295299530029
2020-03-02,57.9840087890625,61.94123840332031,57.554786682128906,60.995548248291016,5309970238,3933497039.731875,0.02067489,177.33726826,0.0003716701134141,6.40443886,54266.0,25895.0,23013.0,173919961929880.0,59.618895530700684
2020-03-03,61.02057266235352,62.35498046875,60.00601959228516,61.14447784423828,5412760345,3943528240.5858526,0.0311323,177.54128979,0.0004077282679012,6.40443886,99323.0,29655.0,23867.0,176700807759160.0,61.13151264190674
2020-03-04,61.14349365234375,61.565731048583984,59.36227798461914,60.38241958618164,4429853608,3894784524.0622287,0.02254624,174.74843002,0.000424103784592,6.40443886,55019.0,22273.0,21067.0,171867470894290.0,60.61348056793213
2020-03-05,60.40277862548828,63.1437873840332,60.40277862548828,62.04545974731445,4712202709,4002537875.2562,0.03189311,183.25852383,0.000391065232,6.08484427,74897.0,45127.0,23125.0,182453441042220.0,61.498701095581055
2020-03-06,62.04988861083984,63.77326583862305,61.45963668823242,63.02560043334961,4766934524,4066219525.8560176,0.04867237,181.07864046,0.0004075697423788,6.08484427,127330.0,70138.0,23717.0,178620551660940.0,62.57709789276123
2020-03-07,63.02201461791992,63.75777053833008,60.49959945678711,60.54631042480469,4258036532,3906728656.964393,0.05238356,185.06925267,0.0004205313556307,6.08484427,180319.0,58134.0,23052.0,186712052497990.0,61.95642375946045
2020-03-08,60.57911682128906,60.60502243041992,51.72859954833984,51.72859954833984,4523736331,3338155885.002548,0.05889411,187.24616414,0.0004536131468841,6.38769543,176721.0,55358.0,22562.0,189428771062460.0,56.16033458709717
2020-03-09,51.638126373291016,52.30763626098633,47.2842025756836,50.16814804077149,5097423294,3237792023.674464,0.03944072,177.13565961,0.0004403114694276,6.38769543,80726.0,37453.0,25595.0,176499673398460.0,50.349528312683105
2020-03-10,50.479827880859375,51.2523193359375,49.39545440673828,50.25638961791992,3945792927,3243873381.156313,0.02744966,186.05125419,0.000439163520404,6.38769543,102775.0,45065.0,24554.0,191843995113380.0,50.34599781036377
2020-03-11,50.26376724243164,50.61192321777344,46.23844146728516,48.46378326416016,3807551814,3128509390.134957,0.02334096,185.8974246,0.000372744949936,6.38769543,64111.0,35705.0,22671.0,180272845579920.0,48.8944787979126
2020-03-12,48.4492301940918,48.558250427246094,30.627010345458984,30.930883407592773,5417383296,1996906307.308003,0.05323624,172.1393232,0.0005444141216034,6.36495381,59698.0,9469.0,26019.0,174661112413454.0,39.64134359359741
2020-03-13,31.004512786865234,39.24781799316406,25.57310485839844,37.43795394897461,7552238198,2417222261.56388,0.04104842,159.12466387,0.0005364743944873,6.36495381,66646.0,30108.0,30693.0,149192423306870.0,33.315847396850586
2020-03-14,37.53619766235352,37.59846496582031,34.044044494628906,34.39658737182617,3270465986,2221040473.1195974,0.03910336,143.43395014,0.0004644549687927,6.36495381,56450.0,23476.0,23392.0,140403065646100.0,35.89382362365723
2020-03-15,34.40990447998047,38.2310676574707,34.204185485839844,36.43709182739258,3434485463,2352993511.554056,0.03329087,138.03730435,0.0005092583501941,6.36495381,46789.0,19769.0,19572.0,137448141610790.0,35.8205623626709
2020-03-16,36.4459114074707,36.4459114074707,30.60800552368164,32.876216888427734,4079630236,2123252414.36271,0.02240412,137.84273737,0.0004827122673293,5.15207888,53514.0,22403.0,22736.0,127965542149700.0,34.094011306762695
2020-03-17,32.9030876159668,35.42147445678711,32.78666687011719,33.56386947631836,3289527849,2167898754.9134026,0.02044009,142.31707653,0.0004328216384763,5.15207888,58551.0,23237.0,22289.0,141919760091670.0,33.66877460479736
2020-03-18,33.5556640625,34.1390495300293,32.78159713745117,33.68417739868164,3170415992,2175895112.3174486,0.02062107,139.87279503,0.0003830328431575,5.15207888,52658.0,24225.0,24107.0,140186829800820.0,33.54012203216553
2020-03-19,33.721717834472656,40.22984313964844,33.71287536621094,39.07376480102539,4157185543,2524312782.544386,0.02020649,137.13557012,0.0004796604210798,5.15207888,54387.0,23474.0,23226.0,134889274337358.0,36.684550285339355
2020-03-20,39.10809326171875,43.32602691650391,35.58586883544922,38.131954193115234,4537692970,2463725212.0341883,0.02474606,135.84790132,0.0004635091817392,4.85837881,59573.0,26166.0,26483.0,132331231533840.0,39.03798580169678
2020-03-21,38.07786560058594,39.33617782592773,36.94729232788086,38.34232711791992,3438721430,2477585371.7859,0.01792665,134.63806487,0.0003828465468018,4.85837881,48330.0,21249.0,21997.0,137207589213830.0,38.17591571807861
2020-03-22,38.37173843383789,39.477176666259766,35.49897384643555,35.628055572509766,3148219029,2302477231.27779,0.01519811,147.58719379,0.0004275603061013,4.85837881,44326.0,18615.0,19340.0,149327700109960.0,37.24398612976074
2020-03-23,35.577430725097656,38.84585571289063,35.416385650634766,38.76576614379883,3598154774,2505539107.200997,0.01719802,145.49639166,0.0004476683893487,4.93786591,49184.0,19625.0,20054.0,147482527559800.0,37.15135955810547
2020-03-24,38.74799346923828,40.75464630126953,38.26803588867188,40.49064636230469,3331925793,2617305223.143345,0.02124786,141.04309998,0.0004057844078564,4.93786591,67713.0,22766.0,22351.0,137376108955460.0,39.565330505371094
2020-03-25,40.47945785522461,40.696136474609375,38.545745849609375,39.15122222900391,3133347522,2530996868.1803427,0.01820829,136.94166021,0.0004169289256392,4.93786591,47767.0,20487.0,21315.0,139259615513500.0,39.718140602111816
2020-03-26,39.17296600341797,40.17046356201172,38.78725814819336,40.16059875488281,2827963692,2596558800.6693373,0.01747662,145.86989577,0.0004248122012102,4.93786591,49630.0,20239.0,21152.0,144606861822580.0,39.572821617126465
2020-03-27,40.18333435058594,40.595191955566406,38.88597106933594,38.91847610473633,2962853270,2516519723.141035,0.01882091,143.23370999,0.0003622483033204,4.89419171,48769.0,21777.0,22768.0,139804742979870.0,39.64574337005615
2020-03-28,38.86217880249024,39.32988739013672,37.10237503051758,38.873756408691406,3119837445,2513907619.223,0.0180224,138.05899128,0.0003918954810671,4.89419171,47540.0,21331.0,23240.0,142367226297200.0,38.542049407958984
2020-03-29,38.86528015136719,38.93474960327149,37.21059799194336,37.3325424194336,2683734233,2414530255.716546,0.01724567,146.314865,0.0004184794935147,4.89419171,45148.0,18570.0,21896.0,148608013084710.0,38.085792541503906
2020-03-30,37.26485443115234,39.32471084594727,37.26072692871094,39.13829040527344,3318334905,2531586842.26045,0.01862737,141.85563577,0.0004471694871199,4.95056102,50190.0,20489.0,21545.0,140152076538952.0,38.247145652770996
2020-03-31,39.119136810302734,39.37229919433594,38.68151473999024,39.299102783203125,3359087002,2542283943.4441466,0.02081077,140.96653392,0.0003864366376836,4.95056102,68752.0,24374.0,23692.0,144502237370130.0,39.11801338195801
2020-04-01,39.28468704223633,39.38081359863281,37.4459342956543,39.38081359863281,3303999600,2547858841.3671,0.01850698,144.21971642,0.0003651199759854,4.95056102,51918.0,22700.0,24152.0,144558997820300.0,38.87306213378906
2020-04-02,39.36347961425781,41.6456413269043,39.2540283203125,39.874168395996094,3985953572,2580070413.765328,0.01936972,144.90655822,0.0003787120421043,5.02332281,53939.0,21870.0,23133.0,145951795613100.0,40.034329414367676
2020-04-03,39.88763046264648,41.08440017700195,39.684814453125,40.359134674072266,3482692346,2611735481.38412,0.01952848,142.05819694,0.0003891629897745,5.02332281,50835.0,21940.0,23373.0,142684277835590.0,40.253994941711426
2020-04-04,40.34457778930664,40.83372497558594,39.96440887451172,40.67555618286133,3229457622,2632522564.603664,0.01752491,147.4956534,0.00032464819921,5.02332281,46563.0,19808.0,24306.0,148905328809940.0,40.454566955566406
2020-04-05,40.69003677368164,40.99985122680664,39.92832565307617,40.67013931274414,3084146015,2632478981.4826293,0.02400692,153.84245819,0.0003051504990193,5.02332281,50275.0,20622.0,26512.0,152032860354220.0,40.57208824157715
2020-04-06,40.65878677368164,44.49419784545898,40.54490280151367,44.39112091064453,4287968687,2873653177.596028,0.01851733,151.02197585,0.000387278234018,5.20512823,52193.0,22354.0,22588.0,153670534464520.0,42.52225208282471
2020-04-07,44.402137756347656,47.20174026489258,44.11486053466797,44.667930603027344,4391267713,2891892753.7879486,0.02371884,149.91475318,0.0003598685797239,5.20512823,74695.0,30868.0,27382.0,149797748511190.0,45.09666728973389
2020-04-08,44.67862319946289,46.75380325317383,44.350833892822266,46.31985855102539,3831132142,2999207953.243833,0.01925776,158.94824373,0.0003433311665482,5.20512823,56549.0,27673.0,26737.0,161167582626530.0,45.525779724121094
2020-04-09,46.3480339050293,46.58343505859375,45.1743392944336,46.38497924804688,3628019378,3003766004.482138,0.01902563,157.29484447,0.0003355892823613,5.39139849,53515.0,26339.0,25138.0,160395740588730.0,46.12269687652588
2020-04-10,46.40034103393555,46.468353271484375,41.33182144165039,42.269813537597656,4008964133,2737572694.488488,0.02207183,149.82720361,0.0003574761608875,5.39139849,54664.0,27432.0,27311.0,152612024647900.0,44.11758232116699
2020-04-11,42.25674057006836,42.96684265136719,41.68824768066406,42.31909942626953,3374908252,2741085189.7345843,0.02012284,156.65950796,0.0003031930019923,5.39139849,52521.0,26174.0,27605.0,158327465962320.0,42.307732582092285
2020-04-12,42.32083511352539,43.28693389892578,42.00719833374024,42.450286865234375,3639638078,2749901384.331724,0.01872869,160.94799785,0.0003716207780752,5.39139849,49010.0,22371.0,22787.0,162285904328890.0,42.516313552856445
2020-04-13,42.49925231933594,42.49925231933594,39.95906066894531,41.20434188842773,3998289644,2669484094.901852,0.01904334,157.88123237,0.0003708017704679,5.47827291,51952.0,23989.0,23378.0,158363798536830.0,41.54047679901123
2020-04-14,41.22285842895508,41.82363510131836,40.67782211303711,41.05384063720703,3713345006,2660007246.4554906,0.02336639,149.16396373,0.0003743143163937,5.47827291,71652.0,29552.0,24912.0,149472597169080.0,41.194539070129395
2020-04-15,41.08009338378906,41.7080307006836,39.44988632202149,39.58906936645508,3696959521,2565386535.892984,0.02151593,151.53852035,0.0003512457229117,5.47827291,58096.0,28116.0,26829.0,154089879490080.0,40.456769943237305
2020-04-16,39.64371490478516,43.014286041259766,38.601558685302734,42.68901824951172,4985504369,2766579297.02035,0.02126038,159.12028725,0.0003392642574992,5.32597777,57051.0,28959.0,26936.0,156544319143970.0,40.987144470214844
2020-04-17,42.675052642822266,43.21479415893555,42.00095748901367,42.74503707885742,4096625538,2770550467.379552,0.02020802,164.32913895,0.0003187326652649,5.32597777,59068.0,29123.0,28061.0,167597486353140.0,42.65896034240723
2020-04-18,42.7515983581543,44.38176727294922,42.53352355957031,44.36289596557617,4508378329,2875764936.636456,0.018805,170.58073889,0.0003213610575433,5.32597777,56671.0,29889.0,27110.0,170150017578840.0,43.5074462890625
2020-04-19,44.34800338745117,44.5068473815918,42.59610748291016,42.63475036621094,4563334114,2764062598.0757146,0.01912962,163.2058259,0.0003361597709049,5.81002452,54912.0,28274.0,26190.0,167566459870200.0,43.521427154541016
2020-04-20,42.67462539672852,43.37587356567383,40.46297454833984,40.82838439941406,4293209435,2647271095.382557,0.03044154,170.83318478,0.0003766399634447,5.81002452,84138.0,30500.0,27903.0,178707318002150.0,41.83546447753906
2020-04-21,40.80962371826172,41.26190948486328,40.416969299316406,41.04014205932617,3954491838,2661311603.9984627,0.02331387,176.39095987,0.0003522210265865,5.81002452,82693.0,38748.0,27119.0,175774896017750.0,40.882161140441895
2020-04-22,40.99327087402344,42.32014465332031,40.68876647949219,41.88741302490234,4029531589,2716555817.334125,0.02096872,170.6470021,0.000354299007615,5.81002452,56117.0,26194.0,24688.0,171356188033340.0,41.47239875793457
2020-04-23,41.87773513793945,43.36736679077149,41.433204650878906,42.93721389770508,4757478698,2736182916.808201,0.02142408,164.96400188,0.0003432057479677,6.05798975,54673.0,27271.0,27187.0,167361871054300.0,42.40388011932373
2020-04-24,42.99470901489258,45.17228698730469,42.94403839111328,44.81045150756836,4786600723,2854887851.0785723,0.04448736,164.03908047,0.0003443064888858,6.05798975,93842.0,30087.0,29287.0,166435263271780.0,43.98037147521973
2020-04-25,44.81520462036133,45.64776611328125,44.37021255493164,44.71490859985352,4769855704,2901090312.042845,0.04870178,170.24600806,0.000363729973072,6.05798975,92317.0,28438.0,26738.0,174804816821870.0,44.887022972106934
2020-04-26,44.71991729736328,45.33999252319336,44.31262969970703,44.6890869140625,4687873111,2924624782.664424,0.05017297,168.78692419,0.0003702094110252,5.86741475,84741.0,27304.0,27047.0,167280990177217.0,44.76540660858154
2020-04-27,44.677433013916016,45.41984176635742,43.88545989990234,44.71006393432617,4473729902,2921347181.589702,0.05060252,174.7974902,0.0003627977455511,5.86741475,94257.0,29955.0,28996.0,173330810166500.0,44.67319965362549
2020-04-28,44.7381706237793,46.30730056762695,44.0748176574707,46.02870178222656,4413476561,2872181782.4144006,0.05167819,175.65862391,0.0003456282674187,5.86741475,121370.0,37190.0,31202.0,176217969889420.0,45.28724765777588
2020-04-29,46.09152221679688,49.62212753295898,46.00732421875,49.18130111694336,5673988960,2997417848.8058023,0.049561,179.59548734,0.0003573430874942,5.86741475,109225.0,34552.0,32745.0,185999335503630.0,47.725568771362305
2020-04-30,49.14785385131836,50.92155838012695,46.58384323120117,46.71401977539063,5724477325,3226121384.9031687,0.05903553,175.37901714,0.000421940714898,6.17100903,113490.0,38868.0,36159.0,175159876812350.0,48.34181880950928
2020-05-01,46.714263916015625,48.596473693847656,46.714263916015625,47.79170227050781,4581731065,3040473754.3125,0.05051693,173.6030109,0.0003392974801307,6.17100903,104123.0,36461.0,31204.0,175019820127710.0,47.45417594909668
2020-05-02,47.77035903930664,49.567081451416016,47.44866180419922,49.458045959472656,4453777871,3080236489.725,0.04707533,183.09911252,0.0003016548509539,6.17100903,114227.0,31696.0,29823.0,182616212288020.0,48.56103706359863
2020-05-03,49.46495819091797,50.044677734375,47.55011367797852,48.26715850830078,4667453994,3093754820.8125,0.02704068,175.87749556,0.000366155465932,6.1786035,64529.0,29724.0,27225.0,178457002880860.0,48.831727027893066
2020-05-04,48.24302673339844,48.34629821777344,46.03729248046875,47.47349166870117,4488284400,3071637855.3875,0.03901649,178.84871626,0.0003476758167921,6.1786035,70104.0,29161.0,26298.0,182873699342950.0,47.52502727508545
2020-05-05,47.45029067993164,47.9050407409668,46.37096786499024,46.78725814819336,4187625277,3022195816.65,0.02778742,187.12559179,0.0003502915448241,6.1786035,89514.0,37807.0,28411.0,189094211784140.0,47.12838935852051
2020-05-06,46.76891708374024,47.77801513671875,45.942867279052734,45.942867279052734,4575858023,3051262520.775,0.02516288,192.72187369,0.0003480796863335,6.1786035,73120.0,32813.0,29203.0,194253693926840.0,46.60816669464111
2020-05-07,46.01960372924805,48.06696319580078,45.03156661987305,47.330116271972656,5080727910,2987413810.3,0.02921268,183.87212057,0.0003180464457403,6.52914435,73492.0,34685.0,32409.0,185335544843560.0,46.61206245422363
2020-05-08,47.30772399902344,48.54597473144531,46.62904357910156,47.88221740722656,4780707207,3065619476.8125,0.03807071,178.56973858,0.0003702618212381,6.52914435,94079.0,40588.0,34504.0,180412650940500.0,47.59123992919922
2020-05-09,47.83945846557617,48.93983459472656,47.133079528808594,47.27418518066406,4740601428,3137446433.8125,0.02807702,185.13188731,0.0004201286895297,6.52914435,77707.0,35025.0,32454.0,186622819087300.0,47.79663944244385
2020-05-10,47.26059341430664,47.26059341430664,40.57422637939453,42.36762619018555,5783062532,2706622646.875,0.02551944,193.05066679,0.000350298816841,6.44989852,70149.0,30951.0,27528.0,189654921964920.0,44.36575984954834
2020-05-11,42.35826873779297,42.86333084106445,40.13576126098633,41.6999626159668,5121746343,2714714273.625,0.03240972,183.17584783,0.0003894312956461,6.44989852,77708.0,30601.0,27631.0,180782820709140.0,41.76433086395264
2020-05-12,41.73921585083008,42.6843147277832,41.41278076171875,42.11188125610352,4734936547,2762515592.5875,0.03455072,177.20390723,0.0003255605031388,6.44989852,91668.0,39853.0,32655.0,179131549701170.0,41.98704814910889
2020-05-13,42.07453536987305,43.54827880859375,41.95380783081055,43.134559631347656,4565388581,2806248870.5125,0.0282921,182.45709503,0.0003120719264248,6.44989852,75882.0,37057.0,31478.0,184540045877530.0,42.67779541015625
2020-05-14,43.09492111206055,44.2290153503418,42.479400634765625,43.9453353881836,5023559798,2857073932.475,0.02843784,183.03137364,0.0003300287071318,6.26353603,74680.0,35467.0,30413.0,178685576744834.0,43.43716812133789
2020-05-15,43.945838928222656,44.06401443481445,42.46770858764648,42.833980560302734,4340414828,2808774998.1,0.02985432,191.18103812,0.0003277297729093,6.26353603,78153.0,35862.0,32454.0,192700635852840.0,43.32788562774658
2020-05-16,42.85136032104492,43.74107360839844,42.57852935791016,43.21289825439453,3879155974,2806236652.45,0.02737357,186.1135984,0.0002878615037162,6.26353603,74123.0,34104.0,31349.0,189396311518360.0,43.09596538543701
2020-05-17,43.180320739746094,44.356815338134766,43.09638214111328,43.64083480834961,3901110454,2878248152.4,0.02359583,196.44461375,0.0002997224728903,6.67574287,65399.0,29945.0,28772.0,205216315041680.0,43.56858825683594
2020-05-18,43.64307403564453,46.24467849731445,43.58699417114258,45.20107269287109,4473025831,2933729917.2,0.02951186,198.52716019,0.000321424913311,6.67574287,76544.0,34995.0,32011.0,197920598309450.0,44.668954849243164
2020-05-19,45.21331024169922,45.38361358642578,44.3441047668457,45.38361358642578,3612370257,2921453251.9625,0.03717153,175.67844518,0.0003004544971554,6.67574287,93015.0,41517.0,33221.0,166571072957340.0,45.08116054534912
2020-05-20,45.38744354248047,45.963008880615234,43.71659469604492,44.17212677001953,3448255432,2842768964.5875,0.03183931,168.76537962,0.0003309489834756,6.67574287,77712.0,38232.0,32316.0,172146921430770.0,44.80979347229004
2020-05-21,44.15623474121094,44.44780731201172,41.88386154174805,42.74270248413086,3143718509,2767658401.6,0.03172479,173.72076146,0.0002868208704192,6.22283954,76526.0,37863.0,34110.0,168301449397050.0,43.30765151977539
2020-05-22,42.73036956787109,44.5757942199707,42.5117301940918,44.20758056640625,2908274408,2861455240.35,0.02395949,195.84852217,0.0002961816437291,6.22283954,78639.0,38255.0,30881.0,198726473621690.0,43.50636863708496
2020-05-23,44.20824813842773,44.53317642211914,43.70608139038086,44.03311920166016,2576920703,2873909064.0,0.02554772,201.49068917,0.0002724142124026,6.22283954,75654.0,38115.0,33380.0,201605727752620.0,44.12015628814697
2020-05-24,44.018592834472656,44.37795639038086,42.44266891479492,42.44889450073242,2656112321,2826480004.15,0.02451896,204.67134843,0.0002929462234864,6.86043734,72289.0,35539.0,30409.0,213621032242320.0,43.322028160095215
2020-05-25,42.40567398071289,43.438758850097656,42.09907531738281,42.94612884521485,2701310002,2776873740.825,0.02582736,203.97114244,0.0003754734680819,6.86043734,74121.0,33162.0,26568.0,208405977635050.0,42.72240924835205
2020-05-26,42.92720031738281,43.00738143920898,42.120792388916016,42.43205642700195,2475471673,2723575638.0,0.02997538,210.42529259,0.0003044001750181,6.86043734,93118.0,37476.0,35882.0,216351963296690.0,42.62185764312744
2020-05-27,42.40909576416016,44.06675338745117,42.36875915527344,43.86143112182617,2757608482,2841059373.675,0.02442276,226.86112073,0.0002820228166172,7.51046723,74574.0,34367.0,32713.0,239271956422020.0,43.176509857177734
2020-05-28,43.87184524536133,44.86268997192383,43.50492858886719,44.758697509765625,2743046058,2897081971.5625,0.02467712,236.70867597,0.0002897213460246,7.51046723,71424.0,30818.0,31255.0,240856188660960.0,44.24954032897949
2020-05-29,44.77653503417969,45.37718963623047,44.32452774047852,44.6524658203125,2632197768,2899891005.025,0.0307318,231.10489195,0.0002661699778135,7.51046723,83169.0,44790.0,37861.0,233457181008180.0,44.78267955780029
2020-05-30,44.63286590576172,47.54093933105469,44.22645950317383,47.53863143920898,2852777896,3043028049.3,0.02753944,234.71267741,0.0002924382778757,8.20328768,80788.0,39809.0,36304.0,245127090692560.0,45.984724044799805
2020-05-31,47.53927993774414,47.56504821777344,45.32406997680664,45.59188461303711,2637761668,3016943444.675,0.0272862,248.18317782,0.0003064661142322,8.20328768,74583.0,36205.0,33108.0,256195424474770.0,46.50507068634033
2020-06-01,45.5742301940918,48.39543914794922,45.425323486328125,48.1252326965332,3035652544,3047915373.9375,0.07551284,250.07046161,0.0003680277687368,8.20328768,221769.0,36308.0,33797.0,248258122522910.0,46.880056381225586
2020-06-02,48.09439086914063,49.76125717163086,45.261966705322266,45.92351531982422,3060955005,2979130071.95,0.0485439,246.76739503,0.0003347279766786,8.20328768,133854.0,39757.0,35847.0,243173379578660.0,47.26028251647949
2020-06-03,45.92983627319336,47.63124084472656,45.66325378417969,47.17289352416992,2691495449,3052556469.2,0.04488597,234.94546937,0.0002877513666637,8.67150536,85501.0,35978.0,34083.0,246344756732280.0,46.59930610656738
2020-06-04,47.20063018798828,47.99448013305664,46.57504653930664,47.63759613037109,2697436350,3118378543.1375,0.04393628,236.0801967,0.0002657019267805,8.67150536,107627.0,36789.0,34062.0,239071645679760.0,47.351938247680664
2020-06-05,47.674434661865234,47.9185676574707,46.87081909179688,47.05314636230469,2551367878,3059681997.6,0.17859906,223.22192023,0.0002999126649939,8.67150536,349327.0,37591.0,35471.0,216546528977800.0,47.379241943359375
2020-06-06,47.06672668457031,47.32443237304688,46.42837142944336,46.7319564819336,2160092222,3063942226.35,0.06936045,230.47949391,0.0002577920116098,8.14633728,180751.0,39101.0,34798.0,236656320244000.0,46.887871742248535
2020-06-07,46.7440185546875,46.93865203857422,45.38723373413086,46.66800308227539,2385218875,2986262540.925,0.03975854,250.85863817,0.0002598474272073,8.14633728,124655.0,35341.0,31837.0,245819983687200.0,46.43447685241699
2020-06-08,46.6591682434082,46.87998580932617,46.05800628662109,46.47397232055664,2357747091,3013901686.15,0.04711014,234.27344909,0.0002681323347202,8.14633728,133635.0,36807.0,34608.0,235470235934570.0,46.51778316497803
2020-06-09,46.47144317626953,46.7379264831543,45.665775299072266,46.06941223144531,2141209283,3010151318.0375,0.04612549,236.47887833,0.0003031856098264,8.14633728,150567.0,41937.0,34682.0,243256535421120.0,46.23613929748535
2020-06-10,46.06926727294922,46.89228439331055,45.894508361816406,46.67997741699219,2146762421,3012666327.1125,0.04962075,228.30460045,0.000295914244338,8.38438606,129730.0,36808.0,34043.0,229109495518730.0,46.38400936126709
2020-06-11,46.6835823059082,46.90381622314453,42.96903991699219,43.51470947265625,2554226325,2941258471.6125,0.04655386,228.47810171,0.0002757414726346,8.38438606,136831.0,42301.0,37511.0,231338184734670.0,45.01778697967529
2020-06-12,43.50072479248047,45.2738151550293,43.11791229248047,44.82805252075195,2260548556,2921729248.4625,0.04923756,228.76078049,0.0002764502881691,8.38438606,128416.0,37616.0,35847.0,225611762147240.0,44.18012619018555
2020-06-13,44.79370880126953,45.18855667114258,44.45869827270508,45.09455871582031,1739835590,2920013260.4,0.04391466,227.11763497,0.0002452610117581,8.38438606,123363.0,33873.0,32488.0,223786644095770.0,44.883880615234375
2020-06-14,45.10382843017578,45.10382843017578,43.89103698730469,44.08452606201172,1782403292,2892931387.425,0.04315347,227.65969434,0.000260981202408,7.87434542,127061.0,32923.0,30730.0,225148249548640.0,44.54580497741699
2020-06-15,44.08452606201172,44.2029914855957,42.09373092651367,43.9142951965332,2090717318,2823445532.7,0.04179795,229.57767387,0.0002793103627875,7.87434542,125892.0,34402.0,32774.0,234409696682900.0,43.573885917663574
2020-06-16,43.908958435058594,44.28072738647461,43.485137939453125,43.87725830078125,1841455099,2842017879.6,0.03345016,225.65106124,0.000296935452005,7.87434542,84906.0,39245.0,34712.0,219091208618670.0,43.888020515441895
2020-06-17,43.882442474365234,44.81455993652344,43.3642692565918,44.03235626220703,1996899442,2890692398.0125,0.02705005,219.87376436,0.000263066765465,8.02627148,64114.0,36780.0,33705.0,230339007341940.0,44.023406982421875
2020-06-18,44.03235626220703,44.12405014038086,43.14131164550781,43.56013107299805,1576467272,2841416323.2,0.02595565,228.32938252,0.0002620802437966,8.02627148,64840.0,36655.0,32281.0,231029616930990.0,43.71446228027344
2020-06-19,43.55636596679688,43.68408966064453,42.6036376953125,42.679832458496094,1712639222,2840820770.2875,0.02618362,240.48003646,0.0002769875140933,8.02627148,65286.0,37568.0,32817.0,239048150349290.0,43.1309814453125
2020-06-20,42.64627456665039,43.78364181518555,42.631229400634766,43.3468132019043,1500492583,2788808178.975,0.02455482,240.65493231,0.0002515241555575,8.20077906,64957.0,36474.0,32631.0,249756864500960.0,43.10198974609375
2020-06-21,43.337345123291016,43.75585174560547,43.02702713012695,43.08744430541992,1362753187,2830006418.325,0.02252399,254.33587283,0.0002734816979318,8.20077906,56921.0,31373.0,28093.0,254393144713360.0,43.30191707611084
2020-06-22,43.1092529296875,44.33644104003906,43.07240295410156,44.18800354003906,1659721584,2857878570.75,0.02544689,241.01987153,0.0002921640365804,8.20077906,61459.0,33191.0,29852.0,241341732218820.0,43.6765251159668
2020-06-23,44.19498825073242,44.31815719604492,43.6243782043457,44.17927932739258,1365925951,2892625257.9,0.02988107,244.87310423,0.0002784824421167,8.20077906,87056.0,41402.0,33127.0,247884223471410.0,44.079200744628906
2020-06-24,44.18814086914063,44.52910614013672,42.7093505859375,42.84382629394531,1493695398,2764063369.05,0.03010618,238.31596796,0.0002526464833922,8.63649457,70899.0,42954.0,35375.0,241051677892020.0,43.56760597229004
2020-06-25,42.86283493041992,43.02610778808594,42.211456298828125,42.56352996826172,1311840193,2776861031.0,0.03772653,220.71529075,0.0002609115110867,8.63649457,75745.0,44222.0,36530.0,213212626334300.0,42.665982246398926
2020-06-26,42.56430435180664,43.5618782043457,41.75668716430664,43.32078552246094,1714646169,2803938259.3875,0.03314989,222.05001489,0.0002342601854263,8.63649457,77260.0,46901.0,38398.0,233911307272010.0,42.80091381072998
2020-06-27,43.280906677246094,43.45170974731445,40.75464630126953,41.55556106567383,1453347400,2770464279.9,0.03319229,240.38870252,0.0002248909169545,8.63649457,72500.0,40773.0,34451.0,232513698711660.0,42.26070594787598
2020-06-28,41.55556106567383,42.018310546875,40.77822113037109,41.40826797485352,1337385786,2730602433.7625,0.02697148,238.37030665,0.0002392061721411,7.90611028,69529.0,39689.0,33763.0,240626399664840.0,41.44009017944336
2020-06-29,41.42753219604492,41.998565673828125,41.01976013183594,41.85103225708008,1668680719,2709837827.775,0.02342064,251.19370678,0.0002645142824571,7.90611028,64472.0,33367.0,30263.0,255168908252560.0,41.574222564697266
2020-06-30,41.74396514892578,41.97266387939453,41.02524185180664,41.46779251098633,1390313389,2698851121.3125,0.03151174,247.22044333,0.0002679626048874,7.90611028,91108.0,42746.0,34251.0,250062817550180.0,41.55241584777832
2020-07-01,41.43354034423828,42.19013595581055,41.28653717041016,41.69924545288086,1220528740,2735043125.95,0.0278864,246.45625171,0.0002507203508291,8.69963643,71291.0,37759.0,32865.0,264262085486970.0,41.65236473083496
2020-07-02,41.73671722412109,41.93464279174805,40.65645980834961,41.48573303222656,1339074369,2668538616.25,0.02830336,250.03250127,0.0002452138847622,8.69963643,70866.0,39597.0,33791.0,250601265944030.0,41.45338821411133
2020-07-03,41.47185516357422,41.68161392211914,41.04539108276367,41.20513534545898,1122905126,2707595916.8875,0.02952436,249.36867473,0.0002567915185989,8.69963643,71273.0,39229.0,34545.0,250649373996790.0,41.350998878479004
2020-07-04,41.17314910888672,42.17290496826172,41.134185791015625,42.066532135009766,1173145659,2714700102.975,0.02727953,247.01658902,0.0002450232707113,8.6614636,67694.0,37477.0,33641.0,248055711669750.0,41.63669300079346
2020-07-05,42.022159576416016,42.15835952758789,40.98523712158203,41.59807586669922,1170070065,2707296919.775,0.02485627,254.64617295,0.0002548204425597,8.6614636,62773.0,33962.0,31363.0,264790761947850.0,41.69095802307129
2020-07-06,41.59807586669922,44.14739227294922,41.49567031860352,43.96349334716797,1743603778,2720827185.5714,0.0388962,251.5302261,0.0002694297646158,8.6614636,73591.0,37107.0,32670.0,249614677040190.0,42.80115795135498
2020-07-07,43.96349334716797,44.2248649597168,43.10875701904297,43.3182487487793,1360983976,2884033469.4,0.03525,241.80190158,0.0002595885456262,8.6614636,92024.0,42339.0,34936.0,242232939368550.0,43.65384101867676
2020-07-08,43.318397521972656,45.410003662109375,43.172122955322266,45.20074462890625,2161892498,2949629421.375,0.03350891,242.9608555,0.0002780363128282,8.81634219,77807.0,42507.0,37324.0,245905031116240.0,44.27531719207764
2020-07-09,45.1884880065918,45.70869064331055,43.83011245727539,44.53745651245117,1985305536,2896482440.425,0.035675,237.68831515,0.0002831746847873,8.81634219,79210.0,41996.0,36864.0,238520559354670.0,44.81618690490723
2020-07-10,44.505367279052734,44.53230667114258,43.54658126831055,44.2461166381836,1840301462,2908431708.1875,0.03282455,238.32198625,0.0002590611479472,8.81634219,75340.0,41983.0,36317.0,240505176243850.0,44.20759296417236
2020-07-11,44.25065612792969,44.70627975463867,44.00514602661133,44.67707824707031,1764984238,2895424124.25,0.02866174,256.47727761,0.0002381193222009,8.57372778,75501.0,40347.0,34494.0,264853664291870.0,44.4097900390625
2020-07-12,44.687767028808594,45.18264389038086,44.06024932861328,44.63610076904297,1598865182,2892524596.475,0.02692462,277.4516053,0.0002617182140504,8.57372778,75320.0,37489.0,33394.0,278223832838470.0,44.641690254211426
2020-07-13,44.63610076904297,45.30672454833984,43.23667144775391,43.91979598999024,1724704950,2929849150.375,0.03384703,277.63968628,0.0002928497841531,8.57372778,83700.0,37909.0,33218.0,274578225669540.0,44.27482318878174
2020-07-14,43.96921920776367,44.001564025878906,43.14065170288086,43.80286407470703,1882872130,2865241101.0,0.03754949,255.10932791,0.0002733263661229,9.34237567,100036.0,46313.0,39850.0,258410018204200.0,43.72857475280762
2020-07-15,43.790374755859375,44.009056091308594,42.99142837524414,43.278953552246094,1809900342,2822666832.375,0.03487001,258.99020891,0.0002815114537971,9.34237567,83695.0,42469.0,37660.0,270494260490390.0,43.51745319366455
2020-07-16,43.26382827758789,43.40397262573242,41.47480010986328,42.035438537597656,1543731673,2751549240.9,0.03283382,268.92293861,0.0002745628277302,9.34237567,82852.0,43550.0,37836.0,267928983352180.0,42.54450988769531
2020-07-17,42.0412712097168,42.3414306640625,41.77911376953125,41.91281509399414,1336746650,2750792010.6,0.03572993,263.99593196,0.0002644539904598,9.34237567,85160.0,43048.0,38993.0,262965822646970.0,42.01865768432617
2020-07-18,41.90826797485352,42.83024978637695,41.78263473510742,42.42586517333984,1141296421,2792345564.8,0.03463973,258.85484695,0.0002161622074543,9.19479211,84162.0,41605.0,38823.0,256855048724180.0,42.236754417419434
2020-07-19,42.42586517333984,42.69797897338867,41.88360977172852,42.552730560302734,1140767149,2747976922.95,0.03186659,260.1642791,0.0002326624970479,9.19479211,79183.0,37486.0,36415.0,258313335563970.0,42.39004611968994
2020-07-20,42.5511589050293,42.70646286010742,41.642337799072266,41.97581100463867,1152077279,2769962362.125,0.03140444,261.10712107,0.0002562027277488,9.19479211,83456.0,36597.0,36279.0,265891784708960.0,42.218942642211914
2020-07-21,41.97399520874024,43.92832946777344,41.88581848144531,43.61614990234375,1384220462,2867249479.725,0.03504147,279.18675225,0.000272429279509,9.31293866,103945.0,40310.0,37641.0,280855146518450.0,42.851073265075684
2020-07-22,43.60678863525391,45.0008430480957,43.31925964355469,44.93611526489258,1383704376,2861274244.2375,0.03533767,270.99893921,0.0002844285113877,9.31293866,81594.0,37246.0,37189.0,270531544976040.0,44.21575164794922
2020-07-23,44.93959426879883,45.46665191650391,44.57751083374024,44.85007858276367,1775727714,2945450235.8,0.03631361,259.82492679,0.0002683973341504,9.31293866,81686.0,38167.0,38348.0,264939595253940.0,44.95845890045166
2020-07-24,44.85010528564453,44.88047790527344,44.058841705322266,44.18254089355469,1620747746,2916487307.6,0.03506565,266.66957005,0.0002874208647763,9.31293866,82474.0,40021.0,39675.0,273058016718160.0,44.49299144744873
2020-07-25,44.10726165771485,49.16240310668945,44.0678939819336,48.80476760864258,2433671618,3130794590.7,0.03851538,263.60468919,0.0002980763940411,9.3061597,87508.0,39403.0,40813.0,264328979771800.0,46.53558158874512
2020-07-26,48.83658599853516,50.37880325317383,47.71577835083008,47.97871780395508,2587129920,3174140108.75,0.04108546,264.15584575,0.0002953396604866,9.3061597,90894.0,40471.0,43150.0,262639648611080.0,48.727471351623535
2020-07-27,47.973758697509766,54.931488037109375,47.52111053466797,52.95002746582031,3397559596,3131730948.3625,0.04306444,263.38340973,0.0002861392884268,9.3061597,92247.0,39084.0,42132.0,264329611043840.0,50.844096183776855
2020-07-28,53.06098556518555,57.13096618652344,51.90334701538086,55.5752067565918,3293197775,3634445407.5625,0.05088846,277.08804149,0.0003470611673264,9.37871462,122831.0,46274.0,48247.0,283788003705500.0,54.41762638092041
2020-07-29,55.591705322265625,56.69272613525391,55.03009033203125,55.17200469970703,2572759911,3658640683.725,0.05023801,273.82396693,0.0002652015219624,9.37871462,111182.0,51512.0,48674.0,272898810161390.0,55.62163162231445
2020-07-30,55.1008415222168,57.97104263305664,54.07687759399414,56.64311218261719,3015740898,3773233564.525,0.0425102,278.19059116,0.0002335791663635,9.37871462,108010.0,52071.0,46735.0,280134993003340.0,55.94796848297119
2020-07-31,56.65485000610352,58.73869323730469,55.82644271850586,57.998138427734375,2461431454,3812673336.15,0.04656553,277.68262817,0.0002701794510755,9.37871462,129711.0,52968.0,46163.0,275415129849700.0,57.30453109741211
2020-08-01,57.998138427734375,61.663177490234375,57.50492477416992,61.2932243347168,3124975567,3916080140.1,0.03967606,271.26944843,0.0002862194723624,9.52339371,109998.0,46389.0,40615.0,277087607615520.0,59.61486625671387
2020-08-02,61.259525299072266,64.45904541015625,55.80258941650391,56.64144515991211,3499183526,3710431848.75,0.03958731,291.6198718,0.0003394778169269,9.52339371,112440.0,41829.0,38542.0,291195001559890.0,59.54065132141113
2020-08-03,56.62490081787109,59.64495468139648,56.13666534423828,58.46890258789063,2250487587,3860851172.0625,0.04378064,269.18315699,0.000323644358063,9.52339371,109690.0,45138.0,38267.0,266591690250140.0,57.71885585784912
2020-08-04,58.46235275268555,59.41592025756836,56.80051040649414,57.53305435180664,2088598738,3794033578.4,0.04389797,266.68786466,0.000273497019637,9.76877222,125072.0,56129.0,44253.0,282885098594660.0,58.05295944213867
2020-08-05,57.57620620727539,59.76585388183594,57.11745071411133,59.01070785522461,2144590019,3862736752.0625,0.04528961,268.95101354,0.0002299810178831,9.76877222,111107.0,59198.0,48090.0,263178874509840.0,58.367554664611816
2020-08-06,58.98693084716797,60.56393432617188,57.97606658935547,59.16426467895508,2241049269,3967980360.0125,0.05247185,252.57155904,0.0002157703894348,9.76877222,114338.0,59398.0,49559.0,257819856311820.0,59.1727991104126
2020-08-07,59.14830017089844,60.84126281738281,55.871726989746094,57.24553298950195,2756992175,3860609721.9375,0.04607252,251.62635794,0.0002422165627299,9.76877222,110104.0,54814.0,46214.0,246951583324470.0,58.276705741882324
2020-08-08,57.205867767333984,58.54293823242188,56.65135955810547,58.129207611083984,1726820323,3821664424.55,0.04825151,244.93649242,0.0002158058599113,8.74906382,112138.0,57695.0,47627.0,230185379839070.0,57.63234329223633
2020-08-09,58.22804641723633,58.66007995605469,56.4997444152832,57.13903045654297,1601010110,3718443729.0375,0.03867912,250.05582205,0.0002075095427344,8.74906382,109870.0,54197.0,46122.0,262100115392920.0,57.6317253112793
2020-08-10,57.11675643920898,59.24289321899414,57.11675643920898,58.28884506225586,2247183310,3848196502.75,0.0346583,277.90472789,0.000238597156288,8.74906382,107927.0,47544.0,43503.0,282504235844120.0,57.94131278991699
2020-08-11,58.28884506225586,59.43977737426758,53.23125076293945,54.386844635009766,2754950222,3618551093.2,0.04811208,269.37283405,0.0002352395932915,9.43877729,128245.0,61604.0,50921.0,276363017745290.0,56.336679458618164
2020-08-12,54.36639022827149,55.55856323242188,52.32285690307617,54.96858596801758,2450391467,3595551520.8,0.04260083,259.7160703,0.0002561868006825,9.43877729,91713.0,45293.0,43950.0,260533459898970.0,54.30409908294678
2020-08-13,54.98871612548828,57.862003326416016,52.348724365234375,57.74131774902344,2843622469,3578453865.45,0.0467169,257.11574843,0.0002352773295568,9.43877729,104895.0,51388.0,49782.0,258009299649960.0,55.73519039154053
2020-08-14,57.70130157470703,57.98078918457031,56.35732650756836,56.75312423706055,2476128674,3734925029.55,0.04363685,274.66545622,0.0002092806518532,9.43877729,111095.0,60064.0,54905.0,279435620461540.0,57.19813537597656
2020-08-15,56.72636032104492,60.37615585327149,56.72636032104492,59.92781066894531,3063536363,3920864361.15,0.04168057,278.62217733,0.0002158685001531,9.30875976,106563.0,56642.0,52232.0,275212739041050.0,58.43917179107666
2020-08-16,59.94212341308594,64.28931427001953,59.33077239990234,63.826541900634766,3595771595,4090078794.0,0.0424056,271.24745826,0.0002393353904312,9.30875976,104328.0,50932.0,49599.0,273684654364850.0,61.847187995910645
2020-08-17,63.826541900634766,68.51951599121094,61.88155746459961,67.02803802490234,3997651594,4252352818.25,0.04388867,265.27787629,0.0002881942099857,9.30875976,93684.0,43587.0,45765.0,267248643969120.0,65.31391334533691
2020-08-18,67.05615997314453,68.032958984375,64.27819061279297,65.52753448486328,3627257060,4287414975.725,0.09090383,235.47344577,0.0003477355069182,9.30875976,148344.0,53326.0,51675.0,213766614898450.0,66.22371101379395
2020-08-19,65.55464935302734,66.9671859741211,59.57317733764648,62.0046272277832,3345972244,4050729936.375,0.05541897,218.27107581,0.0002827397604932,8.67362598,117855.0,51323.0,46220.0,221919893726430.0,63.52490997314453
2020-08-20,62.01996612548828,63.5305290222168,61.28464126586914,62.96675491333008,2801314591,4176639284.4,0.0640444,240.88880483,0.0002207650837683,8.67362598,145657.0,60837.0,58614.0,242666538846420.0,62.450472831726074
2020-08-21,62.90597152709961,63.64998626708984,59.17335891723633,59.37902069091797,2911090515,3995943647.6125,0.04364614,255.27202828,0.0002384759649008,8.67362598,105628.0,49467.0,46098.0,252763790680470.0,61.27708435058594
2020-08-22,59.36305618286133,60.46170425415039,58.28854751586914,60.3111572265625,2317942996,3922417481.95,0.03857135,247.67080743,0.0002502978126495,8.5523203,95047.0,41805.0,39701.0,249538972445100.0,59.60611629486084
2020-08-23,60.26280212402344,61.48896026611328,58.34038543701172,60.62326049804688,2315616100,3918683985.05,0.03083444,260.05847298,0.000236194733826,8.5523203,82946.0,38604.0,38565.0,267928869161830.0,60.17885208129883
2020-08-24,60.62326049804688,62.820098876953125,60.27156066894531,62.19942474365234,2490426542,4091132924.125,0.03943576,253.77900257,0.0002636545668849,8.5523203,96630.0,39957.0,39239.0,251109878837770.0,61.478586196899414
2020-08-25,62.2150993347168,62.34196853637695,57.267555236816406,58.580665588378906,2625416624,3887060296.0,0.04860278,245.96183313,0.0002515788945506,8.5523203,112500.0,45978.0,42390.0,246388963286970.0,60.101322174072266
2020-08-26,58.442039489746094,58.99238204956055,57.21358871459961,58.35817337036133,2067102732,3876099698.4375,0.04018841,246.17364722,0.0002467456772398,8.83057466,101038.0,42451.0,40606.0,249479604913800.0,58.251545906066895
2020-08-27,58.29870223999024,59.15990447998047,54.79509735107422,56.041015625,2212235187,3712948344.0,0.03630774,254.42235071,0.0002324110048871,8.83057466,97862.0,42760.0,39696.0,254267227493830.0,57.07367992401123
2020-08-28,56.10396194458008,58.16758346557617,55.56637191772461,57.35440444946289,2206041301,3826449930.0375,0.03702602,264.81650332,0.0002311850795405,8.83057466,99898.0,42879.0,39791.0,265148059530520.0,56.79808044433594
2020-08-29,57.438873291015625,58.22694396972656,57.13005065917969,57.29173278808594,2006047086,3799498928.55,0.0393363,258.44587548,0.0002263335902159,8.901567,95744.0,42101.0,41251.0,252784202411950.0,57.52190017700195
2020-08-30,57.20773696899414,62.79817581176758,57.171024322509766,62.725341796875,2759602454,4025315069.45,0.03774872,244.8768476,0.0002579619877692,8.901567,93220.0,36885.0,36956.0,246523905781640.0,59.97556972503662
2020-08-31,62.84405899047852,63.49125671386719,60.75156021118164,61.11379623413086,2561891272,4050395099.8875,0.03869606,261.13199909,0.0002506995124092,8.901567,99433.0,41075.0,42146.0,263715489724870.0,62.05016803741455
2020-09-01,61.10507583618164,64.1839599609375,60.38698196411133,62.882789611816406,2717986649,4187013517.0,0.04637334,266.2538616,0.0002947879257944,8.901567,123303.0,47565.0,43366.0,267386546707120.0,62.13970184326172
2020-09-02,62.8713264465332,63.07072067260742,57.13980865478516,58.099647521972656,2790169260,3803099100.75,0.04523956,265.56311545,0.0002929731901364,9.01602187,117530.0,47635.0,45136.0,270202552472610.0,60.29537582397461
2020-09-03,58.01308441162109,58.53081893920898,47.059383392333984,47.774112701416016,2765272845,3505604312.0,0.04067004,270.13268478,0.0002584797392352,9.01602187,110031.0,44992.0,43986.0,273331817635297.0,52.84434986114502
2020-09-04,47.77921676635742,52.33302307128906,47.18532180786133,50.61197662353516,2851271830,3248194982.625,0.0491547,272.20864326,0.0003181881789205,9.01602187,135512.0,47574.0,46747.0,269643329827460.0,49.47738456726074
2020-09-05,50.619232177734375,51.31809616088867,46.146461486816406,47.58933639526367,2831766570,3243944917.95,0.04145977,267.14402122,0.0002399247559363,9.50963813,118094.0,45755.0,43882.0,282932675854570.0,48.91828155517578
2020-09-06,47.5965576171875,48.89556884765625,46.62266540527344,48.05357360839844,2075916067,3144018992.625,0.03803269,273.81666908,0.0002311893159464,9.50963813,105052.0,40373.0,40567.0,269780519676980.0,47.792091369628906
2020-09-07,48.0339241027832,49.07195281982422,45.62166213989258,48.77010726928711,2235340013,3180700358.7,0.04289884,275.73225495,0.000253625901954,9.50963813,103951.0,37785.0,40634.0,274935923101940.0,47.87441158294678
2020-09-08,48.80512619018555,49.30001449584961,46.20237731933594,47.3838005065918,2314205963,3125425980.0,0.04064474,284.59083773,0.0002600823790134,9.64325364,126331.0,45986.0,40769.0,293096622141930.0,47.92282962799072
2020-09-09,47.37735748291016,48.8466682434082,46.70137786865234,47.89769744873047,1828181736,3161711780.6625,0.03755824,303.28268854,0.0002299880357306,9.64325364,110090.0,43313.0,43716.0,310711139760900.0,47.70577526092529
2020-09-10,47.92319488525391,49.38438415527344,47.90349578857422,48.71685409545898,2001211524,3218377087.8,0.04563745,284.27663888,0.0002375543833283,9.64325364,109356.0,43908.0,43451.0,279467817380650.0,48.48198223114014
2020-09-11,48.71685409545898,49.40973663330078,47.40207290649414,49.089752197265625,1835173089,3200446747.875,0.0413858,285.62637335,0.0002285950808567,9.64325364,111082.0,44098.0,44585.0,293374080704660.0,48.65460395812988
2020-09-12,49.0577278137207,51.22113800048828,48.67241668701172,50.81715393066406,1588978329,3221072057.7,0.04497098,287.4744183,0.0002454138615932,10.28526521,110651.0,43005.0,43495.0,291922803329550.0,49.94210910797119
2020-09-13,50.760929107666016,50.931419372558594,47.52531433105469,48.066036224365234,1785910878,3151615205.7375,0.03935597,276.09985365,0.0002700668219217,10.28526521,100506.0,38628.0,35125.0,283994309008130.0,49.32092475891113
2020-09-14,48.04965972900391,49.94481658935547,47.43855667114258,49.09012222290039,1786276098,3267246524.85,0.03698741,290.05123841,0.0002710545722341,10.28526521,107265.0,39717.0,34049.0,298128839837940.0,48.630788803100586
2020-09-15,49.11736297607422,50.14468002319336,48.34780502319336,48.390098571777344,1663112038,3222843822.4125,0.04371555,289.65990535,0.0002856133136795,9.98759925,126551.0,44458.0,37143.0,290340055782610.0,48.99998664855957
2020-09-16,48.45963287353516,48.79235458374024,47.4674072265625,47.93343353271485,1674030602,3202232798.125,0.04835246,288.41041733,0.0002180839551976,9.98759925,116404.0,43824.0,51158.0,286676119775070.0,48.163207054138184
2020-09-17,47.98067092895508,49.47981262207031,47.87519454956055,48.87706756591797,1701721113,3192960291.75,0.05498028,288.36825577,0.0001376340050036,9.98759925,113627.0,42990.0,72347.0,284285652542680.0,48.55318641662598
2020-09-18,48.82827377319336,49.07770919799805,47.79171371459961,48.46281433105469,1135775840,3179924179.525,0.0653904,289.40080995,0.0001153974740993,9.98759925,118428.0,44226.0,95075.0,285852457945220.0,48.540127754211426
2020-09-19,48.48158645629883,49.03279495239258,48.208038330078125,48.67683029174805,961716690,3216140698.125,0.1039704,283.04984609,9.53316834617e-05,9.90339618,129012.0,43860.0,105289.0,285816641520810.0,48.599812507629395
2020-09-20,48.66793823242188,48.67055892944336,46.43110275268555,47.100528717041016,1033913350,3080626094.25,0.06617607,287.83886784,8.51353852481e-05,9.90339618,99483.0,38254.0,109410.0,285544234893960.0,47.71753215789795
2020-09-21,47.1291389465332,47.6491584777832,42.543270111083984,43.39022064208984,1923483523,2842845291.25,0.0758917,274.79311564,8.53354447799e-05,9.90339618,107180.0,39475.0,127164.0,277683091419490.0,45.17794704437256
2020-09-22,43.35946273803711,44.765403747558594,43.1172981262207,44.545047760009766,1078696494,2901327057.725,0.09893376,272.31406884,7.58021926167e-05,9.90535901,138982.0,45024.0,136499.0,277411521746500.0,43.94680309295654
2020-09-23,44.48606491088867,45.0760612487793,42.73939514160156,43.05768966674805,1676705751,2930132594.45,0.08881432,276.5040247,6.15983948087e-05,9.90535901,107158.0,39803.0,150331.0,277294728006870.0,43.839802742004395
2020-09-24,43.04633712768555,45.17330551147461,42.75492858886719,45.03985595703125,2070966440,2951695819.2,0.08992336,276.86333744,6.51369558791e-05,9.90535901,110924.0,42371.0,161715.0,284504776616700.0,44.00360679626465
2020-09-25,45.04555130004883,46.566505432128906,44.15079498291016,46.08631134033203,1849539132,3041782848.0,0.08437995,294.51001927,6.02620712846e-05,9.90535901,109867.0,42243.0,164748.0,297478795048960.0,45.46229076385498
2020-09-26,46.103172302246094,46.51958465576172,45.36458206176758,46.18892288208008,2123570272,3024777480.625,0.09503592,294.54458183,6.25823678517e-05,9.94441998,107121.0,42301.0,166404.0,298898395019350.0,46.04406547546387
2020-09-27,46.0913314819336,46.5918083190918,45.06353378295898,46.09169387817383,2217192656,3032056724.275,0.08254215,302.40007303,5.44209039456e-05,9.94441998,97248.0,37425.0,159899.0,301234108388360.0,45.95959186553955
2020-09-28,46.110626220703125,46.96242904663086,45.28989028930664,45.35554122924805,1923868466,3070633687.0,0.08576389,302.64240463,6.11976664893e-05,9.94441998,104515.0,39656.0,156001.0,306917346559260.0,45.92962169647217
2020-09-29,45.29804992675781,45.87041473388672,45.02056503295898,45.79656219482422,1790368155,2985068757.6,0.09092589,293.42218683,6.95676416601e-05,10.58509368,121795.0,40798.0,151454.0,301277607081490.0,45.496397972106934
2020-09-30,45.8067626953125,46.71512222290039,45.49448776245117,46.3714599609375,1979505099,3051800616.7,0.08774374,285.35897717,7.20628922126e-05,10.58509368,103222.0,36696.0,139803.0,291928159773830.0,46.09695816040039
2020-10-01,46.42695617675781,48.513702392578125,45.565799713134766,46.313507080078125,2558851054,3122106111.2,0.08382759,285.37731958,7.77656604292e-05,10.58509368,105654.0,37924.0,134564.0,279004796432681.0,46.70499134063721
2020-10-02,46.34896469116211,46.95109176635742,44.20128631591797,44.923973083496094,2201641713,2960687258.125,0.08329335,279.24411824,8.19190925069e-05,10.58509368,108193.0,38522.0,128585.0,279898265370590.0,45.6063289642334
2020-10-03,44.90569686889648,46.130401611328125,44.78174209594727,45.58177185058594,1707844978,3028804209.5,0.0788497,265.1981756,7.63380413033e-05,9.77545988,111618.0,39159.0,118344.0,252845757226770.0,45.34990310668945
2020-10-04,45.58098220825195,47.0405502319336,45.45301055908203,46.730106353759766,2034541387,3033482337.15,0.07331993,263.45563667,8.13487397388e-05,9.77545988,105112.0,34459.0,110977.0,267034072741460.0,46.201162338256836
2020-10-05,46.74247741699219,47.105098724365234,45.69383239746094,46.36322784423828,2349391995,3067480897.0,0.07412941,265.90731674,8.16420438159e-05,9.77545988,112461.0,34008.0,114707.0,262397845870480.0,46.47615909576416
2020-10-06,46.35686492919922,48.08342361450195,45.67325592041016,45.98553085327149,3013107749,3167484027.75,0.07790941,263.53129632,8.94742457025e-05,9.77545988,129433.0,38265.0,112217.0,255200308784760.0,46.5247688293457
2020-10-07,46.00466537475586,46.98228454589844,45.24394607543945,46.66048049926758,2167187221,3050231768.9375,0.07937535,269.99037369,9.7112639365e-05,9.0956044,101421.0,30368.0,100043.0,266853218904210.0,46.22284412384033
2020-10-08,46.68059539794922,47.48843383789063,45.83724594116211,47.218379974365234,2350341454,3118903430.1375,0.06341778,275.29674826,8.45621447375e-05,9.0956044,92779.0,35884.0,110158.0,274981424819310.0,46.8061637878418
2020-10-09,47.2160530090332,48.27326965332031,46.71034622192383,47.83295440673828,2250628685,3184106590.5,0.05788732,279.86529883,9.26745326672e-05,9.0956044,96863.0,37683.0,102090.0,283165004303000.0,47.508155822753906
2020-10-10,47.77711868286133,50.40800476074219,47.77711868286133,48.92109680175781,2781995604,3272026168.0625,0.06422722,273.21481253,0.0001069878025628,9.5161403,100443.0,37486.0,99029.0,271315886603530.0,48.720834732055664
2020-10-11,48.91490936279297,51.24394607543945,48.86531829833984,50.72790145874024,2601103257,3353781513.6,0.05695125,284.4694562,9.57077434921e-05,9.5161403,98563.0,35196.0,91389.0,290605014068680.0,49.938018798828125
2020-10-12,50.61570739746094,51.52434158325195,49.53612518310547,50.74381637573242,2646408249,3373837964.325,0.06594018,280.48167723,0.0001177351373165,9.5161403,104959.0,35822.0,93543.0,275365226147350.0,50.604997634887695
2020-10-13,50.68304061889648,50.68304061889648,49.1269416809082,49.94063949584961,2177774803,3288252931.2,0.06687184,268.11607814,0.0001139482287296,9.67907787,120675.0,38826.0,95344.0,275205161693440.0,50.108415603637695
2020-10-14,50.00718307495117,50.97562026977539,49.41543197631836,49.84648895263672,2213563866,3273135525.0,0.06217074,271.42059063,0.0001189831703427,9.67907787,107170.0,37302.0,89678.0,273499629470380.0,50.06118106842041
2020-10-15,49.82561111450195,50.2487907409668,49.0589599609375,49.49037170410156,2340485565,3285791076.75,0.06955499,275.26214668,9.77059240096e-05,9.67907787,106040.0,37283.0,105724.0,279548903670880.0,49.65593338012695
2020-10-16,49.53493118286133,49.90191268920898,46.21237564086914,47.69287490844727,2331529601,3115239141.3,0.07520608,274.53179311,8.89230499713e-05,9.67907787,112527.0,38735.0,115306.0,270927602746430.0,48.33552360534668
2020-10-17,47.747188568115234,47.747188568115234,46.74617767333984,47.05392837524414,2169301016,3110374265.6,0.07913175,253.13014064,9.26623749345e-05,9.46217137,108314.0,35451.0,97409.0,245565364398210.0,47.32362079620361
2020-10-18,47.059417724609375,47.878196716308594,46.973388671875,47.61954498291016,2636565895,3144963321.775,0.0624848,248.38752412,9.45361420326e-05,9.46217137,104220.0,32608.0,92528.0,249888191723680.0,47.38263702392578
2020-10-19,47.64145660400391,48.49648666381836,46.9943733215332,48.098915100097656,1771107656,3192782667.0,0.06738877,254.72705295,0.0001003288054292,9.46217137,109026.0,33426.0,95482.0,258019254953060.0,47.80780792236328
2020-10-20,48.10254669189453,48.44023895263672,46.68516159057617,47.051029205322266,1757468523,3124597210.8,0.06980348,269.21912793,0.0001164862958004,9.46217137,128186.0,37143.0,103083.0,273929653080350.0,47.56974411010742
2020-10-21,47.06284332275391,54.54841232299805,47.05569076538086,53.04533004760742,3534993796,3490875275.225,0.0778602,267.92651365,0.0001054409542022,9.07743181,121814.0,40121.0,109809.0,265048104637710.0,50.42806911468506
2020-10-22,53.015892028808594,56.06055450439453,53.00957489013672,54.267276763916016,3814584794,3624250715.25,0.0798605,250.50369132,0.0001224986421271,9.07743181,120825.0,39888.0,104892.0,249586993305080.0,54.088324546813965
2020-10-23,54.29941177368164,56.66780471801758,53.1826171875,55.23868942260742,3519541892,3628867253.85,0.07635868,246.90283158,0.000114813758842,9.07743181,117177.0,38946.0,103766.0,246109906969960.0,54.84713077545166
2020-10-24,55.23872756958008,59.325233459472656,54.814544677734375,59.09558868408203,3899047277,3883088025.1625,0.07450896,246.16365958,0.0001004492772561,8.64729452,111884.0,37530.0,99482.0,239734972817240.0,57.118523597717285
2020-10-25,59.095584869384766,59.77090072631836,56.66130065917969,58.674800872802734,3725652470,3925799071.475,0.06880333,244.87302268,9.79491695118e-05,8.64729452,109718.0,35226.0,99291.0,237720027874070.0,58.55064678192139
2020-10-26,58.67481994628906,59.097110748291016,55.21321868896485,56.74577713012695,3701855843,3720765257.5,0.11671669,217.32148268,0.0001054027443261,8.64729452,167874.0,36709.0,95262.0,207657881355540.0,57.43273162841797
2020-10-27,56.745750427246094,58.88512802124024,56.5108642578125,57.8160514831543,3431678162,3852113767.8375,0.08748077,198.8840573,0.0001126919642547,8.64729452,133418.0,39747.0,92320.0,194308162355080.0,57.48944854736328
2020-10-28,57.81607818603516,60.30220413208008,54.71086502075195,55.74251174926758,3786206312,3740960322.0,0.09745277,183.38788884,0.0001412634152762,8.64729452,131726.0,38697.0,88883.0,164449813606710.0,57.14291477203369
2020-10-29,55.742557525634766,56.3043098449707,53.460052490234375,54.76585388183594,3010404352,3679104682.0125,0.07999087,170.87272255,0.0001393132198325,7.01074316,121578.0,36332.0,84669.0,160389768724240.0,55.068193435668945
2020-10-30,54.765960693359375,55.570556640625,52.52662658691406,53.83503341674805,2563994174,3566688487.9,0.07564591,177.03127908,0.0001275786535256,7.01074316,115147.0,39327.0,96593.0,184029720450550.0,54.17454433441162
2020-10-31,53.83503723144531,56.10519790649414,53.53338241577149,55.59025955200195,2657420659,3728779634.0,0.08171434,183.35969078,0.000120459033104,7.01074316,117188.0,40602.0,94943.0,180114610676620.0,54.76596927642822
2020-11-01,55.59025955200195,55.97421646118164,54.25963592529297,55.587623596191406,2045991010,3641569841.45,0.07213956,178.81936793,0.0001102757910189,7.01074316,112239.0,35547.0,88898.0,174834746142510.0,55.35293388366699
2020-11-02,55.58732223510742,56.71083450317383,53.2059440612793,53.817481994628906,3019889902,3580155453.875,0.07221156,182.12653104,0.0001306394977098,6.20426401,118998.0,38029.0,91262.0,173999044146274.0,54.83039569854736
2020-11-03,53.81740951538086,54.27239990234375,51.64844512939453,53.81962203979492,2580300879,3510857730.15,0.10255943,184.64006271,0.000129580622986,6.20426401,152125.0,43975.0,92169.0,189348432449970.0,53.389469146728516
2020-11-04,53.8194694519043,55.00708770751953,51.60655975341797,54.49910354614258,3050534139,3482393670.1125,0.05979305,189.39458599,0.0001424987592602,6.20426401,123560.0,41781.0,90575.0,193273966114540.0,53.733055114746094
2020-11-05,54.50187301635742,59.22379302978516,54.50187301635742,58.678497314453125,3250514599,3950922174.5375,0.06645532,191.38725228,0.0001691786788589,6.58183089,124837.0,41135.0,84480.0,196599830983150.0,56.72650909423828
2020-11-06,58.67619323730469,63.28035354614258,58.46535110473633,63.13111114501953,4083503373,4026798871.5,0.06931619,193.55977974,0.0001584147681234,6.58183089,129250.0,45392.0,91277.0,195854449594560.0,60.88825225830078
2020-11-07,63.13111114501953,64.40208435058594,57.59221267700195,59.143646240234375,4320946722,4061779999.45,0.06056327,194.48748061,0.0001417948143531,6.58183089,93628.0,36687.0,83438.0,196399988031760.0,61.06726360321045
2020-11-08,59.143646240234375,61.81282043457031,58.8812370300293,61.05504608154297,2560316021,4065494881.25,0.05263193,197.25235734,0.0001288769466816,6.85449238,85615.0,31726.0,78472.0,203093575470590.0,60.22318744659424
2020-11-09,61.05501556396485,61.77642822265625,57.84232711791992,59.36388397216797,2791720300,3867692898.1875,0.05691192,198.3887331,0.0001532059234115,6.85449238,100231.0,36322.0,79542.0,195937427756060.0,60.009413719177246
2020-11-10,59.3654670715332,59.65738677978516,57.59749603271485,58.237342834472656,2269831643,3826454510.775,0.06382192,190.00776014,0.000148149776375,6.85449238,114980.0,41411.0,81431.0,194146492767490.0,58.714423179626465
2020-11-11,58.237266540527344,60.548316955566406,58.20498275756836,59.51502990722656,2580790979,3963621579.075,0.05720244,191.19891239,0.0001370880128757,6.85449238,98421.0,39212.0,77821.0,192051678582560.0,59.12639904022217
2020-11-12,59.51454925537109,60.44973373413086,58.30534744262695,60.365379333496094,2506731801,3913777701.35,0.0588658,195.15438648,0.0001649950429463,6.77612998,96797.0,39393.0,78470.0,196674933895080.0,59.65875244140625
2020-11-13,60.36493682861328,66.02117919921875,60.31187438964844,65.45719909667969,4324936978,4334000566.5,0.0617696,195.68775412,0.0001517848752186,6.77612998,104263.0,43744.0,84628.0,193497173896200.0,63.03879737854004
2020-11-14,65.45719909667969,65.83606719970703,61.9269905090332,63.77415084838867,2879859655,4185815797.5,0.06481497,179.16860789,0.000148378030377,6.77612998,96472.0,41112.0,77756.0,175731284811470.0,64.24860191345215
2020-11-15,63.77415466308594,64.14686584472656,61.234519958496094,62.27992248535156,2565763410,4175414183.5,0.04812993,186.5551057,0.0001494610086112,6.57671283,92489.0,36704.0,73973.0,193410277280410.0,62.85886573791504
2020-11-16,62.2799186706543,71.99732208251953,62.17103576660156,71.32624816894531,5089779254,4749668194.4,0.05932554,193.35162784,0.0001541214345443,6.57671283,101919.0,40816.0,80841.0,192388149287150.0,66.94363117218018
2020-11-17,73.5011215209961,76.4345932006836,71.23477172851562,75.85234069824219,5781117491,4844005846.375,0.0651062,184.83313713,0.0001949231909522,6.57671283,123845.0,45606.0,79224.0,188355666347400.0,74.25570678710938
2020-11-18,75.84986114501953,76.44735717773438,69.62852478027344,73.69493865966797,6120728271,4741072452.675,0.06208166,186.20262962,0.0002004193886319,6.57671283,110190.0,42919.0,79363.0,188734796887830.0,73.90517044067383
2020-11-19,73.6956787109375,83.21234130859375,71.79660034179688,81.68367004394531,6615851204,5370430457.7,0.05631585,194.23065099,0.000177687092675,6.65928671,103319.0,41071.0,72792.0,200735767944780.0,77.59707260131836
2020-11-20,81.68363189697266,85.17499542236328,80.26535034179688,82.5831527709961,6264878329,5451607711.9875,0.05969842,194.42381988,0.0001794865060544,6.65928671,111496.0,44337.0,79363.0,195068137122140.0,82.42678260803223
2020-11-21,82.5831527709961,88.00359344482422,80.65087890625,86.41011810302734,6565673514,5747103815.95,0.05443496,190.0079738,0.0001753425581077,6.65928671,106679.0,44145.0,73269.0,193408079492480.0,84.41193580627441
2020-11-22,86.41011810302734,87.64380645751953,79.6460952758789,82.70420837402344,6285046852,5492936943.5,0.04731411,217.88518967,0.0001950484123479,6.982427,109465.0,42248.0,72919.0,224116711796070.0,84.1010570526123
2020-11-23,82.70428466796875,90.16441345214844,81.18516540527344,89.03931427001953,7198913664,5721247678.725,0.04997466,229.32082845,0.0001921534189033,6.982427,110051.0,42767.0,72728.0,231669814007120.0,85.77329444885254
2020-11-24,89.03275299072266,93.57601928710938,86.8316650390625,89.20537567138672,7748145325,6014594855.5625,0.08908491,219.05558885,0.0002048084321549,6.982427,209477.0,53360.0,75186.0,221845420888920.0,89.66145324707031
2020-11-25,89.20350646972656,90.41155242919922,79.86409759521484,81.880126953125,6033297331,5825782798.4,0.05247716,209.90402777,0.0002005390214356,7.71678224,112732.0,49263.0,70910.0,219336789287020.0,85.3398208618164
2020-11-26,81.87519836425781,83.07267761230469,65.22534942626953,70.86572265625,8965913476,4707347573.475,0.06503186,203.47645056,0.000227112053008,7.71678224,114600.0,49445.0,66405.0,209396372855260.0,75.25973701477051
2020-11-27,70.88436889648438,73.46366119384766,65.95252227783203,69.12387084960938,5874999214,4384260683.875,0.05300931,210.86338438,0.0002109088172943,7.71678224,108895.0,46420.0,62078.0,213396120332020.0,69.85610580444336
2020-11-28,69.13182830810547,74.83356475830078,68.55299377441406,72.69296264648438,4784394518,4829709290.0625,0.05218438,207.21062666,0.0001662920629301,7.71678224,101179.0,41669.0,60734.0,207451024358550.0,71.30283737182617
2020-11-29,72.69962310791016,80.78340148925781,71.73285675048828,79.23506927490234,5314384738,5018566171.1875,0.04679875,214.14574905,0.0001611365881719,7.38366956,98956.0,39460.0,61278.0,218242727808550.0,76.11273765563965
2020-11-30,79.21046447753906,88.12899780273438,77.0670166015625,87.57463073730469,6812463307,5566503114.4,0.04868389,217.71373469,0.000190259455659,7.38366956,103727.0,42478.0,59595.0,214889344521020.0,82.99527740478516
2020-12-01,87.57659912109375,92.27677917480467,81.314208984375,85.4357681274414,9818290618,6091269795.0,0.12120192,221.49796644,0.000239226417352,7.38366956,201043.0,55831.0,67358.0,220759995264000.0,86.65083885192871
2020-12-02,85.43756103515625,90.10536193847656,83.39522552490234,88.85651397705078,7713268210,5744781083.25,0.06539272,227.87099945,0.0002227278438742,7.66139774,120744.0,48550.0,60131.0,228953312572650.0,86.94866561889648
2020-12-03,88.87646484375,91.12335205078124,85.80731964111328,89.09896850585938,6014261404,5997129069.1875,0.04917282,229.03803613,0.0001704300562911,7.66139774,108699.0,47225.0,62532.0,235818028597180.0,88.72652626037598
2020-12-04,89.10392761230469,89.60210418701172,78.76920318603516,80.01707458496094,5444117736,5619091615.75,0.046523,225.74679587,0.0001892544455732,7.66139774,103387.0,45212.0,60044.0,223736183830630.0,84.37307739257812
2020-12-05,80.00739288330078,84.1685562133789,79.15448760986328,83.11872863769531,4517680975,5524094060.4375,0.04292556,224.09503468,0.0001910117239894,7.66139774,98386.0,42846.0,55737.0,227519615370540.0,81.61229133605957
2020-12-06,83.11591339111328,85.03716278076172,80.60243225097656,83.55533599853516,3454805957,5445234822.5,0.04205926,224.15936061,0.0001603609021746,7.97932297,90600.0,39833.0,56652.0,233533331688380.0,83.07771110534668
2020-12-07,83.54549407958984,86.72644805908203,81.9332275390625,83.62406158447266,4312326196,5625143029.5,0.0664507,230.5768709,0.0004661156950927,7.97932297,100513.0,41116.0,54633.0,237373079868120.0,83.95730781555176
2020-12-08,83.61647033691406,84.71400451660156,75.97650146484375,76.7486572265625,4230876095,5304267037.0625,0.05255489,223.28267606,0.0001960782837033,7.97932297,116939.0,48588.0,57828.0,223016212373320.0,80.26390838623047
2020-12-09,76.7384033203125,78.09993743896484,72.61898040771484,77.41098022460938,4239672634,5078658073.6,0.04196718,233.54855003,0.0001827396745775,8.1444063,103331.0,47876.0,58232.0,243326882331090.0,76.21707534790039
2020-12-10,77.4122085571289,77.57532501220703,73.47132873535156,74.82955932617188,3007098971,4949334247.95,0.04593328,239.19759579,0.0001885088376903,8.1444063,102700.0,47234.0,56078.0,234703996659150.0,75.82210540771484
2020-12-11,74.82575225830078,74.85487365722656,70.23130798339844,72.08733367919922,3761860017,4855132832.125,0.04771376,234.35335047,0.0001973168803733,8.1444063,106327.0,48693.0,55715.0,241445602578080.0,72.99981689453125
2020-12-12,72.0787124633789,77.51998138427734,72.0787124633789,76.70689392089844,2966684035,4984469021.675,0.04273304,227.17825144,0.0001849069389623,8.1444063,97015.0,43256.0,52443.0,221366325854190.0,74.5960750579834
2020-12-13,76.71316528320312,83.8890151977539,75.6593017578125,82.00064086914062,3845040543,5367790908.225,0.04263659,223.16114696,0.0001913464268398,7.9818138,90911.0,39836.0,54039.0,227489997124570.0,79.56553077697754
2020-12-14,82.02944946289062,82.87445831298828,79.42679595947266,82.3631591796875,3459910049,5444314351.425,0.04305132,245.86909486,0.0001611318611562,7.9818138,100445.0,42402.0,60903.0,251654714585050.0,81.67346572875977
2020-12-15,82.36437225341797,84.70834350585938,80.69972229003906,81.40067291259766,3727495996,5435244192.95,0.05376586,233.04835139,0.0001937177334253,7.9818138,122826.0,48832.0,53636.0,231744984893530.0,82.29327774047852
2020-12-16,81.41154479980469,92.8460693359375,79.03235626220703,92.78968811035156,6152647270,5896789010.8625,0.04793302,228.8402834,0.0002149798797537,8.31835229,105752.0,47380.0,55220.0,238686841427610.0,86.5199146270752
2020-12-17,92.79939270019533,109.2346420288086,91.14077758789062,100.9595718383789,11165000706,7076256888.525,0.0711205,246.0503623,0.0002920501799871,8.31835229,149191.0,62440.0,71394.0,246193989134130.0,98.53359603881836
2020-12-18,100.98905181884766,112.2507553100586,99.55088806152344,109.38450622558594,10096427749,6999326243.25,0.07103685,233.90499831,0.0003082380754176,8.31835229,129079.0,58711.0,62850.0,230240243948710.0,105.5438003540039
2020-12-19,109.36553192138672,123.75543212890624,105.6860122680664,120.55890655517578,9859343632,7894502617.7875,0.05368877,227.64629972,0.0002318169332787,8.31835229,112282.0,51205.0,58662.0,231393543368040.0,114.84147071838379
2020-12-20,120.49281311035156,122.73542022705078,110.77295684814452,114.6659927368164,8652067110,7933296829.25,0.05977574,244.79569137,0.000241068016022,8.20181903,121803.0,52293.0,61790.0,243104667694200.0,117.16679573059082
2020-12-21,114.6683120727539,118.01512908935548,101.59909057617188,105.0053939819336,9903839433,7178906662.95,0.05745652,236.77018841,0.0002601692062048,8.20181903,113083.0,44812.0,54989.0,231032590529220.0,109.82198143005371
2020-12-22,104.95057678222656,114.02957153320312,98.86866760253906,113.68036651611328,11221164987,7482438766.125,0.05945721,226.41360626,0.0002553556669419,8.20181903,125340.0,51949.0,55702.0,229575159717480.0,107.88229560852051
2020-12-23,113.67897033691406,116.88765716552734,96.26966094970705,101.81706237792967,12287537836,7011940977.6,0.06041102,233.40630056,0.0002298327179181,8.07430933,118752.0,52938.0,58795.0,228508850394880.0,107.16333770751953
2020-12-24,101.89503479003906,111.93286895751952,99.60633087158205,111.56539916992188,10108653753,7192194349.85,0.05324349,243.54783302,0.0002097895018426,8.07430933,112801.0,51809.0,62952.0,252882443390600.0,106.24990844726562
2020-12-25,111.51172637939452,128.02589416503906,108.58560943603516,126.9835968017578,11678543063,7911005850.8125,0.05107801,261.28350672,0.0002465933703139,8.07430933,107084.0,46044.0,55164.0,262281470222810.0,118.77670669555664
2020-12-26,127.07919311523438,134.73513793945312,125.13356018066406,129.45919799804688,12680207148,8641024405.8125,0.0583677,255.08544996,0.000261225556285,9.00642085,114546.0,49467.0,56356.0,264188266014810.0,129.1017723083496
2020-12-27,129.4566192626953,138.31971740722656,123.09740447998048,127.5169677734375,14103307412,9054736177.5,0.07296665,255.39718169,0.0002437349670156,9.00642085,129007.0,54055.0,63515.0,261566300712110.0,129.59767723083496
2020-12-28,127.58830261230467,136.18507385253906,127.07134246826172,130.0503387451172,10248729547,8748267220.7,0.07371738,256.24867731,0.0002641452422341,9.00642085,143451.0,53286.0,58332.0,259588969073780.0,130.22376441955566
2020-12-29,130.03326416015625,130.60858154296875,121.18720245361328,129.04080200195312,9160551332,8307501037.625,0.06770349,261.17118937,0.0002309852443719,9.00642085,140860.0,59878.0,66231.0,258886669938490.0,127.71746253967285
2020-12-30,129.06185913085938,132.4501190185547,123.44434356689452,129.46607971191406,8127317345,8407036564.875,0.05836514,256.20759026,0.0002207216889135,8.91513635,123496.0,57210.0,59559.0,253097313016712.0,128.60560035705566
2020-12-31,129.48028564453125,130.16624450683594,123.03648376464844,124.69032287597656,6274573135,8334097658.55,0.06360257,247.3169488,0.0002285199289679,8.91513635,126397.0,59759.0,63774.0,245567399307950.0,126.84333419799805
2021-01-01,124.67276763916016,133.18576049804688,123.3280792236328,126.2303466796875,7326980728,8451272984.025,0.04542655,257.80746995,0.0002094897769538,8.91513635,106138.0,48758.0,51514.0,265860731765080.0,126.85423851013184
2021-01-02,126.27296447753906,140.37257385253906,123.69361877441406,136.94488525390625,10532067985,8738095453.2,0.05474458,254.52803874,0.0002118128300056,8.89227998,117800.0,53584.0,59802.0,253544029948900.0,131.8210105895996
2021-01-03,136.94940185546875,163.8986358642578,135.7399139404297,160.19058227539062,15385661271,10084217559.675,0.06727745,259.38945803,0.0002570717607317,8.89227998,142332.0,66018.0,72379.0,262464014274500.0,149.19463348388672
2021-01-04,160.2711639404297,173.02781677246094,143.62396240234375,154.8073272705078,13659785704,10175796727.775,0.06719121,270.83925847,0.0002764686544732,8.89227998,150561.0,69704.0,74521.0,276140360825630.0,157.93256759643555
2021-01-05,154.89755249023438,162.85018920898438,147.4000701904297,158.5947723388672,10192818976,10317222137.075,0.06516813,265.19008869,0.0002704500605544,8.89227998,153697.0,66927.0,62258.0,264957971567530.0,155.9356460571289
2021-01-06,158.6659698486328,169.65745544433594,155.45286560058594,169.0169219970703,10743884477,10999196260.0,0.08148439,266.27417306,0.0003027479030712,9.28400012,185139.0,67749.0,65739.0,276447476037060.0,163.19830322265625
2021-01-07,169.06822204589844,180.87338256835932,162.80654907226562,169.61595153808594,13099581396,11398304938.05,0.07624766,276.16829529,0.0003064054057142,9.28400012,157075.0,72225.0,70875.0,275715127972510.0,170.59102630615234
2021-01-08,169.6415252685547,181.76663208007807,151.65025329589844,173.27987670898438,14705614969,11495002650.025,0.08041632,279.62464977,0.0003645934340443,9.28400012,163803.0,74566.0,67553.0,281997805430760.0,169.0845718383789
2021-01-09,173.25375366210938,179.09007263183594,164.15248107910156,177.4839324951172,11136779198,11391980199.15,0.06888499,288.49439189,0.0002911146641664,9.75144433,145980.0,69291.0,62129.0,296905070133954.0,173.49505996704102
2021-01-10,177.47718811035156,185.7803497314453,163.7847900390625,171.11483764648438,12774461582,11603841772.325,0.07407316,297.45390242,0.0003102457224786,9.75144433,147584.0,67822.0,64341.0,299104294416430.0,174.53929138183594
2021-01-11,171.09483337402344,171.09483337402344,114.95645904541016,139.25222778320312,17994263494,8331518866.65,0.06669536,298.88521663,0.0003412342749094,9.75144433,155877.0,59519.0,63199.0,301232693703518.0,149.09958839416504
2021-01-12,139.07998657226562,146.7163848876953,128.9265899658203,132.6359100341797,11898878222,9106656315.2,0.07406038,291.84112,0.0002806773962327,10.36838689,173004.0,81205.0,65194.0,300268717089710.0,136.83971786499023
2021-01-13,132.658935546875,147.87789916992188,126.86204528808594,147.4213409423828,8421748673,9242172770.8125,0.0597891,285.28076412,0.0002482387178292,10.36838689,137596.0,61009.0,57933.0,292703366037360.0,138.7050552368164
2021-01-14,147.37974548339844,156.56692504882812,144.1827850341797,152.08457946777344,8271411810,10245993699.375,0.05728849,294.70077861,0.0002719641887668,10.36838689,143537.0,64346.0,59841.0,297840664645150.0,150.05350875854492
2021-01-15,152.1115264892578,155.1172332763672,132.19332885742188,144.237548828125,8416625031,9102498220.8,0.06174872,301.63976049,0.000300582881253,10.36838689,144392.0,66429.0,55993.0,294410928898010.0,145.91490936279297
2021-01-16,144.1881866455078,152.06082153320312,140.00201416015625,144.2654266357422,7183807955,10019104864.3125,0.05505776,289.03033476,0.0002344517289159,10.20706515,140961.0,66740.0,55931.0,288549336772040.0,145.12911224365234
2021-01-17,144.22483825683594,146.82423400878906,137.0695037841797,142.43081665039062,6098835633,9507012620.9625,0.04935572,299.83560245,0.0002157106721389,10.20706515,133264.0,62199.0,54334.0,308212449553800.0,142.63734817504883
2021-01-18,142.4346466064453,154.52569580078125,138.81143188476562,152.1440887451172,6640211538,10145825101.025,0.05711567,292.80482752,0.0002441000966073,10.20706515,139479.0,63316.0,56828.0,292101307785390.0,146.97896575927734
2021-01-19,152.1975555419922,165.92430114746094,150.48788452148438,153.4874267578125,9314780275,10789827056.625,0.06188426,288.19804933,0.0002478553384653,10.28545764,160925.0,69448.0,60405.0,293338674947660.0,155.5242919921875
2021-01-20,153.35609436035156,156.13848876953125,139.0926971435547,149.93142700195312,9002037330,9395230529.4375,0.07233312,286.20977939,0.0002266026120873,10.28545764,157922.0,73220.0,72042.0,288596403968323.0,149.62967681884766
2021-01-21,149.944091796875,149.944091796875,126.23419952392578,130.1334991455078,8703006148,8752751728.4875,0.06259987,292.09821895,0.0002147500662785,10.28545764,155830.0,71442.0,73176.0,293517374272580.0,139.0639705657959
2021-01-22,130.07383728027344,141.0155029296875,123.6469268798828,137.27145385742188,8550579025,9373504321.125,0.05975052,290.45397449,0.0002114857547048,10.28545764,147756.0,64143.0,62382.0,286219257644990.0,133.0019302368164
2021-01-23,137.19769287109375,142.33926391601562,135.1113739013672,137.75099182128906,5380627901,9292011171.3,0.0566319,291.51728612,0.0001875847643641,10.0850732,142320.0,65819.0,63509.0,287263809614000.0,138.0998306274414
2021-01-24,137.73870849609375,142.65240478515625,134.4783935546875,141.47731018066406,4972171240,9219631024.575,0.05177079,299.03342199,0.000170413685375,10.0850732,134677.0,59264.0,60561.0,302722398422160.0,139.0867042541504
2021-01-25,141.4382781982422,147.15028381347656,137.0099334716797,137.44419860839844,6344860290,9724434297.2,0.06166305,299.81834859,0.0001952852376036,10.0850732,150495.0,41511.0,63930.0,299068808833370.0,140.76067352294922
2021-01-26,137.43292236328125,139.5409698486328,128.8664093017578,134.75526428222656,5897389103,8768422179.0,0.06539187,303.74554838,0.0001947273692882,10.49286492,163022.0,43345.0,63116.0,310030706045250.0,135.1488914489746
2021-01-27,134.75144958496094,134.86264038085938,118.78751373291016,122.94947052001952,6281091792,8382901161.95,0.07138008,294.21138379,0.0001726199764528,10.49286492,155349.0,66053.0,68798.0,291717904356280.0,127.8377685546875
2021-01-28,122.94125366210938,135.79153442382812,121.5363540649414,133.4869384765625,5828235786,8750623913.6625,0.07055165,285.1924623,0.0001816898398504,10.49286492,155560.0,67577.0,66875.0,288905210848730.0,128.43902015686035
2021-01-29,138.21852111816406,144.95843505859375,132.16175842285156,135.0125732421875,8878892082,9534044189.6875,0.08299935,286.04905791,0.000226028841923,10.49286492,188101.0,91605.0,83181.0,283213629851180.0,137.58782196044922
2021-01-30,134.99925231933594,135.9033966064453,128.91656494140625,133.4000244140625,6332391807,8906609015.05,0.07701182,278.78957787,0.0002044767410901,9.88523232,192245.0,89262.0,80978.0,269019345070210.0,133.3048095703125
2021-01-31,133.41802978515625,134.70370483398438,126.25299072265624,129.57081604003906,4539387378,8520249472.8,0.06323565,293.47536898,0.000179499475939,9.88523232,168650.0,78018.0,77262.0,303404263969200.0,130.98638534545898
2021-02-01,129.57460021972656,136.13021850585938,126.35044860839844,131.95193481445312,5607159828,8628509409.0,0.07257094,306.3014885,0.0002079129513644,9.88523232,174128.0,83148.0,80949.0,304220702914240.0,131.00180053710938
2021-02-02,131.95291137695312,145.5329132080078,131.95291137695312,142.50697326660156,7552216052,9695077219.7,0.07460622,298.99538775,0.0002118273962943,10.48956144,183670.0,84125.0,78853.0,304108945848810.0,137.9864273071289
2021-02-03,142.4767303466797,155.89230346679688,142.16775512695312,155.61203002929688,8586975076,10269829346.0,0.08379797,290.63981747,0.0002042168338396,10.48956144,190963.0,90053.0,85580.0,291229899372140.0,149.03720474243164
2021-02-04,155.65647888183594,158.08877563476562,142.41409301757812,145.148193359375,7811659280,9644718802.425,0.08761101,284.76657839,0.000217337954112,10.48956144,194451.0,90911.0,82331.0,289162374457930.0,150.32688522338867
2021-02-05,145.150634765625,156.53530883789062,144.31817626953125,154.8522186279297,7359451680,10387982777.825,0.0934766,294.378228,0.0002127044151704,10.48956144,214540.0,91135.0,79365.0,300621376666980.0,150.21408462524414
2021-02-06,154.8540802001953,163.43093872070312,150.5127716064453,155.71473693847656,8323878876,10854024960.6,0.07537914,297.62728972,0.0001995860912909,10.20943461,183843.0,91459.0,83557.0,291218711304130.0,156.12813186645508
2021-02-07,155.66954040527344,157.12864685058594,145.66253662109375,151.14007568359375,6884924123,9959528167.1125,0.07698054,292.53106498,0.0002122844393077,10.20943461,173056.0,79923.0,73329.0,291138581612110.0,152.40019989013672
2021-02-08,151.10751342773438,168.2659454345703,148.1227264404297,167.21905517578125,8863883926,11016902103.9,0.07239344,302.44798381,0.0002243537949241,10.20943461,184459.0,82883.0,75377.0,303523102041950.0,158.6788101196289
2021-02-09,167.2139892578125,183.6444854736328,164.6878204345703,182.11447143554688,10156352233,11299364970.075,0.09124119,294.91300452,0.0002455113817447,10.33204453,223062.0,102617.0,88106.0,297905746016630.0,174.41519165039062
2021-02-10,181.98745727539065,194.1829833984375,172.2554473876953,182.1743927001953,12820808289,11801288980.65,0.09404261,295.99281504,0.0002521880879613,10.33204453,217810.0,104438.0,100385.0,300794962558290.0,182.6500701904297
2021-02-11,182.062744140625,192.5048828125,176.55453491210938,184.4960021972656,9278994121,12665570940.75,0.09891563,283.42456674,0.0002150522907539,10.33204453,204587.0,93949.0,87194.0,278071712559160.0,183.904541015625
2021-02-12,184.3871459960937,199.4168701171875,178.12335205078125,197.2317047119141,10839370443,12379038093.9,0.08162766,291.23575607,0.0002247726162764,10.33204453,209419.0,99993.0,88496.0,299311054583240.0,189.78976821899414
2021-02-13,197.2343292236328,228.38446044921875,192.91964721679688,226.22760009765625,16565513036,14412395736.9,0.08949221,304.90554031,0.0002203040433669,10.21076199,216703.0,105730.0,92559.0,302726638903270.0,211.19150924682617
2021-02-14,226.285873413086,229.2051544189453,210.10166931152344,214.4302673339844,12902511399,14256721052.1,0.08634848,300.92969292,0.0002134306239562,10.21076199,212280.0,98827.0,92218.0,306397401976930.0,220.00574111938477
2021-02-15,214.3249969482422,219.6385040283203,192.12124633789065,207.68101501464844,13482646966,14187408927.5,0.08541649,289.53440467,0.0002103957832555,10.21076199,199689.0,87651.0,84219.0,286289603660410.0,208.4414405822754
2021-02-16,207.6104431152344,221.0515899658203,201.2959899902344,210.54656982421875,12666436004,14130375470.75,0.08354396,288.30512263,0.000222882963957,10.25437737,181230.0,82860.0,87923.0,291240720174490.0,210.12614822387695
2021-02-17,210.56903076171875,236.97352600097656,204.2429351806641,236.97352600097656,13792789978,15346560666.1875,0.0873493,294.20623777,0.0002102648227322,10.25437737,209698.0,88664.0,95195.0,293773464157870.0,222.18975448608398
2021-02-18,236.94924926757807,238.1966094970703,221.5928955078125,226.8695526123047,7889078633,15111921751.475,0.10884556,298.41520867,0.0002016413887538,10.25437737,250038.0,115925.0,100817.0,295683844153940.0,230.9020767211914
2021-02-19,226.8992919921875,241.16128540039065,220.956771850586,236.676010131836,7151082978,15549970448.425,0.10749581,302.08235074,0.0002032450881486,10.25437737,260365.0,108758.0,98470.0,300106896005100.0,231.42333984375
2021-02-20,236.6549072265625,245.95751953125,216.64166259765625,227.6198883056641,8208699025,15627882383.85,0.10212336,301.96782253,0.0001883750230769,10.42471651,250002.0,108455.0,103783.0,302219634862680.0,231.7184944152832
2021-02-21,227.5196228027344,233.1479949951172,220.98374938964844,227.2313537597656,6934669818,15459256133.2125,0.09902866,281.72280646,0.0001893911780602,10.42471651,225116.0,93757.0,92508.0,269820465367820.0,227.2206802368164
2021-02-22,227.22381591796875,227.2348022460937,182.52764892578125,208.10679626464844,9523044215,13418503676.275,0.10105382,278.34946525,0.0001900182056766,10.42471651,224897.0,97173.0,101927.0,293033188865780.0,211.27326583862305
2021-02-23,208.1234130859375,208.3696746826172,159.68467712402344,176.93492126464844,10944696472,11864289414.3125,0.10219999,295.82019619,0.0001870497804878,10.42471651,244425.0,105841.0,103320.0,289112433871260.0,188.27817153930664
2021-02-24,176.96676635742188,189.1654663085937,169.78900146484375,181.3784942626953,7205360252,12280145083.05,0.10304111,287.04735065,0.0001730142897747,9.94936929,225197.0,96964.0,98511.0,284750607351910.0,179.32493209838867
2021-02-25,181.3854217529297,204.74383544921875,176.0321502685547,178.90184020996094,7327999233,13614854798.5125,0.11183358,267.81105881,0.0001542415620234,9.94936929,233888.0,95894.0,108193.0,265810702458920.0,185.26581192016602
2021-02-26,179.12852478027344,182.0758514404297,163.2482452392578,170.3981475830078,7875998386,11849179153.5,0.09662525,281.95989172,0.0001547247751118,9.94936929,240233.0,99317.0,107987.0,294411785481230.0,173.7126922607422
2021-02-27,170.43142700195312,179.92987060546875,167.90878295898438,172.10044860839844,4991079437,11570902061.4,0.09543809,294.09324129,0.0001487221936927,9.92162691,221927.0,103868.0,113489.0,295834160833381.0,172.59263229370117
2021-02-28,172.10218811035156,172.64617919921875,154.79978942871094,164.9271697998047,5945000101,10466292643.125,0.08314529,295.61720627,0.0001450317337784,9.92162691,214486.0,85750.0,97648.0,294245303856770.0,166.11883163452148
2021-03-01,164.98313903808594,176.35516357421875,163.9664306640625,175.23789978027344,4627257694,11750322742.8,0.10706514,298.29392177,0.0001765515917488,9.92162691,232631.0,90805.0,99865.0,297060134703910.0,170.13565826416016
2021-03-02,175.20968627929688,184.73049926757807,171.1996307373047,177.8724365234375,5247274825,12055764044.775,0.09270475,303.50025794,0.0001637270191778,10.318857,238927.0,94679.0,103505.0,303824867985690.0,177.2530632019043
2021-03-03,177.974365234375,196.25894165039065,177.3665008544922,188.52566528320312,6392122021,13008533408.8625,0.10762643,289.81508989,0.0001468264611072,10.318857,267400.0,95682.0,110252.0,285470879988280.0,185.03136825561523
2021-03-04,188.45831298828125,194.2318572998047,177.32473754882812,181.07864379882807,5488598135,12475182873.875,0.10245723,280.04280298,0.000165114006528,10.318857,230649.0,100843.0,106923.0,282808312881670.0,185.27338790893555
2021-03-05,181.0399627685547,183.10256958007807,169.32713317871094,180.7656097412109,4560793618,11857943497.525,0.10591182,278.18737184,0.0001702479043425,10.318857,228554.0,96762.0,98790.0,274192026858390.0,178.55881881713867
2021-03-06,180.70632934570312,184.339584350586,175.39544677734375,182.98190307617188,3799599706,11942720801.0625,0.09103848,292.78250595,0.0001521346229932,9.80151593,220819.0,94338.0,96550.0,292109141063000.0,180.85581588745117
2021-03-07,182.99069213867188,191.77023315429688,182.4223480224609,190.7591094970703,3541357558,12473629288.375,0.08145107,306.6262239,0.000150158585799,9.80151593,214310.0,86496.0,93247.0,309111572976850.0,186.985595703125
2021-03-08,190.77127075195312,194.6191864013672,180.06842041015625,191.9276885986328,4401225306,12531871932.1875,0.09428767,296.27525103,0.0001646005759026,9.80151593,238570.0,87960.0,92724.0,299122611157080.0,189.34664154052734
2021-03-09,191.94004821777344,204.7506256103516,189.41970825195312,203.6378631591797,5408294951,13307533725.5,0.10168002,291.26692653,0.0001696264955477,10.49566951,249256.0,98827.0,107138.0,306458728348710.0,197.43706130981445
2021-03-10,203.6415863037109,207.39239501953125,192.5824584960937,200.5168609619141,6296082804,13649013484.725,0.11164062,292.52428224,0.0001579060918051,10.49566951,216067.0,97095.0,114242.0,300983958132656.0,201.0333251953125
2021-03-11,200.4497528076172,203.16783142089844,191.53683471679688,201.25033569335932,4823154653,13296162713.575,0.10449162,284.97349751,0.0001691878890696,10.49566951,248751.0,109488.0,100207.0,279469096015980.0,199.10118865966797
2021-03-12,201.273666381836,223.614974975586,198.953842163086,220.82940673828125,8079722567,14156008789.5,0.12460343,269.36434291,0.0002029778513995,10.49566951,253625.0,107425.0,103351.0,268726653434220.0,211.16797256469732
2021-03-13,220.86453247070312,229.3739776611328,213.61134338378903,226.5782928466797,6378541696,15296934918.75,0.14345192,266.09556656,0.0002090321978125,9.67073479,312698.0,121142.0,106606.0,259071769284620.0,222.60703659057617
2021-03-14,226.5055084228516,227.8301239013672,215.2960968017578,215.2960968017578,4537627844,14596265196.5625,0.09801917,292.53138277,0.0001687208698004,9.67073479,273261.0,107810.0,109048.0,296711869408230.0,221.2319564819336
2021-03-15,215.227279663086,221.6864013671875,198.75254821777344,201.26461791992188,6186375403,13576752857.525,0.10604312,297.35665994,0.0001834169720806,9.67073479,270507.0,105592.0,102975.0,289210337541530.0,209.2327117919922
2021-03-16,201.1912078857422,204.8643951416016,192.1918029785156,201.04063415527344,5270029739,13723949699.2125,0.12162345,291.93275902,0.0001651081276144,9.67073479,327971.0,112320.0,110442.0,299067027950340.0,199.8220100402832
2021-03-17,201.0641632080078,206.2874298095703,195.0258636474609,206.06793212890625,4362001168,13281332532.6,0.11162649,290.99990445,0.0001508839479884,10.23947969,277745.0,110809.0,123088.0,292673750126130.0,202.11134719848633
2021-03-18,206.0331420898437,208.09637451171875,200.10302734375,200.5373077392578,3719561575,13792431216.95,0.12826127,277.72842011,0.0001566648024367,10.23947969,303939.0,120082.0,125251.0,271328981601407.0,203.69246292114258
2021-03-19,200.4992218017578,205.34371948242188,196.9537811279297,201.063720703125,2807932048,13699712757.65,0.12516208,275.74522563,0.0001649184761742,10.23947969,320592.0,118423.0,111476.0,289308582374160.0,200.9651107788086
2021-03-20,201.0334014892578,206.6977081298828,200.1773681640625,200.80642700195312,2529075165,13716926979.0,0.10252297,289.17355445,0.0001461433843835,9.87351471,283439.0,108633.0,114789.0,281081813856750.0,202.17872619628906
2021-03-21,200.8138427734375,202.8486175537109,193.4961395263672,196.42774963378903,2758761604,13174558692.75,0.09520758,287.215274,0.0001630929785627,9.87351471,280582.0,99742.0,103278.0,289554786260420.0,198.39658737182617
2021-03-22,196.42990112304688,198.90126037597656,186.6174774169922,187.0778350830078,3115325434,13221542598.125,0.10829401,298.09777328,0.0001626726673818,9.87351471,294024.0,99382.0,109062.0,301264155764670.0,192.25661849975586
2021-03-23,187.0691070556641,189.95790100097656,182.69422912597656,187.3939666748047,3047428308,12555109355.975,0.13134711,295.58494412,0.0001739327723824,10.28314894,312839.0,100254.0,111002.0,303956026929540.0,186.77880096435547
2021-03-24,187.33908081054688,197.33694458007807,175.8431396484375,177.6549530029297,4051272249,13008861497.6125,0.15646662,272.48178434,0.0001783403963113,10.28314894,286457.0,111305.0,109308.0,261279812988060.0,184.54352951049805
2021-03-25,177.58641052246094,179.12672424316406,169.63616943359375,173.06118774414062,3429325350,11480970961.35,0.12466848,273.62614092,0.0001369108582431,10.28314894,311763.0,107777.0,126456.0,283213452495320.0,174.85262298583984
2021-03-26,173.02218627929688,184.43907165527344,172.74221801757812,184.27867126464844,3109769980,12087047972.7,0.13865861,283.59266176,0.0001402970743287,10.28314894,230441.0,101757.0,109944.0,280952512277930.0,178.62053680419922
2021-03-27,184.2672882080078,186.5439453125,179.1182098388672,184.8304443359375,2408040965,12195183555.0,0.112035,271.94971394,0.0001476990794277,9.48731869,305158.0,108145.0,110931.0,259229555891370.0,183.68997192382812
2021-03-28,184.8243560791016,187.74563598632807,181.670150756836,185.0284881591797,2162823815,12502486662.75,0.14279873,282.04552671,0.0001273826538493,9.48731869,302282.0,102292.0,120930.0,280692660749980.0,184.81715774536133
2021-03-29,185.0156097412109,197.4888916015625,183.4750061035156,194.4747772216797,3353971422,13035728296.375,0.1170258,289.55152827,0.0001653579187032,9.48731869,311817.0,103632.0,112526.0,288879565452610.0,190.1135711669922
2021-03-30,194.4708251953125,200.12115478515625,191.15234375,196.68209838867188,3604665752,13209587223.25,0.14280944,278.2908096,0.0001659066893102,9.48731869,338739.0,123259.0,112173.0,282057769914020.0,195.60660552978516
2021-03-31,196.6889495849609,199.28268432617188,189.4910125732422,197.4990997314453,3416343750,13028780306.85,0.11045011,277.4260482,0.000175369172694,9.849192,219766.0,114830.0,109500.0,285235776936290.0,195.74043655395508
2021-04-01,197.5243682861328,205.4669952392578,195.9429931640625,204.11251831054688,3871809467,13712101960.85,0.12876647,269.38715794,0.0001567884270637,9.849192,228905.0,122057.0,123368.0,269731755359560.0,200.76171875
2021-04-02,204.0536193847656,214.403564453125,202.5085601806641,213.2283935546875,4095228243,14001191820.0,0.10296863,271.97305748,0.0001711348745801,9.849192,210041.0,112791.0,109273.0,276827499724220.0,208.54853439331055
2021-04-03,213.1597442626953,218.240234375,197.14620971679688,197.1482086181641,4020429578,14002701693.75,0.10727919,280.61036124,0.0001680987993856,9.52553888,213413.0,113859.0,112634.0,274718721702830.0,206.42359924316406
2021-04-04,197.1097717285156,206.21987915039065,195.53404235839844,204.0429077148437,2866830149,13563923028.775,0.08837832,292.20204674,0.0001565492954268,9.52553888,190524.0,99128.0,101636.0,297841044518500.0,200.7266502380371
2021-04-05,204.0477752685547,225.40084838867188,200.928451538086,221.0690460205078,4789647554,14122829563.1875,0.09153136,300.0458529,0.0001816382823201,9.52553888,217656.0,102375.0,103960.0,300631668628210.0,212.86153030395508
2021-04-06,221.61463928222656,244.51747131347656,217.63345336914065,237.66490173339844,9267495720,15836755842.825,0.11822238,303.06079077,0.0002206136319903,10.65350371,291343.0,124643.0,116410.0,317236762572070.0,230.35761642456055
2021-04-07,237.5615692138672,243.1512756347656,212.2266540527344,219.42367553710932,8711169124,14690285754.65,0.1237483,300.7497837,0.0001798198315598,10.65350371,236338.0,125511.0,122358.0,303264528942020.0,228.09079360961914
2021-04-08,219.8466186523437,228.35366821289065,218.0843963623047,227.0030212402344,4532286410,15155028484.05,0.10333969,301.45491833,0.0001672103342477,10.65350371,204316.0,109944.0,112641.0,309540310309180.0,223.32192611694336
2021-04-09,227.0221710205078,228.96714782714844,220.10940551757807,221.86236572265625,3137324847,15090069612.625,0.10062913,300.70807144,0.000182600193577,10.65350371,223644.0,116519.0,103473.0,293820247397840.0,224.49027252197266
2021-04-10,221.7160186767578,255.6759796142578,220.2007293701172,255.6201934814453,6686630635,15870739183.95,0.09897434,302.51617623,0.0001799938711586,10.36916915,230802.0,114054.0,109825.0,303364272148960.0,238.30323028564453
2021-04-11,256.9213256835937,264.5142822265625,246.412826538086,253.63446044921875,6786514965,17019276737.0,0.09782866,306.57376217,0.0001953666263596,10.36916915,238994.0,110727.0,106185.0,303207068907880.0,255.37072372436523
2021-04-12,253.176010131836,258.5966186523437,241.10438537597656,244.494369506836,5220366581,16470481886.4375,0.10179219,316.20912387,0.0001899451823015,10.36916915,256338.0,111590.0,108145.0,319933385149110.0,249.34284591674805
2021-04-13,244.71218872070312,273.2527160644531,244.67002868652344,266.9814758300781,6908471654,18060862395.4125,0.10992712,324.75940721,0.0002072118480226,10.99461867,281625.0,124324.0,111135.0,331263343594090.0,257.40410232543945
2021-04-14,267.23248291015625,282.6783142089844,256.7626647949219,279.7484130859375,8215124752,17919187311.025,0.17185372,296.78065589,0.0002020389914696,10.99461867,307069.0,130075.0,123794.0,292520674416096.0,271.60546875
2021-04-15,279.3411560058594,290.79052734375,267.177734375,286.5906066894531,6470712244,18876322323.4,0.12551877,288.21775049,0.0001858295167324,10.99461867,267953.0,125620.0,115195.0,296918841776150.0,280.9750061035156
2021-04-16,286.2806701660156,316.9685974121094,267.4730834960937,310.6127319335937,11850832933,20234643541.65,0.1512132,291.74190752,0.0002052198214802,10.99461867,301995.0,141405.0,127773.0,285473145718180.0,295.3337707519531
2021-04-17,309.556640625,335.0245361328125,300.6131286621094,304.7599182128906,13254117896,20557420414.2,0.14656131,287.37646402,0.0002036727328443,10.05169724,304560.0,146349.0,133469.0,278683967682500.0,312.4885559082031
2021-04-18,304.64703369140625,307.30426025390625,238.33741760253903,273.09881591796875,13129808269,17948768694.375,0.11838567,303.87941492,0.0001850675220955,10.05169724,271357.0,126299.0,121857.0,308810329422470.0,280.8468818664551
2021-04-19,273.6451416015625,281.3525390625,251.5144805908203,261.9192199707031,9384818110,17020117789.75,0.11891234,320.68139935,0.0001867222326026,10.05169724,293883.0,131996.0,118064.0,319674490461610.0,267.1078453063965
2021-04-20,261.2803039550781,272.5924377441406,235.67340087890625,260.9413452148437,9446199109,17176717788.2625,0.17531414,305.54602917,0.0001739829459118,10.79438876,358023.0,157660.0,131674.0,309923984848380.0,257.6218719482422
2021-04-21,261.0679016113281,276.31024169921875,251.68423461914065,258.8056030273437,7698253801,18502013687.275,0.21904205,290.08510205,0.0001805251769391,10.79438876,370131.0,151701.0,130299.0,298673374090770.0,261.9669952392578
2021-04-22,258.0594177246094,289.3291931152344,241.3014373779297,253.078353881836,9862940091,19320014011.025,0.29866327,292.06577242,0.0001975532530859,10.79438876,344422.0,128526.0,122247.0,294728518323090.0,260.44210052490234
2021-04-23,253.10479736328125,256.6561889648437,212.02816772460932,241.35877990722656,9252716255,15860724214.725,0.23527424,298.80723138,0.0002114426932955,10.79438876,312213.0,125693.0,117191.0,305867696039410.0,240.7869834899902
2021-04-24,241.45779418945312,241.45779418945312,221.28370666503903,224.8357696533203,4567973779,15658709974.2875,0.18336984,298.90314137,0.0001762547309057,10.44749953,280494.0,116029.0,112953.0,296958253781990.0,232.2587661743164
2021-04-25,224.92184448242188,235.20606994628903,212.28683471679688,223.6328582763672,3703413398,15827762148.225,0.25405835,309.18790529,0.0001782035753828,10.44749953,308369.0,102525.0,101880.0,318457888612920.0,224.01190185546875
2021-04-26,223.9871368408203,247.9586944580078,221.910385131836,247.4059295654297,4935577761,16446547393.4375,0.1100853,312.92864588,0.0001868383749941,10.44749953,261474.0,108221.0,106935.0,308259640241000.0,235.31553649902344
2021-04-27,247.57827758789065,262.6161193847656,243.99539184570312,259.6522827148437,4605576124,17435595040.9,0.1137351,313.32876619,0.000198488719117,10.91732632,312127.0,123770.0,108636.0,321187654959720.0,253.46051788330078
2021-04-28,259.7909545898437,266.3074951171875,248.5077362060547,258.5051574707031,4235575377,17032458071.7125,0.10537466,314.19960918,0.0001665855383629,10.91732632,298192.0,121234.0,118591.0,315399432950610.0,258.27783584594727
2021-04-29,258.5769958496094,262.5469665527344,249.2930450439453,255.58526611328125,3555940124,17318456334.8625,0.10485963,312.66800628,0.0001677138093524,10.91732632,290048.0,119310.0,116739.0,310749106532150.0,256.5005683898926
2021-04-30,255.45057678222656,273.2450256347656,252.8878173828125,271.1670837402344,3898872713,18173216433.675,0.12893078,309.43989769,0.0001858586052208,10.91732632,329614.0,128201.0,113086.0,310997920182690.0,263.18762588500977
2021-05-01,271.1426696777344,278.21942138671875,266.63140869140625,276.8335266113281,3611805752,18186523259.325,0.11046611,309.15483314,0.0001860091998605,10.82179971,300298.0,126598.0,114705.0,317292183737770.0,273.2067565917969
2021-05-02,276.9604187011719,277.48345947265625,265.3357238769531,269.1043701171875,3118501264,18134843751.9,0.11400043,339.07844419,0.0001925586526325,10.82179971,293833.0,111344.0,104270.0,348624284097650.0,272.2209930419922
2021-05-03,269.00830078125,299.300537109375,268.7289733886719,294.7040100097656,5172505234,19126775402.35,0.10213158,342.67447521,0.0002007069133355,10.82179971,307003.0,118488.0,110472.0,338922527074000.0,282.9354553222656
2021-05-04,294.7742614746094,326.888671875,275.4649658203125,306.2344970703125,11541253990,20240389506.675,0.13050315,335.69444108,0.0002324096677194,11.75213881,353921.0,139842.0,123480.0,347354158716700.0,300.8405990600586
2021-05-05,305.1773986816406,359.5001525878906,301.4515686035156,356.0370788574219,13183539068,23817019259.525,0.13035844,356.46742436,0.000201689123007,11.75213881,346934.0,142295.0,139431.0,370228382870040.0,330.5415496826172
2021-05-06,356.0221252441406,364.5176086425781,323.7054443359375,353.5103454589844,10441211171,23211525429.3125,0.12774919,358.94171119,0.0001991906003024,11.75213881,356107.0,149718.0,134882.0,354344679383020.0,349.43888092041016
2021-05-07,354.5068359375,372.2654113769531,333.99517822265625,346.2535705566406,11094872192,23753463471.925,0.11394179,356.65281969,0.0002079892004965,12.56795358,347968.0,147013.0,125678.0,369493828180200.0,351.7552490234375
2021-05-08,345.296875,356.0328674316406,334.97576904296875,346.3687438964844,6775459938,22675706316.2,0.14822595,364.10165539,0.0001838272846967,12.56795358,340899.0,138815.0,126914.0,363755951076140.0,345.66856384277344
2021-05-09,347.09002685546875,388.2327880859375,335.1734619140625,386.4507751464844,9835832552,24877692998.1125,0.11128875,362.77551677,0.0001909801974633,12.56795358,234255.0,128531.0,119921.0,365835432843930.0,364.2367630004883
2021-05-10,387.8691711425781,412.9601440429688,339.1389465332031,359.3293151855469,13240769672,27111188178.45,0.14669174,357.68403935,0.0002337648760145,12.56795358,377927.0,149111.0,129491.0,353280281373950.0,374.8243942260742
2021-05-11,359.2580871582031,378.859130859375,345.298828125,377.3887939453125,8798204078,25038893110.5375,0.14788705,346.66635125,0.0002102800507689,12.3683276,401082.0,166196.0,134925.0,343207602121220.0,365.20121002197266
2021-05-12,377.6705322265625,393.1324768066406,303.0848693847656,303.0848693847656,8782996412,24372392398.875,0.1424521,334.20207291,0.0001858077521647,12.3683276,344209.0,154271.0,138818.0,335676325327370.0,344.2431869506836
2021-05-13,310.1023864746094,332.0284729003906,292.2806701660156,316.9093322753906,9777636796,21277619833.2,0.13545509,332.72864732,0.0002082384452072,12.3683276,343734.0,144497.0,126139.0,338647227645010.0,312.83021545410156
2021-05-14,317.5172119140625,338.0980529785156,308.7076721191406,326.2338562011719,6413801038,22792376531.6625,0.13294432,333.55354642,0.0002181341625122,12.3683276,355100.0,138038.0,119954.0,326089252052240.0,322.63919830322266
2021-05-15,326.3979187011719,331.5926208496094,297.5908508300781,299.77252197265625,5642887118,21147391919.225,0.12080896,343.21355593,0.0001809638173006,11.68829836,340629.0,133601.0,122157.0,340071788165570.0,313.8384780883789
2021-05-16,299.8179626464844,323.7637939453125,280.37066650390625,296.6270446777344,5522282426,20458468310.9625,0.10699287,354.18583235,0.0001815152220487,11.68829836,346557.0,118347.0,115943.0,360438020312140.0,300.1448669433594
2021-05-17,296.0924377441406,296.4105529785156,262.739990234375,281.7693176269531,6426443389,18542144749.7,0.11164966,345.06129042,0.0002094931126408,11.68829836,337685.0,119940.0,116361.0,339802872093780.0,284.2530746459961
2021-05-18,281.10333251953125,318.0450744628906,279.4114685058594,294.61932373046875,7572089848,20271529709.2125,0.12650648,339.84437871,0.0001910856212987,12.04384715,364629.0,118345.0,117528.0,342198526268360.0,293.2947998046875
2021-05-19,294.6055908203125,299.8475952148437,151.1724395751953,189.52017211914065,11449368854,14103346749.875,0.14615547,314.7332614,0.0001952283347925,12.04384715,340777.0,122114.0,126777.0,310126794903020.0,233.78644943237305
2021-05-20,186.86627197265625,224.84767150878903,167.64004516601562,212.2761383056641,8294595618,14585561278.025,0.1173304,319.80268584,0.0001903693082578,12.04384715,357539.0,123747.0,118469.0,339919512771620.0,197.90753173828125
2021-05-21,210.9359741210937,219.2348022460937,157.61199951171875,180.1970367431641,6827729891,12167493300.0,0.11606721,337.5053317,0.0002115454168021,12.04384715,341090.0,111308.0,110700.0,332866512567520.0,191.99495315551755
2021-05-22,180.5387420654297,184.3743133544922,163.06649780273438,169.5945587158203,5184597505,12252067806.1875,0.11683191,321.05578775,0.0001664439334968,11.52751993,339691.0,106623.0,111303.0,311711838570740.0,174.39352798461914
2021-05-23,169.68450927734375,176.4557342529297,118.64244079589844,143.5193634033203,6847843143,9178973210.3875,0.10177434,310.64162343,0.0001625423084259,11.52751993,323733.0,91270.0,96464.0,309206829499200.0,152.07551193237305
2021-05-24,142.80264282226562,184.1439971923828,140.40377807617188,183.9941253662109,5615445186,11304432613.25,0.12649596,321.39283621,0.0001822536721805,11.52751993,333036.0,98011.0,102770.0,333882993402900.0,162.8361358642578
2021-05-25,185.03749084472656,194.12405395507807,168.41075134277344,183.49789428710932,5221949811,11971788486.125,0.1553992,338.72563814,0.0001728914099746,11.20538565,363497.0,106759.0,105548.0,341371290778070.0,182.76754760742188
2021-05-26,183.976318359375,204.08950805664065,180.01719665527344,199.22433471679688,4409113332,13121237831.85,0.12353034,352.80073759,0.0001473222562485,11.20538565,321919.0,104074.0,116707.0,362637353360880.0,191.82683944702148
2021-05-27,199.2351837158203,208.4635009765625,181.0873413085937,193.12109375,4104509375,13806908894.5125,0.09552846,354.49152187,0.0001537355554373,11.20538565,316320.0,99627.0,103441.0,346744678751530.0,195.47677993774414
2021-05-28,193.99053955078125,198.4867553710937,166.2047576904297,177.32066345214844,4842770593,12133312888.825,0.09958944,354.86944578,0.0001435149888459,12.42802395,290443.0,96994.0,102653.0,376563358275265.0,184.00067901611328
2021-05-29,177.3782196044922,188.60699462890625,158.0443878173828,163.80810546875,4442221955,11182917263.275,0.09705001,372.03626675,0.0001312717661052,12.42802395,307482.0,100189.0,106347.0,384818929932480.0,171.9594268798828
2021-05-30,163.80166625976562,180.2601776123047,156.3244171142578,170.9782257080078,3015850344,11799620598.7,0.10088689,363.14784914,0.0001410296965697,12.42802395,262410.0,87800.0,92443.0,362626660160960.0,167.84112167358398
2021-05-31,170.66888427734375,188.15899658203125,164.00938415527344,188.0336761474609,3347105582,12496275113.85,0.1073628,350.27081913,0.0001604811247566,12.42802395,315179.0,94719.0,89895.0,347773157124560.0,177.71773529052734
2021-06-01,188.1175537109375,193.0040283203125,176.29721069335938,182.980697631836,2965166592,12134658113.75,0.10580509,346.08328431,0.0001632093732565,12.7104823,297626.0,96729.0,94999.0,358299836546820.0,185.09987258911133
2021-06-02,183.00299072265625,191.24441528320312,178.66116333007812,187.26397705078125,2808932742,12720396602.55,0.10098924,353.05178473,0.0001411649803051,12.7104823,317814.0,98929.0,105865.0,349441131555588.0,185.0431365966797
2021-06-03,187.4100799560547,197.6842803955078,182.46522521972656,193.086181640625,2854571398,12784913562.5,0.11692594,346.92578598,0.0001571162824657,12.7104823,355672.0,100866.0,101145.0,345165456794730.0,190.16144180297852
2021-06-04,193.54904174804688,193.54904174804688,170.01918029785156,178.87200927734375,3123327190,12031140495.625,0.10146457,343.56417756,0.0001683840451397,12.7104823,312831.0,100541.0,97475.0,338532352850930.0,183.99731826782227
2021-06-05,178.7062225341797,185.43394470214844,168.1190948486328,173.02871704101562,2626658227,11808646721.5,0.09901764,340.26082041,0.0001585081256001,12.08780715,328286.0,91962.0,90605.0,326973158005680.0,176.32199478149414
2021-06-06,173.1466522216797,180.02162170410156,172.51512145996094,176.63943481445312,2250385468,11961568456.6875,0.09099292,331.40526887,0.0001445873347841,12.08780715,290229.0,84616.0,87310.0,341388156760656.0,175.58070755004883
2021-06-07,176.539306640625,182.23959350585932,161.0727996826172,161.73280334472656,2497621711,12017328181.4,0.08556714,379.74101542,0.0001501149578145,12.08780715,304430.0,88286.0,90671.0,381348804384800.0,170.39612579345703
2021-06-08,162.04898071289062,164.47744750976562,145.66819763183594,161.16107177734375,3333355082,10290198698.1,0.09759874,366.93490228,0.0001656496970181,12.33461056,335093.0,94132.0,93900.0,366404786851520.0,158.33892440795898
2021-06-09,160.8913116455078,173.04527282714844,152.84213256835938,172.13865661621094,3251347235,11453812522.95,0.12954803,346.66111036,0.0001370867557777,12.33461056,391818.0,92391.0,103803.0,352090110598720.0,164.72934341430664
2021-06-10,172.47857666015625,174.52015686035156,162.9648895263672,168.20306396484375,2639779895,11259470415.0375,0.16742341,363.02525332,0.0001594755911154,12.33461056,317827.0,93500.0,94051.0,368083610275190.0,169.5416717529297
2021-06-11,168.2439727783203,173.48854064941406,160.8946990966797,162.88052368164062,2518234370,11304574795.0625,0.12643443,373.92549142,0.0001458710824684,12.61554089,304825.0,95245.0,98765.0,380855312164510.0,166.37693405151367
2021-06-12,162.97703552246094,164.25701904296875,154.3889923095703,162.01486206054688,2207409008,10947920529.25,0.09181867,362.84621447,0.0001310790551314,12.61554089,314566.0,93120.0,100469.0,369622406457620.0,160.90947723388672
2021-06-13,161.9825897216797,171.51971435546875,156.96461486816406,170.93087768554688,2041213335,10894977522.9375,0.08152404,351.03113026,0.0001433575485362,12.61554089,272876.0,81664.0,84782.0,343627808984390.0,165.34944915771484
2021-06-14,170.85440063476562,180.00091552734375,166.6953887939453,172.9490966796875,1960141206,11943128789.8125,0.09713968,350.15345116,0.0001548325388026,12.61554089,292285.0,87235.0,90200.0,343989867388870.0,172.62495040893555
2021-06-15,178.63372802734375,181.04803466796875,172.44073486328125,178.659423828125,2459814443,11811831683.7,0.10356636,341.65759807,0.0001516496350576,12.22843027,322616.0,98041.0,96755.0,339482182743700.0,177.6954803466797
2021-06-16,175.3293914794922,177.2010040283203,164.9956817626953,166.4589385986328,2211208641,11321688357.375,0.1084626,325.38585924,0.0001368527133604,12.22843027,298585.0,92237.0,101284.0,319387236957770.0,170.99625396728516
2021-06-17,166.6033172607422,173.25112915039062,163.58920288085938,167.05569458007812,2010202177,11517887960.775,0.09324363,319.98018511,0.0001462981926615,12.22843027,304497.0,90570.0,91300.0,326940407253740.0,167.62483596801758
2021-06-18,167.23403930664062,167.37890625,152.0054931640625,156.3556365966797,2163514007,10653298483.7125,0.09711273,324.72188256,0.0001508675214429,12.22843027,303405.0,89344.0,89540.0,321413082424570.0,160.7435188293457
2021-06-19,156.55419921875,160.82736206054688,152.93783569335938,153.2954559326172,1718599931,10764865692.45,0.0973721,305.8660563,0.0001409564553345,10.945366,299433.0,86222.0,91010.0,274578719486130.0,155.90371322631836
2021-06-20,153.0144500732422,156.2391815185547,144.31533813476562,155.09259033203125,1958671063,10084709911.15,0.0938872,291.40579457,0.0001302556200276,10.945366,293123.0,76792.0,92512.0,301474547272990.0,152.16539001464844
2021-06-21,154.97198486328125,155.49322509765625,124.249267578125,124.78646087646484,2929287425,9153271474.5,0.10450388,281.70874836,0.00011766922671,10.945366,254753.0,81339.0,107450.0,274026363784870.0,139.87523460388184
2021-06-22,124.59527587890624,132.62332153320312,105.56629180908205,119.6026840209961,3728601207,7993923228.75,0.12068145,265.54809486,0.0001464337157,10.945366,322909.0,91459.0,103025.0,261558109969010.0,120.59689331054688
2021-06-23,119.67530822753906,133.59461975097656,115.95838165283205,128.67498779296875,2863227875,8652095457.3,0.14347797,251.56747045,0.0001095997193351,9.76226705,322093.0,88009.0,131331.0,236972449774270.0,124.4758243560791
2021-06-24,129.06080627441406,137.175537109375,123.95979309082033,134.48460388183594,1897169523,9127661897.25,0.20389888,234.89770566,6.93261128426e-05,9.76226705,305874.0,86516.0,218499.0,233176891051400.0,131.17018508911133
2021-06-25,134.59622192382812,138.11972045898438,124.58116912841795,125.687744140625,1912813174,8688016800.825,0.25660367,226.29877946,9.27350098237e-05,9.76226705,332381.0,88315.0,173050.0,222014774822970.0,130.74621391296387
2021-06-26,125.3934326171875,129.3040771484375,119.02980041503906,126.65725708007812,2064657166,8361598741.0,0.24124886,214.26097571,8.97910023571e-05,9.76226705,304489.0,82998.0,150605.0,212381111030670.0,125.09614181518555
2021-06-27,126.89379119873048,132.47605895996094,125.09052276611328,132.34788513183594,1804264433,8671725095.5,0.22014813,198.58827519,0.0001050668485499,7.47965857,307024.0,78577.0,123724.0,170323669929437.0,129.20206451416016
2021-06-28,132.5926971435547,139.47433471679688,130.3041534423828,137.370849609375,1877529989,9305106719.1,0.13545997,188.69811457,9.91473145695e-05,7.47965857,303993.0,84365.0,136291.0,187538375507890.0,134.93550872802734
2021-06-29,137.61309814453125,149.09628295898438,137.42349243164062,143.70291137695312,2182136698,10003975156.1625,0.12514071,194.67000615,0.0001176528943266,7.47965857,340979.0,93389.0,121904.0,195526455656560.0,141.95894622802734
2021-06-30,144.05044555664062,146.67156982421875,136.4293212890625,144.13583374023438,1889869747,9307689108.75,0.12492,197.44030689,0.0001049925209403,7.47965857,334766.0,97131.0,139444.0,201905681890920.0,142.82179260253906
2021-07-01,144.1366424560547,144.1366424560547,134.40602111816406,137.57752990722656,1681324823,9288935435.7,0.14786929,196.33919892,0.0001131327273609,6.84433714,332506.0,89762.0,144253.0,188005741845760.0,140.064208984375
2021-07-02,137.2992706298828,138.78770446777344,130.9354705810547,136.94369506835938,1418980649,9167310798.75,0.10031132,217.38419682,9.74028937108e-05,6.84433714,328231.0,91828.0,144662.0,222536354199130.0,135.99153518676758
2021-07-03,136.9305877685547,141.35601806640625,134.94528198242188,140.27969360351562,1236493834,9564769802.3,0.07259842,225.24800795,0.0001863575287939,6.84433714,305330.0,86836.0,73887.0,224084837095140.0,138.3778953552246
2021-07-04,140.3179931640625,147.8360595703125,137.09642028808594,144.90585327148438,1431656519,9925414789.8125,0.08108347,225.51435374,0.0001309173623817,7.86510759,315668.0,81782.0,95427.0,244860869111860.0,142.53908157348633
2021-07-05,144.84933471679688,144.84933471679688,134.96026611328125,138.0732421875,1338245545,9327315877.625,0.08822967,234.29877696,0.0001270346017332,7.86510759,314734.0,82591.0,101427.0,236865734428280.0,140.68304443359375
2021-07-06,137.95167541503906,142.7035675048828,135.92483520507812,138.9856414794922,1504907480,9384765602.0,0.0879386,227.50661451,0.0001995282109166,7.86510759,349051.0,98888.0,73356.0,234070880533429.0,138.89142990112305
2021-07-07,138.9601593017578,142.90057373046875,137.18386840820312,137.3712158203125,1594183502,9515874273.1,0.07932737,231.54906568,0.0001806431644289,7.86510759,307780.0,93387.0,74184.0,234098154428610.0,139.10395431518555
2021-07-08,137.5182647705078,137.67222595214844,128.44664001464844,132.30850219726562,1654154836,8929754628.6,0.08937946,226.01313362,0.0001856808297824,8.15237751,351706.0,98940.0,74863.0,231642750193690.0,133.98640823364258
2021-07-09,132.1701202392578,135.73353576660156,126.36164855957033,134.57159423828125,1578256301,9158614914.075,0.09228519,224.28651176,0.0001622326821607,8.15237751,340581.0,95107.0,85323.0,223950869131140.0,132.20922470092773
2021-07-10,134.65133666992188,136.7248077392578,130.92250061035156,133.98728942871094,1301165252,9045060138.1875,0.10291923,230.34051598,9.44114768647e-05,8.15237751,311926.0,96817.0,127554.0,235968019429540.0,134.07148361206055
2021-07-11,133.98126220703125,136.4457244873047,132.24530029296875,134.24583435058594,1267259648,9197505084.75,0.13363704,238.43459831,0.0001182426257545,8.11495203,375439.0,90067.0,112322.0,243382888643460.0,134.22953033447266
2021-07-12,134.29124450683594,139.66526794433594,132.155029296875,133.5381317138672,1658972857,9449844771.4,0.10181305,248.27198938,0.0001129441818354,8.11495203,353967.0,91492.0,115698.0,246013997852110.0,134.91241836547852
2021-07-13,133.48373413085938,134.52394104003906,129.7334442138672,131.32180786132812,1326935445,9073022440.3875,0.1075513,247.77365256,0.0001086233170341,8.11495203,402164.0,90399.0,120047.0,251011466412530.0,132.26573181152344
2021-07-14,131.39901733398438,132.31178283691406,124.23351287841795,131.06260681152344,1509497526,8875337916.175,0.10705376,241.07991636,0.0001117119921295,8.11495203,356011.0,90665.0,120705.0,238772211417000.0,129.75172996520996
2021-07-15,131.13238525390625,133.01707458496094,122.33609771728516,125.49156188964844,1512389053,8530260324.95,0.14640038,231.39844608,0.0001041547016599,8.46709677,313514.0,86691.0,131092.0,232975038067100.0,127.9942798614502
2021-07-16,125.62896728515624,127.78345489501952,120.7690658569336,121.04105377197266,1434977465,8506021604.6,0.15590251,243.2781192,9.43853361217e-05,8.46709677,371083.0,91398.0,141779.0,254961165257860.0,123.80563545227051
2021-07-17,120.94344329833984,122.89361572265624,118.07868194580078,120.0270767211914,1380666904,8171990380.05,0.18005815,248.32601905,0.0001024833519449,8.46709677,364218.0,92665.0,129131.0,245743992093230.0,120.48570442199707
2021-07-18,120.080810546875,123.98239135742188,117.39049530029295,119.51201629638672,1339676386,8030089935.5625,0.19325161,253.43727438,0.0001026276174032,8.62179848,369685.0,72119.0,120759.0,262316378852510.0,120.24142837524414
2021-07-19,119.38440704345705,120.73291015625,111.98568725585938,113.16480255126952,1252109735,7684334742.9,0.20406009,252.18780087,0.0001241614653343,8.62179848,421863.0,91132.0,131499.0,245026603429080.0,116.31695175170898
2021-07-20,113.24037170410156,114.93824768066406,104.32588958740234,107.39948272705078,1447927552,7428273720.9,0.12272631,248.42537547,0.0001090416007023,8.62179848,386479.0,97800.0,132698.0,257009393953990.0,109.97599792480469
2021-07-21,107.33421325683594,118.8583755493164,105.37126922607422,117.45989227294922,1535044626,7957058889.8625,0.11306247,256.81660865,0.0001077670459958,8.83753055,418254.0,87484.0,131425.0,264353766382370.0,112.25593757629395
2021-07-22,117.63249969482422,121.90778350830078,115.81658935546876,120.7357940673828,1244645331,8279043615.4125,0.10600039,265.60892594,9.80439606018e-05,8.83753055,352494.0,84904.0,136656.0,266650817645200.0,119.02316665649414
2021-07-23,120.74201202392578,124.46802520751952,117.28687286376952,124.2494125366211,1105582289,8090243241.75,0.11518804,269.25695281,0.0001005588483638,8.83753055,422411.0,84418.0,138707.0,265829129160190.0,121.68658065795898
2021-07-24,124.21847534179688,127.74347686767578,123.61669158935548,126.1886749267578,1149988053,8573370513.925,0.09800456,260.63449413,9.71466885871e-05,8.83753055,212267.0,81203.0,126822.0,260260250551500.0,125.44182968139648
2021-07-25,126.11593627929688,128.01429748535156,123.86831665039062,127.59797668457033,1152966295,8508034863.45,0.09809071,279.14019501,0.0001076011887026,9.21351532,295450.0,75887.0,119887.0,289056988008480.0,126.39913177490234
2021-07-26,127.6514129638672,140.26858520507812,127.19208526611328,131.36248779296875,2122247682,9386063897.8125,0.12077313,270.24287694,0.0001113920597502,9.21351532,308851.0,83941.0,131079.0,263827769554000.0,131.61864280700684
2021-07-27,131.23289489746094,134.9468536376953,127.62014770507812,134.6178741455078,1709997405,9102022361.6,0.12441161,262.30636949,0.0001218607809245,9.21351532,439804.0,91443.0,133009.0,267987497984900.0,132.10444259643555
2021-07-28,134.7672119140625,141.8950958251953,132.92088317871094,139.83660888671875,1844085027,9386913230.2,0.12059737,268.71947185,0.0001043345798208,9.46551121,239524.0,86419.0,129302.0,274991496609480.0,137.35494995117188
2021-07-29,140.29916381835938,142.80491638183594,137.14625549316406,141.3212890625,1579482162,9555381348.3,0.12062903,270.50651808,0.0001010490560816,9.46551121,399824.0,92118.0,142025.0,269607016167360.0,140.39290618896484
2021-07-30,141.47171020507812,145.79518127441406,136.22012329101562,145.7750244140625,1614166297,9384866110.125,0.11203715,259.91436926,0.0001078717170047,9.46551121,177145.0,87577.0,122836.0,257983002713140.0,142.31550979614258
2021-07-31,145.654296875,146.59869384765625,142.05093383789062,144.93321228027344,1337306944,9801430169.7375,0.11324991,258.95192419,0.0001032251854161,9.46551121,198206.0,90303.0,128279.0,262401948860870.0,144.80928421020508
2021-08-01,144.50985717773438,149.69740295410156,138.77186584472656,140.73553466796875,1520253711,9952921622.6625,0.12045414,266.81819439,0.0001004591772668,9.15185619,192964.0,84758.0,127514.0,258636224249460.0,143.4286651611328
2021-08-02,140.5424346923828,145.86026000976562,139.091552734375,141.50550842285156,1446142148,9816841943.3875,0.12678269,262.04959091,0.0001106290186857,9.15185619,216205.0,90915.0,127156.0,261643064819800.0,141.74993896484375
2021-08-03,141.468505859375,143.14199829101562,136.130859375,138.2908477783203,1337812400,9451319723.925,0.13691775,253.92684423,0.0001056529749064,9.15185619,308964.0,102106.0,136011.0,250889024476700.0,139.75805282592773
2021-08-04,138.48631286621094,144.43251037597656,135.9945526123047,142.623046875,1391008967,9725899947.1125,0.12306512,254.73026951,9.99916202209e-05,8.91839047,234787.0,102624.0,126384.0,248361892578570.0,140.38410568237305
2021-08-05,142.62791442871094,145.00405883789062,136.4845733642578,143.43597412109375,1601656842,9579367414.5,0.14791009,262.2224927,9.84941426177e-05,8.91839047,355346.0,152241.0,142002.0,271468640699590.0,141.88813018798828
2021-08-06,143.54800415039062,150.55557250976562,142.0043182373047,147.8009490966797,1830070393,10201013396.85,0.13478504,279.86444377,0.0001052834895605,8.91839047,351864.0,159556.0,141482.0,283649406091060.0,145.97721099853516
2021-08-07,147.8987579345703,156.3384246826172,147.3045196533203,155.86477661132812,2107022706,10513481678.775,0.138957,281.21380694,0.0001081870581721,8.91839047,322061.0,149358.0,134566.0,291684492465270.0,151.85161972045898
2021-08-08,155.95895385742188,157.43844604492188,147.36541748046875,149.8477325439453,1780747563,10300725734.3,0.14730527,281.87000001,0.0001216283940468,9.76929301,265304.0,133160.0,127127.0,294456828617280.0,152.65263748168945
2021-08-09,149.81851196289062,170.38600158691406,145.44422912597656,166.516357421875,2544061454,11230782652.35,0.13792612,283.64468347,0.0001230766578495,9.76929301,276800.0,132333.0,130428.0,288697525393540.0,158.04127502441406
2021-08-10,166.4677276611328,168.17385864257812,159.07925415039062,165.46041870117188,2379906344,11103142464.15,0.1711283,275.6315474,0.0001124252126255,9.76929301,318337.0,157442.0,140129.0,276026350897490.0,164.79531478881836
2021-08-11,165.40869140625,176.01881408691406,164.40505981445312,170.93594360351562,2419719473,11763615388.95,0.21435975,272.82591731,0.0001054819574833,9.9175102,349743.0,166730.0,151470.0,283162365588700.0,169.1921272277832
2021-08-12,170.87928771972656,179.57052612304688,161.1070556640625,165.1310272216797,2386820701,11165541894.1,0.14424928,275.99611005,9.11341009636e-05,9.9175102,286512.0,154086.0,162296.0,276589770387710.0,169.1719741821289
2021-08-13,165.51177978515625,184.30398559570312,164.28289794921875,183.2860870361328,2604958786,12018479771.65,0.14565062,275.20590818,8.9728796132e-05,9.9175102,270094.0,153658.0,164636.0,270636071088560.0,174.34618759155273
2021-08-14,183.3824005126953,184.938720703125,175.77862548828125,182.71127319335932,2425228534,12412219589.725,0.1461577,268.46574322,8.81827106667e-05,9.9175102,279029.0,146734.0,153833.0,268933699082280.0,181.70275497436523
2021-08-15,182.9389190673828,186.36778259277344,175.61293029785156,184.904296875,2463135987,12319904557.5,0.12795096,273.05626696,8.37233123107e-05,9.43124765,263730.0,130836.0,155230.0,272575973772460.0,182.45598220825195
2021-08-16,184.7760009765625,188.8373565673828,176.99046325683594,178.8544921875,2512505149,12446583115.0,0.13217278,287.27321519,9.37527827735e-05,9.43124765,289025.0,138905.0,158802.0,286280358873811.0,182.3645782470703
2021-08-17,178.15264892578125,184.220932006836,168.340576171875,168.84263610839844,2207382233,12071519321.925,0.20881078,272.76878973,0.00010256675566,9.43124765,298771.0,119092.0,148850.0,271952149360596.0,174.88919830322266
2021-08-18,168.67343139648438,174.30966186523438,163.58016967773438,167.3966064453125,1933140312,11817615174.3,0.1545094,271.87261531,9.44299009672e-05,9.70513594,355789.0,207237.0,160654.0,281235945236580.0,168.4899673461914
2021-08-19,167.04376220703125,175.54293823242188,162.9866943359375,175.493408203125,1886756817,11671403764.85,0.11032523,306.91038453,8.6892767524e-05,9.70513594,264647.0,115102.0,163247.0,319366974521000.0,170.2667007446289
2021-08-20,175.4324951171875,184.08155822753903,174.3670196533203,183.62852478027344,1821956870,12498733528.75,0.13257984,311.27189877,9.67564737737e-05,9.70513594,304654.0,135422.0,159363.0,311232320277360.0,179.37739944458008
2021-08-21,183.6514587402344,184.413818359375,177.05250549316406,179.73614501953125,1735474978,12445689784.25,0.14621637,297.76712398,8.73052836702e-05,10.73327135,307882.0,158306.0,170603.0,316146479054500.0,181.21348190307617
2021-08-22,179.90740966796875,189.5882568359375,179.1482696533203,186.31309509277344,2051815458,12467157741.9375,0.12844102,291.80047407,9.44321961591e-05,10.73327135,210926.0,109198.0,138979.0,293725556265760.0,183.7392578125
2021-08-23,186.13238525390625,191.38265991210932,183.9352569580078,187.1064300537109,2033355063,12758814514.8375,0.18391462,282.56088825,0.0001048498287133,10.73327135,338818.0,138792.0,148990.0,278185612598090.0,187.1391830444336
2021-08-24,187.30474853515625,188.33013916015625,172.7820281982422,173.57681274414062,1968635010,12086487349.6,0.17119743,289.38845323,0.0001145043671768,10.73327135,341419.0,179211.0,165773.0,294921852327380.0,180.49843215942383
2021-08-25,173.70973205566406,178.9541778564453,169.92413330078125,177.6032257080078,1766315141,12171125240.75,0.1932447,298.77507842,0.0001042047314809,10.20630715,474877.0,288934.0,162670.0,295546556045450.0,175.0478172302246
2021-08-26,177.8907012939453,180.2177276611328,166.03240966796875,168.08558654785156,1967737081,11505078534.325,0.16710128,295.3746809,9.19102700919e-05,10.20630715,371974.0,212358.0,166758.0,293196830353640.0,173.0566062927246
2021-08-27,167.98785400390625,175.98440551757812,165.39891052246094,175.98440551757812,2747733541,11923019315.6375,0.15503498,284.90171066,9.45286842259e-05,10.20630715,343810.0,192989.0,153955.0,280411201160190.0,171.33889389038086
2021-08-28,176.1288299560547,177.00636291503906,171.77511596679688,175.45408630371094,2197632103,11837783752.775,0.15589215,296.36358625,9.20321684365e-05,10.1473411,387493.0,198060.0,155845.0,304941732628970.0,175.0910987854004
2021-08-29,175.52719116210938,182.3032073974609,173.50204467773438,174.7042236328125,2336929993,11943882371.05,0.12477153,326.34758451,9.80849863873e-05,10.1473411,321011.0,166471.0,142147.0,323656744102770.0,176.5091667175293
2021-08-30,174.6308135986328,176.10398864746094,167.07908630371094,167.42466735839844,2322318232,11734425846.0,0.15352179,310.43279662,9.60713603517e-05,10.1473411,334471.0,179444.0,151255.0,305198080475440.0,171.30963897705078
2021-08-31,167.5045928955078,175.23890686035156,166.14059448242188,171.6592254638672,2252832552,11699699181.4,0.15495807,304.6611177,0.0001007612941848,10.1473411,376656.0,201502.0,159274.0,303377878385200.0,170.1358299255371
2021-09-01,171.46517944335938,182.7159118652344,169.01461791992188,180.97216796875,2807031001,12106958823.075,0.14313299,308.96139298,0.000101774555946,10.7366253,330756.0,179921.0,157616.0,314146229874250.0,176.0419692993164
2021-09-02,180.95639038085932,187.8860015869141,179.7144775390625,183.61724853515625,2648327451,12498609309.55,0.18178679,308.07942744,0.0001029702955116,10.7366253,375399.0,211359.0,170687.0,302987428846270.0,183.04352951049805
2021-09-03,183.43487548828125,217.51747131347656,180.1070556640625,212.96597290039065,5461104943,14154234910.5375,0.18554058,301.63051048,0.0001099946190399,10.7366253,395667.0,230725.0,161828.0,307120199705140.0,198.50634384155273
2021-09-04,212.96484375,225.11004638671875,208.9357147216797,212.35845947265625,4290103830,14841876980.0,0.16042974,319.03308038,0.0001100376826815,10.75248008,397606.0,211811.0,162058.0,321812134965990.0,214.84226608276367
2021-09-05,211.97352600097656,231.95567321777344,210.74658203125,231.333984375,3796951481,15404707050.25,0.15326908,327.61745036,0.0001014319853653,10.75248008,392380.0,227757.0,151695.0,331704188631700.0,221.50244140625
2021-09-06,232.10145568847656,232.10145568847656,216.6732177734375,219.52577209472656,3846416196,15159537176.8875,0.17183556,321.36322731,0.000111112909611,10.75248008,461531.0,238749.0,156258.0,312973598335110.0,225.1004753112793
2021-09-07,219.52459716796875,221.43191528320312,165.84286499023438,178.11439514160156,4888577997,12343459745.55,0.19126755,317.6225447,0.0001144608416083,10.75248008,477454.0,291590.0,153575.0,314716538023050.0,196.22844314575195
2021-09-08,178.07594299316406,188.20123291015625,170.00404357910156,179.72467041015625,4614459511,12413883955.2,0.16871586,306.30274773,0.0001380132114601,11.16907438,416676.0,228397.0,136508.0,311454135985820.0,179.00147247314453
2021-09-09,177.9097442626953,188.45785522460932,177.24061584472656,180.37680053710932,2895886861,12776288927.0,0.22650251,311.89531199,0.000128563873741,11.16907438,384200.0,235327.0,143071.0,317999969710250.0,180.99625396728516
2021-09-10,180.44834899902344,187.12901306152344,171.5594024658203,174.29603576660156,2640894542,12051242462.175,0.15858471,312.40309775,0.000117909252845,11.16907438,389604.0,203794.0,153248.0,310873700307140.0,178.3582000732422
2021-09-11,174.30833435058594,185.7774810791016,173.75514221191406,178.68856811523438,2374798275,12641430767.6125,0.14255187,316.51221414,0.0001082354356172,10.84432089,334743.0,180122.0,148456.0,312591621751790.0,178.13238143920898
2021-09-12,178.6846160888672,185.93312072753903,175.57394409179688,183.23448181152344,2524354411,12608550543.15,0.12490771,328.74044363,9.46019949304e-05,10.84432089,341911.0,166621.0,143208.0,328623183365200.0,180.85654067993164
2021-09-13,183.2424468994141,233.05685424804688,171.38385009765625,179.48394775390625,8716460338,12339314499.0375,0.14178818,330.65701314,0.0001058111938115,10.84432089,343347.0,158491.0,144914.0,332586460147420.0,191.79177474975586
2021-09-14,179.5534210205078,187.5938262939453,176.49996948242188,183.1390686035156,3674072759,12657530470.7625,0.17036924,318.27031998,0.0001127943418533,10.84432089,404564.0,220024.0,154107.0,323420178918910.0,181.69657135009766
2021-09-15,183.0461883544922,191.4980316162109,180.04246520996094,189.23941040039065,2966645617,12637435260.4,0.17235892,300.6216857,0.0001111581651597,11.32962565,388444.0,231636.0,145217.0,303329188136844.0,185.95652389526367
2021-09-16,189.02932739257807,194.78985595703125,181.8587951660156,185.5380706787109,3890293445,13012660885.6,0.21441176,300.24302685,0.0001175970951348,11.32962565,484600.0,286098.0,147580.0,302697393088460.0,187.80401229858396
2021-09-17,185.3985290527344,190.08932495117188,178.46478271484375,179.68408203125,3490133355,12431125192.2375,0.16245555,316.28484781,0.000113255585239,11.32962565,434859.0,247346.0,144787.0,327167602554040.0,183.4091796875
2021-09-18,179.83258056640625,184.87098693847656,178.50674438476562,181.30886840820312,2288894200,12467297049.8875,0.15079243,327.21284945,0.0001197723350716,10.96928039,409637.0,239639.0,130587.0,325289664029970.0,181.1297950744629
2021-09-19,181.2480316162109,181.47645568847656,173.23143005371094,175.7406005859375,2265327476,12220992957.1875,0.12720766,330.71480583,0.000133092271958,10.96928039,388247.0,209084.0,106362.0,332021839298450.0,177.92412948608398
2021-09-20,175.7526092529297,175.9052734375,154.10418701171875,156.46401977539062,3091999618,11011133568.825,0.14006319,329.76416561,0.0001370998659694,10.96928039,391645.0,213178.0,116839.0,338706301363528.0,165.55652236938477
2021-09-21,157.2126922607422,162.0477294921875,145.47476196289062,148.38987731933594,2676739911,10953017084.625,0.13895851,327.63247177,0.0001230631376689,10.96928039,392314.0,194015.0,134482.0,333584563884070.0,153.28126525878906
2021-09-22,148.24111938476562,161.9007568359375,145.7730712890625,161.41200256347656,2470322802,10931645627.7,0.1451324,336.53721579,0.0001182982299636,11.57497027,374762.0,204114.0,137500.0,345791760931780.0,154.33173751831055
2021-09-23,161.49305725097656,164.5155487060547,157.520751953125,163.81834411621094,2168287266,10939143031.875,0.13735686,334.46080151,0.0001158085624797,11.57497027,371369.0,175308.0,126753.0,325217471221290.0,161.8369255065918
2021-09-24,163.8912811279297,165.76832580566406,142.44131469726562,152.2317352294922,3002639992,10128365865.8,0.15547248,319.85062295,0.0001208196466507,11.57497027,379852.0,226194.0,125400.0,326887119908360.0,156.0831642150879
2021-09-25,152.22764587402344,155.52850341796875,149.2789306640625,151.18145751953125,2780149595,10436852723.5,0.13325496,307.90752111,0.00011431601066,11.36088253,332449.0,153752.0,117636.0,297971977355930.0,152.05413436889648
2021-09-26,151.1856231689453,153.4053497314453,142.54745483398438,150.640869140625,3285914022,10492171554.225,0.15375539,291.33032764,0.0001043963251579,11.36088253,349877.0,185807.0,124438.0,296442798139960.0,149.44482421875
2021-09-27,150.86325073242188,154.82504272460938,145.27651977539062,145.34957885742188,2675737537,10296395333.7375,0.15640926,308.68992384,0.000109222561488,11.36088253,410062.0,225004.0,137791.0,316691600462500.0,149.07859802246094
2021-09-28,145.2202606201172,148.44705200195312,140.3708953857422,140.5971221923828,2716268316,9906396716.4,0.17436219,316.48399036,0.0001069287676429,11.36088253,397907.0,222730.0,140779.0,305373857327260.0,143.65883255004883
2021-09-29,140.67201232910156,149.6635284423828,140.14515686035156,144.9186248779297,2611872987,10095985489.8,0.17869824,297.03953503,0.0001106282751907,10.61790664,392357.0,252464.0,139198.0,290092461268400.0,143.8498306274414
2021-09-30,144.853759765625,154.19712829589844,144.1713409423828,153.1479949951172,2490894083,10465341819.35,0.15626878,297.9190145,0.0001106112048442,10.61790664,399148.0,203509.0,135254.0,299724952451220.0,149.09255599975586
2021-10-01,153.2936553955078,168.00570678710938,151.5926513671875,166.1322021484375,3075986940,11328265935.65,0.17296201,299.04042168,0.0001117185039136,10.61790664,396559.0,217240.0,145259.0,300316336101120.0,159.75605392456055
2021-10-02,166.21224975585938,172.634521484375,164.80014038085938,169.25892639160156,2954252473,11823401608.1875,0.16276988,316.37654348,0.0001091647177397,10.57949186,393656.0,236262.0,150464.0,320511547184490.0,168.22645950317383
2021-10-03,169.1682586669922,174.69522094726562,166.1136474609375,170.60997009277344,3020051826,11626737579.6,0.16589711,324.63736803,0.0001072779455021,10.57949186,431714.0,264069.0,139932.0,320616304557090.0,170.1467742919922
2021-10-04,170.60240173339844,170.7590789794922,162.34503173828125,167.54014587402344,2809356425,11169375377.1875,0.17327653,308.20169847,0.0001125171901103,10.57949186,418161.0,242273.0,134322.0,309589736108660.0,167.81166458129883
2021-10-05,167.53915405273438,175.23277282714844,166.92149353027344,173.89108276367188,2779608244,11577694458.4875,0.14707612,317.59185,0.0001244786515425,10.57949186,466671.0,214507.0,134487.0,327784395887590.0,170.89612579345703
2021-10-06,173.89476013183594,182.7165985107422,164.39273071289062,178.70567321777344,3434445937,12469055170.1625,0.45875458,322.4573125,0.0001555234216397,11.18680216,555646.0,214923.0,131776.0,331240170454510.0,174.92744064331055
2021-10-07,178.68307495117188,186.7002868652344,173.76512145996094,178.771728515625,3653828647,12310542682.85,0.49182153,306.93611872,0.0001554525452937,11.18680216,477477.0,212048.0,127777.0,302333731165860.0,179.48005294799805
2021-10-08,178.61398315429688,182.8628387451172,174.97140502929688,175.97238159179688,3235639420,12413725905.3,0.40000012,306.29167012,0.0001419820989069,11.18680216,457628.0,201419.0,122964.0,307121851995490.0,178.10515213012695
2021-10-09,175.8391571044922,182.5896453857422,175.0626220703125,179.65866088867188,3261336754,12354864222.5125,0.15028779,304.99863871,0.0001398156078983,10.66094122,501081.0,205808.0,116582.0,297863963524600.0,178.2875213623047
2021-10-10,179.779052734375,183.83078002929688,174.6259765625,175.31857299804688,2933958270,12418127960.8,0.15462141,319.59863452,0.0001529885807866,10.66094122,456746.0,186093.0,110829.0,320289985811850.0,178.3885955810547
2021-10-11,175.10952758789062,185.0825042724609,173.7331085205078,179.42605590820312,3155773236,12551182690.75,0.15139332,318.96426705,0.0001385219890172,10.66094122,517762.0,216265.0,120371.0,320708767888750.0,178.33779907226562
2021-10-12,179.44728088378906,179.44728088378906,167.44483947753906,172.79776000976562,3014739916,11781414850.975,0.17290595,323.73401018,0.000119180950364,10.66094122,549981.0,265809.0,140241.0,331151836045300.0,174.7842903137207
2021-10-13,172.65509033203125,179.43910217285156,168.02479553222656,177.62832641601562,2648806965,12022945686.4,0.23360979,318.37140288,0.0001306062386259,11.19215426,662061.0,353441.0,136825.0,327927368858340.0,174.43682861328125
2021-10-14,177.54449462890625,185.91506958007807,177.16390991210938,180.11839294433594,2669021002,12489211288.5,0.22718835,322.34722855,0.0001475917234144,11.19215426,675838.0,400433.0,129638.0,322813335316840.0,180.18546676635742
2021-10-15,181.00021362304688,192.36476135253903,176.94956970214844,188.8141326904297,3361284929,12745682849.9,0.2352471,305.98346412,0.000143816120301,11.19215426,683858.0,387526.0,136441.0,307025059666710.0,184.78216934204102
2021-10-16,189.4983062744141,192.1717834472656,185.43048095703125,186.18930053710932,2812657145,12919929121.35,0.2821071,321.3480363,0.000146271936284,11.15015871,625042.0,333143.0,136669.0,327074046599700.0,188.32246780395508
2021-10-17,186.02996826171875,187.79721069335932,178.02435302734375,183.73052978515625,2557228667,12630695264.0375,0.21128547,315.15637769,0.0001194318391725,11.15015871,430667.0,143464.0,121049.0,310727618824670.0,183.89551544189453
2021-10-18,183.8011474609375,187.1116485595703,179.23037719726562,185.55674743652344,2735635061,12624270783.75,0.1517265,310.79576722,0.0001222836786043,11.15015871,448858.0,154467.0,125708.0,316273203253620.0,183.92498016357422
2021-10-19,185.6239013671875,191.05386352539065,183.9536895751953,188.9398193359375,2468334299,12743241097.75,0.16165074,308.16493128,0.0001187967432546,11.15015871,476227.0,166261.0,135574.0,310873103649330.0,187.39281845092773
2021-10-20,188.86724853515625,208.83335876464844,185.98178100585932,206.87078857421875,2998361011,13967202946.95,0.14033862,321.51290458,0.0001268408295064,10.94612877,378938.0,196156.0,127172.0,325791236149350.0,197.6382942199707
2021-10-21,207.3284454345703,214.0215759277344,196.4022979736328,196.8691864013672,2819160222,13700535294.5625,0.20125893,312.59544285,0.0001490736002521,10.94612877,468332.0,291856.0,134860.0,302827432328870.0,203.65537643432617
2021-10-22,196.94500732421875,201.3195953369141,188.53033447265625,190.82228088378903,2250306566,13279820962.5,0.222687,299.38968802,0.0001245790856007,10.94612877,549302.0,273736.0,138889.0,308961393277630.0,194.40430450439453
2021-10-23,190.98883056640625,197.4452972412109,189.37583923339844,196.3095092773437,1909421304,13485425012.425,0.19120493,321.55315418,0.0001169300474132,10.91830203,455973.0,334619.0,142787.0,323560903165290.0,193.52986907958984
2021-10-24,196.46180725097656,199.4508056640625,185.7188720703125,190.9056854248047,1964457059,13039326790.65,0.17679229,331.53794175,0.0001112867669577,10.91830203,426457.0,318412.0,144978.0,335476717955340.0,193.13429260253906
2021-10-25,190.57064819335932,197.3959503173828,189.8756256103516,195.299560546875,2117515772,13516500969.6,0.16951069,345.41696923,0.0001178063997718,10.91830203,425605.0,310976.0,142041.0,343769343061180.0,193.2854461669922
2021-10-26,195.3643341064453,198.97657775878903,190.97183227539065,197.4688720703125,2152699224,13281269176.75,0.17559215,336.35112218,0.0001326490382692,11.76924728,438756.0,314688.0,141994.0,347128284312805.0,195.69540405273438
2021-10-27,197.55178833007807,204.65245056152344,174.11334228515625,179.33412170410156,3305908613,12549050160.2125,0.18695919,330.4042528,0.0001488075748257,11.76924728,428853.0,297990.0,144068.0,336397039511990.0,188.91292572021484
2021-10-28,179.32862854003906,194.41094970703125,178.429443359375,189.9776306152344,2629059101,12936697830.875,0.17076547,348.63973954,0.0001360692359283,11.76924728,428042.0,295642.0,142840.0,358421044784360.0,185.53666305541992
2021-10-29,189.9092712402344,197.90191650390625,188.7978363037109,196.3447113037109,2323635618,13425119875.375,0.20770354,349.39279278,0.0001321950664691,11.76924728,403890.0,261081.0,146459.0,342116849234080.0,193.23843383789062
2021-10-30,196.4240264892578,197.02651977539065,188.016357421875,190.4823455810547,2152582091,13235812185.875,0.3550672,328.93749184,0.0001359745022248,12.00492265,449046.0,254737.0,142032.0,334530991718980.0,192.98731231689453
2021-10-31,190.44384765625,194.93223571777344,187.3317108154297,191.81637573242188,2072793808,13062756880.25,0.15438426,324.59171064,0.0001301194346496,12.00492265,341460.0,226461.0,133121.0,326955149362250.0,191.13104248046875
2021-11-01,192.04502868652344,200.491439819336,188.3896484375,197.55499267578125,2301982951,13416730246.5,0.19094873,329.01410546,0.000125506322486,12.00492265,420020.0,273474.0,142493.0,326397540739640.0,194.62027740478516
2021-11-02,197.62567138671875,204.24156188964844,195.2384033203125,200.7246856689453,2197205823,13974405832.25,0.22974295,328.97245521,0.0001342217170244,12.00492265,528431.0,384515.0,157109.0,328544312823900.0,199.45758056640625
2021-11-03,200.71893310546875,209.02328491210932,197.8549346923828,207.11013793945312,2526891232,13868019288.9,0.22874617,320.79809866,0.0001476782891822,11.4356796,490386.0,351563.0,147637.0,311168481207680.0,203.67682266235352
2021-11-04,207.28309631347656,207.28309631347656,197.3330535888672,202.96798706054688,2297111488,13754304172.2,0.18289533,312.65899774,0.00013929943771,11.4356796,402646.0,249618.0,147006.0,320158537181200.0,203.7168083190918
2021-11-05,202.95184326171875,203.2391662597656,197.13235473632807,199.53793334960932,1691201016,13652208979.5,0.14062823,327.037495,0.0001550551080798,11.4356796,308998.0,177420.0,137676.0,331023639498500.0,200.71532440185547
2021-11-06,199.29800415039065,201.1033935546875,191.8358764648437,197.86636352539065,1562585003,13467508536.75,0.18464072,325.42447148,0.0001329547967189,11.05353223,427861.0,309438.0,134346.0,312329985325420.0,197.52590942382812
2021-11-07,197.8972625732422,202.4279022216797,197.35459899902344,202.0513153076172,1368484091,13765229161.5,0.19674676,311.6096516,0.0001292084580498,11.05353223,459238.0,345371.0,134064.0,307460173598110.0,199.93276977539062
2021-11-08,202.30235290527344,229.4804077148437,202.30235290527344,228.6961975097656,3069524134,15137623965.75,0.20654222,301.59374632,0.0001374123130925,11.05353223,471824.0,341555.0,137742.0,307243092166070.0,215.69532775878906
2021-11-09,228.87667846679688,274.27752685546875,227.1016998291016,262.9067077636719,7006560647,18316630646.25,0.21309945,325.01416805,0.0001718896229744,11.05353223,517067.0,364995.0,149592.0,338436864680590.0,248.29065322875977
2021-11-10,262.1584167480469,294.5628662109375,254.38720703125,261.2629699707031,7776726430,19818017476.25,0.21756896,314.49119969,0.0001748258583522,11.11094679,487282.0,347158.0,143525.0,310553762289350.0,268.0928649902344
2021-11-11,260.8917541503906,273.7519226074219,251.6054077148437,263.0867004394531,3957519255,18270920833.5,0.18945956,330.19855931,0.0001480841357904,11.11094679,489609.0,352342.0,149171.0,340674217742680.0,262.33394622802734
2021-11-12,262.6050720214844,281.9473876953125,244.24835205078125,251.5583648681641,4974432912,17350943826.75,0.18219291,337.6548203,0.0001527762040825,11.11094679,468652.0,342762.0,133446.0,335554182612620.0,260.08979415893555
2021-11-13,251.19338989257807,263.6808166503906,245.50743103027344,258.0932006835937,2964986959,18032209867.5,0.18051428,342.9853212,0.000144541424637,11.49221672,463930.0,347685.0,129991.0,346290351053860.0,254.61870956420898
2021-11-14,257.9888000488281,279.2216796875,249.1079864501953,278.00750732421875,3230589098,17769294416.5,0.1700657,347.36044526,0.0001522367975605,11.49221672,427447.0,313253.0,116583.0,354063218024360.0,266.08149337768555
2021-11-15,279.2409362792969,280.7282409667969,259.9883728027344,262.7633972167969,2797322397,18549946258.625,0.19343334,335.13396606,0.0001429208679063,11.49221672,464972.0,339343.0,132618.0,328891887397050.0,270.68023681640625
2021-11-16,263.3050537109375,263.3050537109375,224.916748046875,230.59942626953125,4031751969,16272441326.75,0.16215395,325.79213803,0.0001317290455274,11.49221672,360441.0,233273.0,138422.0,322380964743450.0,245.5315704345703
2021-11-17,230.64382934570312,234.9708709716797,221.84703063964844,229.5041046142578,2863410681,15715227461.375,0.30451246,324.90970149,0.0001314063847394,11.6829579,605077.0,175740.0,132079.0,328198554229770.0,229.24145889282227
2021-11-18,229.75303649902344,232.0609130859375,200.68801879882807,204.42291259765625,3104667090,14821149000.25,0.13459868,328.39753834,0.000130657187595,11.6829579,287189.0,157867.0,124886.0,328825195020220.0,216.73122024536133
2021-11-19,204.1519470214844,220.94715881347656,200.1072540283203,218.1385803222656,2357308403,15091805100.875,0.12828493,327.78674633,0.0001348536541948,11.6829579,274097.0,158308.0,127407.0,330762068967700.0,210.83623504638672
2021-11-20,218.11883544921875,227.61883544921875,213.7938842773437,227.07960510253903,2134869389,14826382314.0,0.12804551,342.89089194,0.0001242190347146,11.65398114,313839.0,194031.0,133805.0,349895438240570.0,221.65279006958008
2021-11-21,226.9408416748047,230.3231658935547,220.05844116210932,221.77194213867188,1787880756,15497473354.5,0.12144863,343.16030765,0.0001239916599277,11.65398114,288958.0,164179.0,120445.0,339490867131770.0,224.77359771728516
2021-11-22,221.7183837890625,221.82920837402344,205.91053771972656,209.15802001953125,2030965166,14910987600.0,0.12237908,337.53455633,0.0001336151672451,11.65398114,302037.0,167150.0,118419.0,343613227247550.0,214.65403747558594
2021-11-23,209.31344604492188,218.42584228515625,205.91696166992188,216.38897705078125,1944651936,14708828191.25,0.13866889,332.02159408,0.0001299792311797,11.65398114,333025.0,189801.0,125530.0,333775428329083.0,212.5113067626953
2021-11-24,216.362533569336,217.8410797119141,206.5169219970703,209.8065948486328,1884041986,14532881010.0,0.16112329,322.69663863,0.0001257355637832,11.67973114,356668.0,196902.0,133154.0,323217423670190.0,212.6317825317383
2021-11-25,212.23345947265625,229.64520263671875,210.92410278320312,215.63497924804688,1953190727,15675161525.0,0.16477892,329.635902,0.000122311415561,11.67973114,355979.0,203703.0,145928.0,335609152327560.0,217.10943603515625
2021-11-26,222.91036987304688,224.8620147705078,190.84671020507807,194.8746490478516,2690646017,13546799792.0,0.15680332,314.93222162,0.0001400901620813,11.67973114,332890.0,172820.0,129688.0,302781194056420.0,208.3734359741211
2021-11-27,195.557861328125,200.845458984375,191.19830322265625,195.17442321777344,1406618152,13608789270.0,0.13556446,289.04180048,0.0001394993879564,10.85181309,307958.0,152829.0,112492.0,274648292587960.0,195.69401168823242
2021-11-28,195.4145965576172,199.8712158203125,184.1060333251953,199.35421752929688,1712282909,13150132018.5,0.11127285,293.51815614,0.0001494741641702,10.85181309,293681.0,136907.0,102479.0,294754289398090.0,194.68651580810547
2021-11-29,199.5909881591797,209.2916259765625,195.7545623779297,205.8702087402344,1784850980,13789806990.75,0.11405348,309.29607615,0.0001566096899327,10.85181309,314089.0,129042.0,105332.0,309424605678690.0,202.62684631347656
2021-11-30,205.7330474853516,218.3396453857422,198.1462554931641,208.01454162597656,2122547294,14533162356.0,0.14176121,299.45481048,0.0001472512255543,10.85181309,339837.0,164157.0,121545.0,300916721818320.0,207.5583724975586
2021-12-01,207.63661193847656,217.5063323974609,205.8056030273437,208.97125244140625,1739548260,14884966198.875,0.15469498,295.56234922,0.0001324876507999,10.43847348,388895.0,201314.0,140252.0,295368470928920.0,209.97994995117188
2021-12-02,208.8951416015625,209.8877410888672,200.5944976806641,203.4896240234375,1523272322,14154098650.625,0.1430704,308.46510482,0.0001293137749619,10.43847348,375416.0,193410.0,140714.0,307845360475720.0,205.7167510986328
2021-12-03,203.568359375,207.6363067626953,182.541748046875,188.09971618652344,1805361744,13707220377.25,0.14039731,323.31219304,0.0001240097681215,10.43847348,417248.0,198158.0,139599.0,327853154257600.0,195.46153259277344
2021-12-04,188.3485565185547,189.43101501464844,132.05429077148438,163.05270385742188,3667491155,10997914941.0,0.14923607,315.74942308,0.0001282478020685,11.0703375,383012.0,193488.0,136037.0,326402018223190.0,168.22164154052734
2021-12-05,162.95724487304688,165.01788330078125,149.2733917236328,156.4097900390625,1952282406,10430210894.0,0.15072494,327.98251744,0.000122032655066,11.0703375,403042.0,173228.0,132637.0,324131813044920.0,158.41457748413086
2021-12-06,156.5113525390625,164.30856323242188,141.77304077148438,161.8865203857422,1959778935,10502535339.0,0.13156031,330.34092026,0.0001349714017392,11.0703375,362207.0,165293.0,118674.0,333454233889620.0,156.11986923217773
2021-12-07,161.78375244140625,165.4556884765625,158.70608520507812,162.29286193847656,1510598217,11306345640.75,0.14502636,327.27984783,0.0001505666844792,11.0703375,389964.0,165512.0,121450.0,326735760568126.0,162.05959701538086
2021-12-08,162.04222106933594,169.35586547851562,156.8856658935547,165.2234649658203,1705972971,11490123756.0,0.12281297,327.62601324,0.0001556098176535,11.34353535,351760.0,138484.0,110833.0,339762291214965.0,163.37680435180664
2021-12-09,164.9592742919922,166.9373321533203,151.79530334472656,151.79530334472656,1373978010,10756879423.125,0.12891846,324.58030872,0.0001566128793586,11.34353535,369313.0,142525.0,109896.0,320642434798690.0,158.8718032836914
2021-12-10,151.7544403076172,159.71279907226562,148.2205352783203,148.59829711914062,1344733451,10449514715.125,0.12965102,314.15317642,0.0001557335003019,11.34353535,359541.0,143033.0,114253.0,316419838784830.0,152.07151794433594
2021-12-11,148.74195861816406,159.4130096435547,146.49546813964844,158.0419158935547,1207041548,10961130214.125,0.37452487,335.94060769,0.0001778020038783,11.53538111,364929.0,139152.0,110356.0,351254952093660.0,153.17308807373047
2021-12-12,157.9253387451172,162.48501586914062,153.6103515625,159.20396423339844,870576845,10855758294.0,0.10802423,337.15980899,0.0001421577110723,11.53538111,248818.0,132716.0,102074.0,336536091966230.0,158.30616760253906
2021-12-13,159.35443115234375,160.0882110595703,143.1669464111328,144.53590393066406,1097150357,10181722817.625,0.11858096,342.52283433,0.0001427605623637,11.53538111,294534.0,164278.0,113752.0,346947047502610.0,151.78637313842773
2021-12-14,144.62205505371094,151.633056640625,143.42257690429688,146.0780029296875,1150775410,10293535771.875,0.13669057,345.89704402,0.0001313027242514,11.97693762,336920.0,179591.0,129988.0,356308429435410.0,146.43892288208008
2021-12-15,150.61129760742188,154.86322021484375,142.0965576171875,153.51541137695312,1356025651,9955507268.125,0.1406203,332.0692504,0.0001361174243409,11.97693762,324407.0,188882.0,129198.0,333759401829920.0,150.27162170410156
2021-12-16,153.51084899902344,156.61610412597656,148.71083068847656,148.9417266845703,1001741958,10715686716.0,0.1404869,332.82543226,0.0001355487929181,11.97693762,320295.0,189352.0,127481.0,335853160020550.0,151.94487762451172
2021-12-17,148.98037719726562,150.3484649658203,142.02572631835938,144.33840942382812,973529667,10115333800.0,0.13350854,331.55281561,0.0001341500407574,11.97693762,337149.0,199316.0,119242.0,333584750034360.0,146.42324447631836
2021-12-18,144.26478576660156,150.2078857421875,143.17318725585938,148.80140686035156,782184567,10295660089.5,0.13204453,338.07465587,0.0001245839367466,11.61188812,346067.0,206652.0,119045.0,331072043535460.0,146.61181640625
2021-12-19,148.71047973632812,160.16497802734375,147.891845703125,153.07763671875,1587190278,10736260340.0,0.13440542,325.4260977,0.0001242251611417,11.61188812,336061.0,190951.0,117226.0,325492824896130.0,152.46123504638672
2021-12-20,153.26048278808594,157.30357360839844,145.53555297851562,152.62867736816406,1590290392,10270064013.5,0.13079391,331.79616846,0.0001384783030703,11.61188812,378562.0,184100.0,114937.0,330160301397920.0,152.18207168579102
2021-12-21,152.505615234375,156.4102020263672,149.45191955566406,154.92709350585938,1053723085,10582687452.0,0.14184582,332.05915784,0.0001359580815402,11.61188812,388639.0,195537.0,122369.0,329015245935070.0,153.3237075805664
2021-12-22,155.0339813232422,159.9808349609375,153.37020874023438,155.46749877929688,1111879486,10937013326.0,0.13234569,340.07329439,0.0001371065019996,11.46310157,406711.0,192889.0,125020.0,344097227426894.0,155.96313095092773
2021-12-23,155.5389404296875,165.08154296875,153.58148193359375,163.44949340820312,1337153835,10924394118.0,0.19101525,356.5941153,0.000129984053731,11.46310157,355854.0,179688.0,127189.0,365520412672602.0,159.4128646850586
2021-12-24,163.55247497558594,166.69239807128906,160.67201232910156,161.42103576660156,1085980228,11273256052.5,0.13243119,337.51086634,0.0001323791354622,11.46310157,313652.0,180542.0,124448.0,333245423534930.0,163.08448028564453
2021-12-25,161.49082946777344,163.69915771484375,157.7855987548828,157.7855987548828,959492046,11291788280.25,0.10779753,344.95741652,0.0001207950019494,12.09179525,258832.0,145571.0,107724.0,357597351014950.0,160.1902961730957
2021-12-26,157.77371215820312,158.3427734375,153.33297729492188,155.99234008789062,1248012717,10746335495.0,0.09973587,346.38341409,0.000136551380211,12.09179525,245092.0,137493.0,95326.0,344727099022100.0,156.3604507446289
2021-12-27,155.88499450683594,161.08070373535156,154.733642578125,155.8812255859375,1057977478,11026048717.25,0.10023628,354.9618926,0.0001488995104408,12.09179525,261827.0,141855.0,100519.0,365305299359070.0,156.8951416015625
2021-12-28,155.98207092285156,155.98207092285156,145.17674255371094,145.88687133789062,1315031071,10471495823.0,0.10975498,357.87356789,0.0001566392917147,12.31002889,295146.0,150381.0,104040.0,359742243551840.0,150.75693893432617
2021-12-29,145.9368133544922,150.60934448242188,144.5751953125,145.5126190185547,1081715291,10446933543.75,0.10349488,346.91073826,0.0001587941573583,12.31002889,264158.0,137035.0,98120.0,352938361542410.0,146.6584930419922
2021-12-30,145.58570861816406,149.8709259033203,143.23793029785156,148.2860107421875,838034968,10282312340.0,0.14400785,346.37251955,0.0001658107696914,12.31002889,290152.0,139677.0,100183.0,341659856119750.0,146.74514389038086
2021-12-31,148.20953369140625,152.25169372558594,144.5597381591797,146.51473999023438,1051011688,10401262591.5,0.11042877,350.8786233,0.0001533496729537,12.31002889,278579.0,148392.0,108211.0,358629717511800.0,147.88392639160156
2022-01-01,146.536865234375,150.7519989013672,146.45693969726562,150.6974334716797,691648227,10354604734.5,0.10918382,373.04520771,0.0001345244478467,12.36679733,284399.0,126443.0,96667.0,381829283278320.0,148.61080932617188
2022-01-02,150.685302734375,152.93603515625,148.66310119628906,151.2554931640625,680239631,10516589958.875,0.10587736,381.30618736,0.0001311041510675,12.36679733,270062.0,148968.0,104867.0,377483272879960.0,150.88498306274414
2022-01-03,151.26339721679688,151.26339721679688,146.6741943359375,148.4615936279297,755658603,10322805093.0,0.11890855,352.16980085,0.0001359185648191,12.36679733,283305.0,155723.0,106990.0,349950303961840.0,149.41564559936523
2022-01-04,148.4677734375,151.33206176757812,146.5630645751953,146.81228637695312,789511706,10418860875.0,0.12757287,342.61982196,0.0001449991157291,12.65489049,316407.0,161849.0,109186.0,352521913844620.0,148.29379653930664
2022-01-05,146.81129455566406,149.54522705078125,132.1007537841797,136.089111328125,1304198400,10331818867.5,0.12540744,349.84952355,0.0001402810449694,12.65489049,288177.0,157035.0,109630.0,350722298786680.0,141.1365966796875
2022-01-06,136.0773162841797,137.7505340576172,133.3151397705078,136.5037841796875,1136595284,9391716001.25,0.12517143,357.14841542,0.0001352738859745,12.65489049,324748.0,164190.0,114378.0,366117005613140.0,135.91169357299805
2022-01-07,136.4918670654297,136.52577209472656,128.08090209960938,131.4884490966797,1364180297,9111838944.0,0.11270289,383.01766266,0.0001348577012165,12.65489049,307687.0,160069.0,111298.0,386427392535170.0,133.14674758911133
2022-01-08,131.49484252929688,134.629150390625,126.74758911132812,130.13748168945312,1002118315,9114139343.0,0.12576775,360.80314307,0.0001331704466136,12.76374882,306491.0,160615.0,111461.0,358174476126570.0,130.75226593017578
2022-01-09,130.13734436035156,132.4771728515625,128.80877685546875,131.29832458496094,710682825,8951267290.75,0.12762372,343.09590931,0.0001366004081281,12.76374882,318159.0,152578.0,104673.0,340752079959570.0,130.68040466308594
2022-01-10,131.3038787841797,131.51531982421875,122.6286849975586,126.83382415771484,1097888042,8639868451.5,0.13585658,332.06310844,0.000152196357378,12.76374882,325786.0,153073.0,106912.0,327046442060510.0,128.07042694091797
2022-01-11,126.8260498046875,133.20668029785156,126.28759002685548,131.54498291015625,834900749,8948137085.0,0.1354857,342.2920484,0.0001440989893532,12.76374882,362969.0,162673.0,112710.0,344109155921280.0,129.4663257598877
2022-01-12,131.5546875,141.74012756347656,131.27281188964844,141.73719787597656,881585292,9504972640.0,0.12497254,348.69879061,0.0001559572619253,11.88771598,354848.0,169467.0,110081.0,349214889074690.0,136.5762062072754
2022-01-13,141.7368621826172,142.0492401123047,135.3616943359375,136.6365203857422,886433982,9493472362.5,0.12489227,346.42476671,0.0001471098806486,11.88771598,354471.0,171160.0,109760.0,349929985387480.0,138.9460792541504
2022-01-14,136.6469268798828,146.0211944580078,136.36302185058594,144.72491455078125,1204657825,10049872934.25,0.12945324,357.35728001,0.0001366795351118,11.88771598,361358.0,180123.0,115189.0,367154262335000.0,140.93901443481445
2022-01-15,144.72024536132812,149.92144775390625,144.45794677734375,147.93740844726562,1001838786,10377909729.0,0.12690944,353.02167085,0.0001477740828237,12.28430965,359490.0,165460.0,107602.0,352840158741420.0,146.75926208496094
2022-01-16,147.93226623535156,148.78028869628906,144.2544708251953,146.533203125,756580688,10119291325.0,0.11134697,344.16699739,0.0001507462031209,12.28430965,342179.0,150106.0,97085.0,350892698436940.0,146.87505722045898
2022-01-17,146.5348358154297,153.14288330078125,145.17018127441406,151.66726684570312,1608309071,10332908809.25,0.10742325,368.22336562,0.0001531892789813,12.28430965,362543.0,148462.0,100996.0,377668153964900.0,149.12879180908203
2022-01-18,151.65390014648438,152.90213012695312,139.51914978027344,141.89076232910156,1278790664,9799290464.625,0.14376008,368.80637291,0.0001520913440831,12.89049593,392578.0,169433.0,110700.0,383461716443820.0,146.49148559570312
2022-01-19,141.8882598876953,142.82635498046875,133.73797607421875,136.9167022705078,926249070,9480064912.5,0.13213411,354.66693966,0.0001427033739162,12.89049593,361777.0,159311.0,107270.0,351138234270250.0,138.84232330322266
2022-01-20,136.8967742919922,142.53172302246094,130.36119079589844,130.36500549316406,706911161,9876959595.0,0.12967237,355.75062846,0.0001413806990992,12.89049593,378361.0,171330.0,112459.0,365777531149060.0,135.0386734008789
2022-01-21,130.3922882080078,130.82464599609375,112.4258804321289,114.3918685913086,1680709016,8655401300.0,0.12400228,365.28118084,0.000148872769376,12.89049593,384602.0,152166.0,111220.0,369478791202820.0,122.00867080688477
2022-01-22,114.4232406616211,116.67909240722656,99.7610092163086,108.42849731445312,2098519931,7316839750.5,0.12282334,355.80537059,0.000140922745122,12.37514886,361121.0,141313.0,114443.0,346354976491640.0,109.82295989990234
2022-01-23,108.46219635009766,112.39445495605467,106.59941864013672,112.08950805664062,1135598050,7459359380.0,0.10995404,357.00690753,0.000139018896308,12.37514886,369631.0,138110.0,104984.0,360822016478590.0,109.88639450073242
2022-01-24,112.10081481933594,112.19467163085938,98.66522216796876,109.5915985107422,1645918728,7171057110.0,0.12344541,349.65237665,0.000142738922934,12.37514886,361251.0,135822.0,100161.0,354940981348740.0,108.13807678222656
2022-01-25,109.59247589111328,109.68234252929688,106.33942413330078,108.06637573242188,909091096,7472032512.0,0.12625338,356.03934647,0.0001570514424449,12.60830754,396148.0,133731.0,102971.0,371930389346500.0,108.4201545715332
2022-01-26,108.0623016357422,115.7830047607422,105.84998321533205,107.2821807861328,1064088735,7746649729.25,0.14822429,359.71781654,0.0001410175548616,12.60830754,402692.0,161220.0,103123.0,358954447336620.0,109.24436759948732
2022-01-27,107.26136016845705,109.46898651123048,103.78439331054688,106.9535140991211,825647673,7477814528.25,0.12435823,377.34217893,0.0001446182078507,12.60830754,441190.0,181427.0,105951.0,390852975430700.0,106.86706352233887
2022-01-28,106.92748260498048,109.83932495117188,105.81873321533205,109.43273162841795,683706404,7460584562.5,0.12296528,386.96137642,0.0001358919370557,12.60830754,431434.0,182832.0,111845.0,392322224790760.0,108.00456809997559
2022-01-29,109.4311981201172,111.85406494140624,108.31248474121094,110.82367706298828,592402655,7539224580.5,0.13251486,377.26466241,0.0001364455762988,13.13409925,465116.0,194080.0,110290.0,383888928491550.0,110.10535621643066
2022-01-30,110.83002471923828,112.042724609375,107.72004699707033,108.79985809326172,537737428,7699934921.0,0.12461865,382.52984287,0.0001328738943333,13.13409925,342802.0,143120.0,103571.0,376697329507860.0,109.84816360473633
2022-01-31,108.7991714477539,110.9894027709961,105.02007293701172,109.58769989013672,691404381,7535950912.375,0.1424533,384.29557204,0.0001440404051593,13.13409925,433805.0,162357.0,104897.0,392891275046800.0,108.59908676147461
2022-02-01,109.58943939208984,116.3658218383789,108.66441345214844,115.4020004272461,824048434,7734946437.25,0.1421557,393.56362916,0.0001453089185841,13.44816227,454380.0,215451.0,109782.0,397674036838250.0,112.50541877746582
2022-02-02,115.40450286865234,115.88226318359376,108.43699645996094,108.55602264404295,743395485,7655066464.5,0.15014797,382.6333661,0.0001395955768703,13.44816227,493861.0,210510.0,116768.0,384065456440740.0,112.0699462890625
2022-02-03,108.53465270996094,110.28700256347656,106.41796875,110.28700256347656,683428425,7568909287.875,0.14489923,375.24817356,0.0001339284947427,13.44816227,500139.0,225733.0,116505.0,380554100882820.0,108.88165664672852
2022-02-04,110.29109954833984,120.92221069335938,109.00498962402344,120.91803741455078,953726676,7977381193.875,0.14936556,384.35942186,0.0001313451114884,13.44816227,426010.0,174295.0,119564.0,395009885712570.0,115.28408432006836
2022-02-05,120.9232940673828,123.39488220214844,119.2457046508789,121.91674041748048,736360985,8568838526.0,0.24331117,380.58054292,0.0001329301457105,13.5384095,352885.0,174845.0,119758.0,365571156062970.0,121.37015533447266
2022-02-06,121.91934967041016,127.44550323486328,121.42715454101562,127.44550323486328,782675364,8543975314.875,0.24906458,367.94621782,0.0001332486913244,13.5384095,279444.0,157238.0,112419.0,384071145060780.0,124.55937767028809
2022-02-07,127.44465637207033,139.24339294433594,125.56070709228516,137.10739135742188,1131143500,9268610521.125,0.18717319,389.59557985,0.0001311286371171,13.5384095,293900.0,159376.0,115828.0,391693980971800.0,132.33903694152832
2022-02-08,137.14239501953125,142.35386657714844,130.99807739257812,133.99124145507812,1373203815,9305103858.75,0.13259311,403.76780495,0.0001427832863118,13.30141363,311275.0,172177.0,124553.0,401051758511580.0,136.12139511108398
2022-02-09,133.96217346191406,140.7852020263672,132.8143310546875,140.17160034179688,1036393461,9653491445.625,0.14886751,416.71857968,0.0001389013597558,13.30141363,430773.0,177300.0,116668.0,417647472469160.0,136.9333267211914
2022-02-10,140.1739044189453,143.23289489746094,135.08839416503906,135.08839416503906,1276403767,9790934832.5,0.13337362,401.58332167,0.0001420968065062,13.30141363,389930.0,176379.0,120376.0,394944835566240.0,138.3958969116211
2022-02-11,135.0928497314453,135.0928497314453,125.37024688720705,126.03115844726562,1080587719,9163930870.875,0.22899199,370.34424247,0.000137725460152,13.30141363,338435.0,170344.0,116907.0,367261293957520.0,130.39677619934082
2022-02-12,126.01290893554688,127.5803451538086,122.20375061035156,126.68367767333984,832593853,8605773600.0,0.31185426,375.72402784,0.0001554220170052,13.58675857,369392.0,170302.0,117258.0,384598032391810.0,125.62017059326172
2022-02-13,126.6707763671875,128.6428985595703,124.2199478149414,126.20421600341795,688706404,8926249462.875,0.23595381,385.64997081,0.0001364674907148,13.58675857,297019.0,153202.0,109314.0,387722488430260.0,126.4344596862793
2022-02-14,126.1347885131836,126.63776397705078,122.24359893798828,124.80005645751952,712457600,8760061198.875,0.26882959,384.37734833,0.0001573884965621,13.58675857,469646.0,161425.0,116932.0,393122120011480.0,124.95405197143555
2022-02-15,124.79279327392578,132.11190795898438,124.23802185058594,131.7626190185547,783234535,9138422233.0,0.1515994,384.98320072,0.0001334301868676,13.56814772,441119.0,176910.0,120192.0,381221486986370.0,128.2263355255127
2022-02-16,131.76052856445312,131.76744079589844,126.02102661132812,128.1608428955078,715637001,8891352247.5,0.15272434,364.326716,0.0001350804618207,13.56814772,507574.0,214610.0,120458.0,369145390906560.0,129.42745971679688
2022-02-17,128.1046600341797,128.73141479492188,115.7144546508789,116.30241394042967,938120691,8576614611.0,0.14795426,355.73737223,0.0001397341014994,13.56814772,356222.0,176841.0,118247.0,359778656934040.0,122.21323585510254
2022-02-18,116.33308410644533,121.5430679321289,114.9232177734375,115.19709014892578,1205742846,8064795173.0,0.14458503,376.44893723,0.000139389848213,13.56814772,460353.0,187719.0,122079.0,396345155456790.0,116.99911499023438
2022-02-19,115.19397735595705,116.9888687133789,113.67295837402344,115.7090072631836,686244892,8099149864.0,0.42195762,409.09028933,0.0001842021974993,13.21969016,358490.0,168603.0,119008.0,410979516845820.0,115.39120292663574
2022-02-20,115.70782470703124,115.70782470703124,109.14817810058594,110.83203887939452,736479992,7711230056.75,0.29670714,416.23565708,0.0001497757671058,13.21969016,304148.0,170811.0,117109.0,420299404671990.0,112.84896659851074
2022-02-21,110.83516693115234,114.31229400634766,103.3795928955078,103.45049285888672,980192105,7788712261.0,0.1288882,392.44929454,0.0001287830381123,13.21969016,296898.0,165721.0,116760.0,388848942239160.0,107.99438667297363
2022-02-22,103.43082427978516,107.60649871826172,101.27152252197266,107.52279663085938,902125484,7385935474.125,0.1310274,376.47485044,0.0001319240230937,13.91413377,310013.0,171430.0,118993.0,389081202993330.0,104.95791053771973
2022-02-23,107.5187530517578,110.81077575683594,105.79009246826172,105.96595001220705,740588315,7610357781.25,0.13183944,361.42305679,0.0001341858287357,13.91413377,275032.0,150841.0,110566.0,363322390912890.0,107.52139282226562
2022-02-24,105.941650390625,106.20594024658205,92.61260986328124,104.2304916381836,1676181000,6835262825.625,0.13342548,378.65681056,0.0001324390525919,13.91413377,309863.0,177309.0,124772.0,395660797203350.0,102.24767303466797
2022-02-25,104.23491668701172,110.33592987060548,102.05580139160156,109.2663116455078,903266080,7441108870.0,0.14135983,395.59325886,0.0001229371569205,13.91413377,304775.0,167756.0,125452.0,383437744678490.0,106.47323989868164
2022-02-26,109.26405334472656,113.2392578125,107.20553588867188,108.24365997314452,773091210,7699818713.625,0.13663209,372.14297979,0.0001280914919188,13.30769236,297949.0,170374.0,120898.0,364701784535580.0,109.48812675476074
2022-02-27,108.23714447021484,109.87517547607422,102.35350799560548,103.10559844970705,706861756,7572336332.25,0.1151307,381.00618603,0.0001215790253692,13.30769236,283547.0,157286.0,114351.0,392819390563070.0,105.89285659790039
2022-02-28,103.10042572021484,113.47457885742188,102.22742462158205,113.47457885742188,930577763,7642890162.375,0.12290669,400.87273644,0.0001333053792761,13.30769236,296122.0,161086.0,116986.0,395042415132020.0,108.06925201416016
2022-03-01,113.47608184814452,115.579833984375,110.73099517822266,112.5440444946289,951568702,7841776072.25,0.16701245,386.78604682,0.0001383509739609,13.46496094,374753.0,190925.0,132839.0,400744296751340.0,113.08273887634277
2022-03-02,112.54029846191406,114.24375915527344,109.67251586914062,110.35135650634766,838169853,7723364944.0,0.12688134,406.54787381,0.0001394540683182,13.46496094,308772.0,163115.0,124769.0,411655065311500.0,111.70198249816895
2022-03-03,110.35635375976562,112.50371551513672,108.96234893798828,111.35211944580078,905649306,7669057583.0,0.13375524,395.61266697,0.0001388244632484,13.46496094,312419.0,168558.0,123437.0,384890314050950.0,110.79363441467285
2022-03-04,111.41283416748048,112.35623168945312,100.2073211669922,101.3917999267578,930473366,7319629711.875,0.12853018,403.38987439,0.0001260348295904,13.93405972,303009.0,172152.0,128866.0,406365249769000.0,106.3420467376709
2022-03-05,101.4084014892578,105.35140991210938,100.21807861328124,104.97718811035156,548783174,7218525048.125,0.13048627,405.20524983,0.0001291398973907,13.93405972,308066.0,168432.0,124940.0,417391503777360.0,102.98876953125
2022-03-06,104.98062133789062,105.6090850830078,101.54561614990234,101.59391784667967,563304861,7182959757.0,0.12523945,399.57623421,0.0001226843765279,13.93405972,285961.0,163638.0,120671.0,389932240158820.0,103.43231010437012
2022-03-07,101.59587860107422,103.66204071044922,97.23695373535156,98.8692626953125,756482342,7193497514.5,0.11720943,403.79403981,0.0001359811762332,13.93405972,282458.0,151849.0,114008.0,418163654321230.0,100.34103393554688
2022-03-08,98.861572265625,102.16033172607422,98.49970245361328,100.61764526367188,699527175,6986917437.5,0.13786693,392.03572685,0.0001336090333615,13.86185797,314161.0,168485.0,127452.0,383783125229520.0,100.0348129272461
2022-03-09,100.62169647216795,109.04586029052734,100.62169647216795,106.9420928955078,812074655,7582395607.5,0.12465559,401.06393323,0.0001420751636027,13.86185797,295358.0,162096.0,117877.0,411381641631210.0,104.30783653259277
2022-03-10,106.93419647216795,106.97227478027344,100.6696548461914,102.65550994873048,814685365,7150319154.0,0.12183778,391.51025327,0.0001426404944927,13.86185797,292276.0,161072.0,116483.0,382070296468658.0,104.30790901184082
2022-03-11,102.64948272705078,106.56657409667967,100.50381469726562,104.9653549194336,764305866,7235555411.5,0.11220036,406.58407964,0.0001486156568388,13.99917049,281326.0,155865.0,111656.0,411311571419230.0,103.67130661010742
2022-03-12,104.96475982666016,107.76637268066406,104.80728149414062,105.8323974609375,536251476,7382328487.5,0.11293091,438.11118094,0.0001375568473294,13.99917049,297896.0,175946.0,120593.0,438931773729600.0,105.84270286560059
2022-03-13,105.81227111816406,107.20188903808594,101.9041748046875,102.11479949951172,535011513,7349566950.0,0.11558003,418.25385992,0.0001410648611522,13.99917049,280175.0,159265.0,111453.0,409162782397540.0,104.2582836151123
2022-03-14,102.11121368408205,105.77667236328124,101.50162506103516,105.67365264892578,743010065,7274303373.125,0.10756915,445.36805731,0.0001449700414261,13.99917049,288013.0,168735.0,115386.0,456737870303340.0,103.76579093933105
2022-03-15,105.66586303710938,108.43423461914062,102.769775390625,106.9885711669922,713675630,7314183286.875,0.18765118,448.11150778,0.0001530704868159,15.20340229,376267.0,177198.0,122572.0,457952620218200.0,105.9646110534668
2022-03-16,106.97649383544922,111.36539459228516,106.00885772705078,111.35919189453124,977477844,7578262284.0,0.13689012,421.33852852,0.0001396621223667,15.20340229,309773.0,178939.0,123612.0,423144370722170.0,108.9274845123291
2022-03-17,111.35095977783205,111.42870330810548,108.8695297241211,110.31023406982422,616556664,7706190846.25,0.12515263,417.95146823,0.0001535544907678,15.20340229,292830.0,167572.0,116332.0,424849429929240.0,110.4898567199707
2022-03-18,110.3034439086914,112.78976440429688,108.48085021972656,112.1158676147461,644181133,7754486118.5,0.12672424,425.7038253,0.0001410933304387,14.80841034,310906.0,184813.0,118612.0,425457225293440.0,110.92248153686523
2022-03-19,112.0879135131836,116.3732681274414,111.79776000976562,116.3732681274414,741516370,7929263742.75,0.13353759,416.67008706,0.0001550067293744,14.80841034,330586.0,203755.0,116094.0,421676072456410.0,114.15805244445801
2022-03-20,116.35651397705078,117.76000213623048,111.93087768554688,114.82913970947266,859708742,7878430557.125,0.11356827,432.12254632,0.0001576761205977,14.80841034,313322.0,184919.0,109803.0,435020144094910.0,115.2191333770752
2022-03-21,114.83430480957033,116.62821197509766,113.74230194091795,116.15872955322266,833192537,8036485419.75,0.13104383,435.14643333,0.000150156354905,14.80841034,314553.0,163482.0,115259.0,425099188492230.0,115.34088706970215
2022-03-22,116.15018463134766,123.14498901367188,115.7665557861328,122.92796325683594,1124098345,8435047189.25,0.12613117,423.98631932,0.0001437252563044,15.04240968,339061.0,181789.0,117497.0,435513811785620.0,119.49742317199707
2022-03-23,122.92251586914062,124.09307098388672,119.09693908691406,122.47541809082033,872780593,8542882855.0,0.11991678,427.46077899,0.0001720260332672,15.04240968,310611.0,154199.0,104968.0,434318825819680.0,122.14698600769043
2022-03-24,122.4680633544922,127.2931900024414,120.85211944580078,126.5812759399414,1007870447,8724901873.25,0.11088272,444.11448932,0.0001509623062655,15.04240968,300199.0,152981.0,107828.0,447671700730440.0,124.29866218566895
2022-03-25,126.58251953125,127.09410095214844,122.37696075439452,124.06736755371094,822120492,8688094275.0,0.11239184,450.78621654,0.000161217304706,15.28987416,309346.0,153174.0,107543.0,459662393312480.0,125.03023719787598
2022-03-26,124.0710678100586,125.3609390258789,122.28739166259766,124.88133239746094,560151992,8606455859.625,0.12221768,451.94415713,0.0001664779550187,15.28987416,295873.0,140005.0,102754.0,441763369982040.0,124.15018272399902
2022-03-27,124.88927459716795,129.39747619628906,123.67554473876952,129.39747619628906,740569100,8798279025.0,0.10985635,440.23459984,0.0001631002549859,15.28987416,281022.0,140549.0,98476.0,444763641440840.0,126.8399429321289
2022-03-28,129.400634765625,132.4124755859375,127.85274505615234,127.93861389160156,943699101,9192257323.0,0.1261512,435.11559286,0.0001650448734212,15.28987416,307002.0,151116.0,106416.0,439787517408580.0,129.4011173248291
2022-03-29,127.91148376464844,131.78604125976562,127.72942352294922,130.0612335205078,837905297,8996692305.375,0.12923391,453.83927216,0.0001555927334313,15.48867892,338086.0,169609.0,118975.0,462909115573610.0,129.37204551696777
2022-03-30,130.0547332763672,133.9067840576172,127.10261535644533,131.16934204101562,928949835,9215908191.375,0.12003349,449.25720437,0.0001410982405837,15.48867892,313691.0,169628.0,120324.0,453972784284470.0,130.55836868286133
2022-03-31,131.16636657714844,132.77642822265625,122.52271270751952,123.71601104736328,1352615724,8669707000.25,0.13296835,443.21156124,0.0001850135335079,15.48867892,302875.0,163507.0,116032.0,444332755273770.0,127.54537963867188
2022-04-01,123.73169708251952,125.9663314819336,120.12483215332033,124.8831787109375,854575075,8745502058.25,0.11930215,462.48279836,0.0001512379808833,15.73449227,306926.0,158035.0,113723.0,466503103490010.0,123.67650985717773
2022-04-02,124.88237762451172,128.0952911376953,124.46917724609376,124.9234848022461,761262628,8795383319.0,0.11709664,453.28069693,0.0001363582920742,15.73449227,290423.0,162046.0,119408.0,452906899930800.0,125.59258270263672
2022-04-03,124.9018096923828,129.3058319091797,124.21853637695312,128.9462127685547,676091829,8920997096.25,0.09550598,495.22592548,0.0001421128057669,15.73449227,266750.0,146022.0,112365.0,509083638338210.0,126.84309768676758
2022-04-04,128.90708923339844,128.90708923339844,122.1119613647461,124.86170196533205,849319392,8628008947.0,0.10029772,497.50847807,0.0001511998521798,16.92884847,272098.0,147892.0,109525.0,508188055309000.0,126.19696044921875
2022-04-05,124.8599090576172,127.07330322265624,123.19573211669922,123.21317291259766,662578353,8695381602.375,0.13047339,483.2166243,0.0001386627129797,16.92884847,325312.0,174121.0,129625.0,482255592674020.0,124.58552932739258
2022-04-06,123.20003509521484,123.24894714355467,112.46133422851562,112.46133422851562,1017954203,8127703237.875,0.13590266,461.229286,0.0001468967175277,16.92884847,301240.0,169386.0,124260.0,462838838170820.0,117.8429126739502
2022-04-07,112.4710464477539,114.8778305053711,111.46580505371094,114.23019409179688,635873842,7936645148.75,0.1278268,451.71764545,0.0001509071820184,16.92884847,295381.0,166855.0,122570.0,460808939994700.0,113.2612190246582
2022-04-08,114.23804473876952,115.08161926269533,110.61835479736328,110.88206481933594,747638227,7948682475.25,0.12338382,471.57974497,0.0001378983576255,16.31636914,301250.0,169085.0,125349.0,475413498424040.0,112.70502090454102
2022-04-09,110.87825775146484,112.78964233398438,110.57122039794922,112.77727508544922,519806313,7767451530.75,0.11928042,482.9095186,0.0001481858688105,16.31636914,303941.0,170575.0,118104.0,473873206210490.0,111.75409889221191
2022-04-10,112.77835845947266,114.36927032470705,111.17377471923828,111.17377471923828,510044015,7866300498.375,0.11849697,478.82419528,0.0001439038983674,16.31636914,286125.0,163614.0,116872.0,482707870792230.0,112.37379455566406
2022-04-11,111.15314483642578,111.15314483642578,102.59768676757812,102.60739135742188,807193871,7273120180.5,0.12300879,473.22871003,0.0001526938984151,16.62601277,311983.0,152567.0,109347.0,480223785225770.0,106.87784194946289
2022-04-12,102.64373016357422,105.67218780517578,102.25173950195312,104.8284149169922,638546461,7346038080.5,0.12848231,478.08612813,0.0001867974842059,16.62601277,369429.0,226851.0,124414.0,484523333248890.0,103.84901809692383
2022-04-13,104.82460021972656,110.66858673095705,104.24492645263672,110.48245239257812,806829114,7728583344.0,0.14859128,469.33834683,0.0001303194565137,16.62601277,330322.0,196533.0,136618.0,455907438391360.0,107.55514144897461
2022-04-14,110.47949981689452,112.1144790649414,106.3903579711914,107.41104125976562,736401323,7503837797.375,0.11650973,502.56267952,0.0001297224052495,16.62601277,310298.0,182245.0,129155.0,514771671851180.0,109.09884452819824
2022-04-15,107.41422271728516,112.62550354003906,107.39665985107422,111.10934448242188,802528770,7874563727.0,0.13379174,478.77692935,0.0001449836231401,16.76647072,310349.0,165402.0,117147.0,468715923753070.0,109.63643264770508
2022-04-16,111.1059341430664,114.53565216064452,110.54190063476562,114.4307098388672,639352139,7820743303.75,0.11233765,478.1561753,0.0001347138151912,16.76647072,288852.0,162472.0,116791.0,480645409773210.0,112.65354919433594
2022-04-17,114.4048309326172,114.96900939941406,108.76372528076172,109.04278564453124,673093200,7954712707.5,0.10827822,488.37500813,0.0001403271588589,16.76647072,269914.0,144563.0,105345.0,485229630568820.0,111.79508781433105
2022-04-18,109.0355224609375,111.32576751708984,105.70491027832033,111.22614288330078,810603033,7478137317.0,0.11724991,474.52399958,0.0001440601680508,16.61947867,286362.0,142743.0,102826.0,476828877123460.0,109.32308578491211
2022-04-19,111.2291030883789,113.99000549316406,110.82780456542967,113.81208801269533,653731832,7924778001.0,0.12641453,477.62283065,0.0001483310743794,16.61947867,312760.0,161862.0,117761.0,474651687870550.0,112.46475028991699
2022-04-20,113.81503295898438,113.9215850830078,111.04325103759766,111.9796905517578,669392298,7833035532.0,0.13057547,477.9293007,0.0001366118140266,16.61947867,315581.0,175254.0,122738.0,478495582198520.0,112.68988990783691
2022-04-21,111.97532653808594,114.22015380859376,106.3016357421875,106.99798583984376,747220318,7922205616.5,0.12978318,473.29226259,0.0001360930982349,16.61947867,317907.0,175613.0,125607.0,484545200210170.0,109.87377548217773
2022-04-22,106.99688720703124,108.34490203857422,105.54610443115234,105.60062408447266,668097133,7476276783.5,0.13423832,465.27601732,0.0001238288320979,16.61320073,310007.0,178205.0,131809.0,472256668863860.0,106.62212944030762
2022-04-23,105.60206604003906,107.1333236694336,105.31648254394533,105.5043716430664,502713461,7454598662.25,0.12003147,466.52760693,0.0001227433251501,16.61320073,284284.0,153407.0,122202.0,478619003629660.0,105.8890609741211
2022-04-24,105.49246215820312,105.93083953857422,104.10662841796876,104.6226043701172,487505921,7359317001.0,0.09741142,482.75427399,0.0001369331912561,16.61320073,259734.0,136683.0,104896.0,496579045871400.0,105.03813362121582
2022-04-25,104.62039947509766,104.75668334960938,99.51075744628906,104.68701934814452,802054036,7159470727.5,0.11451236,496.33216501,0.0001353417062799,16.82265141,287868.0,146472.0,114061.0,488500422992380.0,103.39371490478516
2022-04-26,104.67106628417967,105.1731948852539,97.59080505371094,98.40467834472656,702800418,7044459349.5,0.12260077,481.56405379,0.0001471535907861,16.82265141,314431.0,152522.0,117562.0,486055086762320.0,101.45993614196777
2022-04-27,98.41316986083984,101.74410247802734,98.2237319946289,100.53875732421876,692599516,7059140931.625,0.13075239,468.09220753,0.0001460662235319,16.82265141,291403.0,146826.0,113675.0,457217865997260.0,99.72994041442871
2022-04-28,100.54241180419922,104.09369659423828,100.00948333740234,103.32334899902344,780434505,7104109509.0,0.10930017,472.36370906,0.0001381795388899,16.82265141,289794.0,144906.0,112034.0,493322294260280.0,101.99223518371582
2022-04-29,103.31861877441406,104.0232162475586,99.0388412475586,100.37800598144533,861249271,7102760924.5,0.13275914,507.50021384,0.0001426506380091,16.94842,310875.0,155175.0,117177.0,503448133220360.0,101.68967056274414
2022-04-30,100.37875366210938,101.41122436523438,95.9476318359375,96.16598510742188,604900808,7056492899.5,0.11882186,498.54569309,0.0001273378538208,16.94842,300552.0,158287.0,121700.0,510607619078120.0,98.47589874267578
2022-05-01,96.1678695678711,99.78279876708984,95.4847183227539,99.43577575683594,592413785,6947743969.25,0.11600157,503.61962775,0.0001244827643729,16.94842,296275.0,150984.0,120852.0,503763011323300.0,97.7177906036377
2022-05-02,99.4337158203125,101.51068115234376,98.60585021972656,100.69322967529295,613922891,7034800873.375,0.12470274,489.49708947,0.0001392604971769,17.41580895,292821.0,136661.0,108392.0,500452904423694.0,100.06086921691895
2022-05-03,100.69754791259766,101.26874542236328,97.839599609375,99.343017578125,542363905,7091725231.5,0.1187022,509.03788512,0.0001395163002043,17.41580895,301286.0,145836.0,113063.0,513057799299790.0,99.78722763061523
2022-05-04,99.33872985839844,106.80409240722656,99.26563262939452,106.27486419677734,768693782,7187220195.0,0.11715198,500.37749372,0.0001402223578418,17.41580895,276572.0,136647.0,107908.0,489515891527870.0,102.92082977294922
2022-05-05,106.27082061767578,106.71279907226562,95.52877807617188,96.91891479492188,842334241,6896530855.375,0.12849386,487.10137421,0.0001371877844383,17.41580895,292714.0,145612.0,116440.0,498410055187490.0,101.35782814025879
2022-05-06,96.9092788696289,98.20873260498048,94.0890121459961,96.79175567626952,769940452,6737105142.875,0.12041445,496.93014992,0.0001333700437065,17.23022081,286901.0,146679.0,115772.0,490081543213980.0,96.49969482421875
2022-05-07,96.7942123413086,97.03630828857422,93.34791564941406,94.5708999633789,551811127,6770834750.0,0.11318927,509.26691399,0.0001387754590196,17.23022081,284166.0,150016.0,116629.0,510240408270380.0,95.43733406066895
2022-05-08,94.57154846191406,95.5822982788086,92.00299072265624,93.97643280029295,729348318,6577657524.0,0.10753125,503.29518424,0.0001522614701695,17.23022081,269981.0,138587.0,106770.0,502043907604230.0,94.03331756591797
2022-05-09,93.97541809082033,94.77955627441406,77.9571533203125,77.9571533203125,1207155617,5930634795.75,0.10503101,509.11566111,0.0001475973408056,17.76932657,261824.0,123953.0,108311.0,522538574713170.0,86.16732025146484
2022-05-10,77.83116912841797,84.61721801757812,74.82234954833984,80.2268295288086,1720920553,5714123805.0,0.12168869,495.73639563,0.000129439447645,17.76932657,300656.0,143310.0,122892.0,493971095808630.0,79.37439155578613
2022-05-11,80.2115478515625,82.39093017578125,65.52423858642578,66.38880157470703,1899877236,5255101587.375,0.13284078,466.61248103,0.0001485446314836,17.76932657,278312.0,132539.0,113767.0,451574782439660.0,73.62887954711914
2022-05-12,66.40777587890625,69.25701904296875,55.322547912597656,64.40274810791016,1925404691,4612627824.0,0.12732393,467.9265466,0.0001759534760325,17.76932657,301619.0,152660.0,122729.0,480820946644680.0,63.8475227355957
2022-05-13,64.38304901123047,72.84160614013672,63.49441146850586,67.96253967285156,1140599762,5005942897.25,0.13909716,477.40486755,0.000113792155682,16.46048941,350573.0,188720.0,146812.0,461521567601670.0,67.17040157318115
2022-05-14,67.94561004638672,69.99917602539062,64.62065887451172,68.95030975341797,743433183,4543261184.0,0.11694688,461.19599087,0.0001307133303318,16.46048941,308847.0,157860.0,117718.0,465827640667440.0,67.87893867492676
2022-05-15,68.93971252441406,71.5303726196289,66.55667114257812,71.5303726196289,741432120,4776388965.0,0.09870845,453.20026709,0.0001385136476993,16.46048941,275869.0,139879.0,102492.0,447721940972540.0,69.6392822265625
2022-05-16,71.51973724365234,71.51973724365234,65.45767211914062,67.21134948730469,722439504,4669296111.0,0.11114389,457.37418538,0.0001474003796983,16.46048941,306794.0,141303.0,99263.0,468709449134920.0,68.9271240234375
2022-05-17,67.21218872070312,73.51004028320312,67.21218872070312,72.96931457519531,802347484,5012844537.5,0.11743523,446.17640459,0.0001417805603835,16.16428772,332538.0,162845.0,103447.0,441924304353990.0,70.22593307495117
2022-05-18,72.96766662597656,74.03701782226562,66.41563415527344,66.41563415527344,756026173,4737034811.125,0.12082668,449.09198956,0.0001631106451643,16.16428772,332561.0,152504.0,106624.0,458592605698780.0,69.95898818969727
2022-05-19,66.38671112060547,72.20411682128906,65.17798614501953,72.0966796875,801021670,5063094900.0,0.10648201,470.13238145,0.0001372575757017,16.16428772,318537.0,145772.0,103201.0,465688460463180.0,68.96637344360352
2022-05-20,72.0771713256836,72.90673828125,67.09920501708984,68.65829467773438,729408177,4760988960.0,0.11450472,462.6298557,0.0001303514822756,16.16428772,345135.0,78670.0,57830.0,464100714836570.0,70.18535232543945
2022-05-21,68.6545639038086,70.42964935302734,68.1723403930664,69.7057876586914,449401029,4707833605.285714,0.1158396642857143,464.2252739814286,0.00013387531626954285,16.315599912857145,333657.0,89098.85714285714,64417.57142857143,465338613391760.0,69.24058532714844
2022-05-22,69.70726776123047,72.30361938476562,69.52865600585938,71.77400207519531,449155414,4654678250.571428,0.11717460857142857,465.82069226285716,0.00013739915026348573,16.466912105714286,299594.0,99527.71428571429,71005.14285714286,496172162457240.0,70.8283863067627
2022-05-23,71.76394653320312,73.74264526367188,68.99034881591797,69.01275634765625,736854342,4601522895.857142,0.11850955285714286,467.41611054428574,0.00014092298425742857,16.61822429857143,373767.0,109956.57142857142,77592.71428571429,476361823346560.0,70.8774242401123
2022-05-24,69.01382446289062,70.5352783203125,67.68013763427734,70.32154846191406,588236113,4548367541.142858,0.11984449714285714,469.01152882571427,0.00014444681825137142,16.76953649142857,341319.0,120385.42857142857,84180.28571428571,499822866594620.0,69.38769721984863
2022-05-25,70.31922149658203,71.43646240234375,68.29042053222656,68.31311798095703,529431480,4495212186.428572,0.12117944142857143,470.60694710714284,0.00014797065224531427,16.920848684285716,358817.0,130814.28571428571,90767.85714285714,505576415508050.0,69.58980560302734
2022-05-26,68.31510925292969,68.71247863769531,61.34075164794922,63.8281364440918,721052783,4442056831.714286,0.12251438571428572,472.2023653885714,0.00015149448623925715,17.072160877142856,385608.0,141243.14285714284,97355.42857142858,498427400066410.0,65.5491189956665
2022-05-27,63.80057907104492,63.92855072021485,61.28740310668945,61.56392288208008,646210455,4388901477.0,0.12384933,473.79778367,0.0001550183202332,17.22347307,391811.0,151672.0,103943.0,477917184656350.0,62.645113945007324
2022-05-28,61.55788040161133,62.68661117553711,61.55788040161133,62.31327819824219,615552947,4454117045.0,0.1088762,490.74346835,0.0001422730542055,17.22347307,351072.0,142515.0,102056.0,498264958363400.0,62.02891254425049
2022-05-29,63.063594818115234,64.26547241210938,62.10664367675781,63.74662780761719,418602793,4471472932.0,0.09871779,508.46347411,0.0001542780788249,17.22347307,335856.0,139671.0,89185.0,506328840794850.0,63.2955846786499
2022-05-30,63.74580001831055,69.29692840576172,63.4140739440918,69.12091827392578,587913790,4675376897.0,0.1201684,485.88750537,0.0001597459036893,17.36711764,329395.0,129814.0,93323.0,498175826934970.0,66.39443016052246
2022-05-31,69.11026763916016,69.56275177001953,67.18134307861328,68.41138458251953,532691935,4846891022.5,0.12574523,455.52025343,0.0001539817926464,17.36711764,366094.0,145944.0,99897.0,437452113973060.0,68.56643676757812
2022-06-01,68.41702270507812,70.07642364501953,62.54636764526367,62.96781921386719,754343388,4663520875.75,0.12994152,425.66281247,0.0001450552242615,17.36711764,340003.0,145059.0,102648.0,418920981150840.0,66.00190830230713
2022-06-02,62.96444320678711,64.6100082397461,62.394325256347656,64.45135498046875,497215110,4496381648.125,0.10823072,449.90264173,0.0001363040320931,17.36711764,338901.0,141594.0,100707.0,468006731367610.0,63.6050329208374
2022-06-03,64.45580291748047,64.7627182006836,61.78827667236328,62.65926361083984,445994255,4362328127.75,0.10641742,481.17956887,0.0001417173769606,15.60696178,333833.0,142675.0,103666.0,456697609144300.0,63.4165153503418
2022-06-04,62.65883255004883,64.20510864257812,61.72530746459961,63.74738311767578,365451394,4456491256.125,0.09629528,498.72056703,0.000135469028931,15.60696178,340255.0,135314.0,102001.0,487958440984570.0,63.084157943725586
2022-06-05,63.749755859375,63.78080749511719,62.06110763549805,63.2078742980957,358399957,4442163957.0,0.09363616,469.2106009,0.0001359333286809,15.60696178,293660.0,131107.0,94575.0,475454974709020.0,63.199886322021484
2022-06-06,63.21474838256836,66.29419708251953,63.08821487426758,64.41727447509766,500130108,4577241264.125,0.0903319,488.98757208,0.0001442597178233,16.84017232,296816.0,130302.0,96110.0,504463393822940.0,64.25360870361328
2022-06-07,64.4180679321289,65.3266830444336,60.5591926574707,63.90550994873047,578504158,4388163165.0,0.12260549,482.35113978,0.0001512182021096,16.84017232,331286.0,137076.0,96413.0,488303324717730.0,63.55236339569092
2022-06-08,63.89841079711914,64.25390625,61.54667663574219,61.54667663574219,590606981,4406197553.875,0.11078672,460.14532335,0.0001591025526852,16.84017232,238782.0,124796.0,97513.0,460168465347870.0,62.81141757965088
2022-06-09,61.543853759765625,62.28816604614258,59.83632659912109,60.21597290039063,461393198,4317135395.25,0.10579899,456.07234929,0.0001467549135086,16.84017232,255471.0,120738.0,97293.0,459576864108200.0,60.97107982635498
2022-06-10,60.21354293823242,60.21354293823242,56.47998428344727,56.65841674804688,631581518,4055400499.5,0.10653285,480.11679672,0.0001629374356512,16.28157634,301341.0,124163.0,105208.0,478342153276590.0,58.391371726989746
2022-06-11,56.66562271118164,57.678855895996094,52.23197555541992,52.29166030883789,735247033,3682931381.25,0.11169621,465.25673315,0.0001491896593649,16.28157634,309515.0,125201.0,98698.0,469805811927420.0,54.71702861785889
2022-06-12,52.30757522583008,52.59090042114258,48.13050842285156,48.22890472412109,674269221,3615600715.875,0.10492876,433.74054219,0.000160386827721,16.28157634,223814.0,107561.0,89535.0,424879026797260.0,50.31447219848633
2022-06-13,48.21331787109375,48.21331787109375,41.629676818847656,43.30030059814453,1135771941,3035015851.875,0.11514369,418.41633206,0.0001589945521273,16.28157634,228748.0,112439.0,93051.0,418384242176040.0,45.33915328979492
2022-06-14,43.314002990722656,46.13201522827149,40.68040466308594,46.13201522827149,1038406218,3210848932.5,0.12820937,401.59938923,0.0001847297157171,15.19310815,255528.0,121400.0,104192.0,389467977634580.0,44.06460952758789
2022-06-15,46.13348007202149,50.64122009277344,41.901668548583984,50.49177169799805,1082980140,3165303880.5,0.11497254,387.32089968,0.000186023414089,15.19310815,228835.0,118314.0,100674.0,382246292774310.0,47.29203510284424
2022-06-16,50.51575469970703,50.88089370727539,44.331329345703125,44.6997184753418,754689123,3207202414.5,0.12891744,387.44735539,0.000170278167296,15.19310815,246279.0,111748.0,103541.0,389047424516890.0,47.606924057006836
2022-06-17,44.70615768432617,48.25876235961914,44.57722473144531,47.68491363525391,624241753,3243470619.375,0.11203786,397.32609393,0.0001446434482584,15.19310815,230762.0,115449.0,99050.0,394471915971240.0,46.30676460266113
2022-06-18,47.68170166015625,48.20722579956055,41.93596267700195,47.247257232666016,878504763,3184545761.25,0.09701772,403.03291571,0.0001602594865557,13.88093336,223930.0,116152.0,98667.0,379836251280870.0,46.26803684234619
2022-06-19,47.23798751831055,55.684326171875,45.20140075683594,54.32316589355469,1408560758,3646882456.25,0.09279732,378.82485314,0.0001557453918678,13.88093336,203166.0,104314.0,89201.0,379866330086500.0,50.61172008514404
2022-06-20,54.32199096679688,54.37226486206055,51.61100387573242,52.90559387207031,867331545,3713532886.0,0.15391823,367.80494062,0.0001912036475869,13.88093336,230446.0,117761.0,97119.0,369970734742560.0,53.30271339416504
2022-06-21,52.89878463745117,55.45185852050781,52.14239501953125,53.5076789855957,683095131,3820458487.5,0.10184238,385.17705071,0.0001711321274947,13.12015048,262958.0,124585.0,100710.0,387295413700370.0,53.500179290771484
2022-06-22,53.52071762084961,53.57326889038086,50.77501678466797,52.10539245605469,571710882,3657861504.0,0.09961048,390.7871806,0.0001531696378048,13.12015048,250433.0,117687.0,97268.0,388587497081040.0,52.49359893798828
2022-06-23,52.10919570922852,56.43814468383789,52.04600524902344,55.76283264160156,675234042,3826236947.25,0.08590111,396.53388137,0.0001510702050446,13.12015048,245338.0,120688.0,100027.0,415017684871530.0,54.08904457092285
2022-06-24,55.76162338256836,56.96176910400391,54.882591247558594,55.99228286743164,589158085,3912074102.625,0.09133581,425.9033868,0.0001606281528465,14.37774415,247813.0,129291.0,110202.0,435276690536320.0,55.899566650390625
2022-06-25,55.99024200439453,59.52711868286133,55.081539154052734,58.96992874145508,560628121,3911763894.5,0.0989894,414.41100252,0.0001462928678069,14.37774415,222982.0,116593.0,100739.0,425669540773500.0,57.39220714569092
2022-06-26,58.95540618896485,60.300819396972656,56.87559509277344,56.87614440917969,486759815,4092195052.0,0.08993908,425.64315484,0.000146341950312,14.37774415,211659.0,110985.0,92457.0,423368571856170.0,58.251991271972656
2022-06-27,56.86295700073242,58.51468276977539,55.24985504150391,55.92555618286133,456437012,3952066943.25,0.11108691,388.82687911,0.0001489276603508,14.37774415,233873.0,111790.0,90988.0,377417541786960.0,56.63826274871826
2022-06-28,55.91389083862305,56.72005081176758,52.752288818359375,52.81161117553711,519374670,3822552669.75,0.10846517,381.03908957,0.0001612414665577,13.99257862,267674.0,120789.0,99171.0,391689129863920.0,54.54946041107178
2022-06-29,52.80720138549805,54.23308181762695,51.79049682617188,53.42253875732422,557459009,3751622865.375,0.09084283,399.75104757,0.0001337484691875,13.99257862,219186.0,114922.0,96341.0,404401911208380.0,53.06332969665527
2022-06-30,53.447410583496094,53.73639297485352,50.4050178527832,53.64842987060547,632075268,3621341679.0,0.10430999,388.77042084,0.0001320903189234,13.99257862,237993.0,114475.0,101435.0,382739086316480.0,52.80931282043457
2022-07-01,53.699031829833984,55.61848831176758,50.38762283325195,51.11524200439453,628538818,3577171445.0,0.12288828,361.67653727,0.0001295251222424,13.99257862,231978.0,114310.0,107205.0,358525069151640.0,52.70509624481201
2022-07-02,51.13259506225586,51.41740036010742,49.99398422241211,50.48544692993164,448609019,3540104659.0,0.09699963,370.53825944,0.0001342061336572,13.23114418,212611.0,112318.0,100017.0,377085274939890.0,50.75735664367676
2022-07-03,50.48486709594727,51.49825286865234,49.34320831298828,50.97217559814453,402299367,3496715887.5,0.07648121,412.84918399,0.000138675612148,13.23114418,200377.0,105302.0,89529.0,420919927696475.0,50.574625968933105
2022-07-04,50.97188186645508,52.282711029052734,49.877628326416016,52.24381637573242,425036720,3611533428.0,0.08708861,404.76554207,0.0001396993277883,13.23114418,191309.0,96520.0,91013.0,396289485998900.0,51.34400939941406
2022-07-05,52.23873901367188,52.33161544799805,48.23786163330078,49.83059310913086,559357113,3410537364.75,0.10098457,390.32776751,0.0001402434287019,14.22116112,225991.0,102614.0,98530.0,414599307832070.0,50.65970230102539
2022-07-06,49.8358039855957,50.592315673828125,49.25436019897461,50.361087799072266,429814449,3523950095.75,0.09405978,404.32761486,0.0001358419430421,14.22116112,207392.0,110053.0,98845.0,406766219012510.0,50.010891914367676
2022-07-07,50.36019134521485,52.406734466552734,49.85165786743164,52.14289474487305,478192342,3618280960.0,0.10292556,400.86070075,0.0001484331257201,14.22116112,279851.0,172253.0,98067.0,399625300618080.0,51.190369606018066
2022-07-08,52.14044570922852,53.74789810180664,50.95570373535156,51.5649528503418,565652402,3682958277.375,0.10684123,390.82245282,0.0001522704742318,14.22116112,252897.0,130265.0,97737.0,402717322944580.0,52.10225009918213
2022-07-09,51.55635452270508,54.49441909790039,51.47823333740234,54.16061782836914,444782359,3695340568.5,0.11299863,396.52973845,0.0001884750975356,13.97141977,250096.0,119018.0,101245.0,380401511026690.0,52.92240619659424
2022-07-10,54.15983963012695,54.881256103515625,51.16180419921875,52.16814041137695,616041879,3680854985.875,0.08414959,380.38554562,0.0001420907712732,13.97141977,188832.0,100012.0,86247.0,384869884085915.0,53.09276008605957
2022-07-11,52.16533660888672,52.16533660888672,48.62705612182617,48.77458953857422,393277100,3570955348.625,0.0836245,403.94387923,0.0001662635046113,13.97141977,202861.0,103928.0,85767.0,408942887944540.0,50.43307971954346
2022-07-12,48.7748908996582,49.12919235229492,47.53236389160156,47.54238510131836,368912014,3425660883.75,0.10093396,408.66765269,0.0001758647279468,13.61114709,238383.0,118925.0,98988.0,395734705302360.0,48.24470806121826
2022-07-13,47.54443740844727,49.56312561035156,46.662994384765625,49.56312561035156,447352506,3384984636.75,0.10010013,385.59519475,0.000151351020039,13.61114709,212960.0,112354.0,90673.0,384276115679750.0,48.333420753479004
2022-07-14,49.55903625488281,51.504188537597656,48.13614273071289,51.21880722045898,420169921,3535260931.375,0.13444234,384.73796861,0.0001522617973663,13.61114709,226732.0,116529.0,100013.0,390367771025128.0,50.104543685913086
2022-07-15,51.22144317626953,52.44595718383789,50.81461334228516,51.79806518554688,442039141,3653025016.25,0.09554553,390.94815415,0.0001465340917253,13.61114709,225774.0,125065.0,99122.0,394993857506520.0,51.57001972198486
2022-07-16,51.79474258422852,55.25542831420898,51.19859313964844,55.12516403198242,426040229,3704358564.125,0.08478367,414.6044396,0.0001330644436601,13.72841277,222897.0,131726.0,99175.0,419677557898160.0,53.34348201751709
2022-07-17,55.12351989746094,56.83445358276367,54.72036743164063,55.72135162353516,579886019,3916251516.0,0.12100643,403.56126151,0.0001411655465362,13.72841277,205667.0,103844.0,90177.0,397847046926820.0,55.5999231338501
2022-07-18,55.7232666015625,59.00438690185547,55.52822113037109,58.62628936767578,604964726,4181291756.25,0.11775393,421.53274472,0.0001559502046485,13.72841277,218311.0,109007.0,95041.0,428082865033740.0,57.22054100036621
2022-07-19,58.61126708984375,59.19778060913086,56.11280059814453,57.98419952392578,579491163,4102458971.0,0.52964963,417.29535755,0.000215760018085,14.42736226,276712.0,115730.0,97871.0,418343669780360.0,57.97651195526123
2022-07-20,57.98867416381836,61.46427917480469,56.78121948242188,57.23776626586914,662964095,4313754390.0,0.16459938,401.93839783,0.0001542705318742,14.42736226,250913.0,116658.0,96959.0,409616717547919.0,58.367984771728516
2022-07-21,57.24059677124024,58.519569396972656,55.46117782592773,58.09982299804688,464802265,4000640112.625,0.10180716,388.71671362,0.0001314500520578,14.42736226,217688.0,118480.0,96239.0,386032748183710.0,57.330291748046875
2022-07-22,58.10052490234375,59.097774505615234,55.72700881958008,56.17611312866211,464241227,4045646901.5,0.09461809,397.09670025,0.0001352102782825,14.42736226,228675.0,125386.0,101803.0,409263499227730.0,57.27535533905029
2022-07-23,56.16364669799805,57.15965270996094,54.76734924316406,56.42631912231445,380442502,3936358715.875,0.08835224,416.41813906,0.0001271694855893,14.02059233,221516.0,126230.0,97879.0,409447318467460.0,56.129241943359375
2022-07-24,56.42781066894531,59.61155700683594,56.397010803222656,58.48570251464844,402627822,4114430313.5,0.0937446,400.57978271,0.0001300515984488,14.02059233,220819.0,125362.0,93353.0,398608309956700.0,57.730520248413086
2022-07-25,58.48329544067383,58.794830322265625,54.36627578735352,54.36627578735352,445424172,3999453163.125,0.08991109,395.76371553,0.0001266317844111,14.02059233,221473.0,124818.0,95645.0,404061535904690.0,56.50266933441162
2022-07-26,54.35359954833984,54.35359954833984,52.19551086425781,53.7901725769043,400322025,3691846347.75,0.1160416,399.50506403,0.0001453976171768,13.99097614,288057.0,134621.0,98761.0,405048008548690.0,53.67322063446045
2022-07-27,53.798828125,58.95100402832031,53.15217590332031,58.95100402832031,529603132,3832441503.0,0.09823619,401.51012617,0.0001370895577516,13.99097614,230890.0,121491.0,95625.0,411428167799304.0,56.213253021240234
2022-07-28,58.95376205444336,63.92095947265625,58.64144515991211,63.46399688720703,757291482,4386633383.75,0.11157948,387.72810504,0.0001322244107488,13.99097614,269084.0,144091.0,101332.0,385080217229436.0,61.24504089355469
2022-07-29,63.46464157104492,64.30512237548828,60.12721252441406,60.92249298095703,664571137,4372203952.125,0.11323122,391.0194726,0.0001363174235747,13.99097614,278978.0,150467.0,101897.0,398087740116320.0,62.204867362976074
2022-07-30,60.91704940795898,63.77112579345703,60.22955322265625,60.44015121459961,667982996,4483874490.0,0.10282768,405.60499718,0.0001406040034574,13.94784725,267566.0,143572.0,98917.0,410656225049040.0,61.33946990966797
2022-07-31,60.44405746459961,62.79286193847656,59.89641952514648,59.90950775146485,502294495,4360371262.5,0.10522071,412.71598263,0.0001307880624816,13.94784725,272844.0,135448.0,95292.0,417262289898890.0,60.760711669921875
2022-08-01,59.91562271118164,60.570430755615234,58.44951629638672,59.53544616699219,467875340,4237557190.625,0.11050478,413.14801291,0.0001383675674868,13.94784725,261219.0,131402.0,97056.0,420258800535390.0,59.617753982543945
2022-08-02,59.53025817871094,59.72209167480469,56.88901901245117,58.24385452270508,524322092,4167854325.5,0.11578158,419.24662876,0.0001419296163367,14.6269719,290191.0,148374.0,100583.0,437697603759530.0,58.59630584716797
2022-08-03,58.23983383178711,60.00974655151367,56.97088623046875,57.80519104003906,472558915,4203000184.5,0.10600496,415.24582068,0.0001356038846356,14.6269719,260310.0,133340.0,96789.0,421674937595600.0,58.25641441345215
2022-08-04,57.80523300170898,60.37536239624024,57.7509651184082,59.848575592041016,437413922,4217570403.75,0.10319966,394.6621575,0.0001412449907941,14.6269719,241474.0,143514.0,99393.0,389480504170689.0,58.94503402709961
2022-08-05,59.839481353759766,62.40865707397461,59.70073318481445,62.40127182006836,463122316,4321459096.5,0.12788772,392.70908718,0.0001341281712477,14.6269719,316157.0,157343.0,103032.0,399372660777440.0,61.0875358581543
2022-08-06,62.40816116333008,62.43392181396485,60.789920806884766,60.91834259033203,291347560,4355188992.0,0.10874231,387.02989846,0.0001481490392279,14.03365605,275196.0,182279.0,102376.0,378532370111770.0,61.63758659362793
2022-08-07,60.92058944702149,61.94049453735352,60.20869064331055,61.1023063659668,276519336,4344987534.75,0.10876381,382.09921206,0.000148455593946,14.03365605,298256.0,155803.0,93426.0,391318765490990.0,61.043020248413086
2022-08-08,61.10433578491211,63.9603385925293,60.94041061401367,62.59212875366211,384554405,4458166848.0,0.09459238,398.84472577,0.0001413916826105,14.03365605,251608.0,153539.0,97634.0,406266274344101.0,62.1493034362793
2022-08-09,62.59897994995117,62.782325744628906,58.75445938110352,59.2599983215332,406076522,4174311279.25,0.10358236,418.44097522,0.0001450478171102,13.97834713,286822.0,154849.0,102488.0,421355215412120.0,60.8489408493042
2022-08-10,59.25986862182617,62.17228317260742,58.078102111816406,61.603851318359375,543530224,4388920066.5,0.12088844,434.71651468,0.0001332589055947,13.97834713,342612.0,168267.0,103490.0,423517203737640.0,60.278526306152344
2022-08-11,61.60634613037109,63.256103515625,61.574462890625,61.90461349487305,472762678,4404288802.5,0.12436713,429.36231499,0.0001418484934552,13.97834713,282872.0,162694.0,102984.0,432257277950270.0,62.085381507873535
2022-08-12,61.9041862487793,62.962833404541016,60.873382568359375,62.932228088378906,370984475,4377096471.0,0.22890858,423.39463323,0.0001590913454109,14.91325788,276622.0,159163.0,101731.0,438819818613650.0,62.16815757751465
2022-08-13,62.934349060058594,65.3356704711914,62.72484588623047,63.7535285949707,391896085,4625832744.75,0.24593118,426.20279804,0.000156125104347,14.91325788,282927.0,167819.0,103357.0,431501408769400.0,63.68709850311279
2022-08-14,63.75997543334961,65.62770080566406,62.91333770751953,63.30875778198242,411725410,4630557305.5,0.11633331,434.77182908,0.0001423301869981,14.91325788,324513.0,151663.0,95402.0,434325483405500.0,63.902442932128906
2022-08-15,63.30583572387695,65.17250061035156,60.03242111206055,60.82551574707031,487425277,4381289087.5,0.18803724,437.49394027,0.0001803604472575,14.91325788,276026.0,148640.0,95426.0,438739000090917.0,62.334068298339844
2022-08-16,60.807071685791016,61.54142761230469,60.23854064941406,61.34233856201172,400419587,4345525332.5,0.18118265,417.54353693,0.0001874361733967,14.92722824,288803.0,148595.0,99702.0,412858450864068.0,60.98234462738037
2022-08-17,61.33797454833984,64.56123352050781,60.03407287597656,60.3741569519043,564337359,4275700746.875,0.16096999,411.35279062,0.0001430875080915,14.92722824,279176.0,138215.0,100413.0,426260319982770.0,61.57685947418213
2022-08-18,60.39039993286133,61.56446075439453,59.82616424560547,60.04568862915039,375531380,4340739260.0,0.16095679,432.67635817,0.0001568696863754,14.92722824,349111.0,145231.0,98653.0,440883979327480.0,60.45667839050293
2022-08-19,60.04190444946289,60.10254669189453,53.635345458984375,54.0316276550293,598011455,3897566710.0,0.1033351,445.47063012,0.0001456368235163,15.13184309,271638.0,134411.0,98927.0,448952873559830.0,56.95285606384277
2022-08-20,54.02425765991211,55.56939315795898,53.15416717529297,54.18755340576172,473723831,3900108876.75,0.10729306,443.0759225,0.0001465978924058,15.13184309,275917.0,147761.0,98444.0,454505780558790.0,54.233842849731445
2022-08-21,54.18001174926758,55.935054779052734,53.987640380859375,55.49202728271485,346325352,3899814399.75,0.0872204,451.01475337,0.0001444619950752,15.13184309,263013.0,172782.0,92999.0,456510361431600.0,54.89868354797363
2022-08-22,55.497440338134766,57.2607421875,52.51923370361328,57.25567626953125,766070930,4052836256.5,0.10068489,423.59621991,0.0001479419585975,15.13184309,238866.0,141712.0,92893.0,415162560811500.0,55.633273124694824
2022-08-23,57.24626922607422,57.5816650390625,54.28071212768555,57.07943344116211,524532444,4021996488.0,0.11658775,412.46475978,0.0001495026187759,15.03767781,297153.0,142812.0,99894.0,410334568098850.0,56.547019958496094
2022-08-24,57.0779914855957,57.46327209472656,55.827903747558594,56.47816848754883,471510182,4066454176.75,0.10509626,450.64792128,0.0001478810196468,15.03767781,299240.0,176041.0,95435.0,452834373947830.0,56.71183395385742
2022-08-25,56.47560501098633,57.36817169189453,56.08835220336914,56.79257583618164,432646387,4023552795.625,0.09661961,448.37169492,0.0001435702084261,15.03767781,239918.0,139133.0,103298.0,442052719820380.0,56.68117618560791
2022-08-26,56.78224182128906,57.95991134643555,52.51424026489258,52.74444961547852,567680603,3859875483.75,0.11352142,448.1546009,0.0001441625465856,15.68041259,268667.0,115153.0,100782.0,461114895576630.0,55.000210762023926
2022-08-27,52.75862884521485,53.28228759765625,52.11684036254883,53.05023956298828,392990718,3732393000.5,0.09729901,441.48064302,0.0001391196542383,15.68041259,220681.0,127324.0,103742.0,441372013603220.0,52.80199909210205
2022-08-28,53.04772186279297,55.6735725402832,52.711055755615234,53.61201858520508,485789560,3943757215.125,0.1018366,433.19658489,0.0001543377762053,15.68041259,237821.0,137997.0,93273.0,427337521531210.0,53.76109218597412
2022-08-29,53.610782623291016,56.5727424621582,52.94242477416992,55.77189254760742,526456711,3973260693.0,0.11355901,418.48778512,0.0001459207860234,15.68041259,282264.0,144775.0,94959.0,421589814324170.0,54.72446060180664
2022-08-30,55.77510070800781,56.06769561767578,52.30454635620117,53.05681228637695,464828759,3770430335.0,0.11034092,422.1702952,0.0001516251728884,14.72058013,281499.0,154933.0,102436.0,410856026281000.0,54.30103874206543
2022-08-31,53.05765914916992,55.09647750854492,53.05765914916992,53.85666275024414,439496760,3828368516.0,0.10486253,425.06223891,0.0001374490572008,14.72058013,256155.0,157319.0,104911.0,415263840023250.0,53.76711463928223
2022-09-01,53.85836410522461,57.57414627075195,53.549686431884766,57.52796936035156,584763245,3904800066.0,0.12921634,406.70302857,0.0001414571856393,14.72058013,339817.0,174586.0,107655.0,422051226387970.0,55.62754154205322
2022-09-02,57.524898529052734,62.07897186279297,56.644378662109375,61.04099655151367,761493332,4378599610.0,0.10494966,427.74856938,0.0001412078198176,14.80541926,275599.0,166851.0,108812.0,424935397488032.0,59.32231140136719
2022-09-03,61.03767776489258,61.95997619628906,59.83968734741211,60.134803771972656,529966061,4300854250.0,0.10198578,422.9870389,0.0001369595660538,14.80541926,276555.0,174477.0,108631.0,434019894750170.0,60.7430362701416
2022-09-04,60.14294052124024,60.91429138183594,58.82038879394531,60.90089416503906,404022021,4201771383.75,0.10956132,441.4191855,0.0001445983081302,14.80541926,322628.0,152797.0,94499.0,439046401592810.0,60.19462871551514
2022-09-05,60.90159606933594,61.32762908935547,59.51828384399414,60.41640472412109,450815584,4292485846.125,0.10250721,424.73796112,0.0001439352143687,14.80541926,266591.0,163972.0,98965.0,422207786922820.0,60.54097843170166
2022-09-06,60.4139518737793,62.34904861450195,54.3062744140625,54.31306076049805,671460963,4205463142.0,0.10203471,419.72074263,0.0001453165027929,14.96990824,267748.0,147659.0,102579.0,425366307516620.0,57.84558391571045
2022-09-07,54.30258941650391,58.10066223144531,53.299686431884766,57.41590118408203,623767136,3925719810.0,0.11071611,454.44578506,0.0001280095619244,14.96990824,321928.0,170665.0,110118.0,459854493309800.0,55.779709815979004
2022-09-08,57.41305923461914,58.4691162109375,56.34557342529297,58.00325775146485,539805386,4065567876.0,0.43707106,478.97523025,0.0001591546981565,14.96990824,376880.0,157897.0,106214.0,476519687997020.0,57.55775165557861
2022-09-09,58.00151824951172,61.65366363525391,57.855316162109375,61.23288345336914,610797768,4334188527.0,0.1517008,479.57785742,0.0001153822931004,16.22918537,353119.0,220294.0,158676.0,509313668789270.0,59.685845375061035
2022-09-10,61.225059509277344,64.44889831542969,60.87065124511719,63.43164443969727,611529013,4558756131.0,0.13839419,488.5680486,0.0001347150629234,16.22918537,288411.0,172842.0,112915.0,503967062871790.0,62.49406337738037
2022-09-11,63.427024841308594,64.26847839355469,61.82975387573242,62.24362564086914,467207228,4465323792.0,0.1080306,496.28837583,0.0001271518318659,16.22918537,237784.0,125589.0,117787.0,486400707775940.0,62.94222068786621
2022-09-12,62.24615859985352,62.94322967529297,60.38718795776367,61.36201477050781,527623332,4326299240.0,0.1321574,458.07053418,0.0001291489100663,16.22918537,289382.0,126553.0,111282.0,464059676015220.0,61.73464775085449
2022-09-13,61.36082077026367,67.06636810302734,58.63788986206055,59.10230255126953,1001779466,4400741564.0,0.12807549,464.17581221,0.0001369323083657,16.73329859,296640.0,175722.0,124508.0,470674766217530.0,61.54184532165527
2022-09-14,59.061370849609375,60.84946823120117,58.701507568359375,60.14519119262695,622750084,4297966868.25,0.12326023,460.875548,0.0001248602030366,16.73329859,267791.0,170783.0,123229.0,456703075991330.0,59.68938446044922
2022-09-15,60.14997100830078,60.608158111572266,56.19339370727539,56.35026168823242,629471575,4101206495.75,0.12819791,445.90885102,0.0001329601865067,16.73329859,281928.0,131206.0,108039.0,456297738473740.0,58.325446128845215
2022-09-16,56.35547637939453,56.75113296508789,54.94060897827149,55.8442611694336,471316851,3969235174.0,0.09447534,465.30617385,0.0001372811883568,16.27796063,225617.0,122438.0,103134.0,474387067904280.0,55.972869873046875
2022-09-17,55.85560607910156,58.34921646118164,55.85560607910156,57.81655502319336,354646581,4102769026.5,0.0964663,476.15059337,0.0001327478198055,16.27796063,221215.0,117081.0,101335.0,468949086655380.0,56.96924591064453
2022-09-18,57.81219482421875,57.821388244628906,52.83761978149414,52.84428405761719,447780228,4019163086.875,0.0911828,470.0345511,0.0001335663088155,16.27796063,205404.0,106594.0,93959.0,461448665421943.0,55.328871726989746
2022-09-19,52.832515716552734,53.63090515136719,50.42839050292969,52.87487030029297,687424376,3701998640.25,0.09298336,471.72407796,0.0001383536525189,16.27796063,222489.0,104335.0,92736.0,485398711857000.0,52.441670417785645
2022-09-20,52.88425064086914,53.530235290527344,51.1770133972168,52.36106491088867,561066601,3740138272.0,0.11682741,493.13591092,0.0001495073824372,16.36908173,304603.0,113796.0,97331.0,490391606617680.0,52.48814105987549
2022-09-21,52.35625076293945,55.26560592651367,50.69179916381836,51.23618316650391,681284602,3792514921.875,0.09652281,480.95140423,0.0001393491294456,16.36908173,206821.0,110643.0,98466.0,484626579095700.0,52.38745975494385
2022-09-22,51.23323440551758,53.88665771484375,50.80744552612305,53.51061248779297,480101560,3753056668.625,0.08327697,511.5544044,0.000137300287578,16.36908173,210744.0,115790.0,100564.0,511944378247260.0,52.359487533569336
2022-09-23,53.51188659667969,55.22101593017578,51.89682388305664,55.08971405029297,560635011,3727090410.0,0.09588752,520.43319048,0.0001258528402942,17.57616936,230527.0,130456.0,101831.0,535187234046720.0,53.92986011505127
2022-09-24,55.09682846069336,55.63045501708984,53.438209533691406,53.5192985534668,451262561,3919791235.5,0.10713168,481.47825378,0.0001287836065721,17.57616936,232736.0,128332.0,100181.0,475531487087780.0,54.42119789123535
2022-09-25,53.5197868347168,54.27486801147461,52.55524826049805,52.63199996948242,385124912,3849639526.125,0.10492912,480.61686824,0.0001213854943241,17.57616936,208838.0,118880.0,110909.0,474048281370826.0,53.24547576904297
2022-09-26,52.63922882080078,53.624149322509766,52.22364044189453,53.43206405639648,464070272,3783728115.0,0.17503193,474.96798732,0.0001133538175844,17.57616936,271069.0,161370.0,161927.0,467264948670750.0,52.97977066040039
2022-09-27,53.43476486206055,55.31169128417969,52.032012939453125,52.73725891113281,507500545,3872464024.0,0.21722285,462.88347457,9.90857467573e-05,16.5524253,353248.0,216404.0,206466.0,458313954671140.0,53.37893199920654
2022-09-28,52.73012161254883,53.66436767578125,51.35790252685547,53.30842590332031,479078426,3810867053.75,0.16635156,476.15917482,9.41290854503e-05,16.5524253,299143.0,206596.0,183194.0,490168652353250.0,52.765204429626465
2022-09-29,53.30769348144531,53.956153869628906,52.44720458984375,53.91404724121094,406391539,3806225842.5,0.47251695,458.1351341,0.0001509402100363,16.5524253,292308.0,103152.0,96031.0,452666340823290.0,53.40627479553223
2022-09-30,53.91484069824219,54.98878860473633,53.03111267089844,53.39703750610352,412604499,3882162719.75,0.28849096,442.15380614,0.0001485158571933,16.04071619,293893.0,113620.0,101844.0,442203110618230.0,53.83294486999512
2022-10-01,53.40304183959961,53.70939636230469,52.70529174804688,52.90686798095703,256914103,3810572098.75,0.09289921,474.21713705,0.0001470261359834,16.04071619,217363.0,117974.0,102233.0,479663227251170.0,53.18114948272705
2022-10-02,52.90461349487305,53.39273452758789,51.91116714477539,51.9116325378418,270394848,3750372110.0,0.08512324,484.08987944,0.00013427949418,16.04071619,202349.0,110204.0,96220.0,485464081699690.0,52.53003692626953
2022-10-03,51.91643142700195,54.23301696777344,51.77304458618164,54.17620849609375,361537838,3809969075.25,0.08491765,497.05664387,0.0001466564457313,17.0321723,210221.0,104144.0,94281.0,506742178620940.0,53.024675369262695
2022-10-04,54.17231750488281,55.60553741455078,53.98905944824219,55.2984619140625,346928233,3893777842.5,0.108698,481.46467689,0.0001454763100408,17.0321723,230615.0,111927.0,99703.0,478508697756125.0,54.76634407043457
2022-10-05,55.29716491699219,55.304988861083984,53.48540115356445,54.57930755615234,333262024,3850653858.875,0.10110549,466.83234036,0.0001388041107047,17.0321723,215345.0,110020.0,97611.0,483421824367417.0,54.66671562194824
2022-10-06,54.58013534545898,54.993560791015625,53.46469879150391,53.49364471435547,359457748,3875311361.25,0.09347295,494.6998427,0.000136835339564,17.0321723,217703.0,113605.0,100791.0,499927784201060.0,54.133009910583496
2022-10-07,53.49896240234375,53.78902816772461,52.47561264038086,52.86693954467773,350100261,3760117265.625,0.09836531,477.97440468,0.0001350618771641,16.78925682,210936.0,113128.0,99922.0,468380348271020.0,53.15763568878174
2022-10-08,52.86621856689453,53.49382019042969,52.56524658203125,52.79837417602539,262572900,3794730180.75,0.09568552,463.73687486,0.0001367465661825,16.78925682,208541.0,115277.0,102172.0,463656138743450.0,52.930914878845215
2022-10-09,52.796817779541016,53.910037994384766,52.74737930297852,53.910037994384766,255019662,3827929511.875,0.08943604,475.03066708,0.0001510151509456,16.78925682,205334.0,100915.0,92053.0,484611495405010.0,53.341068267822266
2022-10-10,53.91397476196289,54.36719512939453,52.75587463378906,52.75587463378906,381643338,3809025316.75,0.09946109,461.3660126,0.0001557726972669,16.78925682,204750.0,101249.0,93376.0,455085728288900.0,53.44822978973389
2022-10-11,52.74790191650391,52.74837875366211,51.54995346069336,52.0184211730957,348076873,3740921192.75,0.10447688,468.87676767,0.0001627752996443,16.21793422,241115.0,112130.0,101220.0,463419885012330.0,52.26616382598877
2022-10-12,52.020790100097656,52.86455154418945,51.87591552734375,52.22134780883789,329386156,3729880469.25,0.1100812,478.47499026,0.000140118646544,16.21793422,220464.0,117292.0,103764.0,489297415578180.0,52.24565124511719
2022-10-13,52.22258758544922,52.44142532348633,48.87171936035156,51.24348449707031,535442367,3592505699.125,0.35608171,475.40379331,0.0001522002944195,16.21793422,358827.0,118984.0,108145.0,477687792733980.0,51.194804191589355
2022-10-14,51.240760803222656,52.48260116577149,51.03215408325195,51.3155632019043,356949435,3659239311.75,0.56143816,454.62153722,0.0001633946787626,16.54719397,430438.0,127214.0,110946.0,455178876370580.0,51.5177698135376
2022-10-15,51.31436920166016,51.61222076416016,50.44257736206055,50.469181060791016,256385346,3673156987.5,0.28220397,450.3795627,0.0001426322434237,16.54719397,551393.0,124764.0,108116.0,455406068257801.0,50.95958709716797
2022-10-16,50.46696853637695,51.72751235961914,50.45616149902344,51.480918884277344,264200642,3635710277.5,0.16636697,482.37734965,0.0001355988280037,16.54719397,479928.0,111823.0,98601.0,488001282626590.0,51.03289031982422
2022-10-17,51.47489929199219,52.0576286315918,51.15899658203125,51.84383773803711,284788683,3700344423.0,0.13208221,488.17577856,0.0001409494630344,16.54719397,334286.0,105531.0,96617.0,491632336593690.0,51.633840560913086
2022-10-18,51.84373092651367,52.15135955810547,50.90192794799805,51.87700271606445,302736361,3667168594.375,0.10283811,483.50217931,0.0001398926173517,16.54022401,250818.0,116245.0,102768.0,490038324263420.0,51.69350528717041
2022-10-19,51.878692626953125,51.964622497558594,50.9465446472168,50.98663330078125,275310850,3685404870.0,0.14776341,489.76904187,0.0001586838200241,16.54022401,341100.0,128477.0,102536.0,492362337833700.0,51.44412326812744
2022-10-20,50.98495864868164,51.95818710327149,50.72153472900391,51.19100189208984,289082998,3702227913.875,0.09299397,499.38025894,0.0001412035939848,16.54022401,227107.0,120744.0,99149.0,503361722811640.0,51.21392059326172
2022-10-21,51.19440078735352,51.77408599853516,49.96644973754883,51.62337112426758,369983730,3679019018.75,0.1015003,490.07954189,0.000137572531798,17.20756934,216794.0,119211.0,102129.0,496218119713480.0,51.13957691192627
2022-10-22,51.623756408691406,52.46562194824219,51.43117904663086,52.180171966552734,304008099,3729373537.5,0.10530621,466.11266036,0.0001368163991348,17.20756934,218524.0,120619.0,101720.0,465978990522100.0,51.9251823425293
2022-10-23,52.18155670166016,53.95036697387695,51.94488143920898,53.95036697387695,344691478,3739038025.375,0.09094122,470.59107496,0.0001357772877238,17.20756934,202356.0,109265.0,97962.0,477936056567320.0,53.00679302215576
2022-10-24,53.95069122314453,54.16692352294922,52.2632942199707,52.569244384765625,397590910,3753709752.0,0.08855646,488.85665283,0.0001373002091222,17.20756934,200722.0,103234.0,94012.0,495212896790070.0,53.23753833770752
2022-10-25,52.56521987915039,56.69667053222656,52.39209365844727,56.02515411376953,544831810,3844155467.625,0.10521293,503.93595175,0.0001452648825032,16.78233764,251680.0,116027.0,102556.0,508940076935040.0,54.41978454589844
2022-10-26,56.01229095458984,57.4550895690918,55.77552795410156,56.39167785644531,615500789,4062572923.5,0.09746788,509.88320336,0.0001525596166471,16.78233764,228818.0,121338.0,104186.0,511159126278620.0,56.40864658355713
2022-10-27,56.39434051513672,56.6036262512207,54.72449493408203,54.80760955810547,531516232,3957197848.0,0.09951611,501.74946628,0.0001520142158853,16.78233764,224875.0,116948.0,102925.0,507227648488280.0,55.63251781463623
2022-10-28,54.80946350097656,55.39767074584961,53.736907958984375,55.00389862060547,485918370,3909719737.5,0.1004661,504.41766487,0.0001502720280976,17.75153945,230997.0,120690.0,104635.0,528445624925310.0,54.736985206604004
2022-10-29,55.00160217285156,57.38797378540039,54.77611923217773,56.49617767333984,680353979,4017351109.125,0.10059342,509.8196327,0.0001365923115928,17.75153945,220659.0,125271.0,104720.0,519090323029590.0,55.91546821594238
2022-10-30,56.51261520385742,57.30467987060547,54.90853500366211,55.38955307006836,476487677,3967687597.5,0.09740145,490.40540309,0.00015069136516,17.75153945,210810.0,111187.0,96062.0,482122239989416.0,56.02884578704834
2022-10-31,55.38230895996094,56.294715881347656,54.229270935058594,55.084434509277344,530884510,3892975138.5,0.10010754,476.85570724,0.0001444598734768,17.18068083,215957.0,111227.0,91999.0,475637894281630.0,55.24768257141113
2022-11-01,55.08561325073242,55.830039978027344,54.63513946533203,55.12718963623047,427975211,3919842659.25,0.10447919,491.85645465,0.0001503322719465,17.18068083,247314.0,126149.0,108286.0,494272356826700.0,55.169495582580566
2022-11-02,55.12697219848633,62.11707305908203,54.834171295166016,60.55846786499024,1674017428,4353700880.25,0.10296431,524.1226983,0.0001561692793761,17.18068083,237331.0,123607.0,107851.0,523890543126860.0,58.15917110443115
2022-11-03,60.563323974609375,64.2907943725586,60.42015075683594,61.92131423950195,1257411661,4384917730.0,0.10344665,526.63495451,0.0001426020098269,17.18068083,235387.0,121511.0,110512.0,521189477156930.0,61.798895835876465
2022-11-04,61.91897964477539,69.36846160888672,61.81066131591797,67.59659576416016,2151904532,4854684042.0,0.09748079,523.36824713,0.0001341098594717,17.99412223,228935.0,124232.0,109800.0,540015668136660.0,65.17367458343506
2022-11-05,67.59465789794922,71.28485107421875,67.28504943847656,69.72119903564453,1505513756,5082706872.0,0.10163924,537.43319334,0.0001458144664411,17.99412223,235181.0,124530.0,109107.0,546217253280690.0,68.97143936157227
2022-11-06,69.68710327148438,70.4658432006836,67.89131164550781,68.08605194091797,1004920656,4949432546.625,0.09580538,536.45986407,0.0001426069817938,17.99412223,222337.0,113113.0,103207.0,534295466477080.0,69.03257751464844
2022-11-07,68.11200714111328,72.61084747314453,67.28209686279297,67.65226745605469,1373144070,4970699993.0,0.12596913,536.77971899,0.0001470022894246,18.66334279,236091.0,109665.0,105651.0,543768334649110.0,68.91430473327637
2022-11-08,67.6431884765625,68.26932525634766,56.00795364379883,57.39180374145508,1854346680,4745757796.375,0.15055902,540.59210904,0.0001607126293182,18.66334279,302648.0,120583.0,103833.0,547610634378120.0,62.328067779541016
2022-11-09,57.4444465637207,59.548316955566406,49.33195495605469,50.65857696533203,1725423337,3900200079.375,0.11519721,529.80753672,0.0001579331679378,18.66334279,258898.0,120835.0,105545.0,533592350230040.0,54.24582386016846
2022-11-10,50.65410614013672,61.0633430480957,50.26551055908203,60.36105346679688,1623775451,4235600132.75,0.10440934,523.2713624,0.0001505917118297,18.66334279,229734.0,124823.0,106097.0,530242786528020.0,55.58600330352783
2022-11-11,60.35039520263672,63.74396514892578,59.21273422241211,61.24228286743164,1292495839,4297614483.375,0.12715253,543.66052017,0.0001159098082259,18.70748219,278233.0,168132.0,141260.0,555418845872520.0,61.13734436035156
2022-11-12,61.2583236694336,61.48381423950195,58.682254791259766,59.85555267333984,694111623,4284429556.0,0.14120662,541.53908636,0.0001098594965993,18.70748219,297576.0,191972.0,147179.0,534611486578180.0,60.31998634338379
2022-11-13,59.861961364746094,60.19234848022461,56.75194549560547,57.48717498779297,514877448,4163858371.25,0.12976283,536.52038459,0.0001364645305875,18.70748219,289812.0,170707.0,128778.0,532723065888990.0,58.573357582092285
2022-11-14,57.473968505859375,59.03120040893555,53.97700119018555,56.546199798583984,812582160,4069749030.625,0.1318283,540.72848754,0.0001229976402568,18.7928563,285681.0,161095.0,124272.0,539000132237480.0,56.75709247589111
2022-11-15,56.54057693481445,59.43242645263672,56.54057693481445,58.00726318359375,554300042,4219140091.0,0.12155376,551.95674279,0.0001287163901797,18.7928563,276794.0,144243.0,120934.0,560327185269650.0,57.630210876464844
2022-11-16,57.99906921386719,59.97846603393555,56.982696533203125,57.51642227172852,589292031,4112862534.0,0.09932599,569.6239152,0.0001478517498044,18.7928563,233099.0,126865.0,103543.0,573405977378190.0,58.119163513183594
2022-11-17,57.51876449584961,62.91094970703125,57.27116012573242,62.48411560058594,781698635,4237191026.25,0.10301973,544.27249395,0.0001431454585969,18.7928563,230530.0,133248.0,102094.0,534243525784390.0,60.046247482299805
2022-11-18,62.486942291259766,63.61214065551758,61.68499755859375,62.64376449584961,658083895,4483339150.5,0.11670126,527.35138331,0.0001504299149273,19.26032391,253561.0,141661.0,108378.0,545625344162260.0,62.606961250305176
2022-11-19,62.635292053222656,64.29181671142578,61.63325500488281,63.81239700317383,536167505,4523198213.5,0.10219086,554.53925572,0.0001381692216504,19.26032391,229762.0,133201.0,104349.0,550893338435580.0,63.09319019317627
2022-11-20,63.81458282470703,64.51478576660156,60.91036987304688,62.00232696533203,608805129,4435490925.0,0.10205276,540.08610069,0.0001454001304384,19.26032391,223422.0,124725.0,94144.0,531887454867938.0,62.810516357421875
2022-11-21,62.0029411315918,63.187744140625,59.8094596862793,61.37348937988281,869131451,4404411821.25,0.09923463,535.71095419,0.0001558973864978,18.98397449,234189.0,124874.0,93985.0,544315562492960.0,61.59340858459473
2022-11-22,61.36384963989258,70.49604034423828,61.302490234375,70.44279479980469,1313490535,5036263197.25,0.11417049,550.32091451,0.000152952460662,18.98397449,265519.0,128299.0,96726.0,545691858022110.0,65.90129375457764
2022-11-23,70.46426391601562,81.56343841552734,69.78589630126953,79.00006866455078,2115042339,5630309845.625,0.10665785,568.57407378,0.0001569918499778,18.98397449,251001.0,132199.0,106131.0,593731217365620.0,75.20341682434082
2022-11-24,78.99910736083984,79.03105163574219,76.00837707519531,78.83014678955078,1248286495,5637372295.0,0.09731781,579.10521812,0.0001478652885923,19.99699635,236146.0,126165.0,99223.0,599647081552880.0,78.21717071533203
2022-11-25,78.80712127685547,78.85713958740234,73.60417938232422,74.02890014648438,891650503,5455845861.25,0.11429851,573.62800058,0.000144989389602,19.99699635,270658.0,133250.0,101655.0,573397587720060.0,76.3243350982666
2022-11-26,74.0214614868164,79.24798583984375,74.0214614868164,76.37289428710938,765406705,5479298716.0,0.10903225,555.79360299,0.0001443244259702,19.99699635,238974.0,132112.0,99899.0,544849179547900.0,75.91595077514648
2022-11-27,76.38352966308594,78.89019012451172,74.84988403320312,75.04431915283203,622191865,5488420293.75,0.09894598,537.92582391,0.0001449414022842,19.99699635,220120.0,123142.0,92984.0,541357517004710.0,76.2919807434082
2022-11-28,75.04519653320312,75.28052520751953,70.88888549804688,74.12022399902344,848737350,5100284567.0,0.11188294,560.61104752,0.0001409309846749,19.24144851,250826.0,125394.0,101272.0,558428084936780.0,73.83370780944824
2022-11-29,74.08927154541016,77.37468719482422,73.67680358886719,75.98377227783203,784423812,5416375584.0,0.11818985,560.365063,0.0001338421014025,19.24144851,277836.0,130029.0,110155.0,564030506895490.0,75.2811336517334
2022-11-30,75.98596954345703,79.78611755371094,75.76333618164062,79.2977066040039,730020088,5567576842.75,0.105524,564.20919026,0.0001459970835253,19.24144851,261255.0,150586.0,101969.0,563853598313030.0,77.70828247070312
2022-12-01,79.29113006591797,79.94892120361328,76.67385864257812,77.51800537109375,662986878,5525840448.875,0.1065292,584.60811154,0.000132144420813,19.86512341,265643.0,146664.0,107202.0,589971473841450.0,78.35797882080078
2022-12-02,77.52195739746094,77.95706939697266,75.7491683959961,77.95148468017578,458462393,5475478230.0,0.10958787,588.56555117,0.0001203779829127,19.86512341,264601.0,155567.0,111428.0,590812592111725.0,77.29491996765137
2022-12-03,77.9508285522461,77.95121765136719,75.7414321899414,76.59791564941406,348753640,5486075725.5,0.10753553,596.54524617,0.0001325171208049,19.86512341,257100.0,149276.0,106436.0,599468890542760.0,77.06034851074219
2022-12-04,76.58692932128906,77.21934509277344,75.92654418945312,77.21428680419922,322480996,5484514574.875,0.08815521,590.32142316,0.0001377978604208,19.86512341,224906.0,124946.0,96748.0,594649945558420.0,76.73677635192871
2022-12-05,77.20143127441406,83.82389068603516,76.93034362792969,80.26353454589844,974931920,5864670531.0,0.10776636,570.20110646,0.0001509203172568,20.63887618,230871.0,120352.0,95979.0,573279336280716.0,79.55480003356934
2022-12-06,80.25992584228516,81.64342498779297,77.9024658203125,79.92121887207031,561961413,5708113648.875,0.1104462,589.69200946,0.0001414325089204,20.63887618,263146.0,132763.0,100051.0,608683574459080.0,79.93175888061523
2022-12-07,79.91864013671875,80.21939086914062,76.16535949707031,77.03605651855469,569587946,5509141862.5,0.09900182,625.39848134,0.0001363903915955,20.63887618,238504.0,125352.0,97805.0,615578317910310.0,78.3348617553711
2022-12-08,77.02951049804688,78.54460144042969,74.81533813476562,78.3898696899414,612007545,5465141455.125,0.10422553,566.82391662,0.0001466423066994,20.27391301,230183.0,121955.0,97620.0,551029118613020.0,77.1948299407959
2022-12-09,78.38641357421875,78.56754302978516,76.09815979003906,76.33456420898438,440676994,5514529784.25,0.10241788,567.63161092,0.0001282858936356,20.27391301,241727.0,140708.0,105054.0,586360238872360.0,77.34667015075684
2022-12-10,76.34083557128906,77.32261657714844,75.98724365234375,76.3709945678711,272669009,5551666851.0,0.12178418,574.5369864,0.000128157434535,20.27391301,256357.0,149202.0,110479.0,554244954334650.0,76.50542259216309
2022-12-11,76.37084197998047,78.26119232177734,76.37084197998047,76.6280517578125,286405662,5557942102.5,0.10237634,547.41576769,0.0001477972607123,20.27391301,229980.0,129911.0,96244.0,558261931381730.0,76.9077320098877
2022-12-12,76.625244140625,76.625244140625,73.81819915771484,76.22152709960938,463127138,5389011670.0,0.1035683,563.48332254,0.000146036929232,19.93066111,242708.0,124526.0,94605.0,574169379461120.0,75.82255363464355
2022-12-13,76.2125244140625,79.5179672241211,74.82292938232422,77.344482421875,680106244,5607896896.0,0.12166067,568.92761648,0.0001240032038305,19.93066111,291551.0,152138.0,115596.0,569196278195390.0,76.9744758605957
2022-12-14,77.35295867919922,78.9631576538086,75.3160400390625,75.47586059570312,583539478,5637199761.0,0.13067565,570.1953782,0.0001284205682969,19.93066111,323865.0,200679.0,111491.0,575241300792250.0,76.77700424194336
2022-12-15,75.47409057617188,75.47409057617188,72.1849136352539,72.3354721069336,471322636,5312367410.625,0.12870872,587.48447828,0.0001342828929315,20.12179003,321901.0,187943.0,111807.0,609533524274190.0,73.86714172363281
2022-12-16,72.34021759033203,73.45869445800781,65.80487823486328,66.32679748535156,725577784,4919898520.0,0.13917623,579.48282859,0.0001237057024366,20.12179003,328850.0,202608.0,118153.0,560030512979656.0,69.48264694213867
2022-12-17,66.33074188232422,67.53433227539062,63.48716735839844,64.9578857421875,688308693,4614271220.0,0.14608404,544.50364903,0.0001235941866561,20.12179003,326082.0,203477.0,117103.0,551555609397390.0,65.5775318145752
2022-12-18,64.9636459350586,65.63925170898438,63.55735397338867,64.55413055419922,335700601,4626259082.25,0.11605553,567.51793988,0.0001213828298263,20.12179003,299153.5,94117.0,60926.0,597315508320040.0,64.67859554290771
2022-12-19,64.56124114990234,64.83087158203125,61.86080932617188,63.3414306640625,461264127,4539749162.375,0.12062348,573.13630869,0.0001861178196304,19.87625595,272225.0,78947.0,109697.0,555625257123190.0,63.64858818054199
2022-12-20,63.351200103759766,65.95455169677734,63.235496520996094,65.74638366699219,519783204,4678941251.25,0.12343268,583.78955105,0.0001664808694237,19.87625595,274843.0,132596.0,107531.0,599426154880790.0,64.57190799713135
2022-12-21,65.7381362915039,66.65327453613281,64.90047454833984,65.39140319824219,375489125,4730487787.375,0.09820329,611.85225815,0.0001407752656324,19.87625595,244643.0,131002.0,109324.0,614900397963420.0,65.67082214355469
2022-12-22,65.39942169189453,66.5145492553711,64.51705169677734,66.15167236328125,368489876,4656214096.875,0.1015438,604.38008761,0.0001456479063341,20.88428307,241540.0,131512.0,100250.0,604664896709070.0,65.64567375183105
2022-12-23,66.15280151367188,66.59639739990234,65.45034790039062,65.77222442626953,306694378,4719923983.125,0.12108773,584.44665953,0.0001212091048506,20.88428307,265090.0,134301.0,118025.0,585699395226799.0,65.9929428100586
2022-12-24,65.77223205566406,66.01224517822266,65.26317596435547,65.77478790283203,178396939,4728287850.0,0.11735585,578.80119396,0.000122042400586,20.88428307,255524.0,134874.0,116030.0,588604478085750.0,65.70561027526855
2022-12-25,65.77474975585938,69.36314392089844,65.54060363769531,69.20626831054688,335124962,4741715727.0,0.09075904,585.9543434,0.0001377827084826,20.88428307,217926.0,120939.0,93473.0,590499306963120.0,67.47119140625
2022-12-26,69.20682525634766,70.8349380493164,68.71089172363281,70.68474578857422,457389047,5024141704.75,0.09141199,632.11817345,0.000138358549483,20.47476444,235635.0,129609.0,95952.0,626924656184230.0,69.85935020446777
2022-12-27,70.67948150634766,70.84424591064453,67.97071075439453,68.74790954589844,440850738,5025363941.625,0.11030498,610.08856469,0.00014957269972,20.47476444,261171.0,133517.0,98951.0,607766784636247.0,69.56058692932129
2022-12-28,68.7469482421875,69.21504211425781,66.10697174072266,66.33906555175781,457672812,4849621730.0,0.10678588,575.54980887,0.0001394947265355,20.47476444,245329.0,138172.0,102847.0,577749877511640.0,67.60200691223145
2022-12-29,66.34163665771484,67.1692886352539,65.92817687988281,66.7510757446289,337784432,4815594149.75,0.10147141,592.71176431,0.0001317978487476,20.78558048,246368.0,139924.0,105162.0,596963656051260.0,66.54754447937012
2022-12-30,66.74835205078125,68.33097839355469,66.3155288696289,67.99403381347656,324391932,4871503439.625,0.10430167,625.74154281,0.0001469266988338,20.78558048,256283.0,142137.0,107874.0,637035813306140.0,67.34722328186035
2022-12-31,67.99822998046875,70.88714599609375,67.7869644165039,69.9962158203125,367586009,5040386456.25,0.10591759,629.23614365,0.000136358637097,20.78558048,261687.0,141664.0,109076.0,625859138048730.0,69.16713905334473
2023-01-01,70.00282287597656,71.32891082763672,69.2348861694336,70.81565856933594,344383885,5063167165.0,0.09767979,586.52997935,0.0001479029452663,20.78558048,218443.0,122609.0,90036.0,570457042290850.0,70.3455696105957
2023-01-02,70.82049560546875,75.75517272949219,70.22737884521484,74.86290740966797,699498243,5416298509.5,0.10198376,573.67975617,0.0001419692262857,21.05747214,238898.0,125230.0,93678.0,573095077215450.0,72.91648864746094
2023-01-03,74.86341094970703,76.1574935913086,74.21105194091797,75.60272216796875,562329324,5363564890.5,0.12181238,588.76361355,0.0001352073922456,21.05747214,265750.0,130485.0,96539.0,598679053759910.0,75.20866966247559
2023-01-04,75.60233306884766,77.644287109375,74.65835571289062,75.43390655517578,577893231,5482150072.0,0.10693475,590.22066745,0.0001323809775593,21.05747214,255980.0,134077.0,100710.0,601852074025800.0,75.83472061157227
2023-01-05,75.43116760253906,76.17188262939453,73.91404724121094,74.25080871582031,432215597,5352399808.125,0.12677175,596.96417071,0.0001160612476472,20.74557729,264304.0,155161.0,124322.0,593676005603640.0,74.94197654724121
2023-01-06,74.25939178466797,76.26553344726562,73.01207733154297,75.9925765991211,537790219,5416253437.75,0.14077492,578.97962706,0.0001151934571564,20.74557729,256236.0,133888.0,111207.0,580080723018200.0,74.88239479064941
2023-01-07,75.99344635009766,76.60201263427734,75.66865539550781,76.37344360351562,332539243,5466500975.0,0.09703016,584.14474275,0.0001295390942914,20.74557729,232583.0,130398.0,101059.0,601587344353147.0,76.15938949584961
2023-01-08,76.36907958984375,77.6822738647461,75.52995300292969,77.6822738647461,384160222,5527532696.5,0.09159634,599.94361697,0.0001358783730981,20.74557729,221371.0,121041.0,90700.0,602122844045930.0,76.8158950805664
2023-01-09,77.67666625976562,83.28827667236328,77.67666625976562,81.747314453125,879528523,5958766217.25,0.10231997,599.2034197,0.0001391579215814,20.89499906,245875.0,122795.0,94952.0,617689829533970.0,80.09723091125488
2023-01-10,81.73111724853516,82.59616088867188,79.88059997558594,80.88751983642578,561103552,5821813082.0,0.10499714,609.79736376,0.0001368196577961,20.89499906,253560.0,130082.0,100671.0,609727239006000.0,81.27384948730469
2023-01-11,80.88765716552734,84.414794921875,80.1606216430664,84.0703125,651624972,5816647590.625,0.10187321,615.9537583,0.0001218257808905,20.89499906,239855.0,130199.0,103446.0,619761032925910.0,82.38334655761719
2023-01-12,84.28632354736328,86.03971862792969,82.8438491821289,85.96422576904297,919252860,5998011892.25,0.12688678,582.41867286,0.0001343544047548,20.8281053,251502.0,131893.0,100782.0,574435182868500.0,84.78352928161621
2023-01-13,85.96900939941406,87.58306121826172,83.92391204833984,86.34003448486328,726155927,6139112088.5,0.1053608,590.52046475,0.0001262437286508,20.8281053,245723.0,141379.0,102112.0,594049542443750.0,85.95400428771973
2023-01-14,86.33483123779297,90.64549255371094,86.17276000976562,87.81385803222656,1235692684,6386179256.25,0.11382509,613.25527252,0.000132545662696,20.8281053,268107.0,143174.0,106029.0,624508150416700.0,87.74173545837402
2023-01-15,87.81404113769531,88.45198059082031,85.99716186523438,87.36553192138672,575262096,6370981527.75,0.09189241,615.9782449,0.0001132494480752,20.8281053,234297.0,131626.0,94560.0,621402838474605.0,87.40717887878418
2023-01-16,87.36483001708984,88.84612274169922,85.13117218017578,85.83431243896484,643419793,6212388745.0,0.09728398,628.309125,0.0001552239598182,21.23396776,246920.0,133417.0,94421.0,644625225274970.0,86.79410934448242
2023-01-17,85.84930419921875,88.6110610961914,85.00495147705078,87.11742401123047,689233513,6220268832.5,0.10531475,661.2160755,0.0001292589914375,21.23396776,270194.0,139189.0,106161.0,656954526605770.0,86.64568519592285
2023-01-18,87.12406158447266,88.21279907226562,82.76156616210938,82.77532958984375,745330320,6117123553.25,0.09944681,643.14733247,0.0001275883170679,21.23396776,250428.0,134203.0,97651.0,648640762834070.0,85.21843910217285
2023-01-19,82.76729583740234,84.42252349853516,82.14119720458984,84.23226928710938,468877565,6011761261.375,0.10406854,638.00586651,0.0001337069956816,22.75774327,212241.0,92056.0,94018.0,665226473650930.0,83.39082145690918
2023-01-20,84.23062133789062,90.72124481201172,83.22157287597656,90.49322509765624,618138690,6110436862.5,0.09211563,641.0063736,0.0001333491872177,22.75774327,220670.0,120390.0,98981.0,669257081374680.0,87.16666603088379
2023-01-21,90.4991455078125,91.3327865600586,88.31027221679688,88.31465148925781,678058077,6405208180.875,0.11101059,630.84873149,0.0001344175581732,22.75774327,247280.0,139453.0,103398.0,620374243556510.0,89.61421394348145
2023-01-22,88.31466674804688,89.89444732666016,86.98963165283203,87.62997436523438,525923629,6400797588.5,0.09371274,630.50155235,0.0001330261168779,22.75774327,223951.0,129914.0,93157.0,644965954558390.0,88.20718002319336
2023-01-23,87.63065338134766,92.5329818725586,87.63065338134766,90.02592468261719,674337929,6526213454.25,0.10383594,644.34271172,0.0001370615402473,22.4592963,259833.0,130162.0,93472.0,656956038371800.0,89.45505332946777
2023-01-24,90.01139068603516,91.09490203857422,86.69969177246094,87.202880859375,508764326,6475693363.25,0.10474526,678.88347496,0.0001322902729259,22.4592963,255895.0,132322.0,96986.0,668135695365660.0,88.75221633911133
2023-01-25,87.21868133544922,91.62334442138672,85.99020385742188,89.38101196289062,526831341,6298889324.0,0.12292614,672.77240105,0.0001421947114893,22.4592963,239054.0,128177.0,94000.0,662299623950050.0,88.55331039428711
2023-01-26,89.36752319335938,89.85004425048828,87.17108917236328,87.5894546508789,495312033,6351525845.5,0.09733011,703.68893787,0.0001326278369583,23.50503133,228771.0,132822.0,102023.0,746114100774700.0,88.49452781677246
2023-01-27,87.59169006347656,89.10095977783203,86.3469009399414,88.84580993652344,432915139,6310340672.25,0.10645906,706.13302624,0.0001315112604732,23.50503133,248172.0,135498.0,100494.0,685738015736300.0,87.97134017944336
2023-01-28,88.85044860839844,89.6626968383789,87.50555419921875,89.60193634033203,403642649,6354252192.75,0.105775,673.03254204,0.0001329682080764,23.50503133,243204.0,130318.0,100713.0,689652615696541.0,88.90515899658203
2023-01-29,89.60147094726562,97.46087646484376,89.60147094726562,95.05005645751952,1052463965,6884604202.5,0.10039038,684.74350755,0.0001351069294631,24.04949583,241111.0,126515.0,98048.0,690981205347549.0,92.92846870422363
2023-01-30,95.04669952392578,95.84671783447266,89.49971771240234,91.26243591308594,767486345,6648536457.5,0.10644888,683.07777315,0.0001328011196611,24.04949583,238416.0,116076.0,93957.0,678846295121740.0,92.91389274597168
2023-01-31,91.26331329345705,95.99915313720705,91.26331329345705,94.30811309814452,786998062,6863562918.5,0.10831181,664.60951992,0.0001453416581176,24.04949583,227555.0,93080.0,100596.0,672657107779060.0,93.20847320556642
2023-02-01,94.2973861694336,101.98343658447266,94.0133056640625,100.4436264038086,1000421802,6803590584.375,0.10518535,668.65139883,0.0001419959888546,24.04949583,231298.0,112529.0,101567.0,667828351124040.0,97.68443870544434
2023-02-02,100.43993377685548,101.8777313232422,98.49517822265624,98.690185546875,679499126,7251819496.25,0.12921642,641.98076482,0.000148728903615,23.31512894,291608.0,178117.0,102765.0,638891002640900.0,99.87575721740723
2023-02-03,98.67835998535156,100.4805679321289,98.03994750976562,99.9709243774414,581587515,7157266543.125,0.10618025,657.84136724,0.000133683300006,23.31512894,266625.0,152248.0,99018.0,686727314716219.0,99.29244995117188
2023-02-04,99.96023559570312,101.08512115478516,98.52680206298828,98.6144790649414,412470764,7199913274.125,0.09220666,710.16243665,0.0001351057146194,23.31512894,243321.0,131083.0,98444.0,720952866382990.0,99.54665946960449
2023-02-05,98.6142349243164,98.81040954589844,95.21514892578124,96.45875549316406,467715468,6991229749.875,0.08550981,687.34071714,0.000121072888639,24.07424516,223646.0,114930.0,90714.0,696760785710408.0,97.27463722229004
2023-02-06,96.46707916259766,97.8489990234375,95.40951538085938,96.0624542236328,454784285,7002002883.75,0.09363975,666.18962585,0.0001513926637657,24.07424516,214656.0,103481.0,84572.0,664865862999950.0,96.44701194763184
2023-02-07,96.04475402832033,101.16192626953124,95.97954559326172,100.92766571044922,723164903,7113946242.375,0.12257435,684.50071759,0.0001301972464882,24.07424516,287941.0,155771.0,111839.0,697794760999040.0,98.52847290039062
2023-02-08,100.92325592041016,102.02371978759766,97.43045043945312,99.2076187133789,627006188,7131281064.0,0.1345684,696.99720314,0.0001739274684356,24.07424516,352785.0,233511.0,91955.0,707227643376400.0,99.89626121520996
2023-02-09,99.21289825439452,99.3779296875,90.92083740234376,92.09846496582033,835624265,6971577362.5,0.13988169,668.89749573,0.0001464998259434,23.71645493,348674.0,233590.0,96348.0,656027271583600.0,95.40253257751465
2023-02-10,92.09505462646484,94.0442886352539,91.3700942993164,93.52928161621094,636744666,6644967006.125,0.1430086,666.57826615,0.0001390270709095,23.71645493,354726.0,240608.0,105275.0,676850373256910.0,92.75967979431152
2023-02-11,93.5305633544922,94.70785522460938,93.03905487060548,94.43054962158205,410760115,6772093564.5,0.12905184,684.01742874,0.0001244147611848,23.71645493,316157.0,181664.0,111132.0,702686790252160.0,93.92700576782227
2023-02-12,94.42091369628906,94.52456665039062,91.60399627685548,92.39573669433594,367491351,6759064700.75,0.10194297,698.59502706,0.0001145772578665,24.13130941,249441.0,129550.0,105097.0,714872897700340.0,93.23630332946777
2023-02-13,92.39724731445312,94.67049407958984,88.84952545166016,91.12174987792967,681702114,6579066945.875,0.10335262,686.90557571,0.0001438015737665,24.13130941,234929.0,118212.0,100574.0,695087758891410.0,91.7597541809082
2023-02-14,91.1250991821289,95.76618194580078,90.5352020263672,95.68757629394533,594958420,6816104193.75,0.1233578,700.61712843,0.000118678472651,24.13130941,284418.0,147725.0,116915.0,723905024629810.0,93.27851486206055
2023-02-15,95.68885803222656,102.81857299804688,95.18052673339844,102.79530334472656,725730052,7043773170.0,0.09967063,710.80851238,0.0001328935713526,24.13130941,251379.0,121495.0,94040.0,700713500033360.0,99.12081527709961
2023-02-16,102.78801727294922,104.48017120361328,98.91292572021484,98.95220184326172,737793870,7480443839.25,0.1010826,698.87378585,0.0001226415866174,24.47945788,254824.0,118394.0,96753.0,711477934634600.0,101.28332901000977
2023-02-17,98.9504623413086,101.54397583007812,98.6726531982422,100.30950927734376,725287123,7183925478.0,0.12046478,648.64845119,0.0001351076583033,24.47945788,244533.0,124218.0,96413.0,640103684675220.0,99.86915016174316
2023-02-18,100.3018798828125,101.6111297607422,99.2220230102539,99.7918472290039,625887364,7236687222.0,0.10479107,643.2068697,0.0001138799277057,24.47945788,253447.0,136238.0,98763.0,665857844888650.0,100.23171997070312
2023-02-19,99.79312133789062,101.1244888305664,97.3059539794922,97.56421661376952,550959680,7256152321.0,0.09868112,671.95182948,0.0001197761451389,23.05503985,222344.0,112931.0,92408.0,644474739417220.0,98.94694519042969
2023-02-20,97.60203552246094,98.48907470703124,94.90387725830078,95.9408187866211,805774822,7006657084.0,0.08666276,662.85529227,0.0001283877755662,23.05503985,218280.0,104559.0,84408.0,677875763157680.0,96.73395156860352
2023-02-21,95.94813537597656,96.7424087524414,92.47864532470705,93.70948028564452,693293752,6753531464.5,0.44212807,697.58278488,0.0001587536600366,23.05503985,240766.0,116075.0,91051.0,697674891517040.0,94.71966743469238
2023-02-22,93.72162628173828,95.35537719726562,92.1110382080078,95.21892547607422,668342701,6654362271.125,0.59847826,675.54401476,0.0001287788801224,23.05503985,264353.0,142923.0,120915.0,669337234837070.0,94.10174179077148
2023-02-23,95.2168197631836,96.15288543701172,93.7488250732422,94.6919937133789,489893890,6825021403.75,0.23238484,652.3047681,0.0001381605964488,23.50151442,232100.0,124801.0,102557.0,643677150901342.0,94.9526309967041
2023-02-24,94.687744140625,95.13282775878906,90.82508850097656,91.55509948730467,503847733,6649951592.375,0.14733398,714.01868522,0.0001214041493263,23.50151442,235225.0,124675.0,101161.0,725656384301050.0,93.05018997192383
2023-02-25,91.56354522705078,93.39837646484376,91.15186309814452,93.2634506225586,414154710,6616656693.0,0.20913267,747.9658776,0.0001190209331448,23.50151442,255447.0,135372.0,113873.0,748999717639910.0,92.34430885314941
2023-02-26,93.2463150024414,95.46882629394533,92.91877746582033,95.25562286376952,382931744,6801149339.0,0.18393765,713.35430755,0.0001036700698506,25.12269737,232206.0,126591.0,110092.0,727945091155680.0,94.22238540649414
2023-02-27,95.25726318359376,95.93436431884766,92.99018096923828,94.08667755126952,432031681,6850280735.625,0.50620038,689.48502035,0.0001235451792135,25.12269737,256724.0,130114.0,113189.0,693997957225120.0,94.5671215057373
2023-02-28,94.08485412597656,95.861083984375,93.38899993896484,93.79277801513672,409490427,6918998964.625,0.25108045,699.02846188,0.0001263763735883,25.12269737,263964.0,127630.0,101122.0,711951235048470.0,94.28192901611328
2023-03-01,93.79537200927734,97.92925262451172,93.79537200927734,97.73766326904295,533714000,7058703801.625,0.31324705,744.37121063,0.0001088488932542,25.12269737,281819.0,164110.0,137701.0,739782274121240.0,95.81441497802734
2023-03-02,97.73342895507812,98.11628723144533,94.28402709960938,95.25724029541016,469936514,6849402116.75,0.5388185,695.16659548,8.23777631524e-05,24.69554042,351672.0,233698.0,191980.0,671668948323190.0,96.34774589538574
2023-03-03,95.26394653320312,95.35025024414062,88.11177062988281,90.5489730834961,651979397,6472884075.0,0.16605357,698.19863896,9.1887095235e-05,24.69554042,286139.0,166759.0,140631.0,724227383587278.0,92.31873512268066
2023-03-04,90.54444122314452,90.7447738647461,88.05729675292969,89.28953552246094,353464242,6490882822.5,0.41290021,699.62964151,9.42601847403e-05,24.69554042,299926.0,180164.0,146963.0,709295120247400.0,89.65901184082031
2023-03-05,89.2894287109375,91.68465423583984,89.26779174804688,89.9533462524414,334569360,6554553180.0,0.4782699,702.86551183,0.0001086764950201,24.63743587,248433.0,124293.0,116771.0,706118029882760.0,90.0488052368164
2023-03-06,89.94908905029297,90.46906280517578,87.15454864501953,87.42292022705078,497425953,6427695453.125,0.73308536,684.63158073,0.0001046526198696,24.63743587,267241.0,139193.0,129766.0,673249150512480.0,88.74890518188477
2023-03-07,87.42385864257812,88.69581604003906,84.95177459716797,86.3019027709961,562810842,6240710964.0,0.95016402,664.49339806,0.0001095194920632,24.63743587,285648.0,136943.0,130154.0,676031462226380.0,86.84333801269531
2023-03-08,86.30134582519531,86.50735473632812,82.11461639404297,82.78353118896484,501018352,6133377320.375,0.52841271,689.80886471,8.22140104022e-05,24.63743587,333553.0,185439.0,169579.0,692234772178940.0,84.42671203613281
2023-03-09,82.78529357910156,84.7593765258789,75.72064971923828,76.73104858398438,688488963,6082547269.0,0.25687529,687.73700044,0.0001009002227107,23.67916892,314727.0,124552.0,125544.0,689034101120950.0,79.99909210205078
2023-03-10,76.73309326171875,76.77790069580078,69.158935546875,71.76221466064453,1038005217,5128272001.25,0.12218104,718.11331849,0.000107588959763,23.67916892,282078.0,134384.0,126923.0,730333829794340.0,73.60803604125977
2023-03-11,71.74779510498047,74.0255355834961,66.67816162109375,69.70695495605469,1077950408,4873042600.0,0.10242653,735.24320416,0.0001104107054089,23.67916892,266944.0,135364.0,117804.0,717841228569130.0,70.53961181640625
2023-03-12,69.71017456054688,76.47943878173828,68.2200698852539,76.31184387207031,766082096,4960492782.5,0.10884035,730.48180073,0.0001269024570149,25.20794302,233652.0,122648.0,98290.0,750217345647110.0,72.68038177490234
2023-03-13,76.34123229980469,82.90601348876953,74.9416732788086,81.7682876586914,1017027604,5905332258.0,0.10293506,701.54875336,0.0001339533216579,25.20794302,237972.0,114252.0,94215.0,706936785901290.0,78.98930168151855
2023-03-14,81.76873779296875,88.0995864868164,79.79379272460938,84.35054016113281,882163452,6369813729.5,0.23831871,714.43128643,0.0001483297305097,25.20794302,334857.0,190848.0,102564.0,730240212593090.0,83.50316429138184
2023-03-15,84.35587310791016,85.65532684326172,75.65375518798828,76.42815399169922,805712252,5673085008.5,0.14305701,712.62125326,0.0001403589275872,25.20794302,321165.0,194746.0,99430.0,715739802960630.0,80.52327728271484
2023-03-16,76.46414947509766,79.8748779296875,76.20967864990234,79.05355072021484,542002591,5749755906.125,0.11808008,695.25807637,0.00013449011071,24.74834786,273590.0,158394.0,98907.0,695131603265990.0,77.90056419372559
2023-03-17,79.05499267578125,85.50890350341797,78.52023315429688,85.5023193359375,610202264,5924358015.625,0.11538085,720.7504902,0.0001352743912049,24.74834786,290773.0,166940.0,102785.0,732329825551420.0,82.1466121673584
2023-03-18,85.52595520019531,87.87979125976562,82.8204345703125,82.9837417602539,602010403,6144635102.5,0.11406682,704.0650697,0.0001174731060696,24.74834786,269301.0,136383.0,100896.0,693102988879610.0,84.80248069763184
2023-03-19,83.00101470947266,86.41730499267578,82.68276977539062,84.43609619140625,444514565,6167017886.0,0.08949398,699.1867812,0.0001468538867485,24.94260227,228715.0,120619.0,93703.0,717525347371180.0,84.13429641723633
2023-03-20,84.42091369628906,84.48253631591797,78.3705062866211,78.42455291748047,578107211,5926115802.0,0.10268746,714.49630823,0.0001389112008088,24.94260227,236766.0,116044.0,91988.0,723532242139450.0,81.42462730407715
2023-03-21,78.43461608886719,83.13487243652344,77.72624969482422,82.7353515625,567896558,5936885391.25,0.22329222,729.92835012,0.0001363446144245,24.94260227,243239.0,123863.0,97750.0,738341397852700.0,80.50777244567871
2023-03-22,82.71697998046875,88.15037536621094,79.94864654541016,87.35688781738281,969686696,5883753871.75,0.15401056,702.96735374,0.0001300174006946,24.94260227,239249.0,124316.0,98761.0,687531990779290.0,84.54322242736816
2023-03-23,87.34841918945312,94.44811248779295,86.03134155273438,93.70100402832033,1054746379,6763602259.625,0.17627001,672.45264895,0.0001298447419791,24.57685698,243079.0,127093.0,103480.0,689726896685440.0,90.3822193145752
2023-03-24,93.69886016845705,95.75912475585938,89.8736801147461,93.70990753173828,866952422,6638046657.375,0.16317192,715.16809744,0.0001454178043312,24.57685698,245186.0,127638.0,102602.0,725698904044090.0,93.2603931427002
2023-03-25,93.7067642211914,93.96833038330078,90.42384338378906,91.58114624023438,493921885,6726544908.75,0.26927632,728.3129122,0.0001125705059703,24.57685698,238875.0,133576.0,106192.0,728460693499930.0,92.4200210571289
2023-03-26,91.5821762084961,94.64312744140624,90.98301696777344,93.5251922607422,489851737,6743933584.875,0.10074121,735.73948969,0.0001214552776385,25.59643465,216018.0,111692.0,93773.0,770330224833030.0,92.68337821960449
2023-03-27,93.51691436767578,93.6174545288086,88.17765808105469,89.24687194824219,552145190,6465159160.0,0.09146045,733.09523803,0.0001229082796258,25.59643465,212255.0,105540.0,88411.0,720342024159770.0,91.13972473144531
2023-03-28,89.24317932128906,89.42103576660156,86.03421020507812,89.13937377929688,556233998,6335145703.0,0.09981068,715.15157506,0.0001238200169613,25.59643465,235870.0,119525.0,94332.0,731396478226160.0,88.4594497680664
2023-03-29,89.13932800292969,92.87533569335938,89.09891510009766,91.34173583984376,541611636,6650069525.875,0.09350456,708.15937186,0.0001106050441757,25.59643465,224278.0,117943.0,95754.0,697787417320230.0,90.61382865905762
2023-03-30,91.34050750732422,92.9992904663086,87.33723449707031,89.05989074707031,593012954,6475721530.0,0.10319022,686.32414013,0.0001331405248104,24.81369557,228658.0,119778.0,96149.0,668349352893480.0,90.18423080444336
2023-03-31,89.07251739501953,90.2085418701172,87.93004608154297,89.68412780761719,452243261,6497409145.125,0.09989821,681.67752517,0.0001189206464886,24.81369557,232412.0,125328.0,98424.0,704252580087910.0,89.22380828857422
2023-04-01,89.68643951416016,93.85362243652344,89.5528335571289,92.87535095214844,548762293,6752945062.5,0.09471346,723.9099883,0.0001204949158924,24.81369557,232058.0,121849.0,102250.0,719085990400040.0,91.49206161499023
2023-04-02,92.662841796875,94.4293441772461,90.8553237915039,93.01597595214844,549452266,6714367764.75,0.0910016,700.72033326,0.0001199655214331,24.46257399,205467.0,106868.0,93780.0,701400589987240.0,92.74087142944336
2023-04-03,93.0056610107422,95.3805923461914,90.58843231201172,93.03733825683594,693703512,6695433577.875,0.08863032,693.56020612,0.0001267452168342,24.46257399,207195.0,103212.0,92098.0,711034403875370.0,93.00300598144531
2023-04-04,93.03138732910156,93.91669464111328,91.79788970947266,92.60042572021484,455068842,6742567805.0,0.09591521,689.47443108,0.0001218521092735,24.46257399,231755.0,114105.0,97773.0,689395588500591.0,92.83659934997559
2023-04-05,92.59849548339844,94.87064361572266,91.71532440185548,92.6221160888672,574810382,6698186268.125,0.09429604,674.93068906,0.0001192084788784,24.46257399,220786.0,116324.0,97507.0,678801624936250.0,92.95164489746094
2023-04-06,92.6212387084961,92.6522445678711,90.22045135498048,90.9291534423828,401237969,6640014632.5,0.09619752,697.40307325,0.0001200874811121,24.32080275,229910.0,115796.0,99270.0,721598904423540.0,91.60577201843262
2023-04-07,90.92683410644533,91.39200592041016,89.55905151367188,90.6383285522461,409439989,6585484323.0,0.09378228,710.63793189,0.0001883555346321,24.32080275,222668.0,111668.0,98348.0,720334278592890.0,90.62905502319336
2023-04-08,90.6330795288086,91.29635620117188,89.63033294677734,89.9751968383789,321874464,6573838573.125,0.08130375,727.58271598,0.000111478634036,24.32080275,211243.0,111664.0,96862.0,732341846608760.0,90.38374137878418
2023-04-09,89.9766845703125,90.9792709350586,89.392578125,90.67667388916016,313065579,6501130886.25,0.07441039,751.74252598,9.74818805202e-05,25.30657699,198196.0,101483.0,89103.0,770345638341623.0,90.25630187988281
2023-04-10,90.67943572998048,94.204345703125,90.03181457519531,93.82122802734376,525494733,6711824843.75,0.08900989,755.97019772,0.0001639016434549,25.30657699,207488.0,100659.0,89251.0,754980119094620.0,92.18420600891113
2023-04-11,93.825927734375,96.88776397705078,93.38036346435548,94.31179809570312,640151185,6910186717.5,0.09641503,718.20936029,0.0001419920877989,25.30657699,226780.0,111933.0,98065.0,719034330580010.0,94.6014633178711
2023-04-12,94.30785369873048,94.67788696289062,91.2491226196289,92.50415802001952,501836456,6694237360.375,0.09864063,712.12208864,0.0001366834325729,25.30657699,229896.0,114191.0,96534.0,725926516061570.0,93.18475532531738
2023-04-13,92.13507843017578,94.53761291503906,91.93038940429688,94.2594985961914,494346656,6856961427.0,0.10258291,686.74448783,0.0001274730944425,25.40950869,225870.0,116082.0,99362.0,669579336597910.0,93.21564483642578
2023-04-14,94.2663345336914,98.80625915527344,93.99677276611328,96.45197296142578,856817465,6846694591.875,0.1031042,672.47405217,0.0001293031480536,25.40950869,225284.0,118552.0,101936.0,699049152442270.0,95.88033485412598
2023-04-15,96.45269775390624,97.24229431152344,95.18162536621094,96.8682098388672,403922763,7001546806.25,0.08905193,718.63854695,0.0001352161870915,25.40950869,218853.0,118970.0,99470.0,728183366408530.0,96.43620681762695
2023-04-16,96.8604507446289,101.86003875732422,95.65457916259766,100.26744842529295,768844226,7361502541.875,0.08622725,747.72350022,0.0001396519242453,24.86307382,213855.0,107174.0,92166.0,742663843500430.0,98.66062927246094
2023-04-17,100.25770568847656,100.3029327392578,97.98225402832033,98.67469787597656,687145902,7224780893.75,0.0928301,730.95338518,0.0001539884674337,24.86307382,206296.0,102096.0,92381.0,732572655496220.0,99.30439758300781
2023-04-18,98.69963073730467,103.0496063232422,98.15673065185548,101.8514175415039,711227682,7356438128.0,0.08907193,722.50725006,0.0001372571258595,24.86307382,218225.0,106690.0,93795.0,722323555000477.0,100.43934631347656
2023-04-19,101.84577178955078,101.860107421875,89.46781921386719,90.44068145751952,935252615,6858844358.625,0.09423406,696.06334641,0.0001256330550358,24.86307382,213261.0,106776.0,92994.0,697791509043884.0,95.90359497070312
2023-04-20,90.43507385253906,91.88353729248048,87.58045196533203,90.23965454101562,747749560,6546688134.375,0.08902682,685.02631935,0.0001222005229637,24.79746613,209072.0,106410.0,94366.0,683729066978740.0,90.0346794128418
2023-04-21,90.24197387695312,90.6721420288086,84.89508056640625,85.51734161376953,662381963,6473174720.25,0.08686409,732.1942277,0.0001236926962281,24.79746613,209403.0,106899.0,95259.0,746391087468200.0,87.83163452148438
2023-04-22,85.516357421875,87.25150299072266,85.03276824951172,87.09852600097656,380034373,6317405208.0,0.08353341,760.13720845,0.0001268133882475,24.79746613,209184.0,106128.0,92508.0,760024293884410.0,86.22478866577148
2023-04-23,87.09872436523438,87.13085174560547,84.92311096191406,86.89732360839844,382921210,6255426320.5,0.08292286,716.02741599,0.0001296607296025,25.55241466,196672.0,97827.0,88651.0,729331967323390.0,86.51250267028809
2023-04-24,86.88499450683594,88.88236236572266,86.3748550415039,88.40734100341797,516200917,6333185070.0,0.08355311,711.58893065,0.0001273697004368,25.55241466,195261.0,94404.0,86526.0,719161700488530.0,87.63738822937012
2023-04-25,88.40298461914062,91.65496826171876,87.41622924804688,91.10834503173828,614049406,6475720374.375,0.1036888,708.92576401,0.0001229818881592,25.55241466,228657.0,103423.0,91523.0,699053030860530.0,89.64563179016113
2023-04-26,91.10785675048828,93.80284118652344,85.43302154541016,88.25418853759766,798720366,6727508265.5,0.08742081,727.48490877,0.0001189912811826,25.55241466,208765.0,104681.0,93281.0,740291016422560.0,89.64947700500488
2023-04-27,88.25872039794922,90.5106964111328,87.78321838378906,89.68881225585938,574362305,6480628181.25,0.09223201,730.14622193,0.0001189216372201,24.79858472,206846.0,107323.0,94465.0,678778039146210.0,89.06036186218262
2023-04-28,89.69343566894531,90.18099212646484,88.3111801147461,89.73138427734375,438218243,6460848810.0,0.09821241,685.49726524,0.0001156950048056,24.79858472,217874.0,115784.0,99882.0,687445220891030.0,89.479248046875
2023-04-29,89.72390747070312,91.45570373535156,89.5018310546875,91.08751678466795,332392500,6599819039.0,0.09561464,691.23184535,0.0001123356599941,24.79858472,213744.0,114466.0,99963.0,687766328065460.0,90.44223976135254
2023-04-30,91.08707427978516,91.3938217163086,88.26285552978516,88.53362274169922,364294782,6628137838.5,0.08967732,708.9736914,0.0001051196528896,24.25320622,212512.0,108998.0,97433.0,706841853236470.0,89.81934356689453
2023-05-01,88.5123291015625,88.81195068359375,85.59090423583984,86.74261474609375,494450271,6325162824.375,0.08640575,737.02190243,0.00011021717768,24.25320622,213932.0,108999.0,104570.0,752012967584330.0,87.41444969177246
2023-05-02,86.74449157714844,89.02608489990234,86.2947769165039,88.29579162597656,406998356,6435089313.75,0.11420316,758.62224488,0.0001070039390411,24.25320622,238774.0,121526.0,121098.0,756645794575910.0,87.59028625488281
2023-05-03,88.2949447631836,89.7755355834961,85.85283660888672,88.89485168457031,466944292,6264496925.0,0.23299444,689.72046096,7.10708631072e-05,24.25320622,288171.0,178641.0,180163.0,658541962093020.0,88.20454216003418
2023-05-04,88.89431762695312,89.10044860839844,87.65029907226562,88.49445343017578,311253105,6396203660.0,0.16360709,651.82408881,7.41041244166e-05,24.70386345,314870.0,203118.0,215582.0,673334467199650.0,88.53487968444824
2023-05-05,88.49211120605469,89.52669525146484,87.07610321044922,88.83866882324219,402566192,6431822581.0,0.21366403,706.78345131,5.90276805655e-05,24.70386345,374340.0,263340.0,310192.0,729977523108980.0,88.48339462280273
2023-05-06,88.8398208618164,89.34297943115234,82.33717346191406,83.63143920898438,611083498,5997478023.875,0.24998357,720.37082391,3.7812418941e-05,24.70386345,480296.0,368491.0,435794.0,715995170367780.0,86.0378532409668
2023-05-07,83.6258544921875,84.69554138183594,83.34185028076172,83.5726089477539,345770753,6126280733.125,0.2440459,681.59970409,4.9722475299e-05,24.26069838,346581.0,243849.0,338347.0,653048707616475.0,83.80896377563477
2023-05-08,83.56997680664062,84.86123657226562,76.82546997070312,77.8734359741211,718898381,5917661120.0,0.49912573,638.71107331,4.06148846774e-05,24.26069838,481995.0,360158.0,477270.0,631557869276710.0,80.78252983093262
2023-05-09,77.87397003173828,80.05975341796875,77.59510803222656,80.0215835571289,468132043,5714838360.5,0.37305489,619.56055011,4.11586994575e-05,24.26069838,551120.0,421315.0,548994.0,634630955024690.0,78.88760375976562
2023-05-10,80.01506805419922,81.9688720703125,78.1779556274414,81.06997680664062,582964296,5929689968.125,0.36194371,655.14464678,3.88407894504e-05,24.26069838,616790.0,480506.0,601507.0,667417562100330.0,80.30796813964844
2023-05-11,81.06985473632812,81.79845428466797,78.89405059814453,81.04087829589844,586874786,5904034329.375,0.30623036,683.8606488,3.9872649042e-05,22.96451085,534801.0,413992.0,511634.0,675358526022260.0,80.70080947875977
2023-05-12,81.0281753540039,81.30793762207031,77.84980010986328,80.50313568115234,526826920,5737651045.0,0.27196241,648.92254429,3.86661870014e-05,22.96451085,517310.0,382749.0,441141.0,640333347502500.0,80.17226219177246
2023-05-13,80.50262451171875,80.97518920898438,80.1424560546875,80.30570220947266,305028463,5858533436.25,0.21709891,657.25558262,4.44247244103e-05,22.96451085,427216.0,307483.0,358758.0,672488885472540.0,80.48149299621582
2023-05-14,80.3096923828125,83.81517028808594,80.0142593383789,83.44429779052734,400491842,6097619526.75,0.24768773,711.96976907,4.05115520067e-05,23.44938685,492037.0,364607.0,460623.0,722563303279589.0,81.89585494995117
2023-05-15,83.44499969482422,88.42467498779297,82.56475830078125,87.06656646728516,776623075,6431491658.25,0.37186533,671.98041956,4.83980843684e-05,23.44938685,560261.0,425283.0,517563.0,672959387796830.0,85.3752498626709
2023-05-16,87.06422424316406,90.2391128540039,86.41757202148438,89.85771942138672,809177581,6548834772.375,0.26284962,678.26676947,4.73454147938e-05,23.44938685,521240.0,339901.0,427839.0,690111456022970.0,88.39465713500977
2023-05-17,89.86700439453125,94.87337493896484,89.83343505859375,93.88973236083984,1045389525,6717286336.25,0.26635765,694.7016397,4.39552625852e-05,23.44938685,489037.0,331713.0,438372.0,716231341829540.0,92.11588668823242
2023-05-18,93.88941955566406,94.0677490234375,89.68464660644531,90.54290771484376,586904480,6681532860.375,0.14861178,728.8816676,7.2092065546e-05,24.47673309,298806.0,185847.0,214292.0,767131398390920.0,92.04618072509766
2023-05-19,90.53280639648438,93.23743438720705,90.44110870361328,91.70238494873048,558055386,6731038191.5,0.20289233,690.19662167,5.69074553837e-05,24.47673309,350735.0,228057.0,260275.0,674036985932810.0,91.47843360900879
2023-05-20,91.71121215820312,92.68251037597656,90.82449340820312,92.3713150024414,306548115,6713459044.5,0.17191953,675.86835423,6.63962178049e-05,24.47673309,303721.0,189745.0,211290.0,682712930171835.0,91.89738273620605
2023-05-21,92.37760162353516,93.29615020751952,91.46859741210938,92.27886962890624,365938794,6703943381.875,0.20104506,720.73690678,4.59886239404e-05,24.34341873,327131.0,219439.0,307087.0,727676924670400.0,92.35530471801758
2023-05-22,92.27718353271484,92.65963745117188,90.3643035888672,90.94607543945312,396591248,6649149717.375,0.20604985,729.68349645,5.18340701101e-05,24.34341873,329358.0,199843.0,292825.0,733368209126730.0,91.56180000305176
2023-05-23,90.9487533569336,92.98806762695312,90.6908950805664,91.63233184814452,384556801,6687758721.875,0.22455672,700.19684685,5.51728077313e-05,24.34341873,368173.0,216176.0,332311.0,696985940565590.0,91.56501197814941
2023-05-24,91.63601684570312,91.7929458618164,85.11100006103516,86.0003662109375,771426876,6273816035.625,0.87582299,698.87819123,5.21893222408e-05,24.34341873,331224.0,209870.0,307897.0,696368683469194.0,88.63508224487305
2023-05-25,85.98468780517578,86.60103607177734,83.53244018554688,86.60067749023438,561109959,6174414007.5,0.26872102,688.74117372,2.88419919213e-05,24.641301,439349.0,328994.0,449827.0,700941985672460.0,85.6797103881836
2023-05-26,86.60363006591797,88.04351806640625,86.27979278564453,87.26806640625,518267207,6413742916.875,0.25101951,689.62831642,3.11051702685e-05,24.641301,411150.0,296191.0,412290.0,700185106365120.0,87.04875183105469
2023-05-27,87.25614929199219,88.7843017578125,87.06436920166016,88.65031433105469,306057058,6412217916.75,0.41376252,718.7352854,3.16238069925e-05,24.641301,415587.0,299739.0,402969.0,727898229895510.0,87.93878364562988
2023-05-28,88.6490707397461,92.15806579589844,88.33882141113281,91.57996368408205,448657302,6522422175.5,0.2412917,736.97790815,5.76802360734e-05,25.12212335,276581.0,170447.0,199260.0,754544052390080.0,90.18148040771484
2023-05-29,91.5782699584961,92.10299682617188,90.4075698852539,91.00045776367188,415109197,6630394834.875,1.88229324,717.28923383,6.59651757324e-05,25.12212335,310651.0,191173.0,268391.0,714908717367590.0,91.27232360839844
2023-05-30,90.99673461914062,93.11832427978516,90.72916412353516,92.32611083984376,455802742,6710660233.0,0.90625804,714.72208089,6.32550498726e-05,25.12212335,307422.0,171518.0,226176.0,722925377497040.0,91.79258346557617
2023-05-31,92.3227081298828,92.58869171142578,88.3498306274414,90.53900909423828,567208418,6482738203.125,0.44762859,740.17004697,5.27734825342e-05,25.12212335,313123.0,186972.0,244078.0,754165638781470.0,90.95005989074707
2023-06-01,90.5374755859375,95.64359283447266,89.66291809082031,93.97233581542967,961609681,6935600789.75,0.41484204,775.86793797,7.79626071992e-05,25.47780907,273376.0,149118.0,172879.0,768317624749050.0,92.45408058166504
2023-06-02,93.99617004394533,95.52638244628906,93.17652130126952,95.4177474975586,567841812,6915844217.75,0.18961294,756.90283878,9.2561509657e-05,25.47780907,286213.0,148602.0,157294.0,766384469421000.0,94.52920532226562
2023-06-03,95.41691589355467,97.17709350585938,94.3677215576172,95.99313354492188,477888613,7040779482.0,0.61441806,763.72093343,7.59514659981e-05,25.47780907,267825.0,158429.0,169932.0,767192984053280.0,95.73871612548828
2023-06-04,95.99697875976562,96.46296691894533,94.26844787597656,94.2899169921875,436188890,6982978913.5,0.36063777,726.08913767,7.01963586718e-05,26.14421235,250490.0,134232.0,159678.0,724626768749740.0,95.25457763671875
2023-06-05,94.29324340820312,94.48497772216795,85.06339263916016,87.83460235595703,896571627,6312754056.0,0.23874904,712.17541863,7.71264508018e-05,26.14421235,276696.0,154951.0,197670.0,720418113538510.0,90.41905403137207
2023-06-06,87.82861328125,91.29386138916016,86.10227966308594,90.92071533203124,649344540,6458040217.0,0.30176244,698.457761,3.75345329053e-05,26.14421235,374815.0,226590.0,364166.0,692869270060540.0,89.03636741638184
2023-06-07,90.91618347167967,91.11282348632812,87.90330505371094,88.848388671875,537757007,6418478535.75,0.29434183,722.34500216,4.08900202136e-05,26.14421235,372818.0,220422.0,307713.0,743547720543090.0,89.69517517089844
2023-06-08,88.85504150390625,89.44023895263672,87.45428466796875,88.46656036376953,356770854,6496613620.625,0.97305551,754.14701053,5.4676034491e-05,25.19869939,375314.0,202289.0,249282.0,734911063712030.0,88.55403137207031
2023-06-09,88.47003936767578,89.88706970214844,87.3760757446289,89.2320327758789,388902174,6525774053.5,2.93908089,731.77898852,5.86179657382e-05,25.19869939,333677.0,208651.0,277919.0,756009516544450.0,88.74130439758301
2023-06-10,89.23345184326172,89.26510620117188,75.29298400878906,77.3517074584961,1185675805,5553292163.125,2.94248719,770.66314754,7.47807664837e-05,25.19869939,312538.0,179557.0,227663.0,786766795355810.0,82.78581237792969
2023-06-11,77.34902954101562,78.88540649414062,76.54277038574219,77.69893646240234,432046461,5647469815.125,2.24350017,770.38318997,7.66636667597e-05,26.58160314,251489.0,147024.0,186298.0,789898231431967.0,77.6190357208252
2023-06-12,77.69596862792969,77.80024719238281,75.98138427734375,77.548095703125,452560497,5612137209.75,2.96190557,730.10167518,8.21672895808e-05,26.58160314,279369.0,136933.0,184584.0,719296098989520.0,77.25642395019531
2023-06-13,77.54544830322266,79.20506286621094,76.64176177978516,77.4438247680664,440462157,5611187638.0,2.64091798,691.56241005,7.77278905012e-05,26.58160314,265161.0,139565.0,185646.0,700411607190750.0,77.70902442932129
2023-06-14,77.44377899169922,78.05886840820312,72.02310943603516,73.16329193115234,490434416,5664401072.0,2.5393409,748.11291096,7.59671946618e-05,26.58160314,281342.0,151352.0,205690.0,745544643905350.0,75.17226219177246
2023-06-15,73.16604614257812,74.97827911376953,72.25688934326172,74.52643585205078,402537213,5381813791.375,2.82986995,707.45035824,6.64357420163e-05,25.1543091,307630.0,181071.0,243310.0,683287540636880.0,73.73191261291504
2023-06-16,74.52815246582031,76.66400146484375,74.23796081542969,76.04912567138672,352725567,5528679473.625,0.4434552,716.40935904,6.13479094356e-05,25.1543091,310043.0,177962.0,243164.0,729682897538480.0,75.36981010437012
2023-06-17,76.05306243896484,77.65483093261719,75.801025390625,76.91241455078125,273568501,5619967831.375,0.21055635,751.40162781,4.44370369303e-05,25.1543091,294563.0,184534.0,270672.0,743414826903532.0,76.60533332824707
2023-06-18,76.90868377685547,78.43463134765625,76.50340270996094,77.17825317382812,274352131,5676102331.875,0.22852775,701.51325289,3.34113453036e-05,24.76395528,323752.0,224639.0,372087.0,681232847192950.0,77.2562427520752
2023-06-19,77.17976379394531,77.63203430175781,76.35579681396484,77.42202758789062,293010032,5613737523.0,0.17395464,721.55825516,7.52509084413e-05,24.76395528,231453.0,120440.0,160957.0,731143151883820.0,77.14740562438965
2023-06-20,77.42572021484375,80.65240478515625,76.0155258178711,80.30889892578125,437548832,5598906862.5,0.16840396,702.34455957,6.95456562966e-05,24.76395528,265382.0,136444.0,182128.0,701354482900520.0,78.60063743591309
2023-06-21,80.30741882324219,87.15467071533203,80.13422393798828,85.14774322509766,814693890,6190927195.25,0.23463808,744.55985985,6.95232719112e-05,24.76395528,268562.0,141396.0,183159.0,750969921032950.0,83.18601417541504
2023-06-22,85.15050506591797,88.69551086425781,84.866455078125,86.07022094726562,606189402,6256672162.125,0.13657604,736.10972447,7.51624275676e-05,25.48548631,235598.0,126834.0,162393.0,742388353323990.0,86.1956729888916
2023-06-23,86.06431579589844,92.427978515625,85.43560028076172,91.20945739746094,755797463,6479938801.25,0.09606544,785.70596374,8.49372535003e-05,25.48548631,214369.0,111012.0,128986.0,796272321545050.0,88.78433799743652
2023-06-24,91.21172332763672,93.15872955322266,87.15614318847656,89.74402618408203,666550721,6414660738.625,0.18234165,761.07389886,8.4621553847e-05,25.48548631,231506.0,120742.0,144242.0,751208437991950.0,90.31765556335449
2023-06-25,89.740478515625,90.31420135498048,87.13050842285156,88.2751693725586,487211798,6450480542.25,0.13236573,755.09770298,0.0001050309019524,26.38196685,203757.0,99729.0,113598.0,772847032214440.0,88.8650894165039
2023-06-26,88.26795196533203,89.90308380126953,86.41650390625,87.27570343017578,548434353,6494310199.5,0.09761002,769.34157543,0.000104649065535,26.38196685,209738.0,101683.0,115114.0,762749441962850.0,87.96581077575684
2023-06-27,87.27226257324219,89.3742904663086,87.05574035644531,87.99827575683594,420226149,6411498537.75,0.15860099,779.61247418,9.73054524688e-05,26.38196685,222932.0,111289.0,130020.0,797718051418540.0,87.92514228820801
2023-06-28,88.01544189453125,88.05243682861328,82.12751007080078,83.06114959716797,556606414,6286825414.875,0.19810679,753.8488786,9.8494654868e-05,26.38196685,218231.0,113762.0,128038.0,737379721379150.0,85.31413459777832
2023-06-29,83.05780792236328,85.6585693359375,83.04206848144531,84.77587127685547,395849863,6187834011.875,0.12996575,749.33392766,7.07357255131e-05,26.37943499,237490.0,131884.0,163884.0,750259823697510.0,84.13357925415039
2023-06-30,84.76875305175781,110.79525756835938,84.58930206298828,108.1653289794922,3377766238,7125436589.25,0.14320938,736.78096441,0.0001056421552663,26.37943499,260060.0,137119.0,164337.0,739812428929890.0,97.07966041564941
2023-07-01,108.20174407958984,111.75740814208984,104.6958236694336,107.2292022705078,1853573626,7713064474.5,0.11651566,765.30307866,0.0001082182900291,26.37943499,254007.0,129298.0,142827.0,783434121754180.0,107.97104454040527
2023-07-02,107.2259521484375,113.62712097167967,105.70906066894533,113.21729278564452,1783628932,8201104481.0,0.1125996,770.91384675,9.56551697954e-05,26.72893766,222832.0,116634.0,133278.0,769303464623321.0,109.94485664367676
2023-07-03,113.23170471191406,114.49706268310548,105.97306823730467,106.94577026367188,1154666410,8041405313.125,0.13013844,745.43432057,0.0001039354652895,26.72893766,243276.0,120825.0,138258.0,763444000737790.0,110.16190147399902
2023-07-04,106.9541473388672,109.16132354736328,104.71099090576172,104.71099090576172,795208399,7836989253.875,0.13329677,765.85094739,8.76039917549e-05,26.72893766,268857.0,120270.0,135111.0,775696076794260.0,106.38436317443848
2023-07-05,104.69001770019533,106.27179718017578,99.39552307128906,102.6939926147461,1061933634,7301941779.0,0.12070304,750.88298219,8.77140666803e-05,26.72893766,230701.0,115254.0,131493.0,770121923370699.0,103.26283264160156
2023-07-06,102.67760467529295,105.5124740600586,95.66722869873048,95.66722869873048,1197521335,7237360689.75,0.11226664,722.01285278,9.37549787109e-05,26.59381895,216856.0,108400.0,120015.0,702287600506420.0,99.88113403320312
2023-07-07,95.64627838134766,98.38237762451172,95.09568786621094,98.2424774169922,703059439,7136136543.0,0.1119447,707.53964418,9.47200346861e-05,26.59381895,226927.0,109330.0,119356.0,723447850880520.0,96.84170532226562
2023-07-08,98.24229431152344,98.38021087646484,96.91822814941406,97.8747787475586,417911861,7196940279.0,0.14848764,731.08146844,7.63667331293e-05,26.59381895,232659.0,125211.0,144793.0,737227315128770.0,97.85387802124023
2023-07-09,97.87844848632812,98.30692291259766,95.06183624267578,95.17955017089844,412735847,7103050872.0,0.10936547,738.60877019,7.57271691675e-05,25.30832452,220117.0,122017.0,143615.0,731060426883336.0,96.606689453125
2023-07-10,95.18221282958984,97.64109802246094,92.89258575439452,96.7313461303711,801346663,6990826548.625,0.10238238,736.91007269,9.50277543428e-05,25.30832452,206059.0,102375.0,113980.0,746196846819070.0,95.6118106842041
2023-07-11,96.73770141601562,98.12002563476562,95.81536102294922,96.78643798828124,584873947,7087631960.0,0.08953097,748.66204853,0.0001045420209359,25.30832452,216110.0,102846.0,108044.0,760010692233370.0,96.86488151550293
2023-07-12,96.78523254394533,97.75325775146484,94.7883071899414,96.28018188476562,502089267,7012779572.625,0.09378333,743.39972489,9.87848686874e-05,25.30832452,211633.0,103511.0,110157.0,739127394066850.0,96.4017448425293
2023-07-13,96.27791595458984,104.01946258544922,95.7929916381836,101.92713928222656,1243581127,7557053991.75,0.09827574,749.62618567,8.86237430735e-05,25.87351101,218955.0,114595.0,126869.0,749434621878967.0,99.5043773651123
2023-07-14,101.9261703491211,103.23743438720705,92.9398956298828,95.15866088867188,994506743,7408195740.0,0.09900716,805.03503501,0.0001077833024738,25.87351101,235275.0,117321.0,125191.0,807231489143820.0,98.3155403137207
2023-07-15,95.16152954101562,95.65518188476562,94.18665313720705,94.7518081665039,405906202,6932035392.0,0.08855184,775.42139947,0.0001010068752805,25.87351101,217482.0,114618.0,111370.0,777301965620480.0,94.93879318237305
2023-07-16,94.75725555419922,95.223876953125,92.75621032714844,92.90528106689452,412440907,6959872473.75,0.10180082,782.38900344,9.0247411391e-05,27.54176625,226538.0,119293.0,123097.0,811319319919100.0,93.9106559753418
2023-07-17,92.91064453125,93.52267456054688,90.33413696289062,92.29344940185548,581572145,6722083175.0,0.08682523,790.9006532,9.98214498503e-05,27.54176625,202314.0,100502.0,111915.0,796976443774874.0,92.26522636413574
2023-07-18,92.29016876220705,92.86105346679688,90.16366577148438,91.5032196044922,444675473,6691868883.0,0.11406075,774.87381666,9.42682715067e-05,27.54176625,232521.0,107858.0,120660.0,763727504038330.0,91.70452690124512
2023-07-19,91.51500701904295,94.06116485595705,91.51500701904295,92.16179656982422,479778485,6799664832.0,0.10117075,750.31860869,9.04548309082e-05,27.54176625,212064.0,105739.0,120408.0,736742493178080.0,92.3132438659668
2023-07-20,92.1534652709961,93.48064422607422,91.6814422607422,92.3820571899414,558800999,6765824107.25,0.09766863,756.53748785,9.34492763881e-05,26.60540218,212130.0,108224.0,121778.0,757570343684350.0,92.42440223693848
2023-07-21,92.38404083251952,94.60526275634766,91.9632568359375,94.05186462402344,454489403,6794393973.75,0.09748805,773.24215591,0.0001054983180683,26.60540218,225189.0,108075.0,114969.0,780005271027260.0,93.25110626220703
2023-07-22,94.04817199707033,96.1513442993164,91.718017578125,92.051513671875,442970678,6898606623.0,0.09577208,778.23135426,9.49034069579e-05,26.60540218,211471.0,111771.0,121789.0,782647790870100.0,93.49226188659668
2023-07-23,92.06299591064452,93.47718048095705,91.82036590576172,93.25886535644533,361401131,6764176996.5,0.0922592,778.09480763,9.11898976805e-05,27.13261236,215073.0,107777.0,115716.0,799977244699395.0,92.65485191345215
2023-07-24,93.24933624267578,93.24933624267578,88.2190170288086,89.1534652709961,558656341,6516620790.75,0.09745505,758.27329876,0.0001065904542164,27.13261236,217998.0,102506.0,109155.0,756048011666780.0,90.96778869628906
2023-07-25,89.155029296875,89.97694396972656,88.85782623291016,89.53140258789062,369676148,6542231176.0,0.10694637,767.38686662,8.88736082451e-05,27.13261236,237527.0,117869.0,138117.0,775604407896840.0,89.38030052185059
2023-07-26,89.53092956542969,90.97019958496094,88.94905090332031,90.62142181396484,411401840,6578857159.875,0.13277011,768.07428244,6.30310870367e-05,27.13261236,253914.0,146550.0,192413.0,769966844453280.0,90.01790046691895
2023-07-27,90.626953125,91.72827911376952,89.92593383789062,90.49376678466795,393733970,6666885846.5,0.11367588,752.69315461,7.7942225575e-05,26.89632453,242675.0,130489.0,149130.0,764566544391100.0,90.69373321533203
2023-07-28,90.49320220947266,91.89440155029295,90.49320220947266,91.53057098388672,341018407,6726288303.0,0.11479502,742.09287718,8.37685570388e-05,26.89632453,242926.0,121472.0,140676.0,731907798584700.0,91.10284423828125
2023-07-29,91.5191879272461,94.71575164794922,90.9667510986328,94.59809112548828,357766274,6690130393.5,0.11489599,700.95508587,8.40711925824e-05,26.89632453,220288.0,118335.0,133953.0,689980337147526.0,92.9499454498291
2023-07-30,94.57041931152344,95.69255065917967,92.21128845214844,94.09105682373048,764611368,6950176423.875,0.09372453,731.06153216,8.87887573454e-05,25.63701939,209821.0,107908.0,122866.0,753637909493750.0,94.14132881164551
2023-07-31,94.0893325805664,94.82227325439452,91.64766693115234,92.24313354492188,526612463,6773117058.5,0.08684242,820.8115156,0.0001001402802499,25.63701939,213169.0,102117.0,111686.0,816677696629400.0,93.20060157775879
2023-08-01,92.2442626953125,93.82040405273438,89.78800964355469,93.82040405273438,775320147,6842166878.75,0.10803069,801.18912,9.27722804935e-05,25.63701939,231918.0,110323.0,133151.0,794002136315630.0,92.41827011108398
2023-08-02,93.8185043334961,94.31300354003906,86.91828155517578,87.48905944824219,899573748,6534896669.4375,0.09664975,792.36980915,8.70378289596e-05,27.57907168,223624.0,112258.0,128344.0,806454128903740.0,90.63471221923828
2023-08-03,87.4917221069336,88.2265625,82.69623565673828,82.70779418945312,661629539,6345572802.3125,0.10365805,781.42002994,8.80279583866e-05,27.57907168,225432.0,122015.0,132121.0,789194498411500.0,85.28057861328125
2023-08-04,82.6933364868164,83.70612335205078,81.50664520263672,82.07891082763672,574898134,6120940380.5,0.11169786,759.05838173,7.86286388201e-05,27.57907168,233810.0,127240.0,142663.0,755960794227240.0,82.49625396728516
2023-08-05,82.08647155761719,83.29777526855469,81.58123779296875,83.1055908203125,266995799,6072704986.5625,0.11078813,743.20224145,8.48863219629e-05,27.57907168,221620.0,114689.0,130866.0,765585301054260.0,82.51776885986328
2023-08-06,83.10028839111328,83.3685531616211,82.08924102783203,82.4717025756836,261949686,6033324243.3125,0.08615533,813.72449704,8.74096272265e-05,27.0458478,203189.0,109186.0,123453.0,800659524186060.0,82.7574462890625
2023-08-07,82.47097778320312,83.21983337402344,80.51209259033203,82.34452056884766,369980930,5997573456.125,0.11879035,761.20668399,8.02137388021e-05,27.0458478,213820.0,111155.0,137191.0,738623644422600.0,82.13685607910156
2023-08-08,82.34268951416016,85.11045837402344,81.8248291015625,83.95689392089844,464971615,6182402963.625,0.11955131,756.76094001,8.59136802517e-05,27.0458478,246616.0,121367.0,145846.0,758534713465730.0,83.30871772766113
2023-08-09,83.95451354980469,84.42743682861328,83.29949951171875,84.0372085571289,1086009763,6146681640.0,0.10929341,796.39866641,8.92710299584e-05,27.0458478,239190.0,115737.0,137190.0,782245668878320.0,83.9296646118164
2023-08-10,84.03833770751953,84.27881622314453,82.70103454589844,83.0334701538086,273793336,6129327945.0,0.1103428,768.88623827,8.2045271565e-05,26.65119017,232673.0,118993.0,138917.0,759071873281330.0,83.51291465759277
2023-08-11,83.03477478027344,83.52788543701172,82.71995544433594,83.49586486816406,210777034,6098742524.875,0.10248477,745.6940583,8.79526532196e-05,26.65119017,219423.0,115391.0,130091.0,775769498566430.0,83.19462013244629
2023-08-12,83.4949722290039,83.85722351074219,83.3445053100586,83.44852447509766,187648883,6145388895.25,0.09679489,777.44859765,8.12015973018e-05,26.65119017,226879.0,118677.0,134314.0,785992842502190.0,83.53630638122559
2023-08-13,83.45048522949219,83.61597442626953,81.65193176269531,81.97803497314453,268437601,6100099969.6875,0.10325517,781.98857662,7.48620720998e-05,26.92200907,216358.0,112451.0,132899.0,788668930534179.0,82.67410659790039
2023-08-14,81.97904205322266,82.9730453491211,81.66976165771484,82.0685806274414,262059229,6087898852.75,0.11246976,787.29858458,8.0456562967e-05,26.92200907,235621.0,112823.0,134491.0,795027495927980.0,82.172607421875
2023-08-15,82.06822967529297,82.1091079711914,78.76314544677734,79.27375030517578,401918865,5977874252.0,0.10306234,782.51735619,9.66238138506e-05,26.92200907,230035.0,106759.0,114897.0,777394883816610.0,80.55355834960938
2023-08-16,79.27622985839844,79.45748901367188,73.62923431396484,74.4788589477539,622966364,5728078380.75,0.11347891,734.55317883,0.0001015875636932,26.92200907,219832.0,103726.0,109313.0,721489781829920.0,76.71045303344727
2023-08-17,74.47917938232422,75.66679382324219,61.756107330322266,65.08576202392578,785297656,5386330585.6875,0.09168355,735.69580739,0.0001016749954943,26.63634019,208634.0,104515.0,109861.0,745216179838720.0,69.24696063995361
2023-08-18,65.09419250488281,65.76448059082031,63.73204040527344,64.08291625976562,571194825,4740014691.0,0.10041334,726.75885032,0.0001014662886508,26.63634019,218037.0,110560.0,115101.0,728824093095520.0,64.66840744018555
2023-08-19,64.08513641357422,64.89527893066406,63.73434448242188,64.10386657714844,299693328,4734362227.25,0.10044953,765.54357384,9.53947253496e-05,26.63634019,214482.0,106761.0,109958.0,765935085511070.0,64.20465660095215
2023-08-20,64.10791778564453,65.72362518310547,64.0736312866211,65.25251007080078,246734222,4740482283.75,0.08808158,764.15211324,9.28094393635e-05,26.25408559,195875.0,102198.0,109233.0,774692923530000.0,64.78942108154297
2023-08-21,65.25150299072266,67.04644775390625,64.97805786132812,66.95868682861328,431113836,4778960634.0,0.09786399,751.30613319,9.97513279475e-05,26.25408559,211884.0,98276.0,107444.0,725070060718940.0,66.05867385864258
2023-08-22,66.95895385742188,67.10531616210938,63.27900314331055,64.7702865600586,377574603,4843194976.0625,0.11209369,720.16433337,8.95443107064e-05,26.25408559,227971.0,106771.0,119180.0,747256566833780.0,65.5283899307251
2023-08-23,64.77369689941406,66.59355163574219,64.16802978515625,65.61077880859375,304886653,4802973960.0,0.09054288,759.88432288,9.89216298084e-05,26.25408559,221169.0,101856.0,109338.0,771635927086940.0,65.28651428222656
2023-08-24,65.6120834350586,65.84490203857422,64.1384506225586,64.8792724609375,225372238,4734041896.375,0.09058941,728.63825703,0.0001092443120532,25.90154893,203261.0,100086.0,107174.0,725374857460430.0,65.11867713928223
2023-08-25,64.88139343261719,65.22283172607422,63.84314727783203,65.1119155883789,268487447,4766643174.625,0.12554613,729.07298733,0.0001385618293348,25.90154893,216666.0,104885.0,111751.0,741844428787501.0,64.76482200622559
2023-08-26,65.1128921508789,65.49846649169922,64.96183013916016,65.0107192993164,183821199,4797053005.3125,0.09514139,744.38078082,9.2469668588e-05,25.90154893,224702.0,113268.0,122657.0,753392605076100.0,65.14597702026367
2023-08-27,65.0103988647461,65.8790283203125,64.90509796142578,65.36711120605469,191462581,4824540322.25,0.08343827,795.04681229,9.39234627817e-05,26.42762356,208975.0,102212.0,113224.0,827944854206900.0,65.29040908813477
2023-08-28,65.36781311035156,65.6675796508789,64.2706298828125,65.5425033569336,252050651,4796090024.25,0.08939045,801.66349989,0.0001014794423577,26.42762356,218065.0,96525.0,107560.0,818792649690510.0,65.21213150024414
2023-08-29,65.541748046875,70.21554565429688,64.70936584472656,68.89247131347656,540744008,5059800195.3125,0.10765419,762.72470967,9.9647060994e-05,26.42762356,229327.0,102427.0,109486.0,741565127762110.0,67.33978271484375
2023-08-30,68.89306640625,68.98538208007812,66.81487274169922,67.65953063964844,294424844,4935653721.25,0.10018342,735.46510534,8.8876512209e-05,26.42762356,218993.0,104909.0,115652.0,737051646230730.0,68.08821296691895
2023-08-31,67.66082000732422,68.22232818603516,63.61683654785156,63.95137786865234,377755734,4865250013.75,0.091057,786.80018009,9.20421640937e-05,26.77841279,218856.0,105745.0,110120.0,813270959179780.0,65.86284065246582
2023-09-01,63.946067810058594,64.21014404296875,62.191444396972656,63.00745391845703,311070837,4654225936.25,0.10493368,781.37570044,8.65275082675e-05,26.77841279,217969.0,109414.0,116116.0,754589729967050.0,63.33877754211426
2023-09-02,63.0091438293457,64.62007141113281,63.0091438293457,64.56063079833984,219217798,4736179995.0,0.09462554,792.225471,7.87566828891e-05,26.77841279,225933.0,114019.0,126984.0,804739407588980.0,63.799747467041016
2023-09-03,64.56390380859375,64.78752136230469,63.73307800292969,63.93811798095703,203377116,4697398275.1875,0.10059486,823.07683252,7.18860907855e-05,27.95420651,211769.0,107051.0,131717.0,843898999997628.0,64.25565528869629
2023-09-04,63.936500549316406,64.8372802734375,63.25442886352539,63.70868682861328,236821353,4674802928.125,0.09564444,789.83935273,8.59594867061e-05,27.95420651,206267.0,98251.0,113210.0,788834117714950.0,63.934224128723145
2023-09-05,63.71334838867188,63.72697830200195,62.66367721557617,63.123634338378906,250002419,4644100992.0,0.10442456,784.77426902,9.78070820242e-05,27.95420651,228593.0,97027.0,104079.0,764183116246970.0,63.30690956115723
2023-09-06,63.11856460571289,63.56402969360352,62.05997085571289,62.84352493286133,248375044,4631797112.0625,0.09728361,752.9645723,9.58188135254e-05,27.95420651,199918.0,98902.0,104958.0,750054986224130.0,62.896522521972656
2023-09-07,62.8436393737793,64.18999481201172,62.594913482666016,63.62236785888672,213292207,4626866390.25,0.10795036,757.2089754,9.40270324045e-05,26.77189244,208208.0,97292.0,105294.0,748234726402945.0,63.31272888183594
2023-09-08,63.62635040283203,64.03904724121094,61.98211669921875,62.57698059082031,206394384,4612382082.0,0.08550183,817.84088766,9.22536255312e-05,26.77189244,210476.0,102769.0,109184.0,827771767985300.0,63.05612373352051
2023-09-09,62.57859420776367,63.19569778442383,62.54669189453125,63.08150863647461,145767952,4642823489.6875,0.0826222,838.38614588,9.06875279456e-05,26.77189244,208070.0,103225.0,109856.0,848671742578540.0,62.85062313079834
2023-09-10,63.08309173583984,63.08309173583984,60.51252365112305,61.12152862548828,249697962,4485458463.1875,0.08586092,811.80418191,8.94705046478e-05,28.37991974,190574.0,95352.0,105103.0,832845515251640.0,61.950058937072754
2023-09-11,61.1194953918457,61.56356048583984,58.038230895996094,58.837158203125,316901808,4372255782.9375,0.10221294,786.54419972,9.91388014681e-05,28.37991974,222191.0,103791.0,116334.0,777163037263560.0,59.88961124420166
2023-09-12,58.836307525634766,61.19291687011719,58.69303894042969,60.01279067993164,285423408,4457161073.5,0.10860533,784.6667555,8.79650748315e-05,28.37991974,226939.0,102097.0,112319.0,794299408711700.0,59.68376350402832
2023-09-13,60.01713562011719,62.59047317504883,59.74307632446289,62.00352096557617,300723201,4540606498.125,0.08578253,819.66654004,9.2319805828e-05,27.76502148,199502.0,95301.0,103671.0,805254821032466.0,61.08855152130127
2023-09-14,62.00201416015625,63.32051849365234,62.00201416015625,62.808536529541016,268972316,4646880937.6875,0.10291315,784.17836113,0.0001010210259957,27.76502148,226679.0,98020.0,104825.0,788082362388810.0,62.533270835876465
2023-09-15,62.81654739379883,66.15228271484375,62.675567626953125,65.99552917480469,273527819,4736982958.25,0.0916509,805.25259947,9.29604337462e-05,27.76502148,211284.0,105879.0,112439.0,821954780857140.0,64.4099817276001
2023-09-16,65.99066925048828,66.70187377929688,64.53209686279297,65.33952331542969,225396971,4756389642.8125,0.08796211,859.40396716,9.06842189526e-05,27.76502148,215157.0,106397.0,112554.0,854895858589768.0,65.64104080200195
2023-09-17,65.3468017578125,65.38236236572266,63.25345993041992,63.57822799682617,238602170,4735241641.5,0.09257756,807.64925772,9.74223119219e-05,28.62373348,194625.0,95070.0,103481.0,797845713236120.0,64.39021301269531
2023-09-18,63.57775115966797,67.35792541503906,63.22271347045898,65.89459991455078,411318370,4924046821.5,0.09763346,754.67759201,0.0001005130845683,28.62373348,202064.0,93866.0,101823.0,757681806427310.0,65.0132474899292
2023-09-19,65.89329528808594,68.26288604736328,65.7770004272461,67.33423614501953,310488863,5023739708.25,0.10810014,776.36021648,9.53911245556e-05,28.62373348,215398.0,97734.0,106611.0,789541784723650.0,66.81685447692871
2023-09-20,67.3339614868164,67.61347961425781,63.9884033203125,64.56434631347656,407377312,4774217355.0,0.09934004,812.38868059,9.8115643657e-05,28.62373348,220667.0,102414.0,110012.0,786221298297200.0,65.87504768371582
2023-09-21,64.56512451171875,64.96765899658203,63.124759674072266,64.69098663330078,270451760,4754558703.9375,0.10865696,796.18002236,0.0001002313549111,27.00267328,209724.0,99838.0,107734.0,777982627076860.0,64.33713245391846
2023-09-22,64.69171142578125,65.46080780029297,64.17753601074219,64.33540344238281,278551984,4757007567.0,0.09217592,788.00975536,9.05027514937e-05,27.00267328,216334.0,104916.0,110798.0,803562960536220.0,64.6663646697998
2023-09-23,64.33490753173828,65.22538757324219,64.33490753173828,65.08039093017578,240624622,4773466533.0,0.08822198,810.76618691,9.16514750575e-05,27.00267328,215254.0,104775.0,111677.0,817070345341550.0,64.74389839172363
2023-09-24,65.08006286621094,65.08419799804688,63.54027938842773,63.58713912963867,189877277,4766347220.25,0.08270474,854.11593666,9.00517068868e-05,28.36893595,197451.0,98794.0,107160.0,875480554748522.0,64.32291984558105
2023-09-25,63.58618927001953,64.99095916748047,63.11313629150391,64.33724212646484,216448495,4766571579.0,0.10459341,800.41818013,0.0001026337896565,28.36893595,218955.0,96743.0,105342.0,787840230296690.0,64.00688171386719
2023-09-26,64.33316040039062,64.91890716552734,63.39755630493164,63.75851058959961,256010742,4713749264.25,0.11187615,814.09635923,9.72509723039e-05,28.36893595,231919.0,99473.0,107127.0,843848727058090.0,64.1020336151123
2023-09-27,63.7563362121582,65.41913604736328,63.28005599975586,63.486812591552734,212329352,4685247662.0625,0.08697419,853.32786076,9.35420233317e-05,28.71943503,204859.0,98686.0,106636.0,837396013181160.0,63.98558521270752
2023-09-28,63.487186431884766,65.41007232666016,63.21833801269531,65.23880767822266,235902966,4776124500.0,0.09651371,803.21413643,9.08124148549e-05,28.71943503,216144.0,102178.0,108785.0,814495276787430.0,64.33860111236572
2023-09-29,65.24066162109375,66.3995590209961,64.97479248046875,65.63209533691406,215673747,4842691976.25,0.10121917,803.57864484,9.54305754693e-05,28.71943503,228689.0,107470.0,115749.0,800903977455250.0,65.56177711486816
2023-09-30,65.63078308105469,66.5233383178711,65.42050170898438,66.06964874267578,153210629,4886429798.25,0.09339777,834.23501594,8.85261649049e-05,28.71943503,220004.0,108229.0,116649.0,863311762479560.0,65.91106796264648
2023-10-01,66.06880950927734,68.59121704101562,65.90534973144531,68.23331451416016,248362902,4930149906.0,0.10262418,815.92694702,9.62374652486e-05,28.33822652,217043.0,99163.0,109636.0,796494575243370.0,67.19967269897461
2023-10-02,68.22895050048828,68.33139038085938,65.4486312866211,66.01112365722656,283142952,4913424253.4375,0.1122186,776.57205901,0.0001065466334568,28.33822652,236616.0,98253.0,106896.0,792284023509210.0,67.00502395629883
2023-10-03,66.00701904296875,66.83684539794922,65.3681869506836,65.49351501464844,188593883,4842153322.5,0.10180634,783.64411228,9.38495067349e-05,28.33822652,230086.0,102140.0,110691.0,789398041526020.0,65.9263916015625
2023-10-04,65.4983901977539,65.50921630859375,63.72556686401367,64.45206451416016,220351720,4717781531.4375,0.11340515,796.45347552,9.86845445697e-05,27.69857288,236665.0,101937.0,110961.0,786759182144820.0,64.79630947113037
2023-10-05,64.45919799804688,65.19656372070312,64.09691619873047,64.8587646484375,202994978,4737170971.875,0.10636032,763.28253494,9.3447410462e-05,27.69857288,216612.0,101096.0,110093.0,765683409385150.0,64.65286064147949
2023-10-06,64.85737609863281,65.90678405761719,64.5665283203125,65.53318786621094,178382571,4842129839.25,0.1352023,822.58447679,0.0001008720648309,27.69857288,231374.0,104599.0,113341.0,843853214985940.0,65.21596908569336
2023-10-07,65.53359985351562,66.2298812866211,65.10038757324219,65.48564147949219,146532235,4824665071.875,0.11190666,816.04079044,8.91813162506e-05,27.69857288,217776.0,105073.0,114697.0,804101984723360.0,65.58737754821777
2023-10-08,65.4871826171875,65.96834564208984,65.10354614257812,65.36454772949219,179284709,4824920248.875,0.08237125,839.27805179,9.04512945142e-05,28.02688887,200514.0,97026.0,106202.0,837214837366650.0,65.48090553283691
2023-10-09,65.36439514160156,65.37638092041016,62.14702987670898,63.11105728149414,235298990,4648143016.6875,0.10224191,803.7543844,9.6116027915e-05,28.02688887,205108.0,92835.0,103170.0,771131568794290.0,63.99971580505371
2023-10-10,63.10908508300781,63.79354095458984,62.68170547485352,63.621070861816406,164326149,4661639919.5625,0.09212926,757.91188584,9.72100857927e-05,28.02688887,207963.0,94029.0,104088.0,773855150339860.0,63.301350593566895
2023-10-11,63.61977767944336,63.68592071533203,61.26277160644531,61.49982070922852,186389594,4536493208.75,0.10988909,805.20304406,8.79675649581e-05,27.77203462,219440.0,96388.0,106992.0,817990081932200.0,62.517072677612305
2023-10-12,61.50114059448242,61.52187347412109,60.75468063354492,61.12781524658203,171888213,4502052887.5,0.09048823,811.0461699,9.00078529117e-05,27.77203462,209143.0,98357.0,106861.0,813197362170627.0,61.22637748718262
2023-10-13,61.127197265625,61.99513626098633,61.11253356933594,61.57405853271485,203849754,4525143791.25,0.0948661,815.59099002,8.56474667637e-05,27.77203462,220498.0,106566.0,115386.0,816147146004480.0,61.45223140716553
2023-10-14,61.5745849609375,61.949981689453125,61.47003555297852,61.665157318115234,120785909,4560789862.6875,0.08860251,847.89714701,8.30551476596e-05,27.77203462,222543.0,106885.0,115773.0,866727100935720.0,61.664939880371094
2023-10-15,61.66400909423828,62.10171890258789,61.44732284545898,61.65643310546875,134170091,4548494030.25,0.08194917,882.18494523,8.22868341422e-05,29.18754581,207217.0,95669.0,107140.0,907871467619510.0,61.71737098693848
2023-10-16,61.65710067749024,65.36457061767578,61.64601516723633,63.337162017822266,334167678,4688876020.5,0.09424363,855.4221067,9.50398593732e-05,29.18754581,207306.0,94348.0,105172.0,834220326744213.0,63.00121212005615
2023-10-17,63.33576583862305,63.33576583862305,61.688175201416016,62.16300964355469,191914626,4602036545.375,0.10575272,823.12405905,8.86072967111e-05,29.18754581,221174.0,97774.0,109278.0,802973661203700.0,62.6306791305542
2023-10-18,62.15605545043945,62.6015510559082,60.191654205322266,60.276973724365234,188485126,4538068249.1875,0.09211712,799.11804345,9.55059710008e-05,28.66926157,210678.0,95802.0,106210.0,799992182463360.0,61.30655860900879
2023-10-19,60.27848434448242,61.812965393066406,60.10832977294922,61.786651611328125,182482608,4544930390.0,0.08880735,816.43927339,9.0600027267e-05,28.66926157,201151.0,97044.0,108189.0,827156534976373.0,60.99660778045654
2023-10-20,61.78886413574219,64.17544555664062,61.65102005004883,63.41781997680664,251686318,4683125619.5625,0.1104389,816.77570417,9.11601999639e-05,28.66926157,220157.0,105453.0,116571.0,796075935959360.0,62.75828742980957
2023-10-21,63.41829681396485,65.25566864013672,63.41829681396485,64.73554229736328,198983839,4786652697.125,0.09721286,797.61271798,8.20339520537e-05,28.66926157,217423.0,104144.0,115254.0,813320889425290.0,64.20695114135742
2023-10-22,64.73735809326172,66.05732727050781,63.82060623168945,65.19058227539062,283863584,4777287606.0,0.09168834,806.91655974,8.9073762601e-05,28.02974687,204845.0,96393.0,108324.0,782092747416450.0,64.9514684677124
2023-10-23,65.37158966064453,69.5350112915039,65.24591064453125,68.99109649658203,471640160,4867559425.0,0.09577975,826.67254597,9.33668638203e-05,28.02974687,222881.0,96437.0,106499.0,840801253246740.0,67.28590202331543
2023-10-24,68.9913558959961,72.3819580078125,67.78724670410156,69.0318603515625,547455091,5053764936.0,0.12283828,804.90158626,9.69434027401e-05,28.02974687,239490.0,103037.0,112477.0,796002712113250.0,69.54810523986816
2023-10-25,69.0497817993164,70.32286834716797,67.98658752441406,68.6949234008789,369294933,5163253507.5,0.09576495,818.30964703,8.93643565023e-05,28.6715044,227732.0,103839.0,115758.0,835080559580280.0,69.01354026794434
2023-10-26,68.69750213623047,70.42892456054688,67.44944763183594,68.85438537597656,385302387,5013665780.0625,0.13816902,819.70390319,8.76624606618e-05,28.6715044,317442.0,110715.0,118460.0,805324251581750.0,68.85756492614746
2023-10-27,68.8486557006836,68.8486557006836,66.05765533447266,67.05579376220703,308631582,5013921791.25,0.09326442,824.12835727,8.72133027783e-05,28.6715044,220094.0,106687.0,116075.0,841256411671510.0,67.70269012451172
2023-10-28,67.05213928222656,68.29448699951172,67.0185546875,67.78277587890625,287279561,5025988876.5625,0.0914195,890.07753601,0.0001044232972996,28.6715044,224523.0,107039.0,115910.0,874287671624840.0,67.53698921203613
2023-10-29,67.778076171875,69.22142028808594,67.2679443359375,68.80084228515625,232084984,5086760910.1875,0.09141356,826.53037061,8.63934154968e-05,29.34490367,208412.0,98693.0,109132.0,834960590879120.0,68.26707077026367
2023-10-30,68.80012512207031,69.7035903930664,67.84952545166016,69.25083923339844,270567503,5129806089.0625,0.10922783,793.55648366,9.13977266689e-05,29.34490367,219751.0,98043.0,109918.0,786271800600550.0,68.90102005004883
2023-10-31,69.24954986572266,70.35674285888672,68.31682586669922,68.9495620727539,334835486,5062845205.125,0.11921005,757.25164703,9.00743189741e-05,29.34490367,234204.0,105211.0,115884.0,776510484242780.0,69.21817016601562
2023-11-01,68.94947814941406,70.34513854980469,66.79888153076172,69.93502044677734,377378547,4935353333.75,0.10717501,757.53610912,8.77034949085e-05,29.34490367,218848.0,107410.0,117551.0,744111934568260.0,69.00712966918945
2023-11-02,69.93855285644531,70.67996215820312,68.05870056152344,69.39419555664062,350621685,5078846958.1875,0.1000912,803.83714982,9.05480825781e-05,26.92398684,236886.0,108008.0,120177.0,815553374513280.0,69.51785278320312
2023-11-03,69.38985443115234,69.56597137451172,67.95130920410156,69.49114227294922,234233495,5118245232.75,0.09387421,831.18478262,8.8350276249e-05,26.92398684,229918.0,111358.0,121195.0,839278665161240.0,69.09956932067871
2023-11-04,69.49092102050781,70.6252670288086,68.96759796142578,70.47209930419922,194430502,5100786894.5,0.09347099,803.14550405,8.73209471192e-05,26.92398684,216375.0,110170.0,119552.0,800970557654470.0,69.88897132873535
2023-11-05,70.45054626464844,72.21622467041016,70.10407257080078,71.66265106201172,337144700,5205898453.125,0.09347911,831.83862939,8.36004982253e-05,28.99741147,215121.0,103474.0,114386.0,888166046802580.0,71.10837364196777
2023-11-06,71.66226959228516,74.92601776123047,71.09197235107422,74.48286437988281,307139405,5440249093.5625,0.09423928,835.19031108,9.25885336771e-05,28.99741147,221766.0,100041.0,111292.0,838811645799920.0,73.04078102111816
2023-11-07,74.48506927490234,74.51031494140625,71.3797607421875,73.56438446044922,345874833,5310539118.0,0.11014629,831.66850828,8.62678724299e-05,28.99741147,230234.0,101469.0,118774.0,840419044553800.0,73.48488235473633
2023-11-08,73.56033325195312,74.26231384277344,72.61449432373047,73.17993927001953,279316148,5408290431.9375,0.10647634,835.12120238,9.34073380858e-05,29.41320057,228806.0,103811.0,117130.0,866742771701500.0,73.40427017211914
2023-11-09,73.17977905273438,76.1036148071289,70.33726501464844,73.75221252441406,563715610,5522284618.8125,0.10263062,829.11087753,9.66107493522e-05,29.41320057,228295.0,107327.0,116941.0,811893297935030.0,73.34321784973145
2023-11-10,73.75566864013672,74.9408187866211,71.39967346191406,73.30500030517578,391745232,5308329878.875,0.23423439,774.11599752,4.41364098593e-05,29.41320057,312242.0,185442.0,278354.0,771889635183350.0,73.35029029846191
2023-11-11,73.30033874511719,75.86489868164062,71.41221618652344,75.17430877685547,409990766,5508760339.5,0.15222431,798.63346572,5.68333254622e-05,29.41320057,276433.0,152127.0,202429.0,821945680602510.0,73.93794059753418
2023-11-12,75.1719970703125,76.63818359375,72.85487365722656,74.89127349853516,400244544,5548162105.9375,0.13129578,792.06916652,6.12075558374e-05,27.97696821,247684.0,133972.0,171838.0,783437313166520.0,74.88908195495605
2023-11-13,74.89793395996094,75.93030548095703,71.19602966308594,71.49154663085938,391890703,5422870110.0,0.21056198,815.27412571,3.49267598803e-05,27.97696821,354733.0,226845.0,366005.0,829457291847520.0,73.37895393371582
2023-11-14,71.44110107421875,72.5024185180664,68.79059600830078,70.63526153564453,378863884,5257669960.8125,0.67433226,846.16986507,1.80902229006e-05,27.97696821,746621.0,611158.0,1327542.0,844971372213400.0,70.84234428405762
2023-11-15,70.63592529296875,74.25138854980469,70.62351989746094,74.080322265625,335516203,5331811796.0625,0.12236382,837.91764239,7.26929960388e-05,28.8687405,275412.0,132040.0,155512.0,843381305747000.0,72.39778900146484
2023-11-16,74.08006286621094,74.30123138427734,70.0713882446289,71.1790542602539,343373015,5284791083.625,0.14060309,828.48243127,8.21854316772e-05,28.8687405,297017.0,132740.0,147923.0,836364245582320.0,72.40793418884277
2023-11-17,71.14913177490234,71.62705993652344,68.40803527832031,70.18233489990234,406903529,5075232774.5,0.59828241,882.8682437,7.55373323156e-05,28.8687405,267388.0,137375.0,158527.0,887774125929370.0,70.34164047241211
2023-11-18,70.19161987304688,70.27632141113281,67.9962387084961,69.89380645751953,243237870,5156014543.5,0.59200525,849.45781252,8.49139351855e-05,28.8687405,267712.0,133564.0,144227.0,835460820939480.0,69.58949661254883
2023-11-19,69.89537048339844,70.6695556640625,68.82186126708984,70.64031219482422,226121115,5131142940.0,0.28233788,827.29076597,7.82467328141e-05,29.31751728,244002.0,122060.0,137017.0,829306931091070.0,70.00677490234375
2023-11-20,70.63932037353516,70.95977783203125,69.20074462890625,69.51773834228516,271959607,5211189995.0,0.28120433,836.04887419,7.6969606403e-05,29.31751728,268989.0,125449.0,150865.0,824308239369201.0,70.07939529418945
2023-11-21,69.51911926269531,71.64383697509766,65.86429595947266,66.45738220214844,427605909,5133097907.125,0.24761447,805.31851771,7.45074502484e-05,29.31751728,278582.0,130749.0,145724.0,817619627341800.0,68.37115859985352
2023-11-22,66.44966888427734,69.0522689819336,66.27107238769531,68.7055892944336,275595694,4982599252.5,0.16518542,850.09773375,7.9415310804e-05,29.35273775,248291.0,129147.0,139670.0,865758458421280.0,67.61964988708496
2023-11-23,68.70059204101562,70.59394073486328,68.62484741210938,69.512451171875,307401786,5069310709.4375,0.11485044,849.35456512,7.81175542282e-05,29.35273775,260381.0,131978.0,143145.0,860328182897160.0,69.35795783996582
2023-11-24,69.5111083984375,71.63275146484375,69.50718688964844,70.73595428466797,307601320,5217375284.0625,0.11581515,833.95374877,8.18400050345e-05,29.35273775,256076.0,129291.0,139039.0,820343838553811.0,70.34675025939941
2023-11-25,70.73846435546875,72.08313751220703,70.6522445678711,71.83336639404297,237235479,5293759175.75,0.10953075,824.15359965,7.9376574636e-05,29.35273775,257945.0,129400.0,134774.0,836504163987620.0,71.32680320739746
2023-11-26,71.83610534667969,71.84637451171875,69.42903137207031,70.05899047851562,257792066,5193486584.25,0.10684641,823.34547021,7.95519998941e-05,28.85207438,246079.0,121215.0,132222.0,815438924441780.0,70.7926254272461
2023-11-27,70.05546569824219,70.45950317382812,68.28045654296875,69.2423324584961,261741816,5056237012.5,0.12108098,811.68904027,8.72320278826e-05,28.85207438,262448.0,125370.0,143889.0,816846247892150.0,69.50943946838379
2023-11-28,69.2442398071289,70.16437530517578,68.1114273071289,69.73725128173828,340266606,5101570719.6875,0.13545312,804.04217197,8.26375820073e-05,28.85207438,283318.0,130010.0,147883.0,798232838082230.0,69.31432342529297
2023-11-29,69.73710632324219,70.41757202148438,69.29904174804688,69.98934936523438,241745414,5146914788.625,0.14111267,824.66325805,7.74123399824e-05,28.53088851,292284.0,136204.0,163279.0,827710563086920.0,69.86076736450195
2023-11-30,69.98896789550781,70.10887145996094,69.18724060058594,69.4455795288086,238522259,5118358224.875,0.11474472,854.03106912,7.66691802034e-05,28.53088851,277667.0,140143.0,159442.0,885358154096030.0,69.68266487121582
2023-12-01,69.4422836303711,72.13900756835938,69.28773498535156,71.54496765136719,342098446,5280539473.5,0.13798843,876.82829026,7.60152993349e-05,28.53088851,313932.0,148272.0,168106.0,876710293226280.0,70.6034984588623
2023-12-02,71.54443359375,72.67749786376953,71.4587173461914,72.27222442626953,252948067,5315520539.875,0.16522126,776.69826411,5.97141433481e-05,28.53088851,301831.0,164534.0,196375.0,745380162520980.0,71.98821830749512
2023-12-03,72.27241516113281,72.71341705322266,71.45440673828125,72.25643157958984,260490911,5309106951.25,0.14661634,753.79498778,6.03388386632e-05,28.69919476,275669.0,155729.0,196093.0,762414388644790.0,72.17416763305664
2023-12-04,72.25977325439453,74.97122192382812,72.11064910888672,72.82166290283203,579013037,5355909685.375,0.18346825,728.97780896,7.71893440839e-05,28.69919476,314481.0,142880.0,176486.0,707302957136130.0,73.04082679748535
2023-12-05,72.83030700683594,74.29496002197266,71.49230194091797,74.29119873046875,409610732,5354680579.625,0.25278638,736.46706888,4.05006034959e-05,28.69919476,364217.0,206805.0,352927.0,782012028813860.0,73.22719192504883
2023-12-06,74.28897857666016,74.64412689208984,72.41529083251953,72.41529083251953,415760055,5426651419.125,0.48870585,772.54585939,2.83033591091e-05,28.69919476,525548.0,373828.0,654620.0,744711377901270.0,73.44092178344727
2023-12-07,72.42969512939453,74.44076538085938,72.2862777709961,74.05846405029297,380178224,5426945397.75,0.39781987,800.17514643,3.63124324011e-05,26.08219311,655956.0,312120.0,561215.0,796446017389638.0,73.30380058288574
2023-12-08,74.06021881103516,78.56376647949219,73.56470489501953,78.39876556396484,518109798,5620260294.75,0.76591139,811.06171141,2.49942750572e-05,26.08219311,1087749.0,514078.0,987009.0,796368727414793.0,76.14686393737793
2023-12-09,78.40948486328125,79.43228149414062,76.23912048339844,76.27754974365234,646771325,5748518025.5,0.51320667,800.55629676,7.57030956513e-05,26.08219311,986045.0,194324.0,280613.0,816661430702680.0,77.58960914611816
2023-12-10,76.28400421142578,78.70563507080078,76.28400421142578,77.14188385009766,373110524,5785068075.1875,0.26163639,846.74837348,8.15357957166e-05,28.61628365,539754.0,160102.0,199468.0,891332248841490.0,77.1038818359375
2023-12-11,77.14701843261719,77.46167755126953,71.65664672851562,72.65074920654297,562479070,5355599497.5,0.25046804,895.85245352,4.6596671331e-05,28.61628365,401967.0,210579.0,378755.0,892231728008970.0,74.72902297973633
2023-12-12,72.65022277832031,73.6204833984375,71.1378173828125,72.4129867553711,327096779,5318868108.75,0.36763346,859.68053455,3.44870493889e-05,28.61628365,557159.0,327199.0,520987.0,848436168111160.0,72.45537757873535
2023-12-13,72.40437316894531,73.93169403076172,70.67697143554688,73.1978530883789,409363158,5370190052.5,0.24344215,853.84490049,3.99647986034e-05,30.03017646,407454.0,268251.0,408423.0,873804313872250.0,72.5527229309082
2023-12-14,73.19517517089844,74.01651763916016,71.90701293945312,72.96341705322266,390459199,5321613823.8125,0.26821235,851.17186228,4.51758895946e-05,30.03017646,381821.0,237202.0,406955.0,868718936988360.0,73.0205307006836
2023-12-15,72.96294403076172,72.97990417480469,70.93561553955078,70.95587921142578,289918266,5270806274.5,0.27869014,824.67468813,4.69804786353e-05,30.03017646,429374.0,288597.0,442320.0,793590136088030.0,71.95858573913574
2023-12-16,70.9569320678711,72.4605712890625,70.84329986572266,72.13298034667969,239288933,5325039158.8125,0.26264389,774.13239141,4.97479775534e-05,30.03017646,387745.0,250650.0,367985.0,757066359363410.0,71.59844589233398
2023-12-17,72.1331558227539,73.49186706542969,70.99337768554688,71.23487091064453,296569366,5371876826.25,0.28835993,723.92361798,4.3610481847e-05,27.60538428,404330.0,276010.0,421337.0,696656927220070.0,71.96331787109375
2023-12-18,71.2234115600586,71.4552001953125,68.37655639648438,70.80284118652344,331991740,5133102086.4375,0.38930139,706.59214591,3.42624069446e-05,27.60538428,523656.0,376321.0,619873.0,714371027230790.0,70.46450233459473
2023-12-19,70.80675506591797,71.5743408203125,69.88497924804688,70.61455535888672,268798362,5260596019.0,0.74037955,693.00274333,2.76496560954e-05,27.60538428,820146.0,656082.0,1158868.0,677833125235350.0,70.72015762329102
2023-12-20,70.61553955078125,71.85749816894531,69.58870697021484,69.80497741699219,388377729,5310383968.5,0.89733061,665.6116204,2.31385087653e-05,27.60538428,890134.0,740688.0,1354884.0,659928487106694.0,70.4666805267334
2023-12-21,69.80982208251953,71.04276275634766,69.08536529541016,70.92453002929688,337148848,5189983361.0625,0.5615636,649.07623381,2.51475974475e-05,23.49850076,668611.0,524588.0,923651.0,591224712314060.0,70.21562004089355
2023-12-22,70.92400360107422,73.76168060302734,70.57711029052734,73.7297134399414,361158771,5332327735.625,0.56386202,660.71526365,2.35602993774e-05,23.49850076,681643.0,529322.0,924318.0,670613097069910.0,72.24812698364258
2023-12-23,73.72219848632812,74.00381469726562,71.65083312988281,72.5406265258789,300928578,5334086730.6875,0.6813389,717.98556713,1.69880927542e-05,23.49850076,870289.0,721702.0,1268190.0,719293628769380.0,72.97936820983887
2023-12-24,72.53601837158203,72.91796875,70.57626342773438,71.17471313476562,325474499,5339548506.5,0.38248895,719.11224093,3.3579171272e-05,23.49850076,532632.0,390849.0,643987.0,738885457183080.0,71.80124092102051
2023-12-25,71.17684936523438,72.72115325927734,70.8271484375,72.27528381347656,272499306,5369467925.25,0.28955135,814.05197797,3.09796816951e-05,24.6573266,494631.0,363252.0,636214.0,841343813659273.0,71.75010871887207
2023-12-26,72.27474212646484,74.28353118896484,71.27910614013672,73.15052032470703,464032652,5399363441.5,0.35645685,796.0749275,3.02784228935e-05,24.6573266,509036.0,359455.0,642119.0,776785930741190.0,72.74697494506836
2023-12-27,73.15015411376953,76.8629379272461,72.36943817138672,75.85030364990234,534010451,5605452690.75,0.26342071,777.55467986,3.71223079021e-05,24.6573266,429526.0,284718.0,432540.0,797088627528680.0,74.55820846557617
2023-12-28,75.8705825805664,77.43397521972656,74.72697448730469,76.72232818603516,561930641,5568716657.875,0.28868453,800.73863836,3.92523231735e-05,27.77343767,473130.0,323450.0,503785.0,843184875921910.0,76.1884651184082
2023-12-29,76.7138900756836,77.71273803710938,73.29108428955078,73.40414428710938,516441232,5591202968.0,0.24744706,810.21871812,4.0771410222e-05,27.77343767,449005.0,293049.0,407099.0,803519576043450.0,75.28046417236328
2023-12-30,73.4019775390625,74.00729370117188,72.64119720458984,73.31273651123047,311515246,5449321000.0,0.36657723,807.98108629,3.73490246446e-05,27.77343767,575194.0,407185.0,639367.0,823858820976160.0,73.34080123901367
2023-12-31,73.30585479736328,74.16226196289062,72.44013214111328,72.7984390258789,286836101,5470323621.5,0.38024877,820.78052473,3.56271431784e-05,28.61404946,578814.0,430905.0,698010.0,838809288254240.0,73.17667198181152
2024-01-01,72.91329193115234,74.73192596435547,72.2520980834961,74.73192596435547,255667692,5459485770.8125,0.43023821,811.10368674,3.13192619222e-05,28.61404946,596112.0,473694.0,819751.0,817484650478260.0,73.65731048583984
2024-01-02,74.72974395751953,75.80821990966797,72.70101928710938,72.98407745361328,386648433,5445707782.25,0.42029839,869.42295211,3.10773731124e-05,28.61404946,622900.0,470639.0,814481.0,903635892987670.0,74.05576515197754
2024-01-03,72.98516845703125,73.57327270507812,63.047882080078125,65.30164337158203,759247166,4895012778.125,0.58870835,871.83871058,2.44139231797e-05,29.6775764,746883.0,567704.0,1009760.0,880360994923270.0,68.72699165344238
2024-01-04,65.30128479003906,66.95932006835938,64.81940460205078,66.49139404296875,396941206,4923393291.0,0.61931048,843.89724362,2.44621130251e-05,29.6775764,732806.0,581542.0,1054933.0,845618728608600.0,65.89285087585449
2024-01-05,66.48836517333984,66.74877166748047,64.61968994140625,66.02114868164062,417630277,4796965783.875,0.42574863,806.79853802,3.23997411733e-05,29.6775764,531823.0,383248.0,675626.0,782334679284700.0,65.9694938659668
2024-01-06,66.02498626708984,66.10518646240234,63.63589477539063,65.67607879638672,285283013,4851991189.5625,0.32635313,774.55733483,4.0137337709e-05,29.6775764,458909.0,317776.0,503386.0,816772166544990.0,65.36053657531738
2024-01-07,65.67817687988281,66.2977294921875,63.96206283569336,64.2574691772461,259336849,4811479610.0,0.4552316,787.15867677,3.37733419184e-05,28.15391521,566485.0,435368.0,777706.0,776973790915990.0,65.04885959625244
2024-01-08,64.25442504882812,68.30154418945312,61.70838928222656,67.80654907226562,504603252,4873951171.25,0.39630444,814.20552387,3.69199069075e-05,28.15391521,589243.0,447175.0,771169.0,819298961040964.0,65.51772689819336
2024-01-09,67.81297302246094,67.8353042602539,64.8712158203125,66.94928741455078,474216123,4924195637.5,0.36982881,830.42216999,4.0978879036e-05,28.15391521,519198.0,377822.0,648317.0,815814903230900.0,66.86719512939453
2024-01-10,66.9532699584961,71.03638458251953,65.40641021728516,69.89013671875,530257325,4974440103.75,0.33895592,841.37645812,4.37322624177e-05,28.15391521,520667.0,377992.0,624005.0,862381726144820.0,68.3215503692627
2024-01-11,69.91801452636719,74.51087951660156,69.73507690429688,71.9844741821289,680917400,5331039665.0,0.34559242,854.529359,4.20952429773e-05,28.82484403,547951.0,400112.0,662572.0,889587063894810.0,71.53711128234863
2024-01-12,71.97541809082031,76.84762573242188,70.68125915527344,72.90021514892578,933230770,5514323321.25,0.31067251,888.5492799,4.15402723753e-05,28.82484403,531838.0,378857.0,609857.0,898812492312090.0,73.10112953186035
2024-01-13,72.89347076416016,73.48469543457031,71.10447692871094,71.98751068115234,405367417,5341992193.125,0.2449824,929.66872063,4.69814978351e-05,28.82484403,444633.0,302665.0,458228.0,936712132772930.0,72.36753845214844
2024-01-14,71.98599243164062,72.23558807373047,69.6949691772461,69.81559753417969,338194628,5303730389.625,0.33085739,924.61521555,3.87831165332e-05,31.67933992,506469.0,374303.0,616974.0,949454310120770.0,70.93303680419922
2024-01-15,69.79605102539062,71.52884674072266,69.05143737792969,69.255615234375,303171541,5162425512.9375,0.26473516,843.33974769,4.59842157126e-05,31.67933992,386199.0,251872.0,375787.0,824895722424840.0,69.90798759460449
2024-01-16,69.22520446777344,70.40702819824219,68.60191345214844,69.47465515136719,333674337,5203412596.5,0.31649074,808.38082269,4.67742635311e-05,31.67933992,455800.0,316342.0,490849.0,825115251382940.0,69.42720031738281
2024-01-17,69.46499633789062,69.87574005126953,68.59004974365234,69.38614654541016,287190583,5091001906.875,0.28620181,834.14245311,4.54333768722e-05,29.2271153,402383.0,258422.0,384101.0,826317728005647.0,69.32923316955566
2024-01-18,69.38743591308594,70.23684692382812,66.6109619140625,67.99267578125,414154847,5132762501.75,0.23204614,847.39457135,4.75974994852e-05,29.2271153,397932.0,253276.0,369108.0,844083721858339.0,68.55698013305664
2024-01-19,67.99488067626953,71.41926574707031,67.12335205078125,71.1841812133789,403881358,5213063138.625,0.22443452,869.2009809,4.48577480934e-05,29.2271153,418663.0,241886.0,338562.0,873208067733520.0,69.430419921875
2024-01-20,71.18571472167969,72.67486572265625,70.60953521728516,71.29741668701172,353477650,5257089551.375,0.28132296,955.50541574,2.95516936848e-05,29.2271153,458853.0,313596.0,479924.0,963270123811930.0,71.4418830871582
2024-01-21,71.29935455322266,72.14863586425781,70.5462646484375,71.60008239746094,231236531,5250671868.75,0.43579665,914.62346952,1.64817220196e-05,31.58197422,606122.0,480281.0,829224.0,933973430859310.0,71.39858436584473
2024-01-22,71.61471557617188,72.54460144042969,66.91217041015625,67.28827667236328,458158615,5087112962.5,0.51743286,895.19819,1.56433852698e-05,31.58197422,700529.0,553547.0,985818.0,910433569718860.0,69.58994102478027
2024-01-23,67.2889404296875,68.31859588623047,63.26130294799805,65.44943237304688,408856695,4804184237.0625,0.40373533,886.44045682,1.99764416471e-05,31.58197422,555913.0,405019.0,707361.0,872475672466120.0,66.07956790924072
2024-01-24,65.45223999023438,66.29458618164062,64.9065170288086,66.14016723632812,276316216,4851848179.0625,0.32439758,865.23094319,2.46816429099e-05,30.87254592,410658.0,281972.0,492492.0,862687124019974.0,65.69837760925293
2024-01-25,66.14049530029297,66.14049530029297,64.6639633178711,65.49899291992188,234636079,4809847982.0,0.19777044,929.01259796,3.21712190382e-05,30.87254592,378293.0,245529.0,358184.0,937509495805120.0,65.61098670959473
2024-01-26,65.49834442138672,67.50267791748047,65.23934936523438,67.03406524658203,248070449,4968001200.8125,0.18335786,927.59111943,4.65749936159e-05,30.87254592,366122.0,205281.0,270986.0,902137889644000.0,66.3186092376709
2024-01-27,67.03558349609375,68.28233337402344,66.42139434814453,68.08456420898438,211372666,4977881710.875,0.15133213,897.65737063,5.29410078109e-05,30.87254592,313031.0,177629.0,215338.0,910405478794790.0,67.45596885681152
2024-01-28,68.0787582397461,68.44358825683594,67.40785217285156,68.39750671386719,238275365,5013717019.5,0.16375804,919.78041767,4.89978959606e-05,31.78006332,322195.0,173638.0,222339.0,936254442257430.0,68.0819263458252
2024-01-29,68.39154815673828,68.70699310302734,66.92247009277344,68.45301055908203,276494459,5003580002.75,0.2387671,910.16270996,3.99608837381e-05,31.78006332,390910.0,209555.0,294714.0,928344791679150.0,68.11850547790527
2024-01-30,68.45301055908203,68.64164733886719,67.29065704345703,67.51202392578125,238389131,5051302360.0,0.15962093,938.98400113,4.76102840463e-05,31.78006332,329177.0,183498.0,234680.0,964715013334580.0,67.97433471679688
2024-01-31,67.51619720458984,69.7961654663086,66.2651596069336,66.75304412841797,348867643,5061198187.5,0.20508145,978.79722304,5.73629293058e-05,33.33317722,309647.0,168756.0,202874.0,1005713262036600.0,67.5826416015625
2024-02-01,66.75057220458984,68.0745620727539,65.80314636230469,67.51658630371094,232108384,4948715150.75,0.23756295,935.55356,7.41874203972e-05,33.33317722,304621.0,157341.0,172670.0,917494545682060.0,67.03621673583984
2024-02-02,67.51679229736328,68.34182739257812,67.41259002685547,68.0035171508789,203602294,5066114662.125,0.24947037,908.06508377,5.25244272252e-05,33.33317722,325921.0,192006.0,238881.0,919381518943620.0,67.81868171691895
2024-02-03,68.00343322753906,69.08407592773438,67.91503143310547,68.83683776855469,187461706,5080434362.5,0.38003904,887.16474336,3.52743178221e-05,33.33317722,330565.0,194678.0,326711.0,887833583949860.0,68.4598445892334
2024-02-04,68.83361053466797,68.83361053466797,66.68217468261719,66.93138885498047,207440125,5030257721.75,0.39733169,930.03139926,3.4730993109e-05,31.89715261,288233.0,159930.0,320277.0,925844349039280.0,67.8201961517334
2024-02-05,66.93228912353516,68.13233184814453,66.71401977539062,67.61941528320312,204854690,4988232182.8125,0.57359579,940.49874886,5.21951615194e-05,31.89715261,286791.0,146417.0,235111.0,955913543764590.0,67.34951400756836
2024-02-06,67.61927032470703,68.75141143798828,67.555908203125,68.29098510742188,215034847,5042627238.0,0.23179504,959.8684379,5.26968324958e-05,31.89715261,297773.0,154931.0,222699.0,947048610943273.0,68.05439376831055
2024-02-07,68.29220581054688,68.74256896972656,67.75403594970703,68.5560302734375,243889376,5047324994.25,0.85275272,920.10689404,5.24414595064e-05,32.67443835,306312.0,170197.0,243644.0,951385408383270.0,68.33621025085449
2024-02-08,68.56172180175781,70.607177734375,68.45651245117188,70.5627670288086,271057492,5138108075.125,0.53573927,1022.84303611,4.93918282313e-05,32.67443835,331867.0,191537.0,283777.0,1027521593922400.0,69.54704475402832
2024-02-09,70.56900787353516,71.8592529296875,70.35433197021484,70.67704772949219,396248689,5260770354.0,0.43572209,960.98916332,4.96095334786e-05,32.67443835,326459.0,185282.0,259195.0,956275534877160.0,70.86491012573242
2024-02-10,70.67526245117188,71.17469024658203,70.10237121582031,70.80987548828125,229511617,5223941011.6875,0.50461745,982.34457937,5.70082286452e-05,34.58108687,335195.0,194607.0,239139.0,996550476682013.0,70.69054985046387
2024-02-11,70.80158233642578,72.94056701660156,70.68895721435547,71.54000091552734,314543793,5359222675.1875,0.40401545,960.6483586,4.01836857123e-05,34.58108687,342934.0,217682.0,302799.0,968255682134740.0,71.49277687072754
2024-02-12,71.5449447631836,73.41268157958984,70.45436096191406,72.93286895751953,301824432,5360962643.75,0.43673493,973.97858863,6.55258498902e-05,34.58108687,300244.0,163601.0,198255.0,1003048794190500.0,72.08621406555176
2024-02-13,72.93097686767578,73.13077545166016,68.28054809570312,69.00106048583984,489477662,5113389887.625,0.39099218,992.39781225,5.94486089002e-05,34.58108687,325424.0,173555.0,215477.0,996864121675000.0,70.83584022521973
2024-02-14,68.9997787475586,70.74320983886719,68.56498718261719,69.89627838134766,437462934,5176706480.0,0.196308,976.45844148,4.97927434009e-05,33.90335631,330315.0,183312.0,232456.0,960568052404690.0,69.55106353759766
2024-02-15,69.89649963378906,70.86344146728516,69.24420928955078,69.81148529052734,396502737,5165090385.0,0.28428061,982.96210293,8.09129743888e-05,33.90335631,287876.0,149910.0,159579.0,984579505309900.0,69.95390892028809
2024-02-16,69.81440734863281,70.96041870117188,69.24288940429688,70.6171646118164,313910640,5169779457.75,0.18213148,944.04433151,4.77908129358e-05,33.90335631,331296.0,197817.0,241778.0,920512659384960.0,70.15872001647949
2024-02-17,70.61634826660156,70.72038269042969,68.4150619506836,69.9896240234375,262442667,5135892520.0,0.15726372,964.88339507,5.5799511721e-05,33.90335631,319583.0,181351.0,216106.0,990550410627120.0,69.93535423278809
2024-02-18,69.99020385742188,71.278076171875,69.88116455078125,70.7302474975586,250736447,5216296244.25,0.13270058,949.48006816,6.18740022979e-05,33.5748287,279352.0,152631.0,172326.0,954436373749230.0,70.46992301940918
2024-02-19,70.73890686035156,71.67140197753906,70.58426666259766,71.31204223632812,294953659,5277405943.125,0.1687383,936.40811422,5.11209625968e-05,33.5748287,312285.0,171977.0,219500.0,930852822735420.0,71.0766544342041
2024-02-20,71.31291198730469,71.42372131347656,68.31145477294922,69.65516662597656,391121481,5110641691.875,0.18686226,937.24132496,4.86000671355e-05,33.5748287,331985.0,186803.0,241005.0,944303913634910.0,70.17581367492676
2024-02-21,69.6536636352539,69.66280364990234,67.50300598144531,68.93756103515625,295704432,5064877504.875,0.17452247,969.68466655,4.59378989251e-05,33.18127869,321180.0,188229.0,240772.0,998836068852410.0,68.93925857543945
2024-02-22,68.93953704833984,69.63172912597656,67.98335266113281,68.76451873779297,311236598,5162383174.875,0.17120128,989.80428421,4.91520616849e-05,33.18127869,335097.0,191066.0,235487.0,1012577754396600.0,68.82978439331055
2024-02-23,68.7635498046875,69.06391906738281,67.72360229492188,68.82816314697266,256867051,5066866350.0,0.16239352,961.41613473,5.26085456603e-05,33.18127869,325493.0,183954.0,214661.0,946533436670240.0,68.59480857849121
2024-02-24,68.8262710571289,70.6188735961914,68.71939086914062,70.3870620727539,241694583,5207445665.625,0.18879758,982.02514693,5.68904603047e-05,34.56657131,326567.0,183208.0,220354.0,1028495150861700.0,69.63789939880371
2024-02-25,70.38663482666016,70.55437469482422,69.80223846435547,70.08211517333984,225632198,5204729158.125,0.17326898,994.79411636,4.31849666779e-05,34.56657131,320006.0,192680.0,256137.0,974656354650180.0,70.20634078979492
2024-02-26,70.08729553222656,72.91568756103516,69.228515625,71.9378890991211,389106739,5288135744.25,0.16062453,980.66404448,6.65253929436e-05,34.56657131,290426.0,148082.0,168472.0,988209487281140.0,71.0423469543457
2024-02-27,71.94554138183594,76.28779602050781,71.94554138183594,74.03375244140625,641863534,5454711236.375,0.20532019,962.33835457,5.24499941246e-05,34.56657131,366150.0,198635.0,258706.0,948544682264090.0,73.55315780639648
2024-02-28,74.02571868896484,77.84503173828125,71.7627182006836,74.59254455566406,768473291,5557448606.75,0.17465014,954.53855658,5.86216189856e-05,33.8824281,346699.0,194027.0,241151.0,978606077930864.0,74.55650329589844
2024-02-29,74.58062744140625,84.81261444091797,74.12446594238281,79.9408950805664,1042945490,6114676471.25,0.17891871,971.73454116,6.98844526554e-05,33.8824281,352520.0,180940.0,214481.0,969456592545880.0,78.36465072631836
2024-03-01,79.91729736328125,86.05924987792969,79.91729736328125,85.08411407470703,656274472,6153575631.375,0.2534203,944.96276758,5.74151675896e-05,33.8824281,354851.0,201569.0,242885.0,928407899248640.0,82.7444896697998
2024-03-02,85.05973052978516,94.47052001953124,84.58365631103516,94.41902923583984,1040122066,6753225612.0,0.20457364,962.25728965,5.43746292567e-05,33.8824281,371185.0,212307.0,267166.0,976526034014540.0,89.63323402404785
2024-03-03,94.42616271972656,94.52516174316406,87.49765014648438,90.66835021972656,707371775,6766908822.9375,0.15261698,948.82357303,7.51622300822e-05,33.27466787,298470.0,156314.0,170765.0,932534335622150.0,91.77933120727539
2024-03-04,90.67282104492188,92.42456817626952,87.78443908691406,88.93545532226562,830931633,6713741542.3125,0.17491275,909.78002055,6.34078803124e-05,33.27466787,331210.0,172134.0,214659.0,890467796472140.0,89.95432090759277
2024-03-05,88.94632720947266,91.83197021484376,74.43440246582031,82.04119873046875,1367572503,6618240523.125,0.25122352,907.31040809,6.25914873417e-05,33.27466787,367699.0,204675.0,271444.0,915264134726850.0,84.31347465515137
2024-03-06,82.03903198242188,87.25851440429688,79.98624420166016,85.82997131347656,742784629,6173617016.6875,0.16911006,959.30423369,6.28961520936e-05,32.10297675,344587.0,184388.0,227807.0,950958173069530.0,83.77844047546387
2024-03-07,85.82997131347656,89.60367584228516,83.59175109863281,88.10804748535156,651436457,6443594746.25,0.17399211,996.08216585,6.30481742594e-05,32.10297675,354853.0,199751.0,241984.0,995010149819520.0,86.78336143493652
2024-03-08,88.10762023925781,89.30990600585938,84.9583969116211,88.63076782226562,704449860,6460309489.0,0.16881263,1055.55019953,6.6291964935e-05,32.10297675,347350.0,189727.0,223870.0,1063983904119300.0,87.75167274475098
2024-03-09,88.63091278076172,91.01152801513672,87.22425079345703,90.8468017578125,526302540,6672386238.4375,0.17428288,1046.48748159,5.54575697004e-05,35.98932581,347905.0,193568.0,239489.0,1088775259846218.0,89.42837333679199
2024-03-10,90.84618377685548,90.91190338134766,85.6823501586914,87.50755310058594,482197828,6527809650.125,0.17299897,991.08609571,5.87332904408e-05,35.98932581,321617.0,178472.0,219308.0,993829500810640.0,88.73699760437012
2024-03-11,87.50587463378906,105.58413696289062,84.83401489257812,103.7921142578125,1538166122,7570560093.8125,0.1657019,969.20273136,6.79161317068e-05,35.98932581,318758.0,161816.0,197074.0,992406851599040.0,95.42903518676758
2024-03-12,103.79320526123048,104.08688354492188,93.2957992553711,97.53800201416016,1160292398,7186751793.0,0.19781017,997.63057651,6.19555299135e-05,35.98932581,363523.0,187331.0,233774.0,983926174456520.0,99.6784725189209
2024-03-13,97.53800201416016,98.78469848632812,94.63167572021484,97.32198333740234,668550065,7129881984.6875,0.15189446,995.06050745,7.47561564405e-05,34.22144686,324688.0,160098.0,182344.0,959899228061780.0,97.06908988952637
2024-03-14,97.32335662841795,98.01575469970705,90.35404205322266,94.11614227294922,835527149,6978615855.5625,0.18799569,974.91440282,7.93753955577e-05,34.22144686,293226.0,155359.0,168787.0,963933067063040.0,94.95232391357422
2024-03-15,94.12076568603516,95.27178955078124,84.35176849365234,89.71339416503906,922321450,6553876228.375,0.14098697,974.64095665,8.0683137392e-05,34.22144686,317843.0,162937.0,172994.0,993431289259860.0,90.86442947387695
2024-03-16,89.7118911743164,90.63287353515624,82.46944427490234,84.13844299316406,622982146,6549738978.125,0.14384142,1006.51989136,7.07858438501e-05,34.3157497,307252.0,165368.0,179712.0,1007915692243800.0,86.73816299438477
2024-03-17,84.14225769042969,86.679931640625,81.1246566772461,85.85752868652344,503681869,6424464452.75,0.12934229,989.69107483,7.11521888217e-05,34.3157497,285455.0,150055.0,168095.0,1004331140669600.0,84.45109367370605
2024-03-18,85.85687255859375,87.86909484863281,80.94900512695312,87.1122055053711,563769105,6159435501.1875,0.13387296,1001.31001681,7.60577521712e-05,34.3157497,295626.0,142415.0,160853.0,1022474419190000.0,85.4467945098877
2024-03-19,87.11251831054688,87.42929077148438,77.2979507446289,78.58637237548828,978488125,6029638446.0,0.1375754,982.65979981,7.68657011639e-05,34.3157497,290814.0,144082.0,161346.0,938651913549220.0,82.60653305053711
2024-03-20,78.58637237548828,85.24988555908203,77.28515625,84.78901672363281,727339448,6000939418.5,0.20036514,946.20586645,7.07573091773e-05,33.99034909,286793.0,145727.0,164459.0,942728557582770.0,81.47760772705078
2024-03-21,84.78901672363281,86.80300903320312,83.85657501220703,85.70162200927734,563676121,6391473765.0,2.46204164,936.0795411,7.17392448575e-05,33.99034909,322613.0,179943.0,219495.0,915084103880540.0,85.28755569458008
2024-03-22,85.70466613769531,86.08287811279297,80.80746459960938,83.31150817871094,473810620,6155395470.0,0.35459433,959.5252023,4.99350356119e-05,33.99034909,342910.0,199608.0,258340.0,1001115665025900.0,83.97662925720215
2024-03-23,83.31150817871094,87.45525360107422,83.15123748779297,85.42414093017578,494227407,6421844977.625,0.17292325,1016.64674227,6.41781068229e-05,33.99034909,298962.0,164866.0,193479.0,1026558883721445.0,84.83553504943848
2024-03-24,85.42353820800781,90.4247817993164,85.37574768066406,89.69075012207031,614433135,6653401960.6875,0.20313517,996.83208143,7.03087310295e-05,33.97304851,278108.0,143101.0,161501.0,1015204442884300.0,87.72870445251465
2024-03-25,89.69075012207031,91.93660736083984,88.71807861328125,90.72403717041016,620722715,6777927180.5,0.20229121,1061.21792272,6.54520211663e-05,33.97304851,303179.0,154085.0,185200.0,1056686908480700.0,90.26736831665039
2024-03-26,90.72403717041016,96.84715270996094,87.78437042236328,95.86446380615234,964048565,6605748727.75,0.27514175,1008.20285465,5.2951790028e-05,33.97304851,355813.0,182764.0,240594.0,1004906311775300.0,92.80500602722168
2024-03-27,95.86512756347656,98.30583190917967,92.85340118408205,93.6755142211914,984598281,6979339259.75,0.25438294,970.48410355,6.07901923603e-05,35.6689779,326576.0,173749.0,219276.0,1013718681705500.0,95.17496871948242
2024-03-28,93.6755142211914,96.38533782958984,93.5243148803711,94.2191162109375,702908138,7052562617.25,0.15386659,1029.55320603,7.82787142501e-05,35.6689779,299876.0,149937.0,168602.0,1030059388263800.0,94.45107078552246
2024-03-29,94.2190170288086,110.00592803955078,93.1104965209961,109.25897216796876,1803906237,7786176476.25,0.14118012,1065.62486054,8.07234091884e-05,35.6689779,315979.0,161106.0,179377.0,1067356270292300.0,101.64860343933105
2024-03-30,109.2439422607422,109.24998474121094,101.3065414428711,102.86311340332033,729886796,7611041790.625,0.1480401,1052.61151009,7.31220350384e-05,36.16202245,320936.0,164338.0,182999.0,1051318593858100.0,105.66589546203613
2024-03-31,102.86630249023438,106.54881286621094,101.55445861816406,105.18340301513672,638798519,7678337561.75,0.13586042,1019.19964198,6.52902639207e-05,36.16202245,289803.0,147964.0,168005.0,1043959048123300.0,104.03824424743652
2024-04-01,105.18340301513672,112.31586456298828,97.5183334350586,99.3753433227539,1354224503,7326877038.625,0.15670177,967.69566155,7.78474139671e-05,36.16202245,288960.0,140150.0,158544.0,957024503587100.0,103.59823608398438
