Start Time,Duration,Run ID,Name,Source Type,Source Name,User,Status,batch_size,dropout,epoch,features,lags,layers,learning_rate,n_periods,prediction_start_date,units,accuracy_daily,avg_accuracy,avg_mae,avg_mape,avg_mse,avg_precision,avg_rmse,avg_rmspe,mae_daily,mape_daily,mse_daily,precision_daily,rmse_daily,rmspe_daily,model_selected
15/08/2025 19:23,31.0s,52d17109965840dd987d6f7786f7d352,ETH_base_BTC_blk_LTC_blk,LOCAL,/home/ec2-user/ETH_Price_Predition/.venv/lib/python3.11/site-packages/ipykernel_launcher.py,ec2-user,FINISHED,32,0.05,39,"['ETH_D_AvgPrc', 'BTC_D_AvgPrc', 'LTC_D_AvgPrc']",28,2,0.01,7,04/03/2023,64,0.428571429,0.472610097,54.11462632,0.029607346,5184.83899,0.478581968,69.42341398,3.81724922,69.60352687,0.037767658,8330.017883,0.430769231,91.26893164,4.94319136,1
15/08/2025 19:04,28.5s,ff4b01d5eab544cebb3fab418d4661a7,ETH_base_BTC_blk_LTC_blk,LOCAL,/home/ec2-user/ETH_Price_Predition/.venv/lib/python3.11/site-packages/ipykernel_launcher.py,ec2-user,FINISHED,64,0,56,"['ETH_D_AvgPrc', 'BTC_D_AvgPrc', 'LTC_D_AvgPrc']",21,3,0.01,7,04/03/2023,64,0.45112782,0.473684211,55.83198556,0.030784037,5175.828127,0.477870523,70.09626503,3.918079014,70.64942531,0.038649211,8349.249553,0.451612903,91.37422805,5.023785124,0
15/08/2025 19:07,46.3s,6002f3a222b04ee0ac16d2b1b99dcd5f,ETH_base_BTC_blk_LTC_blk,LOCAL,/home/ec2-user/ETH_Price_Predition/.venv/lib/python3.11/site-packages/ipykernel_launcher.py,ec2-user,FINISHED,64,0.05,110,"['ETH_D_AvgPrc', 'BTC_D_AvgPrc', 'LTC_D_AvgPrc']",21,3,0.01,7,04/03/2023,32,0.45112782,0.49301826,54.40151981,0.029959855,5289.627242,0.497393256,70.38661882,3.932787949,69.5915291,0.037970391,7953.873541,0.454545455,89.1844916,4.914053704,0
15/08/2025 19:25,33.2s,81aa23ddcef04cc6a161e32683f2d92d,ETH_base_BTC_blk_LTC_blk,LOCAL,/home/ec2-user/ETH_Price_Predition/.venv/lib/python3.11/site-packages/ipykernel_launcher.py,ec2-user,FINISHED,32,0.1,43,"['ETH_D_AvgPrc', 'BTC_D_AvgPrc', 'LTC_D_AvgPrc']",28,2,0.01,7,04/03/2023,32,0.413533835,0.467239527,53.7242235,0.029734346,5294.151886,0.472184532,70.43573427,3.963854952,72.68400883,0.039832678,9146.780936,0.417910448,95.63880455,5.270420617,0
15/08/2025 18:28,23.0s,b901ae83a9ed48ee81929bbc85aa3e4e,ETH_base_BTC_blk_LTC_blk,LOCAL,/home/ec2-user/ETH_Price_Predition/.venv/lib/python3.11/site-packages/ipykernel_launcher.py,ec2-user,FINISHED,32,0.05,25,"['ETH_D_AvgPrc', 'BTC_D_AvgPrc', 'LTC_D_AvgPrc']",14,2,0.01,7,04/03/2023,32,0.406015038,0.486573577,54.37140384,0.029944577,5293.175672,0.490898727,70.55990587,3.923338761,69.5666263,0.038062696,8397.057888,0.409090909,91.63546196,5.045828106,0
15/08/2025 19:45,45.7s,0d2a213993dd46b8a249c0c0d3e6c924,ETH_base_BTC_blk_LTC_blk,LOCAL,/home/ec2-user/ETH_Price_Predition/.venv/lib/python3.11/site-packages/ipykernel_launcher.py,ec2-user,FINISHED,32,0.1,55,"['ETH_D_AvgPrc', 'BTC_D_AvgPrc', 'LTC_D_AvgPrc']",28,3,0.01,7,04/03/2023,64,0.383458647,0.472610097,54.15213272,0.029679848,5558.239778,0.478111674,70.89648337,3.904485726,78.17280223,0.042356838,10525.88316,0.388059701,102.5957268,5.541956121,0
15/08/2025 19:28,1.1min,732966809deb4861b33b643c90248019,ETH_base_BTC_blk_LTC_blk,LOCAL,/home/ec2-user/ETH_Price_Predition/.venv/lib/python3.11/site-packages/ipykernel_launcher.py,ec2-user,FINISHED,32,0.1,124,"['ETH_D_AvgPrc', 'BTC_D_AvgPrc', 'LTC_D_AvgPrc']",28,2,0.001,7,04/03/2023,64,0.421052632,0.466165414,54.22885148,0.029843116,5401.820564,0.472353068,71.00971038,3.94804445,71.81654507,0.039448026,9277.718791,0.426470588,96.32091565,5.34909469,0
15/08/2025 19:01,24.0s,5916cae33b9740289db35f8a08ca0fd3,ETH_base_BTC_blk_LTC_blk,LOCAL,/home/ec2-user/ETH_Price_Predition/.venv/lib/python3.11/site-packages/ipykernel_launcher.py,ec2-user,FINISHED,64,0,41,"['ETH_D_AvgPrc', 'BTC_D_AvgPrc', 'LTC_D_AvgPrc']",21,3,0.01,7,04/03/2023,32,0.436090226,0.484425349,55.50898803,0.030424356,5464.480986,0.489361128,71.19510311,3.919311388,73.70858994,0.040109608,8852.271095,0.4375,94.08650857,5.104166458,0
15/08/2025 19:42,34.7s,bca68daa9c624338a64325a224082bc7,ETH_base_BTC_blk_LTC_blk,LOCAL,/home/ec2-user/ETH_Price_Predition/.venv/lib/python3.11/site-packages/ipykernel_launcher.py,ec2-user,FINISHED,32,0.1,32,"['ETH_D_AvgPrc', 'BTC_D_AvgPrc', 'LTC_D_AvgPrc']",28,3,0.01,7,04/03/2023,32,0.428571429,0.481203008,55.07634816,0.030067043,5449.434861,0.486933524,71.31653779,3.903812038,72.2048668,0.039101208,8995.414812,0.434782609,94.84416067,5.113576256,0
15/08/2025 19:05,1.1min,6c2e2f34a9074a5c82425e6b095d5000,ETH_base_BTC_blk_LTC_blk,LOCAL,/home/ec2-user/ETH_Price_Predition/.venv/lib/python3.11/site-packages/ipykernel_launcher.py,ec2-user,FINISHED,32,0.05,104,"['ETH_D_AvgPrc', 'BTC_D_AvgPrc', 'LTC_D_AvgPrc']",21,3,0.001,7,04/03/2023,32,0.428571429,0.476906552,55.26075786,0.030417536,5454.51358,0.482170408,71.73871897,3.982306628,71.76208244,0.039259331,8614.842871,0.432835821,92.81617785,5.106380577,0
15/08/2025 19:31,39.5s,f07451c723654b3c88cbfcc614d8415d,ETH_base_BTC_blk_LTC_blk,LOCAL,/home/ec2-user/ETH_Price_Predition/.venv/lib/python3.11/site-packages/ipykernel_launcher.py,ec2-user,FINISHED,32,0,45,"['ETH_D_AvgPrc', 'BTC_D_AvgPrc', 'LTC_D_AvgPrc']",28,3,0.01,7,04/03/2023,32,0.421052632,0.482277121,55.40470111,0.030313019,5693.197623,0.487771646,72.1017027,3.958796498,74.95718613,0.04078354,9565.420151,0.424242424,97.80296596,5.305170268,0
15/08/2025 19:21,21.7s,0a0baf20de9343f2b3c0daa71711b279,ETH_base_BTC_blk_LTC_blk,LOCAL,/home/ec2-user/ETH_Price_Predition/.venv/lib/python3.11/site-packages/ipykernel_launcher.py,ec2-user,FINISHED,64,0.05,43,"['ETH_D_AvgPrc', 'BTC_D_AvgPrc', 'LTC_D_AvgPrc']",28,2,0.01,7,04/03/2023,32,0.443609023,0.467239527,54.65695581,0.029911631,5566.904693,0.474263739,72.12662734,3.958686733,68.27349509,0.037172362,8544.442163,0.452054795,92.43615182,5.036283541,0
15/08/2025 19:20,31.9s,90f7e37f96734310be36885058e93fbf,ETH_base_BTC_blk_LTC_blk,LOCAL,/home/ec2-user/ETH_Price_Predition/.venv/lib/python3.11/site-packages/ipykernel_launcher.py,ec2-user,FINISHED,32,0.05,41,"['ETH_D_AvgPrc', 'BTC_D_AvgPrc', 'LTC_D_AvgPrc']",28,2,0.01,7,04/03/2023,32,0.428571429,0.480128894,55.34035563,0.030303151,5697.789537,0.485318533,72.14153996,3.968413314,81.26172219,0.043834559,11021.80559,0.432835821,104.9847874,5.616631423,0
15/08/2025 19:28,28.9s,912789d4892249a69e69b5645e57b38e,ETH_base_BTC_blk_LTC_blk,LOCAL,/home/ec2-user/ETH_Price_Predition/.venv/lib/python3.11/site-packages/ipykernel_launcher.py,ec2-user,FINISHED,32,0.1,33,"['ETH_D_AvgPrc', 'BTC_D_AvgPrc', 'LTC_D_AvgPrc']",28,2,0.01,7,04/03/2023,64,0.421052632,0.475832438,55.62222942,0.030674547,5631.165077,0.482181214,72.46266605,4.038744244,73.09667992,0.03965787,9392.562148,0.424242424,96.91523176,5.236334219,0
15/08/2025 19:36,31.2s,7992f38a149b4ddb99e65b3de4439bc3,ETH_base_BTC_blk_LTC_blk,LOCAL,/home/ec2-user/ETH_Price_Predition/.venv/lib/python3.11/site-packages/ipykernel_launcher.py,ec2-user,FINISHED,32,0.05,26,"['ETH_D_AvgPrc', 'BTC_D_AvgPrc', 'LTC_D_AvgPrc']",28,3,0.01,7,04/03/2023,32,0.436090226,0.471535983,56.07358847,0.030711831,5542.459001,0.477601883,72.51258129,3.983322826,72.71400784,0.039529653,9189.224598,0.442857143,95.86044335,5.19450845,0
15/08/2025 18:52,40.2s,45f7da4e00044562b7657033e5d8743e,ETH_base_BTC_blk_LTC_blk,LOCAL,/home/ec2-user/ETH_Price_Predition/.venv/lib/python3.11/site-packages/ipykernel_launcher.py,ec2-user,FINISHED,64,0,113,"['ETH_D_AvgPrc', 'BTC_D_AvgPrc', 'LTC_D_AvgPrc']",21,2,0.001,7,04/03/2023,64,0.443609023,0.47905478,56.91760175,0.031321134,5602.408229,0.484821846,72.53712247,4.031834846,75.44495019,0.04122864,8873.345981,0.450704225,94.19843938,5.166238968,0
15/08/2025 19:35,32.1s,157d5b0f83b84384812f42e45f862647,ETH_base_BTC_blk_LTC_blk,LOCAL,/home/ec2-user/ETH_Price_Predition/.venv/lib/python3.11/site-packages/ipykernel_launcher.py,ec2-user,FINISHED,64,0,64,"['ETH_D_AvgPrc', 'BTC_D_AvgPrc', 'LTC_D_AvgPrc']",28,3,0.01,7,04/03/2023,64,0.443609023,0.491944146,57.35286423,0.031287784,5683.510156,0.498165835,72.73982832,3.972564811,82.41805571,0.044499577,10790.42888,0.449275362,103.8769892,5.558838078,0
15/08/2025 19:26,1.1min,1a8a284242284c7799aa9d2eeeaf5df3,ETH_base_BTC_blk_LTC_blk,LOCAL,/home/ec2-user/ETH_Price_Predition/.venv/lib/python3.11/site-packages/ipykernel_launcher.py,ec2-user,FINISHED,32,0.1,119,"['ETH_D_AvgPrc', 'BTC_D_AvgPrc', 'LTC_D_AvgPrc']",28,2,0.001,7,04/03/2023,32,0.436090226,0.47905478,54.69186719,0.030036514,5680.037601,0.484363333,72.91792867,4.019181726,72.76156983,0.039809177,9253.138171,0.439393939,96.1932335,5.276280277,0
15/08/2025 19:47,1.0min,2424fd9668274ad69bdb0a72ce07cabe,ETH_base_BTC_blk_LTC_blk,LOCAL,/home/ec2-user/ETH_Price_Predition/.venv/lib/python3.11/site-packages/ipykernel_launcher.py,ec2-user,FINISHED,64,0.1,161,"['ETH_D_AvgPrc', 'BTC_D_AvgPrc', 'LTC_D_AvgPrc']",28,3,0.001,7,04/03/2023,64,0.421052632,0.47905478,55.53423777,0.030517962,5699.905471,0.485027429,72.94387973,4.027483884,75.09950451,0.0412065,9529.085048,0.428571429,97.61703257,5.385249686,0
15/08/2025 23:45,34.1s,dfdd13fa2d2143c49d829eff81e561ed,ETH_base_sent_cryptobert,LOCAL,/home/ec2-user/ETH_Price_Predition/.venv/lib/python3.11/site-packages/ipykernel_launcher.py,ec2-user,FINISHED,32,0.05,54,"['ETH_D_AvgPrc', 'D_CRYPTOBERT_AvgScr_Ex', 'D_CRYPTOBERT_Sent_AvgEx']",14,2,0.01,7,04/03/2023,32,0.496240602,0.52094522,57.17615539,0.031458801,5951.605124,0.526160638,73.24378908,4.065587787,82.85950281,0.045539503,11164.70639,0.5,105.6631742,5.855776261,1
15/08/2025 19:33,29.9s,022b1a5bdbe243b4be4f8078d3c6fa20,ETH_base_BTC_blk_LTC_blk,LOCAL,/home/ec2-user/ETH_Price_Predition/.venv/lib/python3.11/site-packages/ipykernel_launcher.py,ec2-user,FINISHED,32,0,24,"['ETH_D_AvgPrc', 'BTC_D_AvgPrc', 'LTC_D_AvgPrc']",28,3,0.01,7,04/03/2023,64,0.413533835,0.477980666,58.02195391,0.031938166,5638.409149,0.482906934,73.30520852,4.069898543,74.25123791,0.040562728,9533.547914,0.420289855,97.63988895,5.341337921,0
15/08/2025 19:43,33.0s,6da1d7c30f92486fb863d40877102c39,ETH_base_BTC_blk_LTC_blk,LOCAL,/home/ec2-user/ETH_Price_Predition/.venv/lib/python3.11/site-packages/ipykernel_launcher.py,ec2-user,FINISHED,64,0.1,63,"['ETH_D_AvgPrc', 'BTC_D_AvgPrc', 'LTC_D_AvgPrc']",28,3,0.01,7,04/03/2023,32,0.45112782,0.470461869,54.75714157,0.030292774,5621.547875,0.476992905,73.47679778,4.126793643,67.61359124,0.036968601,8253.219965,0.458333333,90.84723422,5.002893922,0
15/08/2025 19:27,24.5s,825c44a494e24a9b9fd24574da68a7e8,ETH_base_BTC_blk_LTC_blk,LOCAL,/home/ec2-user/ETH_Price_Predition/.venv/lib/python3.11/site-packages/ipykernel_launcher.py,ec2-user,FINISHED,64,0.1,54,"['ETH_D_AvgPrc', 'BTC_D_AvgPrc', 'LTC_D_AvgPrc']",28,2,0.01,7,04/03/2023,32,0.428571429,0.472610097,55.31247253,0.030430811,5707.8506,0.479526041,73.61628438,4.089583855,72.39993194,0.039858498,9593.733499,0.438356164,97.94760589,5.453607376,0
15/08/2025 23:49,35.6s,a64fc843a30f48b4be47fb57cfc6b348,ETH_base_sent_cryptobert,LOCAL,/home/ec2-user/ETH_Price_Predition/.venv/lib/python3.11/site-packages/ipykernel_launcher.py,ec2-user,FINISHED,32,0.1,57,"['ETH_D_AvgPrc', 'D_CRYPTOBERT_AvgScr_Ex', 'D_CRYPTOBERT_Sent_AvgEx']",14,2,0.01,7,04/03/2023,32,0.473684211,0.502685285,57.85399001,0.031958358,5880.75508,0.507112564,73.63792425,4.122906799,79.46875987,0.043612725,10422.63496,0.476923077,102.091307,5.649750683,0
15/08/2025 18:16,1.4min,a48557b333c64c769a6997026c946ea0,ETH_base_BTC_blk_LTC_blk,LOCAL,/home/ec2-user/ETH_Price_Predition/.venv/lib/python3.11/site-packages/ipykernel_launcher.py,ec2-user,FINISHED,32,0.05,155,"['ETH_D_AvgPrc', 'BTC_D_AvgPrc', 'LTC_D_AvgPrc']",7,3,0.001,7,04/03/2023,32,0.458646617,0.482277121,54.71583487,0.030178683,5894.860205,0.488201594,73.64726622,4.099135864,73.6244321,0.04030721,10264.55086,0.463768116,101.3141198,5.574546003,0
15/08/2025 18:22,24.3s,778ea94ba0aa4cae9c0f4e70abe7606d,ETH_base_BTC_blk_LTC_blk,LOCAL,/home/ec2-user/ETH_Price_Predition/.venv/lib/python3.11/site-packages/ipykernel_launcher.py,ec2-user,FINISHED,64,0.1,44,"['ETH_D_AvgPrc', 'BTC_D_AvgPrc', 'LTC_D_AvgPrc']",7,3,0.01,7,04/03/2023,32,0.466165414,0.483351235,54.77644671,0.030130773,5882.808396,0.489239411,73.85521367,4.09355221,72.59737517,0.039752042,9905.953155,0.471428571,99.52865494,5.484316374,0
16/08/2025 00:31,38.6s,bb6c45c56bbf432faa86f443977e7101,ETH_base_sent_cryptobert,LOCAL,/home/ec2-user/ETH_Price_Predition/.venv/lib/python3.11/site-packages/ipykernel_launcher.py,ec2-user,FINISHED,64,0.1,87,"['ETH_D_AvgPrc', 'D_CRYPTOBERT_AvgScr_Ex', 'D_CRYPTOBERT_Sent_AvgEx']",21,3,0.01,7,04/03/2023,32,0.466165414,0.516648765,55.3715623,0.030379502,5947.497923,0.521725326,73.86824429,4.078100866,74.49640466,0.040844581,10408.67346,0.46875,102.0229065,5.648133441,0
15/08/2025 23:51,30.3s,f94141b64ba3445cb0986745b64866c6,ETH_base_sent_cryptobert,LOCAL,/home/ec2-user/ETH_Price_Predition/.venv/lib/python3.11/site-packages/ipykernel_launcher.py,ec2-user,FINISHED,32,0.1,43,"['ETH_D_AvgPrc', 'D_CRYPTOBERT_AvgScr_Ex', 'D_CRYPTOBERT_Sent_AvgEx']",14,2,0.01,7,04/03/2023,64,0.473684211,0.510204082,58.51376267,0.032305628,6048.290977,0.51479075,74.24554497,4.151761557,82.04887883,0.045111453,11092.34634,0.47761194,105.3202086,5.848151988,0
15/08/2025 19:41,49.5s,f96f8301f73c4f0ba41ce98b7f2939d9,ETH_base_BTC_blk_LTC_blk,LOCAL,/home/ec2-user/ETH_Price_Predition/.venv/lib/python3.11/site-packages/ipykernel_launcher.py,ec2-user,FINISHED,64,0.05,116,"['ETH_D_AvgPrc', 'BTC_D_AvgPrc', 'LTC_D_AvgPrc']",28,3,0.001,7,04/03/2023,64,0.406015038,0.471535983,55.70421596,0.030641175,5836.929682,0.477985417,74.27200752,4.113943001,71.20294396,0.038903671,9011.985073,0.411764706,94.93147567,5.207739886,0
15/08/2025 18:32,52.5s,f5d5460b0075411eb815fc986c6f219b,ETH_base_BTC_blk_LTC_blk,LOCAL,/home/ec2-user/ETH_Price_Predition/.venv/lib/python3.11/site-packages/ipykernel_launcher.py,ec2-user,FINISHED,32,0.1,85,"['ETH_D_AvgPrc', 'BTC_D_AvgPrc', 'LTC_D_AvgPrc']",14,2,0.001,7,04/03/2023,32,0.413533835,0.474758324,56.69380786,0.03119174,5904.480124,0.477073521,74.35550571,4.124511645,75.53078994,0.041343321,9459.04852,0.409836066,97.2576399,5.366210769,0
15/08/2025 19:37,1.2min,afd4e757ed0d47dcbae75de1ca9bd3c5,ETH_base_BTC_blk_LTC_blk,LOCAL,/home/ec2-user/ETH_Price_Predition/.venv/lib/python3.11/site-packages/ipykernel_launcher.py,ec2-user,FINISHED,32,0.05,99,"['ETH_D_AvgPrc', 'BTC_D_AvgPrc', 'LTC_D_AvgPrc']",28,3,0.001,7,04/03/2023,32,0.428571429,0.476906552,55.43598284,0.030528074,5841.622476,0.48295377,74.38828116,4.127500169,71.93238429,0.039556731,9142.588278,0.436619718,95.61688281,5.314643167,0
15/08/2025 19:09,59.7s,b982cee380bc4a0e9da13a63188e8c67,ETH_base_BTC_blk_LTC_blk,LOCAL,/home/ec2-user/ETH_Price_Predition/.venv/lib/python3.11/site-packages/ipykernel_launcher.py,ec2-user,FINISHED,32,0.05,81,"['ETH_D_AvgPrc', 'BTC_D_AvgPrc', 'LTC_D_AvgPrc']",21,3,0.001,7,04/03/2023,64,0.443609023,0.472610097,56.98786653,0.031496902,5894.282646,0.475577052,74.39052369,4.168964146,73.24356171,0.040143081,9181.250704,0.444444444,95.81884315,5.300709383,0
15/08/2025 18:50,42.0s,ab54e3f8ad9f4922b2e8231c57fdd45c,ETH_base_BTC_blk_LTC_blk,LOCAL,/home/ec2-user/ETH_Price_Predition/.venv/lib/python3.11/site-packages/ipykernel_launcher.py,ec2-user,FINISHED,64,0,127,"['ETH_D_AvgPrc', 'BTC_D_AvgPrc', 'LTC_D_AvgPrc']",21,2,0.001,7,04/03/2023,32,0.443609023,0.47905478,57.80816677,0.031757359,5976.76115,0.482692884,74.5817321,4.119912336,77.76573812,0.042487215,9712.119812,0.444444444,98.55008784,5.394207875,0
15/08/2025 18:56,19.3s,78c71c8fd5064379b07efff1caba65cf,ETH_base_BTC_blk_LTC_blk,LOCAL,/home/ec2-user/ETH_Price_Predition/.venv/lib/python3.11/site-packages/ipykernel_launcher.py,ec2-user,FINISHED,64,0.05,35,"['ETH_D_AvgPrc', 'BTC_D_AvgPrc', 'LTC_D_AvgPrc']",21,2,0.01,7,04/03/2023,64,0.428571429,0.472610097,57.98042581,0.031851794,5910.776635,0.477422804,74.62378424,4.120808716,75.77704844,0.041368352,9649.40355,0.434782609,98.23137762,5.368965618,0
15/08/2025 18:47,57.5s,a57cdbde089c4e5c827a3b5da9c4f0c6,ETH_base_BTC_blk_LTC_blk,LOCAL,/home/ec2-user/ETH_Price_Predition/.venv/lib/python3.11/site-packages/ipykernel_launcher.py,ec2-user,FINISHED,32,0.1,77,"['ETH_D_AvgPrc', 'BTC_D_AvgPrc', 'LTC_D_AvgPrc']",14,3,0.001,7,04/03/2023,64,0.466165414,0.483351235,57.58401388,0.031723579,5933.870191,0.486683093,74.65763444,4.149693397,76.85980339,0.042178777,9806.606815,0.466666667,99.0283132,5.482317163,0
16/08/2025 00:25,39.4s,4be1a629216c4256816f78feb729a1d5,ETH_base_sent_cryptobert,LOCAL,/home/ec2-user/ETH_Price_Predition/.venv/lib/python3.11/site-packages/ipykernel_launcher.py,ec2-user,FINISHED,64,0.05,93,"['ETH_D_AvgPrc', 'D_CRYPTOBERT_AvgScr_Ex', 'D_CRYPTOBERT_Sent_AvgEx']",21,3,0.01,7,04/03/2023,32,0.481203008,0.499462943,57.16853046,0.031501371,6078.426471,0.50435751,74.67929019,4.162208218,78.02017579,0.042849304,10911.15659,0.485294118,104.4564818,5.809390798,0
15/08/2025 18:08,23.0s,4f58049b0b3f49fd80199a265e2d91ed,ETH_base_BTC_blk_LTC_blk,LOCAL,/home/ec2-user/ETH_Price_Predition/.venv/lib/python3.11/site-packages/ipykernel_launcher.py,ec2-user,FINISHED,32,0.1,25,"['ETH_D_AvgPrc', 'BTC_D_AvgPrc', 'LTC_D_AvgPrc']",7,2,0.01,7,04/03/2023,32,0.511278195,0.496240602,55.9103151,0.030934591,5935.057765,0.501152349,74.70191795,4.19898987,72.37542151,0.039683032,9666.62576,0.514705882,98.31899999,5.43940667,0
15/08/2025 23:35,49.2s,2851f29b989c4dd7b2c5912b71a846b8,ETH_base_sent_cryptobert,LOCAL,/home/ec2-user/ETH_Price_Predition/.venv/lib/python3.11/site-packages/ipykernel_launcher.py,ec2-user,FINISHED,64,0.05,138,"['ETH_D_AvgPrc', 'D_CRYPTOBERT_AvgScr_Ex', 'D_CRYPTOBERT_Sent_AvgEx']",7,3,0.001,7,04/03/2023,64,0.496240602,0.522019334,57.88968594,0.031785016,6132.205893,0.526407056,74.72866232,4.130007347,80.06808563,0.04390787,11214.38819,0.5,105.8980084,5.849192501,0
15/08/2025 19:16,31.2s,fe114a32e1154944abfc758c9db084e5,ETH_base_BTC_blk_LTC_blk,LOCAL,/home/ec2-user/ETH_Price_Predition/.venv/lib/python3.11/site-packages/ipykernel_launcher.py,ec2-user,FINISHED,32,0,42,"['ETH_D_AvgPrc', 'BTC_D_AvgPrc', 'LTC_D_AvgPrc']",28,2,0.01,7,04/03/2023,32,0.443609023,0.473684211,58.44807409,0.031840194,6087.809015,0.480271627,74.74138484,4.060886943,81.14869564,0.043866497,11045.32692,0.450704225,105.0967503,5.625574474,0
15/08/2025 19:24,22.8s,c6f900dac6374634b1741b71731f53ce,ETH_base_BTC_blk_LTC_blk,LOCAL,/home/ec2-user/ETH_Price_Predition/.venv/lib/python3.11/site-packages/ipykernel_launcher.py,ec2-user,FINISHED,64,0.05,46,"['ETH_D_AvgPrc', 'BTC_D_AvgPrc', 'LTC_D_AvgPrc']",28,2,0.01,7,04/03/2023,64,0.45112782,0.467239527,57.24689291,0.031413016,5934.172855,0.475547834,74.80744634,4.12676002,70.41573408,0.038545762,9072.519183,0.458333333,95.24977262,5.257673136,0
15/08/2025 23:22,44.1s,0fadc1e62b754a4088abf7507ac9ddbd,ETH_base_sent_cryptobert,LOCAL,/home/ec2-user/ETH_Price_Predition/.venv/lib/python3.11/site-packages/ipykernel_launcher.py,ec2-user,FINISHED,64,0.05,152,"['ETH_D_AvgPrc', 'D_CRYPTOBERT_AvgScr_Ex', 'D_CRYPTOBERT_Sent_AvgEx']",7,2,0.001,7,04/03/2023,64,0.458646617,0.50698174,58.27404831,0.032011102,6185.973689,0.510962838,74.93037325,4.142141166,80.72096585,0.044208803,11305.9051,0.461538462,106.3292298,5.857218399,0
16/08/2025 00:00,35.0s,2eed28ff8b704758902d108293521400,ETH_base_sent_cryptobert,LOCAL,/home/ec2-user/ETH_Price_Predition/.venv/lib/python3.11/site-packages/ipykernel_launcher.py,ec2-user,FINISHED,32,0.05,40,"['ETH_D_AvgPrc', 'D_CRYPTOBERT_AvgScr_Ex', 'D_CRYPTOBERT_Sent_AvgEx']",14,3,0.01,7,04/03/2023,64,0.466165414,0.505907626,59.35069772,0.032766688,6209.475808,0.510986312,74.95506626,4.186971194,84.39716242,0.046464723,11941.35663,0.470588235,109.2765146,6.075486326,0
15/08/2025 23:47,30.5s,cf1d904ef26a4502a0e1de4ad5ce0fe6,ETH_base_sent_cryptobert,LOCAL,/home/ec2-user/ETH_Price_Predition/.venv/lib/python3.11/site-packages/ipykernel_launcher.py,ec2-user,FINISHED,32,0.05,43,"['ETH_D_AvgPrc', 'D_CRYPTOBERT_AvgScr_Ex', 'D_CRYPTOBERT_Sent_AvgEx']",14,2,0.01,7,04/03/2023,64,0.466165414,0.508055854,58.78550856,0.032205004,6206.040624,0.511687072,75.17545073,4.13616861,81.373791,0.044422632,10826.90964,0.471428571,104.052437,5.698249209,0
15/08/2025 18:58,18.9s,21670de7e1894cc1906bb7fa3e1c06c1,ETH_base_BTC_blk_LTC_blk,LOCAL,/home/ec2-user/ETH_Price_Predition/.venv/lib/python3.11/site-packages/ipykernel_launcher.py,ec2-user,FINISHED,64,0.1,34,"['ETH_D_AvgPrc', 'BTC_D_AvgPrc', 'LTC_D_AvgPrc']",21,2,0.01,7,04/03/2023,32,0.443609023,0.482277121,57.16077781,0.031408558,6082.623423,0.487330883,75.29863722,4.164140942,78.68338334,0.043241047,10457.38622,0.447761194,102.2613623,5.666588462,0
15/08/2025 23:31,1.0min,815e410ceb614938984e05d5dedf4ad6,ETH_base_sent_cryptobert,LOCAL,/home/ec2-user/ETH_Price_Predition/.venv/lib/python3.11/site-packages/ipykernel_launcher.py,ec2-user,FINISHED,32,0.05,101,"['ETH_D_AvgPrc', 'D_CRYPTOBERT_AvgScr_Ex', 'D_CRYPTOBERT_Sent_AvgEx']",7,3,0.001,7,04/03/2023,32,0.458646617,0.503759398,57.92108987,0.031765194,6163.211477,0.508401089,75.34135587,4.154615116,78.4066683,0.042924292,10936.73081,0.462686567,104.5788258,5.760250894,0
15/08/2025 19:32,19.8s,5e2e52f60e3540ffb1a81b56a7d26cab,ETH_base_BTC_blk_LTC_blk,LOCAL,/home/ec2-user/ETH_Price_Predition/.venv/lib/python3.11/site-packages/ipykernel_launcher.py,ec2-user,FINISHED,64,0,24,"['ETH_D_AvgPrc', 'BTC_D_AvgPrc', 'LTC_D_AvgPrc']",28,3,0.01,7,04/03/2023,32,0.421052632,0.469387755,57.56910681,0.031328661,6135.959768,0.47554644,75.42305479,4.097028479,72.39062248,0.039317683,9326.729093,0.430555556,96.57499207,5.22522357,0
15/08/2025 18:49,17.0s,86f907003fc44516b1becaa49fcf9fbf,ETH_base_BTC_blk_LTC_blk,LOCAL,/home/ec2-user/ETH_Price_Predition/.venv/lib/python3.11/site-packages/ipykernel_launcher.py,ec2-user,FINISHED,32,0,9,"['ETH_D_AvgPrc', 'BTC_D_AvgPrc', 'LTC_D_AvgPrc']",21,2,0.01,7,04/03/2023,32,0.428571429,0.470461869,58.80032916,0.032424511,6116.067759,0.474710599,75.46131074,4.210286955,73.15952226,0.040161063,9065.242858,0.428571429,95.21156893,5.281566901,0
15/08/2025 23:25,41.0s,783d781da6ab4b7b9b6168d34aa8cb97,ETH_base_sent_cryptobert,LOCAL,/home/ec2-user/ETH_Price_Predition/.venv/lib/python3.11/site-packages/ipykernel_launcher.py,ec2-user,FINISHED,64,0.1,134,"['ETH_D_AvgPrc', 'D_CRYPTOBERT_AvgScr_Ex', 'D_CRYPTOBERT_Sent_AvgEx']",7,2,0.001,7,04/03/2023,64,0.481203008,0.500537057,58.33909605,0.031953143,6246.768657,0.505058128,75.46289821,4.151349528,80.50848962,0.044049299,11345.95297,0.486111111,106.5173834,5.857974874,0
15/08/2025 18:09,19.1s,32ec2e4f33bd4c83ab1c854ad6acba9e,ETH_base_BTC_blk_LTC_blk,LOCAL,/home/ec2-user/ETH_Price_Predition/.venv/lib/python3.11/site-packages/ipykernel_launcher.py,ec2-user,FINISHED,64,0.1,35,"['ETH_D_AvgPrc', 'BTC_D_AvgPrc', 'LTC_D_AvgPrc']",7,2,0.01,7,04/03/2023,32,0.511278195,0.495166488,56.44791603,0.031018477,6045.439313,0.500244108,75.52070631,4.174618688,72.50780217,0.039737194,9700.978694,0.514705882,98.49354646,5.437364888,0
15/08/2025 19:04,36.2s,ad8dd48f60f94f44877ca346cee583cb,ETH_base_BTC_blk_LTC_blk,LOCAL,/home/ec2-user/ETH_Price_Predition/.venv/lib/python3.11/site-packages/ipykernel_launcher.py,ec2-user,FINISHED,64,0,83,"['ETH_D_AvgPrc', 'BTC_D_AvgPrc', 'LTC_D_AvgPrc']",21,3,0.001,7,04/03/2023,64,0.473684211,0.47905478,58.64575759,0.032241769,6003.693992,0.483600458,75.54228014,4.1819813,76.2243494,0.041749426,9271.613781,0.47826087,96.28921944,5.304195734,0
15/08/2025 18:54,15.1s,11a3afa055f0416e8ad53a8a415af6d5,ETH_base_BTC_blk_LTC_blk,LOCAL,/home/ec2-user/ETH_Price_Predition/.venv/lib/python3.11/site-packages/ipykernel_launcher.py,ec2-user,FINISHED,64,0.05,15,"['ETH_D_AvgPrc', 'BTC_D_AvgPrc', 'LTC_D_AvgPrc']",21,2,0.01,7,04/03/2023,32,0.428571429,0.469387755,58.12654365,0.031958331,6076.159624,0.472045956,75.5499018,4.188504239,77.41725813,0.042031418,10359.94321,0.428571429,101.7838062,5.509097534,0
15/08/2025 18:18,28.7s,cadbfc8c60c7459394a7766b3379f7a3,ETH_base_BTC_blk_LTC_blk,LOCAL,/home/ec2-user/ETH_Price_Predition/.venv/lib/python3.11/site-packages/ipykernel_launcher.py,ec2-user,FINISHED,32,0.05,29,"['ETH_D_AvgPrc', 'BTC_D_AvgPrc', 'LTC_D_AvgPrc']",7,3,0.01,7,04/03/2023,64,0.466165414,0.469387755,56.51128993,0.031086792,6241.501844,0.474392068,75.56188843,4.193215752,78.41318896,0.042767959,11255.93686,0.471428571,106.0940001,5.801884283,0
15/08/2025 18:30,46.0s,2e8766d081fb45ce94fb94a42849f9df,ETH_base_BTC_blk_LTC_blk,LOCAL,/home/ec2-user/ETH_Price_Predition/.venv/lib/python3.11/site-packages/ipykernel_launcher.py,ec2-user,FINISHED,32,0.05,82,"['ETH_D_AvgPrc', 'BTC_D_AvgPrc', 'LTC_D_AvgPrc']",14,2,0.001,7,04/03/2023,64,0.458646617,0.474758324,58.22905301,0.03201092,6154.936206,0.477534484,75.58145695,4.180599786,79.48241568,0.043609459,10259.75608,0.459016393,101.290454,5.592234871,0
15/08/2025 18:37,29.1s,a8fff8899a2a4bf5a0d484f268b16f1c,ETH_base_BTC_blk_LTC_blk,LOCAL,/home/ec2-user/ETH_Price_Predition/.venv/lib/python3.11/site-packages/ipykernel_launcher.py,ec2-user,FINISHED,64,0,50,"['ETH_D_AvgPrc', 'BTC_D_AvgPrc', 'LTC_D_AvgPrc']",14,3,0.01,7,04/03/2023,32,0.421052632,0.466165414,58.26231081,0.032004453,6192.831558,0.471637524,75.68275166,4.182184885,79.4795741,0.043434841,10462.9154,0.426470588,102.2883933,5.610866012,0
15/08/2025 23:37,33.3s,c0c8dcef49fe4e4ba074677ada6378e1,ETH_base_sent_cryptobert,LOCAL,/home/ec2-user/ETH_Price_Predition/.venv/lib/python3.11/site-packages/ipykernel_launcher.py,ec2-user,FINISHED,64,0.1,74,"['ETH_D_AvgPrc', 'D_CRYPTOBERT_AvgScr_Ex', 'D_CRYPTOBERT_Sent_AvgEx']",7,3,0.01,7,04/03/2023,32,0.458646617,0.480128894,57.8959561,0.031762453,6285.575589,0.485175809,75.70994261,4.175016443,80.5569185,0.044047245,11280.83768,0.463768116,106.2112879,5.830951801,0
15/08/2025 18:51,35.7s,3fe40b6f31e14089bec3009a7223a852,ETH_base_BTC_blk_LTC_blk,LOCAL,/home/ec2-user/ETH_Price_Predition/.venv/lib/python3.11/site-packages/ipykernel_launcher.py,ec2-user,FINISHED,32,0,55,"['ETH_D_AvgPrc', 'BTC_D_AvgPrc', 'LTC_D_AvgPrc']",21,2,0.001,7,04/03/2023,64,0.458646617,0.47905478,57.66492479,0.031722007,6097.470544,0.483738597,75.73049097,4.191654457,75.95952015,0.041565711,9613.216202,0.462686567,98.04701016,5.383275818,0
15/08/2025 19:22,44.1s,f13cccb4da3f42788634645de07edc72,ETH_base_BTC_blk_LTC_blk,LOCAL,/home/ec2-user/ETH_Price_Predition/.venv/lib/python3.11/site-packages/ipykernel_launcher.py,ec2-user,FINISHED,64,0.05,129,"['ETH_D_AvgPrc', 'BTC_D_AvgPrc', 'LTC_D_AvgPrc']",28,2,0.001,7,04/03/2023,32,0.421052632,0.473684211,57.20190089,0.031354872,6039.104998,0.479342046,75.74077622,4.162898383,72.42810953,0.039587647,9377.059738,0.428571429,96.83521951,5.309423721,0
15/08/2025 18:48,47.1s,0c79f81d68414e8eb25945517f93f372,ETH_base_BTC_blk_LTC_blk,LOCAL,/home/ec2-user/ETH_Price_Predition/.venv/lib/python3.11/site-packages/ipykernel_launcher.py,ec2-user,FINISHED,64,0.1,110,"['ETH_D_AvgPrc', 'BTC_D_AvgPrc', 'LTC_D_AvgPrc']",14,3,0.001,7,04/03/2023,64,0.428571429,0.471535983,58.78562965,0.032303645,6130.130324,0.474875428,75.74229443,4.188169856,79.36345678,0.043305802,10204.20137,0.426229508,101.0158471,5.534890077,0
15/08/2025 19:24,34.6s,fe54c6a3927242c4b701e1b269fe8eef,ETH_base_BTC_blk_LTC_blk,LOCAL,/home/ec2-user/ETH_Price_Predition/.venv/lib/python3.11/site-packages/ipykernel_launcher.py,ec2-user,FINISHED,64,0.05,91,"['ETH_D_AvgPrc', 'BTC_D_AvgPrc', 'LTC_D_AvgPrc']",28,2,0.001,7,04/03/2023,64,0.398496241,0.469387755,57.20066622,0.031479699,6098.984938,0.472449221,75.75596422,4.188027128,74.38642711,0.040711533,9532.20441,0.393442623,97.63300881,5.356920649,0
15/08/2025 16:58,48.2s,b79d4f93ae1340e68abf48040de54fcf,ETH_base_LTC_blk,LOCAL,/home/ec2-user/ETH_Price_Predition/.venv/lib/python3.11/site-packages/ipykernel_launcher.py,ec2-user,FINISHED,32,0.1,84,"['ETH_D_AvgPrc', 'LTC_D_AvgPrc', 'LTC_YF_Vol', 'LTC_OL_MinDif', 'LTC_BIC_HshRt']",14,2,0.01,7,04/03/2023,32,0.45112782,0.468313641,55.03831395,0.030422809,5939.801605,0.471907128,75.78355722,4.30880423,68.17862673,0.037155204,8434.12925,0.454545455,91.83751549,5.098926739,1
15/08/2025 18:05,1.1min,d660b94fbdfd4046a6ea0ec01df2b358,ETH_base_BTC_blk_LTC_blk,LOCAL,/home/ec2-user/ETH_Price_Predition/.venv/lib/python3.11/site-packages/ipykernel_launcher.py,ec2-user,FINISHED,32,0.05,138,"['ETH_D_AvgPrc', 'BTC_D_AvgPrc', 'LTC_D_AvgPrc']",7,2,0.001,7,04/03/2023,32,0.466165414,0.496240602,55.73310369,0.030617128,6249.731974,0.500795101,75.85592184,4.185664043,74.87080074,0.041010024,10608.65472,0.471428571,102.9983239,5.673051988,0
15/08/2025 18:04,22.8s,27046db2c3544f98a4d73c1f1039410d,ETH_base_BTC_blk_LTC_blk,LOCAL,/home/ec2-user/ETH_Price_Predition/.venv/lib/python3.11/site-packages/ipykernel_launcher.py,ec2-user,FINISHED,32,0.05,25,"['ETH_D_AvgPrc', 'BTC_D_AvgPrc', 'LTC_D_AvgPrc']",7,2,0.01,7,04/03/2023,32,0.466165414,0.483351235,57.40477086,0.031825069,6153.561185,0.488963702,75.87099102,4.279204503,73.00249303,0.040182396,9787.515369,0.46969697,98.93187236,5.521488233,0
15/08/2025 18:46,33.5s,81cfb640fe9746ee922788b92d316522,ETH_base_BTC_blk_LTC_blk,LOCAL,/home/ec2-user/ETH_Price_Predition/.venv/lib/python3.11/site-packages/ipykernel_launcher.py,ec2-user,FINISHED,32,0.1,33,"['ETH_D_AvgPrc', 'BTC_D_AvgPrc', 'LTC_D_AvgPrc']",14,3,0.01,7,04/03/2023,64,0.436090226,0.480128894,58.23887016,0.03206707,6099.46495,0.485016366,75.93267013,4.222190499,73.60841611,0.040226569,9372.598677,0.439393939,96.81218248,5.324845881,0
15/08/2025 18:43,53.3s,a38abd1c1d0b4e1487eef3c280699d39,ETH_base_BTC_blk_LTC_blk,LOCAL,/home/ec2-user/ETH_Price_Predition/.venv/lib/python3.11/site-packages/ipykernel_launcher.py,ec2-user,FINISHED,64,0.05,138,"['ETH_D_AvgPrc', 'BTC_D_AvgPrc', 'LTC_D_AvgPrc']",14,3,0.001,7,04/03/2023,64,0.466165414,0.480128894,58.00946012,0.031799168,6102.528525,0.483855195,75.93510755,4.18350442,76.66600576,0.042002182,9704.300155,0.467741935,98.51040633,5.432558745,0
15/08/2025 19:47,22.9s,55bb933430754c1892266e98d1892a17,ETH_base_BTC_blk_LTC_blk,LOCAL,/home/ec2-user/ETH_Price_Predition/.venv/lib/python3.11/site-packages/ipykernel_launcher.py,ec2-user,FINISHED,64,0.1,33,"['ETH_D_AvgPrc', 'BTC_D_AvgPrc', 'LTC_D_AvgPrc']",28,3,0.01,7,04/03/2023,64,0.473684211,0.470461869,57.81612192,0.031746506,6041.301725,0.475943719,76.01811875,4.200071268,69.91115736,0.038148296,8726.419013,0.47826087,93.41530396,5.122259901,0
16/08/2025 00:13,20.1s,557819258e9a425e98786db27c842c78,ETH_base_sent_cryptobert,LOCAL,/home/ec2-user/ETH_Price_Predition/.venv/lib/python3.11/site-packages/ipykernel_launcher.py,ec2-user,FINISHED,32,0.05,16,"['ETH_D_AvgPrc', 'D_CRYPTOBERT_AvgScr_Ex', 'D_CRYPTOBERT_Sent_AvgEx']",21,2,0.01,7,04/03/2023,64,0.443609023,0.486573577,57.37755574,0.031578052,6230.734041,0.491805908,76.02281252,4.226134239,75.3674718,0.04139576,10394.17032,0.449275362,101.9518039,5.667338915,0
15/08/2025 23:40,39.4s,e266e26151c449dfb17c0fec649de2eb,ETH_base_sent_cryptobert,LOCAL,/home/ec2-user/ETH_Price_Predition/.venv/lib/python3.11/site-packages/ipykernel_launcher.py,ec2-user,FINISHED,64,0.1,100,"['ETH_D_AvgPrc', 'D_CRYPTOBERT_AvgScr_Ex', 'D_CRYPTOBERT_Sent_AvgEx']",7,3,0.001,7,04/03/2023,64,0.496240602,0.501611171,58.76171954,0.032201356,6224.726732,0.505656981,76.04587345,4.187370189,78.32051465,0.042962095,10747.95656,0.5,103.6723519,5.730402111,0
15/08/2025 23:32,34.2s,c2e8b4d4ea5e4fc2a0127c0a579fbb83,ETH_base_sent_cryptobert,LOCAL,/home/ec2-user/ETH_Price_Predition/.venv/lib/python3.11/site-packages/ipykernel_launcher.py,ec2-user,FINISHED,64,0.05,78,"['ETH_D_AvgPrc', 'D_CRYPTOBERT_AvgScr_Ex', 'D_CRYPTOBERT_Sent_AvgEx']",7,3,0.01,7,04/03/2023,32,0.443609023,0.49301826,58.73947809,0.032123607,6346.419963,0.496986102,76.05744622,4.171011338,83.16422243,0.045262373,11642.78739,0.446153846,107.9017488,5.878180342,0
15/08/2025 23:57,34.7s,b19a71e8e6924976b93dcba8c05a6ad7,ETH_base_sent_cryptobert,LOCAL,/home/ec2-user/ETH_Price_Predition/.venv/lib/python3.11/site-packages/ipykernel_launcher.py,ec2-user,FINISHED,32,0.05,38,"['ETH_D_AvgPrc', 'D_CRYPTOBERT_AvgScr_Ex', 'D_CRYPTOBERT_Sent_AvgEx']",14,3,0.01,7,04/03/2023,32,0.473684211,0.508055854,59.69987099,0.032878261,6400.675488,0.513286856,76.07247126,4.226177993,84.61520753,0.04652372,11865.84949,0.47826087,108.9304801,6.036393992,0
16/08/2025 00:16,20.9s,1b2aab888c234ca494f6eff8654ca2c4,ETH_base_sent_cryptobert,LOCAL,/home/ec2-user/ETH_Price_Predition/.venv/lib/python3.11/site-packages/ipykernel_launcher.py,ec2-user,FINISHED,64,0.1,43,"['ETH_D_AvgPrc', 'D_CRYPTOBERT_AvgScr_Ex', 'D_CRYPTOBERT_Sent_AvgEx']",21,2,0.01,7,04/03/2023,32,0.466165414,0.505907626,58.14816045,0.032146059,6368.381336,0.509797469,76.08818339,4.268068756,81.26822083,0.044758961,11360.87879,0.470588235,106.5874232,5.968913779,0
15/08/2025 18:10,55.9s,1f5391ef009b49e6ae2fcb9c2ddac4e8,ETH_base_BTC_blk_LTC_blk,LOCAL,/home/ec2-user/ETH_Price_Predition/.venv/lib/python3.11/site-packages/ipykernel_launcher.py,ec2-user,FINISHED,32,0.1,113,"['ETH_D_AvgPrc', 'BTC_D_AvgPrc', 'LTC_D_AvgPrc']",7,2,0.001,7,04/03/2023,64,0.481203008,0.482277121,55.752375,0.030625261,6397.63122,0.488527287,76.12568249,4.202168706,76.98356525,0.042019578,11285.53173,0.486111111,106.2333833,5.812860694,0
15/08/2025 19:14,39.4s,7cefe5539a7349f6b0ec7f957ad1da43,ETH_base_BTC_blk_LTC_blk,LOCAL,/home/ec2-user/ETH_Price_Predition/.venv/lib/python3.11/site-packages/ipykernel_launcher.py,ec2-user,FINISHED,32,0.1,43,"['ETH_D_AvgPrc', 'BTC_D_AvgPrc', 'LTC_D_AvgPrc']",21,3,0.001,7,04/03/2023,64,0.428571429,0.4650913,58.90231687,0.032325372,6173.877881,0.465879688,76.15714944,4.203562424,77.72288731,0.042250939,10270.72827,0.423728814,101.3446016,5.506442208,0
15/08/2025 19:17,16.6s,4e38be8aaae24b149a9e1453e7d8851a,ETH_base_BTC_blk_LTC_blk,LOCAL,/home/ec2-user/ETH_Price_Predition/.venv/lib/python3.11/site-packages/ipykernel_launcher.py,ec2-user,FINISHED,64,0,25,"['ETH_D_AvgPrc', 'BTC_D_AvgPrc', 'LTC_D_AvgPrc']",28,2,0.01,7,04/03/2023,32,0.428571429,0.467239527,58.21545423,0.031934831,6220.120022,0.472799062,76.16080864,4.189242946,80.65856727,0.044260789,10550.42356,0.432835821,102.7152548,5.668059858,0
15/08/2025 19:19,21.5s,aa45b5bb447d4d2a9a2a9126f6867ee0,ETH_base_BTC_blk_LTC_blk,LOCAL,/home/ec2-user/ETH_Price_Predition/.venv/lib/python3.11/site-packages/ipykernel_launcher.py,ec2-user,FINISHED,64,0,44,"['ETH_D_AvgPrc', 'BTC_D_AvgPrc', 'LTC_D_AvgPrc']",28,2,0.01,7,04/03/2023,64,0.436090226,0.472610097,58.7802006,0.032153272,6000.882334,0.478414919,76.1634912,4.170005733,73.41162041,0.04001079,9413.598334,0.441176471,97.02369986,5.280629276,0
15/08/2025 19:38,26.6s,6dceb6cb031d4116bf24e2120fb2d84d,ETH_base_BTC_blk_LTC_blk,LOCAL,/home/ec2-user/ETH_Price_Predition/.venv/lib/python3.11/site-packages/ipykernel_launcher.py,ec2-user,FINISHED,64,0.05,44,"['ETH_D_AvgPrc', 'BTC_D_AvgPrc', 'LTC_D_AvgPrc']",28,3,0.01,7,04/03/2023,32,0.45112782,0.480128894,57.16943202,0.031479098,6165.033063,0.48620891,76.17275545,4.22708087,73.85205881,0.040487634,9859.552262,0.458333333,99.29527815,5.477347425,0
15/08/2025 23:56,22.1s,8693c245121e4609afd360c8131c35a0,ETH_base_sent_cryptobert,LOCAL,/home/ec2-user/ETH_Price_Predition/.venv/lib/python3.11/site-packages/ipykernel_launcher.py,ec2-user,FINISHED,64,0,36,"['ETH_D_AvgPrc', 'D_CRYPTOBERT_AvgScr_Ex', 'D_CRYPTOBERT_Sent_AvgEx']",14,3,0.01,7,04/03/2023,64,0.481203008,0.500537057,58.45062807,0.032129969,6396.872084,0.506687364,76.18057953,4.218696962,80.54361972,0.044140763,11229.4661,0.485714286,105.9691753,5.852142988,0
15/08/2025 19:40,18.1s,62ec4402e5844c0b88b88f91fb5fe4b3,ETH_base_BTC_blk_LTC_blk,LOCAL,/home/ec2-user/ETH_Price_Predition/.venv/lib/python3.11/site-packages/ipykernel_launcher.py,ec2-user,FINISHED,64,0.05,15,"['ETH_D_AvgPrc', 'BTC_D_AvgPrc', 'LTC_D_AvgPrc']",28,3,0.01,7,04/03/2023,64,0.473684211,0.475832438,58.58795881,0.032281984,6109.660833,0.480685373,76.19672795,4.235069503,73.70381681,0.040313229,9297.547006,0.47761194,96.42378859,5.292276039,0
16/08/2025 00:07,22.0s,3310030913284ccf86a8527614c65103,ETH_base_sent_cryptobert,LOCAL,/home/ec2-user/ETH_Price_Predition/.venv/lib/python3.11/site-packages/ipykernel_launcher.py,ec2-user,FINISHED,32,0,23,"['ETH_D_AvgPrc', 'D_CRYPTOBERT_AvgScr_Ex', 'D_CRYPTOBERT_Sent_AvgEx']",21,2,0.01,7,04/03/2023,32,0.481203008,0.482277121,57.57314739,0.031742648,6266.518472,0.486238615,76.20581461,4.250878995,75.63155623,0.04148404,10999.73083,0.484848485,104.8796016,5.818767029,0
15/08/2025 18:55,31.9s,49811c9401a940299e8a70f9a3ded501,ETH_base_BTC_blk_LTC_blk,LOCAL,/home/ec2-user/ETH_Price_Predition/.venv/lib/python3.11/site-packages/ipykernel_launcher.py,ec2-user,FINISHED,32,0.05,44,"['ETH_D_AvgPrc', 'BTC_D_AvgPrc', 'LTC_D_AvgPrc']",21,2,0.001,7,04/03/2023,64,0.428571429,0.467239527,58.8578168,0.032400596,6173.450045,0.469395059,76.2141702,4.225821596,75.83941719,0.041306505,9855.828784,0.421052632,99.27652685,5.413202396,0
15/08/2025 18:57,21.3s,460384ab91954a0fb3720e4093b2e99c,ETH_base_BTC_blk_LTC_blk,LOCAL,/home/ec2-user/ETH_Price_Predition/.venv/lib/python3.11/site-packages/ipykernel_launcher.py,ec2-user,FINISHED,32,0.1,19,"['ETH_D_AvgPrc', 'BTC_D_AvgPrc', 'LTC_D_AvgPrc']",21,2,0.01,7,04/03/2023,32,0.458646617,0.477980666,57.36355889,0.031461577,6265.628375,0.48305765,76.22214031,4.200415525,76.82171608,0.041818845,10523.74915,0.463768116,102.5853262,5.589608891,0
15/08/2025 18:20,1.2min,e3cd5d194c9c4d37a5b4b92359780056,ETH_base_BTC_blk_LTC_blk,LOCAL,/home/ec2-user/ETH_Price_Predition/.venv/lib/python3.11/site-packages/ipykernel_launcher.py,ec2-user,FINISHED,32,0.1,128,"['ETH_D_AvgPrc', 'BTC_D_AvgPrc', 'LTC_D_AvgPrc']",7,3,0.001,7,04/03/2023,32,0.488721805,0.491944146,56.19458054,0.0309291,6306.114805,0.497055946,76.24055332,4.223669273,75.30904188,0.04119952,10829.13244,0.492753623,104.0631176,5.715604863,0
15/08/2025 23:50,21.6s,0d71baee071849a98debc281c2d1a474,ETH_base_sent_cryptobert,LOCAL,/home/ec2-user/ETH_Price_Predition/.venv/lib/python3.11/site-packages/ipykernel_launcher.py,ec2-user,FINISHED,64,0.1,47,"['ETH_D_AvgPrc', 'D_CRYPTOBERT_AvgScr_Ex', 'D_CRYPTOBERT_Sent_AvgEx']",14,2,0.01,7,04/03/2023,32,0.488721805,0.503759398,59.53561175,0.032676871,6296.664321,0.508126807,76.25842474,4.208197328,78.57562233,0.043054968,10283.19119,0.492537313,101.4060708,5.598538077,0
15/08/2025 18:09,21.4s,6087c4835e6b4833a68cece1bd25e28c,ETH_base_BTC_blk_LTC_blk,LOCAL,/home/ec2-user/ETH_Price_Predition/.venv/lib/python3.11/site-packages/ipykernel_launcher.py,ec2-user,FINISHED,32,0.1,21,"['ETH_D_AvgPrc', 'BTC_D_AvgPrc', 'LTC_D_AvgPrc']",7,2,0.01,7,04/03/2023,64,0.473684211,0.485499463,57.70624264,0.031613206,6264.034299,0.490882981,76.28101375,4.20572139,72.80604381,0.03971448,9580.451256,0.47826087,97.87977961,5.369521868,0
15/08/2025 19:33,42.3s,805e79ad4b6a4f88a083cf739f2dfd79,ETH_base_BTC_blk_LTC_blk,LOCAL,/home/ec2-user/ETH_Price_Predition/.venv/lib/python3.11/site-packages/ipykernel_launcher.py,ec2-user,FINISHED,64,0,98,"['ETH_D_AvgPrc', 'BTC_D_AvgPrc', 'LTC_D_AvgPrc']",28,3,0.001,7,04/03/2023,32,0.428571429,0.466165414,58.17327665,0.031971145,6070.838443,0.472937006,76.29304886,4.213166047,75.7912733,0.041633138,9267.682033,0.436619718,96.26880094,5.334071219,0
15/08/2025 18:33,21.4s,4d874f9887cd4825922c71a996a68539,ETH_base_BTC_blk_LTC_blk,LOCAL,/home/ec2-user/ETH_Price_Predition/.venv/lib/python3.11/site-packages/ipykernel_launcher.py,ec2-user,FINISHED,64,0.1,42,"['ETH_D_AvgPrc', 'BTC_D_AvgPrc', 'LTC_D_AvgPrc']",14,2,0.01,7,04/03/2023,32,0.458646617,0.475832438,58.19363603,0.031981988,6267.761491,0.480183903,76.32967401,4.223290403,78.41780469,0.043043404,10610.45968,0.46031746,103.0070856,5.699825276,0
15/08/2025 18:07,16.5s,640580f1665a422d92dfee8f3d07bb34,ETH_base_BTC_blk_LTC_blk,LOCAL,/home/ec2-user/ETH_Price_Predition/.venv/lib/python3.11/site-packages/ipykernel_launcher.py,ec2-user,FINISHED,64,0.05,24,"['ETH_D_AvgPrc', 'BTC_D_AvgPrc', 'LTC_D_AvgPrc']",7,2,0.01,7,04/03/2023,64,0.496240602,0.486573577,57.32467327,0.031518603,6260.16396,0.490871445,76.32976849,4.229357765,79.03728537,0.043018797,10783.52792,0.5,103.8437669,5.672441477,0
15/08/2025 18:59,33.5s,6527362a693349e38a079034a15e7ab9,ETH_base_BTC_blk_LTC_blk,LOCAL,/home/ec2-user/ETH_Price_Predition/.venv/lib/python3.11/site-packages/ipykernel_launcher.py,ec2-user,FINISHED,64,0.1,93,"['ETH_D_AvgPrc', 'BTC_D_AvgPrc', 'LTC_D_AvgPrc']",21,2,0.001,7,04/03/2023,64,0.421052632,0.469387755,58.84792996,0.032402206,6196.387594,0.4719527,76.33885085,4.234735656,77.1624313,0.042283088,10090.52462,0.416666667,100.4516033,5.539966047,0
15/08/2025 19:18,26.9s,ad1d20973fa54dd49a5997dcfc9d083f,ETH_base_BTC_blk_LTC_blk,LOCAL,/home/ec2-user/ETH_Price_Predition/.venv/lib/python3.11/site-packages/ipykernel_launcher.py,ec2-user,FINISHED,32,0,31,"['ETH_D_AvgPrc', 'BTC_D_AvgPrc', 'LTC_D_AvgPrc']",28,2,0.01,7,04/03/2023,64,0.413533835,0.458646617,60.01102927,0.032792887,6026.453245,0.465782244,76.3512612,4.174452775,73.97842591,0.04014417,9339.385348,0.422535211,96.64049538,5.212601915,0
16/08/2025 00:11,25.2s,19893d2bafa74bf2bdf40cbdecd2fee1,ETH_base_sent_cryptobert,LOCAL,/home/ec2-user/ETH_Price_Predition/.venv/lib/python3.11/site-packages/ipykernel_launcher.py,ec2-user,FINISHED,32,0.05,26,"['ETH_D_AvgPrc', 'D_CRYPTOBERT_AvgScr_Ex', 'D_CRYPTOBERT_Sent_AvgEx']",21,2,0.01,7,04/03/2023,32,0.45112782,0.498388829,58.39674176,0.032186343,6439.209783,0.502270423,76.36012301,4.253157311,79.7575484,0.043728848,11305.19359,0.453125,106.3258839,5.890257703,0
16/08/2025 00:15,30.0s,0e7380c41caf4966b2f74acde480828c,ETH_base_sent_cryptobert,LOCAL,/home/ec2-user/ETH_Price_Predition/.venv/lib/python3.11/site-packages/ipykernel_launcher.py,ec2-user,FINISHED,32,0.1,41,"['ETH_D_AvgPrc', 'D_CRYPTOBERT_AvgScr_Ex', 'D_CRYPTOBERT_Sent_AvgEx']",21,2,0.01,7,04/03/2023,32,0.466165414,0.494092374,58.59746082,0.032342274,6455.41563,0.497606985,76.46543446,4.273267222,83.40355918,0.045852528,11842.80765,0.46969697,108.8246647,6.067040493,0
15/08/2025 23:16,50.0s,9d5de78981bd4a89913ee658e83698a8,ETH_base_sent_cryptobert,LOCAL,/home/ec2-user/ETH_Price_Predition/.venv/lib/python3.11/site-packages/ipykernel_launcher.py,ec2-user,FINISHED,64,0,197,"['ETH_D_AvgPrc', 'D_CRYPTOBERT_AvgScr_Ex', 'D_CRYPTOBERT_Sent_AvgEx']",7,2,0.001,7,04/03/2023,32,0.473684211,0.511278195,59.02334113,0.032325733,6377.879848,0.516571335,76.46652479,4.207719897,81.26377674,0.04444855,11585.94505,0.476923077,107.6380279,5.919974867,0
15/08/2025 19:11,41.0s,1864f47cc6da4f9a994ee502be2281d7,ETH_base_BTC_blk_LTC_blk,LOCAL,/home/ec2-user/ETH_Price_Predition/.venv/lib/python3.11/site-packages/ipykernel_launcher.py,ec2-user,FINISHED,64,0.05,95,"['ETH_D_AvgPrc', 'BTC_D_AvgPrc', 'LTC_D_AvgPrc']",21,3,0.001,7,04/03/2023,64,0.406015038,0.470461869,58.64744691,0.032175202,6221.8949,0.473338179,76.47098599,4.216629929,77.7172372,0.042605573,9950.304773,0.4,99.75121439,5.505227194,0
15/08/2025 19:08,48.2s,5274a28887a64d46b254770c62b24044,ETH_base_BTC_blk_LTC_blk,LOCAL,/home/ec2-user/ETH_Price_Predition/.venv/lib/python3.11/site-packages/ipykernel_launcher.py,ec2-user,FINISHED,64,0.05,113,"['ETH_D_AvgPrc', 'BTC_D_AvgPrc', 'LTC_D_AvgPrc']",21,3,0.001,7,04/03/2023,32,0.413533835,0.468313641,58.99386377,0.032501169,6176.374997,0.472804317,76.54756105,4.254460459,75.8245237,0.041568385,9555.644073,0.415384615,97.75297475,5.399741387,0
15/08/2025 19:15,21.7s,a51eb6c0c7b849b5a239059317ee6fc7,ETH_base_BTC_blk_LTC_blk,LOCAL,/home/ec2-user/ETH_Price_Predition/.venv/lib/python3.11/site-packages/ipykernel_launcher.py,ec2-user,FINISHED,64,0.1,30,"['ETH_D_AvgPrc', 'BTC_D_AvgPrc', 'LTC_D_AvgPrc']",21,3,0.01,7,04/03/2023,64,0.436090226,0.4650913,60.00727859,0.033305748,6098.910952,0.47044691,76.62940079,4.33324832,73.13047871,0.040144915,8965.851831,0.439393939,94.68818211,5.244843188,0
16/08/2025 00:41,34.4s,c8ee89376ac149c396baab0331690374,ETH_base_sent_cryptobert,LOCAL,/home/ec2-user/ETH_Price_Predition/.venv/lib/python3.11/site-packages/ipykernel_launcher.py,ec2-user,FINISHED,64,0.05,91,"['ETH_D_AvgPrc', 'D_CRYPTOBERT_AvgScr_Ex', 'D_CRYPTOBERT_Sent_AvgEx']",28,2,0.001,7,04/03/2023,32,0.45112782,0.499462943,58.71943476,0.032342341,6255.951863,0.50350581,76.65496734,4.260028216,74.59627653,0.041002637,10010.30891,0.457142857,100.0515313,5.551649825,0
15/08/2025 19:30,28.6s,46d03fa0f57b4b1ca01c7c4fd1c2a658,ETH_base_BTC_blk_LTC_blk,LOCAL,/home/ec2-user/ETH_Price_Predition/.venv/lib/python3.11/site-packages/ipykernel_launcher.py,ec2-user,FINISHED,64,0.1,68,"['ETH_D_AvgPrc', 'BTC_D_AvgPrc', 'LTC_D_AvgPrc']",28,2,0.001,7,04/03/2023,64,0.383458647,0.467239527,57.79745382,0.031871548,6172.734687,0.473189897,76.67723704,4.269052809,72.3237564,0.039532761,9320.404165,0.394366197,96.54224032,5.31059927,0
15/08/2025 18:11,45.6s,dddaf4f2d9514c5a87eed17f6c588b0b,ETH_base_BTC_blk_LTC_blk,LOCAL,/home/ec2-user/ETH_Price_Predition/.venv/lib/python3.11/site-packages/ipykernel_launcher.py,ec2-user,FINISHED,64,0.1,151,"['ETH_D_AvgPrc', 'BTC_D_AvgPrc', 'LTC_D_AvgPrc']",7,2,0.001,7,04/03/2023,64,0.466165414,0.494092374,56.81984002,0.03116056,6336.470624,0.499567016,76.68976613,4.22033881,75.46440572,0.041240028,10589.3205,0.470588235,102.9044241,5.644375271,0
15/08/2025 23:39,53.2s,8a5d10f1cfe34583a2410cf7a17c03c5,ETH_base_sent_cryptobert,LOCAL,/home/ec2-user/ETH_Price_Predition/.venv/lib/python3.11/site-packages/ipykernel_launcher.py,ec2-user,FINISHED,32,0.1,80,"['ETH_D_AvgPrc', 'D_CRYPTOBERT_AvgScr_Ex', 'D_CRYPTOBERT_Sent_AvgEx']",7,3,0.001,7,04/03/2023,64,0.458646617,0.496240602,58.67789755,0.032240631,6467.158425,0.500762576,76.69341448,4.240398893,81.70031669,0.044886875,11960.51681,0.459016393,109.3641477,6.052444193,0
15/08/2025 19:42,56.0s,a1863c1870fb4ba5b5c817708a99e5cd,ETH_base_BTC_blk_LTC_blk,LOCAL,/home/ec2-user/ETH_Price_Predition/.venv/lib/python3.11/site-packages/ipykernel_launcher.py,ec2-user,FINISHED,32,0.1,72,"['ETH_D_AvgPrc', 'BTC_D_AvgPrc', 'LTC_D_AvgPrc']",28,3,0.001,7,04/03/2023,32,0.421052632,0.4650913,57.69292341,0.031700209,6162.870224,0.47135125,76.73887356,4.239149103,72.54813448,0.039568775,9259.365824,0.428571429,96.22559859,5.260479982,0
15/08/2025 18:58,16.6s,57b5a231341640da837a71ce49687fa2,ETH_base_BTC_blk_LTC_blk,LOCAL,/home/ec2-user/ETH_Price_Predition/.venv/lib/python3.11/site-packages/ipykernel_launcher.py,ec2-user,FINISHED,32,0.1,7,"['ETH_D_AvgPrc', 'BTC_D_AvgPrc', 'LTC_D_AvgPrc']",21,2,0.01,7,04/03/2023,64,0.406015038,0.462943072,59.46466792,0.032832305,6320.73346,0.465628386,76.74659952,4.28720497,83.314072,0.046013449,11314.48304,0.403225806,106.3695588,5.971972029,0
15/08/2025 23:24,29.7s,e6cebe29f14f462c8a52b5d3af178788,ETH_base_sent_cryptobert,LOCAL,/home/ec2-user/ETH_Price_Predition/.venv/lib/python3.11/site-packages/ipykernel_launcher.py,ec2-user,FINISHED,32,0.1,46,"['ETH_D_AvgPrc', 'D_CRYPTOBERT_AvgScr_Ex', 'D_CRYPTOBERT_Sent_AvgEx']",7,2,0.01,7,04/03/2023,64,0.481203008,0.505907626,58.61648189,0.032206282,6509.254208,0.51190643,76.75426833,4.239376794,80.41403519,0.0440494,11372.80143,0.484848485,106.6433375,5.873856259,0
15/08/2025 18:48,16.9s,e371d528881e44a3966c16dcb9faa3d1,ETH_base_BTC_blk_LTC_blk,LOCAL,/home/ec2-user/ETH_Price_Predition/.venv/lib/python3.11/site-packages/ipykernel_launcher.py,ec2-user,FINISHED,64,0.1,12,"['ETH_D_AvgPrc', 'BTC_D_AvgPrc', 'LTC_D_AvgPrc']",14,3,0.01,7,04/03/2023,64,0.45112782,0.475832438,58.4453085,0.03210789,6184.8901,0.480094728,76.85378536,4.251466383,72.45162597,0.039598142,8966.893887,0.453125,94.69368452,5.207670757,0
15/08/2025 19:10,19.0s,9f1fd21154034068b0f2837255b33362,ETH_base_BTC_blk_LTC_blk,LOCAL,/home/ec2-user/ETH_Price_Predition/.venv/lib/python3.11/site-packages/ipykernel_launcher.py,ec2-user,FINISHED,64,0.05,19,"['ETH_D_AvgPrc', 'BTC_D_AvgPrc', 'LTC_D_AvgPrc']",21,3,0.01,7,04/03/2023,64,0.413533835,0.462943072,59.37453965,0.032598012,6255.24372,0.466150475,76.8821354,4.243710088,74.34959217,0.040626016,9451.063991,0.412698413,97.2165829,5.323858449,0
15/08/2025 18:54,37.0s,081b7fe85c894747acc682a81fd574e1,ETH_base_BTC_blk_LTC_blk,LOCAL,/home/ec2-user/ETH_Price_Predition/.venv/lib/python3.11/site-packages/ipykernel_launcher.py,ec2-user,FINISHED,64,0.05,102,"['ETH_D_AvgPrc', 'BTC_D_AvgPrc', 'LTC_D_AvgPrc']",21,2,0.001,7,04/03/2023,32,0.436090226,0.469387755,59.23593241,0.032613253,6281.168883,0.472054642,76.90964077,4.267934872,78.1011855,0.042803946,10304.9916,0.435483871,101.5135045,5.596647749,0
15/08/2025 23:38,49.2s,ff0a801ee36942b3a7eff6e8da5401f9,ETH_base_sent_cryptobert,LOCAL,/home/ec2-user/ETH_Price_Predition/.venv/lib/python3.11/site-packages/ipykernel_launcher.py,ec2-user,FINISHED,64,0.1,123,"['ETH_D_AvgPrc', 'D_CRYPTOBERT_AvgScr_Ex', 'D_CRYPTOBERT_Sent_AvgEx']",7,3,0.001,7,04/03/2023,32,0.473684211,0.495166488,59.58726054,0.03260351,6302.855829,0.500027147,77.06169474,4.230639337,77.84110277,0.042575097,10488.36004,0.478873239,102.4126947,5.633517117,0
16/08/2025 00:29,57.9s,0ef0879a9b64454a93d34a9ec571c494,ETH_base_sent_cryptobert,LOCAL,/home/ec2-user/ETH_Price_Predition/.venv/lib/python3.11/site-packages/ipykernel_launcher.py,ec2-user,FINISHED,32,0.1,80,"['ETH_D_AvgPrc', 'D_CRYPTOBERT_AvgScr_Ex', 'D_CRYPTOBERT_Sent_AvgEx']",21,3,0.001,7,04/03/2023,32,0.481203008,0.487647691,58.72464596,0.032376494,6372.632671,0.492507501,77.07236206,4.29838169,78.04319889,0.043081556,10942.70117,0.485714286,104.6073667,5.880919692,0
15/08/2025 17:37,43.8s,e989ea300af1479fafa6cdc78a531826,ETH_base_LTC_blk,LOCAL,/home/ec2-user/ETH_Price_Predition/.venv/lib/python3.11/site-packages/ipykernel_launcher.py,ec2-user,FINISHED,32,0,63,"['ETH_D_AvgPrc', 'LTC_D_AvgPrc', 'LTC_YF_Vol', 'LTC_OL_MinDif', 'LTC_BIC_HshRt']",28,2,0.01,7,04/03/2023,64,0.443609023,0.497314715,59.39917877,0.032906011,6177.310293,0.503332672,77.11883447,4.379221584,62.06133689,0.034209822,7478.290857,0.447761194,86.47711175,4.953116452,0
16/08/2025 00:02,33.8s,e8f4387c68cb46ea811588e40d33d967,ETH_base_sent_cryptobert,LOCAL,/home/ec2-user/ETH_Price_Predition/.venv/lib/python3.11/site-packages/ipykernel_launcher.py,ec2-user,FINISHED,32,0.1,37,"['ETH_D_AvgPrc', 'D_CRYPTOBERT_AvgScr_Ex', 'D_CRYPTOBERT_Sent_AvgEx']",14,3,0.01,7,04/03/2023,32,0.458646617,0.495166488,60.08517158,0.033161582,6506.231347,0.500348711,77.13061718,4.306505171,82.41283422,0.045402196,11631.26428,0.464788732,107.8483392,6.008455808,0
15/08/2025 18:59,15.1s,335cec3fbb1b41ba905765473d085ab4,ETH_base_BTC_blk_LTC_blk,LOCAL,/home/ec2-user/ETH_Price_Predition/.venv/lib/python3.11/site-packages/ipykernel_launcher.py,ec2-user,FINISHED,64,0.1,19,"['ETH_D_AvgPrc', 'BTC_D_AvgPrc', 'LTC_D_AvgPrc']",21,2,0.01,7,04/03/2023,64,0.421052632,0.464017186,59.00560166,0.032322883,6370.068878,0.46821594,77.13190133,4.239175698,79.51121418,0.043153897,10796.03362,0.424242424,103.9039634,5.623787978,0
15/08/2025 22:26,20.3s,67ba7ae1d5f84d0bb4ba1a937bc0ae1a,ETH_base_sent_finbert,LOCAL,/home/ec2-user/ETH_Price_Predition/.venv/lib/python3.11/site-packages/ipykernel_launcher.py,ec2-user,FINISHED,64,0.05,42,"['ETH_D_AvgPrc', 'D_FINBERT_AvgScr_Ex', 'D_FINBERT_Sent_AvgEx']",21,2,0.01,7,04/03/2023,32,0.390977444,0.466165414,60.27865886,0.033359451,6432.866524,0.470117044,77.14210749,4.346327094,81.26258907,0.044883211,10916.2814,0.387096774,104.4810097,5.876587705,1
16/08/2025 00:24,34.3s,931b0c6bc30c4a6ea6d3b2b6099f81dc,ETH_base_sent_cryptobert,LOCAL,/home/ec2-user/ETH_Price_Predition/.venv/lib/python3.11/site-packages/ipykernel_launcher.py,ec2-user,FINISHED,32,0.05,35,"['ETH_D_AvgPrc', 'D_CRYPTOBERT_AvgScr_Ex', 'D_CRYPTOBERT_Sent_AvgEx']",21,3,0.01,7,04/03/2023,32,0.473684211,0.501611171,58.17906214,0.032082779,6544.116573,0.506308789,77.15059444,4.302319528,80.11128843,0.044043214,11838.70035,0.474576271,108.8057919,6.059144568,0
15/08/2025 19:19,32.8s,8bdeb52a7e93481ea390d85cba0a895a,ETH_base_BTC_blk_LTC_blk,LOCAL,/home/ec2-user/ETH_Price_Predition/.venv/lib/python3.11/site-packages/ipykernel_launcher.py,ec2-user,FINISHED,32,0,46,"['ETH_D_AvgPrc', 'BTC_D_AvgPrc', 'LTC_D_AvgPrc']",28,2,0.001,7,04/03/2023,64,0.406015038,0.473684211,59.18194128,0.032356542,6261.380852,0.478700218,77.15672535,4.218123364,76.67202988,0.041763076,9955.709621,0.409090909,99.77830236,5.417985136,0
15/08/2025 20:29,36.9s,73450031c209472685d60d05c30dc6a0,ETH_base_sent_vader,LOCAL,/home/ec2-user/ETH_Price_Predition/.venv/lib/python3.11/site-packages/ipykernel_launcher.py,ec2-user,FINISHED,32,0.1,43,"['ETH_D_AvgPrc', 'D_VADER_AvgScr_Ex', 'D_VADER_Sent_AvgEx']",14,3,0.01,7,04/03/2023,32,0.436090226,0.495166488,59.06070481,0.032548262,6522.170198,0.49968326,77.15920769,4.293243864,85.17810219,0.046894446,12443.04334,0.442857143,111.5483901,6.220858662,1
15/08/2025 19:13,16.3s,806898596d4b48db8b00da48d622574f,ETH_base_BTC_blk_LTC_blk,LOCAL,/home/ec2-user/ETH_Price_Predition/.venv/lib/python3.11/site-packages/ipykernel_launcher.py,ec2-user,FINISHED,64,0.1,12,"['ETH_D_AvgPrc', 'BTC_D_AvgPrc', 'LTC_D_AvgPrc']",21,3,0.01,7,04/03/2023,32,0.421052632,0.475832438,60.10730643,0.033178679,6220.644108,0.480900911,77.16061185,4.302133964,76.21493897,0.041817859,9546.616429,0.426470588,97.70678804,5.397770899,0
15/08/2025 19:34,39.8s,79b8a5b506b5430e84cb62e0d5a968de,ETH_base_BTC_blk_LTC_blk,LOCAL,/home/ec2-user/ETH_Price_Predition/.venv/lib/python3.11/site-packages/ipykernel_launcher.py,ec2-user,FINISHED,32,0,45,"['ETH_D_AvgPrc', 'BTC_D_AvgPrc', 'LTC_D_AvgPrc']",28,3,0.001,7,04/03/2023,64,0.436090226,0.464017186,59.7325684,0.032812131,6383.406536,0.470315219,77.17187876,4.256312259,81.48988721,0.044336474,10679.99289,0.441176471,103.3440511,5.610640689,0
15/08/2025 18:17,21.6s,93f22d8afd494292a2b3994a2689b178,ETH_base_BTC_blk_LTC_blk,LOCAL,/home/ec2-user/ETH_Price_Predition/.venv/lib/python3.11/site-packages/ipykernel_launcher.py,ec2-user,FINISHED,64,0.05,34,"['ETH_D_AvgPrc', 'BTC_D_AvgPrc', 'LTC_D_AvgPrc']",7,3,0.01,7,04/03/2023,32,0.488721805,0.486573577,58.10261649,0.031953347,6380.734625,0.491936131,77.19066735,4.276797811,74.10853772,0.040727841,10223.84794,0.492957746,101.1130454,5.619386678,0
16/08/2025 00:27,40.6s,912ec7cfaa4041559b50696915b91166,ETH_base_sent_cryptobert,LOCAL,/home/ec2-user/ETH_Price_Predition/.venv/lib/python3.11/site-packages/ipykernel_launcher.py,ec2-user,FINISHED,32,0.05,47,"['ETH_D_AvgPrc', 'D_CRYPTOBERT_AvgScr_Ex', 'D_CRYPTOBERT_Sent_AvgEx']",21,3,0.001,7,04/03/2023,64,0.496240602,0.494092374,58.26848506,0.032002243,6410.265691,0.498428904,77.19807195,4.270385942,78.73904006,0.042995964,11313.46671,0.5,106.3647814,5.84211966,0
15/08/2025 19:15,31.4s,31119d7699374bd8a6a6d2cd4b7fed75,ETH_base_BTC_blk_LTC_blk,LOCAL,/home/ec2-user/ETH_Price_Predition/.venv/lib/python3.11/site-packages/ipykernel_launcher.py,ec2-user,FINISHED,64,0.1,64,"['ETH_D_AvgPrc', 'BTC_D_AvgPrc', 'LTC_D_AvgPrc']",21,3,0.001,7,04/03/2023,64,0.443609023,0.469387755,59.64887701,0.032741803,6268.873645,0.471553844,77.20354203,4.262199295,76.42749827,0.041822418,9785.007508,0.442622951,98.91919686,5.451016569,0
16/08/2025 00:29,31.6s,a17ba09af4664e8293daf04ce64030d0,ETH_base_sent_cryptobert,LOCAL,/home/ec2-user/ETH_Price_Predition/.venv/lib/python3.11/site-packages/ipykernel_launcher.py,ec2-user,FINISHED,32,0.1,28,"['ETH_D_AvgPrc', 'D_CRYPTOBERT_AvgScr_Ex', 'D_CRYPTOBERT_Sent_AvgEx']",21,3,0.01,7,04/03/2023,32,0.496240602,0.499462943,58.37011548,0.03222851,6505.560587,0.504167374,77.20433501,4.316967406,79.06792226,0.043547275,11352.70266,0.5,106.5490622,5.965329395,0
16/08/2025 00:33,55.7s,a7fa4ef1f6b547bca7e4a6e4fee5ce32,ETH_base_sent_cryptobert,LOCAL,/home/ec2-user/ETH_Price_Predition/.venv/lib/python3.11/site-packages/ipykernel_launcher.py,ec2-user,FINISHED,32,0.1,72,"['ETH_D_AvgPrc', 'D_CRYPTOBERT_AvgScr_Ex', 'D_CRYPTOBERT_Sent_AvgEx']",21,3,0.001,7,04/03/2023,64,0.473684211,0.495166488,58.09300237,0.031934137,6457.888383,0.500113061,77.21771096,4.282880442,78.29833227,0.042887847,11572.85677,0.478873239,107.5772131,5.954128104,0
16/08/2025 00:04,37.8s,eac057bc733a40468f3566ea4818ba6e,ETH_base_sent_cryptobert,LOCAL,/home/ec2-user/ETH_Price_Predition/.venv/lib/python3.11/site-packages/ipykernel_launcher.py,ec2-user,FINISHED,32,0.1,46,"['ETH_D_AvgPrc', 'D_CRYPTOBERT_AvgScr_Ex', 'D_CRYPTOBERT_Sent_AvgEx']",14,3,0.01,7,04/03/2023,64,0.458646617,0.505907626,60.60450963,0.0333989,6559.623166,0.509722587,77.24479577,4.302765732,88.54656914,0.048903084,13003.34886,0.464788732,114.0322273,6.380768382,0
15/08/2025 18:06,18.2s,4d80a258da094cdc8c9fcc4d87a4b243,ETH_base_BTC_blk_LTC_blk,LOCAL,/home/ec2-user/ETH_Price_Predition/.venv/lib/python3.11/site-packages/ipykernel_launcher.py,ec2-user,FINISHED,32,0.05,14,"['ETH_D_AvgPrc', 'BTC_D_AvgPrc', 'LTC_D_AvgPrc']",7,2,0.01,7,04/03/2023,64,0.473684211,0.473684211,58.67440373,0.032354996,6228.400376,0.4792925,77.24923161,4.308671343,72.37705202,0.03954073,9358.153797,0.476923077,96.73755112,5.332675858,0
15/08/2025 18:42,21.1s,a278ecbbd3e94ed1acb2c550b88bb4f4,ETH_base_BTC_blk_LTC_blk,LOCAL,/home/ec2-user/ETH_Price_Predition/.venv/lib/python3.11/site-packages/ipykernel_launcher.py,ec2-user,FINISHED,32,0.05,9,"['ETH_D_AvgPrc', 'BTC_D_AvgPrc', 'LTC_D_AvgPrc']",14,3,0.01,7,04/03/2023,64,0.421052632,0.473684211,59.32467288,0.032652419,6276.222635,0.47691551,77.2905823,4.298720214,73.89784986,0.040438358,9344.377823,0.419354839,96.66632207,5.331273143,0
15/08/2025 23:20,26.2s,7e65ffc47c4c4ecc806746982540c6bd,ETH_base_sent_cryptobert,LOCAL,/home/ec2-user/ETH_Price_Predition/.venv/lib/python3.11/site-packages/ipykernel_launcher.py,ec2-user,FINISHED,32,0.05,38,"['ETH_D_AvgPrc', 'D_CRYPTOBERT_AvgScr_Ex', 'D_CRYPTOBERT_Sent_AvgEx']",7,2,0.01,7,04/03/2023,64,0.458646617,0.496240602,59.59848065,0.032587555,6571.629015,0.499850406,77.3062578,4.236588564,83.52427524,0.045449299,11723.0424,0.461538462,108.2729994,5.897821725,0
15/08/2025 18:31,41.9s,3f6f36babffc428387b57c157ba43c7e,ETH_base_BTC_blk_LTC_blk,LOCAL,/home/ec2-user/ETH_Price_Predition/.venv/lib/python3.11/site-packages/ipykernel_launcher.py,ec2-user,FINISHED,64,0.05,128,"['ETH_D_AvgPrc', 'BTC_D_AvgPrc', 'LTC_D_AvgPrc']",14,2,0.001,7,04/03/2023,64,0.443609023,0.476906552,59.55180692,0.032682031,6353.873433,0.480367781,77.31255988,4.264879845,77.76854849,0.042491856,9890.192269,0.442622951,99.4494458,5.458887543,0
15/08/2025 18:07,44.0s,0cef03918e1b40f2b5e15534df82db67,ETH_base_BTC_blk_LTC_blk,LOCAL,/home/ec2-user/ETH_Price_Predition/.venv/lib/python3.11/site-packages/ipykernel_launcher.py,ec2-user,FINISHED,32,0.05,80,"['ETH_D_AvgPrc', 'BTC_D_AvgPrc', 'LTC_D_AvgPrc']",7,2,0.001,7,04/03/2023,64,0.496240602,0.497314715,57.05476532,0.031277654,6515.889845,0.502561323,77.31372321,4.252285377,77.4189024,0.042220368,11123.29882,0.5,105.4670509,5.762062584,0
15/08/2025 19:20,24.2s,ad8b552ba25847ecbdce56e30d823b96,ETH_base_BTC_blk_LTC_blk,LOCAL,/home/ec2-user/ETH_Price_Predition/.venv/lib/python3.11/site-packages/ipykernel_launcher.py,ec2-user,FINISHED,64,0,53,"['ETH_D_AvgPrc', 'BTC_D_AvgPrc', 'LTC_D_AvgPrc']",28,2,0.001,7,04/03/2023,64,0.398496241,0.467239527,58.24760094,0.03207815,6348.671415,0.472271847,77.32289416,4.282228795,74.82651262,0.040994117,9884.369158,0.402985075,99.42016474,5.473394303,0
15/08/2025 18:56,29.3s,13bf8266aac3421786c59cbe344017a3,ETH_base_BTC_blk_LTC_blk,LOCAL,/home/ec2-user/ETH_Price_Predition/.venv/lib/python3.11/site-packages/ipykernel_launcher.py,ec2-user,FINISHED,64,0.05,75,"['ETH_D_AvgPrc', 'BTC_D_AvgPrc', 'LTC_D_AvgPrc']",21,2,0.001,7,04/03/2023,64,0.421052632,0.461868958,59.61562124,0.032738378,6389.912871,0.46212997,77.32981128,4.271394225,77.99916547,0.042713222,10349.75874,0.416666667,101.733764,5.601176706,0
15/08/2025 18:23,27.2s,bc46d945df0d4e1da24ed03cf1b3174b,ETH_base_BTC_blk_LTC_blk,LOCAL,/home/ec2-user/ETH_Price_Predition/.venv/lib/python3.11/site-packages/ipykernel_launcher.py,ec2-user,FINISHED,32,0.1,26,"['ETH_D_AvgPrc', 'BTC_D_AvgPrc', 'LTC_D_AvgPrc']",7,3,0.01,7,04/03/2023,64,0.466165414,0.488721805,58.49934107,0.032280983,6321.035245,0.494755762,77.34387724,4.314997766,72.68085015,0.039762324,9870.672435,0.470588235,99.35125784,5.463692139,0
16/08/2025 00:05,49.5s,ccfa41a4373b432aaac53d020a98fa39,ETH_base_sent_cryptobert,LOCAL,/home/ec2-user/ETH_Price_Predition/.venv/lib/python3.11/site-packages/ipykernel_launcher.py,ec2-user,FINISHED,32,0.1,69,"['ETH_D_AvgPrc', 'D_CRYPTOBERT_AvgScr_Ex', 'D_CRYPTOBERT_Sent_AvgEx']",14,3,0.001,7,04/03/2023,64,0.45112782,0.490870032,60.88412204,0.033460652,6490.880478,0.495635093,77.38038757,4.280652806,82.04747732,0.044986404,11238.96629,0.454545455,106.013991,5.849218225,0
15/08/2025 16:43,1.0min,aeafe3be931740a1b317da822ccf5baa,ETH_base_LTC_blk,LOCAL,/home/ec2-user/ETH_Price_Predition/.venv/lib/python3.11/site-packages/ipykernel_launcher.py,ec2-user,FINISHED,32,0.05,98,"['ETH_D_AvgPrc', 'LTC_D_AvgPrc', 'LTC_YF_Vol', 'LTC_OL_MinDif', 'LTC_BIC_HshRt']",7,3,0.01,7,04/03/2023,32,0.481203008,0.481203008,58.12542148,0.032086118,6168.497296,0.486308146,77.40227348,4.370331757,71.24993369,0.038804554,8597.952786,0.485714286,92.72514646,5.134009824,0
15/08/2025 19:12,43.9s,c3f060d026b44bb3bdce9e4b1d7a5b13,ETH_base_BTC_blk_LTC_blk,LOCAL,/home/ec2-user/ETH_Price_Predition/.venv/lib/python3.11/site-packages/ipykernel_launcher.py,ec2-user,FINISHED,32,0.1,54,"['ETH_D_AvgPrc', 'BTC_D_AvgPrc', 'LTC_D_AvgPrc']",21,3,0.001,7,04/03/2023,32,0.436090226,0.468313641,59.4894952,0.03270554,6267.721209,0.472461775,77.40604596,4.286901658,75.82980255,0.041581236,9552.955843,0.439393939,97.73922367,5.400422359,0
15/08/2025 23:46,16.7s,29b94cecd6d7401cb594c2fea7ef5ecd,ETH_base_sent_cryptobert,LOCAL,/home/ec2-user/ETH_Price_Predition/.venv/lib/python3.11/site-packages/ipykernel_launcher.py,ec2-user,FINISHED,64,0.05,26,"['ETH_D_AvgPrc', 'D_CRYPTOBERT_AvgScr_Ex', 'D_CRYPTOBERT_Sent_AvgEx']",14,2,0.01,7,04/03/2023,32,0.466165414,0.487647691,59.54075641,0.032762651,6436.729108,0.492808955,77.431472,4.300349563,77.62799875,0.042657467,10506.58346,0.471428571,102.5016266,5.699842871,0
15/08/2025 19:03,45.1s,6f22c6730a3d4f36bbb15f753bf4a49b,ETH_base_BTC_blk_LTC_blk,LOCAL,/home/ec2-user/ETH_Price_Predition/.venv/lib/python3.11/site-packages/ipykernel_launcher.py,ec2-user,FINISHED,32,0,60,"['ETH_D_AvgPrc', 'BTC_D_AvgPrc', 'LTC_D_AvgPrc']",21,3,0.001,7,04/03/2023,64,0.45112782,0.474758324,60.03182744,0.033054352,6351.305198,0.479801851,77.45769935,4.295801138,82.61994854,0.04524668,10628.65453,0.454545455,103.0953662,5.676230906,0
16/08/2025 00:52,50.1s,9f9c36093fba4606b003b5cb3965b82a,ETH_base_sent_cryptobert,LOCAL,/home/ec2-user/ETH_Price_Predition/.venv/lib/python3.11/site-packages/ipykernel_launcher.py,ec2-user,FINISHED,32,0.05,60,"['ETH_D_AvgPrc', 'D_CRYPTOBERT_AvgScr_Ex', 'D_CRYPTOBERT_Sent_AvgEx']",28,3,0.01,7,04/03/2023,32,0.481203008,0.498388829,60.75178116,0.033413595,6576.982488,0.503525036,77.4605814,4.297257964,80.75142974,0.044127229,11185.10916,0.486111111,105.7596764,5.796988549,0
15/08/2025 23:20,39.7s,70b60e036e7448fe8f3919fd47dc5f13,ETH_base_sent_cryptobert,LOCAL,/home/ec2-user/ETH_Price_Predition/.venv/lib/python3.11/site-packages/ipykernel_launcher.py,ec2-user,FINISHED,64,0.05,131,"['ETH_D_AvgPrc', 'D_CRYPTOBERT_AvgScr_Ex', 'D_CRYPTOBERT_Sent_AvgEx']",7,2,0.001,7,04/03/2023,32,0.496240602,0.489795918,59.47850441,0.032592553,6481.821879,0.494545524,77.48211827,4.265538348,79.72169231,0.043708288,11270.3522,0.5,106.161915,5.861356073,0
16/08/2025 00:40,18.4s,2892951245fe43d6b65219e95dc199ea,ETH_base_sent_cryptobert,LOCAL,/home/ec2-user/ETH_Price_Predition/.venv/lib/python3.11/site-packages/ipykernel_launcher.py,ec2-user,FINISHED,64,0.05,29,"['ETH_D_AvgPrc', 'D_CRYPTOBERT_AvgScr_Ex', 'D_CRYPTOBERT_Sent_AvgEx']",28,2,0.01,7,04/03/2023,32,0.496240602,0.485499463,59.48663487,0.032661434,6434.976967,0.491104465,77.4969126,4.279193804,77.62351932,0.04241085,10398.08305,0.5,101.9709912,5.596324193,0
15/08/2025 18:35,35.4s,096873e6742349228f7fb74024f75b59,ETH_base_BTC_blk_LTC_blk,LOCAL,/home/ec2-user/ETH_Price_Predition/.venv/lib/python3.11/site-packages/ipykernel_launcher.py,ec2-user,FINISHED,32,0.1,53,"['ETH_D_AvgPrc', 'BTC_D_AvgPrc', 'LTC_D_AvgPrc']",14,2,0.001,7,04/03/2023,64,0.443609023,0.477980666,58.66822115,0.032127245,6447.179337,0.480935209,77.50298409,4.261124973,78.76523332,0.043021826,10518.43161,0.440677966,102.5594053,5.626402053,0
15/08/2025 23:27,1.1min,d69b0383ca5444dbb9f6b5981129e7a8,ETH_base_sent_cryptobert,LOCAL,/home/ec2-user/ETH_Price_Predition/.venv/lib/python3.11/site-packages/ipykernel_launcher.py,ec2-user,FINISHED,64,0,185,"['ETH_D_AvgPrc', 'D_CRYPTOBERT_AvgScr_Ex', 'D_CRYPTOBERT_Sent_AvgEx']",7,3,0.001,7,04/03/2023,32,0.458646617,0.502685285,59.44362954,0.032512499,6544.305903,0.50748091,77.50338937,4.254538053,83.07393262,0.045364511,12073.83474,0.464788732,109.8810026,6.025800525,0
15/08/2025 19:39,33.6s,b537f2e96cb5411b998bdf8b9341d133,ETH_base_BTC_blk_LTC_blk,LOCAL,/home/ec2-user/ETH_Price_Predition/.venv/lib/python3.11/site-packages/ipykernel_launcher.py,ec2-user,FINISHED,32,0.05,29,"['ETH_D_AvgPrc', 'BTC_D_AvgPrc', 'LTC_D_AvgPrc']",28,3,0.01,7,04/03/2023,64,0.398496241,0.486573577,60.59495431,0.033419597,6252.421853,0.491052145,77.50362787,4.318155661,75.05182458,0.040682056,9913.284932,0.4,99.56548062,5.3750697,0
15/08/2025 20:44,23.8s,1c500ac754a34beaa2ca8419b235be5e,ETH_base_sent_vader,LOCAL,/home/ec2-user/ETH_Price_Predition/.venv/lib/python3.11/site-packages/ipykernel_launcher.py,ec2-user,FINISHED,32,0,17,"['ETH_D_AvgPrc', 'D_VADER_AvgScr_Ex', 'D_VADER_Sent_AvgEx']",21,3,0.01,7,04/03/2023,32,0.421052632,0.488721805,59.16486035,0.03270091,6527.321733,0.494073393,77.54398493,4.352590733,87.06227582,0.047981151,12613.10524,0.428571429,112.3080818,6.313135576,0
15/08/2025 23:53,32.5s,062f29b3c0ed42dfb54dfd9e3e2c1d84,ETH_base_sent_cryptobert,LOCAL,/home/ec2-user/ETH_Price_Predition/.venv/lib/python3.11/site-packages/ipykernel_launcher.py,ec2-user,FINISHED,64,0.1,89,"['ETH_D_AvgPrc', 'D_CRYPTOBERT_AvgScr_Ex', 'D_CRYPTOBERT_Sent_AvgEx']",14,2,0.001,7,04/03/2023,64,0.503759398,0.489795918,59.79832109,0.032807209,6510.92838,0.49513649,77.56572671,4.280325633,80.63819254,0.044194488,11289.73263,0.506666667,106.2531535,5.864435964,0
16/08/2025 00:06,24.4s,646d9237257f46d38c0dcbb96c1c71ab,ETH_base_sent_cryptobert,LOCAL,/home/ec2-user/ETH_Price_Predition/.venv/lib/python3.11/site-packages/ipykernel_launcher.py,ec2-user,FINISHED,64,0.1,40,"['ETH_D_AvgPrc', 'D_CRYPTOBERT_AvgScr_Ex', 'D_CRYPTOBERT_Sent_AvgEx']",14,3,0.01,7,04/03/2023,64,0.488721805,0.496240602,60.42639547,0.033132423,6474.143742,0.501066657,77.57359473,4.274143065,80.99543039,0.044346899,10823.21278,0.493333333,104.0346711,5.73003698,0
15/08/2025 18:44,48.0s,47a231051d5a43b0b207cbce6ffda2d8,ETH_base_BTC_blk_LTC_blk,LOCAL,/home/ec2-user/ETH_Price_Predition/.venv/lib/python3.11/site-packages/ipykernel_launcher.py,ec2-user,FINISHED,32,0.1,65,"['ETH_D_AvgPrc', 'BTC_D_AvgPrc', 'LTC_D_AvgPrc']",14,3,0.001,7,04/03/2023,32,0.421052632,0.472610097,59.56985818,0.03294828,6246.142848,0.474687731,77.58540644,4.355303269,74.1473313,0.040654848,9576.935324,0.413793103,97.8618175,5.416258408,0
15/08/2025 18:06,18.5s,fd43b9feac754207befb754e10bd92c6,ETH_base_BTC_blk_LTC_blk,LOCAL,/home/ec2-user/ETH_Price_Predition/.venv/lib/python3.11/site-packages/ipykernel_launcher.py,ec2-user,FINISHED,64,0.05,34,"['ETH_D_AvgPrc', 'BTC_D_AvgPrc', 'LTC_D_AvgPrc']",7,2,0.01,7,04/03/2023,32,0.518796992,0.499462943,58.08693196,0.031853987,6565.45914,0.503989646,77.58674085,4.272901938,75.33326274,0.041214654,10722.67866,0.521126761,103.5503677,5.694086524,0
15/08/2025 22:30,19.3s,3bc3118a948042f5a48571c1f8c76794,ETH_base_sent_finbert,LOCAL,/home/ec2-user/ETH_Price_Predition/.venv/lib/python3.11/site-packages/ipykernel_launcher.py,ec2-user,FINISHED,64,0.1,36,"['ETH_D_AvgPrc', 'D_FINBERT_AvgScr_Ex', 'D_FINBERT_Sent_AvgEx']",21,2,0.01,7,04/03/2023,32,0.390977444,0.480128894,61.50652355,0.034243591,6566.00315,0.483401355,77.58803201,4.423055281,81.57668838,0.045223403,11141.35632,0.393939394,105.5526235,5.969174422,0
15/08/2025 18:29,39.0s,6180c1c09dff46c697bbd4d72af12ac5,ETH_base_BTC_blk_LTC_blk,LOCAL,/home/ec2-user/ETH_Price_Predition/.venv/lib/python3.11/site-packages/ipykernel_launcher.py,ec2-user,FINISHED,64,0.05,117,"['ETH_D_AvgPrc', 'BTC_D_AvgPrc', 'LTC_D_AvgPrc']",14,2,0.001,7,04/03/2023,32,0.421052632,0.47905478,59.31696429,0.032555871,6373.086503,0.482058219,77.59853717,4.283332499,78.48073331,0.042729025,10155.67789,0.416666667,100.7753833,5.504968768,0
15/08/2025 19:02,26.0s,f4a568e0e94c4239b9a60898f4ec1a0d,ETH_base_BTC_blk_LTC_blk,LOCAL,/home/ec2-user/ETH_Price_Predition/.venv/lib/python3.11/site-packages/ipykernel_launcher.py,ec2-user,FINISHED,32,0,20,"['ETH_D_AvgPrc', 'BTC_D_AvgPrc', 'LTC_D_AvgPrc']",21,3,0.01,7,04/03/2023,64,0.413533835,0.481203008,60.04045123,0.033073615,6565.306239,0.485438371,77.625788,4.308302835,79.8986961,0.043898013,10782.15796,0.412698413,103.8371704,5.747203302,0
15/08/2025 23:44,30.4s,583493674cff4dcf9bb4f2ac6be224c5,ETH_base_sent_cryptobert,LOCAL,/home/ec2-user/ETH_Price_Predition/.venv/lib/python3.11/site-packages/ipykernel_launcher.py,ec2-user,FINISHED,64,0,81,"['ETH_D_AvgPrc', 'D_CRYPTOBERT_AvgScr_Ex', 'D_CRYPTOBERT_Sent_AvgEx']",14,2,0.01,7,04/03/2023,64,0.481203008,0.517722879,60.77301143,0.033259524,6755.091499,0.523132574,77.71148,4.269120615,89.28602107,0.048464634,12765.86946,0.484848485,112.9861472,6.133276596,0
15/08/2025 19:46,46.8s,cc1e9020209e4a4ea478461420dc828d,ETH_base_BTC_blk_LTC_blk,LOCAL,/home/ec2-user/ETH_Price_Predition/.venv/lib/python3.11/site-packages/ipykernel_launcher.py,ec2-user,FINISHED,32,0.1,57,"['ETH_D_AvgPrc', 'BTC_D_AvgPrc', 'LTC_D_AvgPrc']",28,3,0.001,7,04/03/2023,64,0.428571429,0.471535983,59.04067269,0.032480625,6418.87841,0.476314816,77.71328176,4.292874268,80.74696729,0.044290098,10729.8741,0.432835821,103.5851056,5.714976772,0
15/08/2025 18:53,25.0s,cc848db937fd4f7189326fa3269fc756,ETH_base_BTC_blk_LTC_blk,LOCAL,/home/ec2-user/ETH_Price_Predition/.venv/lib/python3.11/site-packages/ipykernel_launcher.py,ec2-user,FINISHED,32,0.05,25,"['ETH_D_AvgPrc', 'BTC_D_AvgPrc', 'LTC_D_AvgPrc']",21,2,0.01,7,04/03/2023,32,0.428571429,0.494092374,58.99441591,0.032316985,6406.520534,0.499691262,77.71528388,4.273884004,77.13419038,0.042006261,10614.08356,0.436619718,103.0246745,5.615753521,0
15/08/2025 22:20,31.0s,d06203705ca7478698adcc51c0eabf2c,ETH_base_sent_finbert,LOCAL,/home/ec2-user/ETH_Price_Predition/.venv/lib/python3.11/site-packages/ipykernel_launcher.py,ec2-user,FINISHED,64,0.1,64,"['ETH_D_AvgPrc', 'D_FINBERT_AvgScr_Ex', 'D_FINBERT_Sent_AvgEx']",14,3,0.01,7,04/03/2023,64,0.398496241,0.508055854,60.73870332,0.033548563,6368.979848,0.512620548,77.71699405,4.371889065,82.55572762,0.045667642,10995.69631,0.402985075,104.8603658,5.942456263,0
15/08/2025 18:57,37.2s,4626bee2f9124ff38c60d9901a9e8746,ETH_base_BTC_blk_LTC_blk,LOCAL,/home/ec2-user/ETH_Price_Predition/.venv/lib/python3.11/site-packages/ipykernel_launcher.py,ec2-user,FINISHED,32,0.1,58,"['ETH_D_AvgPrc', 'BTC_D_AvgPrc', 'LTC_D_AvgPrc']",21,2,0.001,7,04/03/2023,32,0.398496241,0.461868958,59.59252484,0.03268734,6390.663662,0.464607851,77.74236524,4.283443771,76.35293028,0.041684977,10058.57534,0.396825397,100.292449,5.490068224,0
15/08/2025 23:33,40.4s,9f351c30873a4045bd088d387da2fc88,ETH_base_sent_cryptobert,LOCAL,/home/ec2-user/ETH_Price_Predition/.venv/lib/python3.11/site-packages/ipykernel_launcher.py,ec2-user,FINISHED,64,0.05,107,"['ETH_D_AvgPrc', 'D_CRYPTOBERT_AvgScr_Ex', 'D_CRYPTOBERT_Sent_AvgEx']",7,3,0.001,7,04/03/2023,32,0.503759398,0.495166488,59.31074158,0.032550627,6469.013424,0.499741232,77.75256076,4.290996143,77.92732893,0.042841977,10920.05368,0.507042254,104.4990607,5.798504251,0
15/08/2025 17:41,43.0s,2b50abee6fa64d51af6ae58cc5f5a9af,ETH_base_LTC_blk,LOCAL,/home/ec2-user/ETH_Price_Predition/.venv/lib/python3.11/site-packages/ipykernel_launcher.py,ec2-user,FINISHED,32,0.05,60,"['ETH_D_AvgPrc', 'LTC_D_AvgPrc', 'LTC_YF_Vol', 'LTC_OL_MinDif', 'LTC_BIC_HshRt']",28,2,0.01,7,04/03/2023,64,0.406015038,0.461868958,59.58449265,0.032765598,6287.081961,0.465759497,77.76000609,4.333495811,68.84404118,0.038026366,8740.970636,0.409090909,93.49315823,5.347745413,0
15/08/2025 22:18,27.6s,b984486cec874024a9116486b9d464a5,ETH_base_sent_finbert,LOCAL,/home/ec2-user/ETH_Price_Predition/.venv/lib/python3.11/site-packages/ipykernel_launcher.py,ec2-user,FINISHED,64,0.1,52,"['ETH_D_AvgPrc', 'D_FINBERT_AvgScr_Ex', 'D_FINBERT_Sent_AvgEx']",14,3,0.01,7,04/03/2023,32,0.436090226,0.49301826,60.19789453,0.033124948,6376.911224,0.498620058,77.76741383,4.332687611,76.48720396,0.041907972,10015.80694,0.431034483,100.0790035,5.549068968,0
15/08/2025 18:02,17.3s,af93a0b0642a41cea402a8d0db7bb8da,ETH_base_BTC_blk_LTC_blk,LOCAL,/home/ec2-user/ETH_Price_Predition/.venv/lib/python3.11/site-packages/ipykernel_launcher.py,ec2-user,FINISHED,64,0,35,"['ETH_D_AvgPrc', 'BTC_D_AvgPrc', 'LTC_D_AvgPrc']",7,2,0.01,7,04/03/2023,32,0.466165414,0.483351235,58.07999854,0.031895168,6454.964865,0.488339678,77.78057267,4.294232679,75.12087416,0.041198213,10578.62341,0.470588235,102.8524351,5.685015436,0
15/08/2025 19:17,30.4s,40344ac99bba498b81631b97f5d95735,ETH_base_BTC_blk_LTC_blk,LOCAL,/home/ec2-user/ETH_Price_Predition/.venv/lib/python3.11/site-packages/ipykernel_launcher.py,ec2-user,FINISHED,64,0,78,"['ETH_D_AvgPrc', 'BTC_D_AvgPrc', 'LTC_D_AvgPrc']",28,2,0.001,7,04/03/2023,32,0.421052632,0.460794844,59.32377452,0.032520587,6427.778152,0.46637942,77.78585572,4.271155215,78.47763291,0.042918348,10566.27433,0.426470588,102.7923846,5.636004641,0
15/08/2025 20:33,20.9s,f855ce0af13a4a478102d61c09b6614a,ETH_base_sent_vader,LOCAL,/home/ec2-user/ETH_Price_Predition/.venv/lib/python3.11/site-packages/ipykernel_launcher.py,ec2-user,FINISHED,32,0,18,"['ETH_D_AvgPrc', 'D_VADER_AvgScr_Ex', 'D_VADER_Sent_AvgEx']",21,2,0.01,7,04/03/2023,32,0.428571429,0.501611171,60.02508283,0.033018237,6501.845123,0.506038652,77.79311527,4.312509692,79.20982762,0.043352091,11160.66622,0.438356164,105.6440543,5.823176408,0
15/08/2025 19:30,15.7s,6c8422c5d2354ac0810b06928357a4b3,ETH_base_BTC_blk_LTC_blk,LOCAL,/home/ec2-user/ETH_Price_Predition/.venv/lib/python3.11/site-packages/ipykernel_launcher.py,ec2-user,FINISHED,64,0.1,19,"['ETH_D_AvgPrc', 'BTC_D_AvgPrc', 'LTC_D_AvgPrc']",28,2,0.01,7,04/03/2023,64,0.428571429,0.468313641,59.8779506,0.032900671,6305.12242,0.47352273,77.79607504,4.296602756,78.63404123,0.042619373,10593.11432,0.432835821,102.9228562,5.563642243,0
15/08/2025 23:17,20.8s,b9b6218f3b56492595b120ee3b07d422,ETH_base_sent_cryptobert,LOCAL,/home/ec2-user/ETH_Price_Predition/.venv/lib/python3.11/site-packages/ipykernel_launcher.py,ec2-user,FINISHED,32,0,25,"['ETH_D_AvgPrc', 'D_CRYPTOBERT_AvgScr_Ex', 'D_CRYPTOBERT_Sent_AvgEx']",7,2,0.01,7,04/03/2023,64,0.458646617,0.490870032,59.77761647,0.032853467,6623.857653,0.496287751,77.79730696,4.304208517,78.78536253,0.042997183,10651.44728,0.462686567,103.2058491,5.655215775,0
15/08/2025 22:05,14.8s,d48f009adcbf4e809b01f72fe6f809b1,ETH_base_sent_finbert,LOCAL,/home/ec2-user/ETH_Price_Predition/.venv/lib/python3.11/site-packages/ipykernel_launcher.py,ec2-user,FINISHED,64,0.1,20,"['ETH_D_AvgPrc', 'D_FINBERT_AvgScr_Ex', 'D_FINBERT_Sent_AvgEx']",14,2,0.01,7,04/03/2023,32,0.37593985,0.491944146,59.53784055,0.032958151,6450.103084,0.497460841,77.82957685,4.395196915,83.97502721,0.046350233,11335.84621,0.382352941,106.469931,5.993398261,0
15/08/2025 20:18,27.3s,1aacac59dd4549b4a32d0e393d0fb950,ETH_base_sent_vader,LOCAL,/home/ec2-user/ETH_Price_Predition/.venv/lib/python3.11/site-packages/ipykernel_launcher.py,ec2-user,FINISHED,32,0.1,37,"['ETH_D_AvgPrc', 'D_VADER_AvgScr_Ex', 'D_VADER_Sent_AvgEx']",14,2,0.01,7,04/03/2023,32,0.413533835,0.499462943,59.52513239,0.032747586,6698.364552,0.503969683,77.89291206,4.323406035,87.01913131,0.047868926,12820.75123,0.420289855,113.2287562,6.307427571,0
15/08/2025 23:59,20.0s,66ab7d0dd00e4641b6e20052ba8d883d,ETH_base_sent_cryptobert,LOCAL,/home/ec2-user/ETH_Price_Predition/.venv/lib/python3.11/site-packages/ipykernel_launcher.py,ec2-user,FINISHED,64,0.05,25,"['ETH_D_AvgPrc', 'D_CRYPTOBERT_AvgScr_Ex', 'D_CRYPTOBERT_Sent_AvgEx']",14,3,0.01,7,04/03/2023,32,0.45112782,0.489795918,60.65756111,0.033522651,6448.167554,0.494755667,77.92997683,4.365884862,75.96248151,0.041767572,10203.01605,0.457142857,101.0099799,5.622101931,0
16/08/2025 00:22,46.9s,999994eb885c48c6912fada51d8629c7,ETH_base_sent_cryptobert,LOCAL,/home/ec2-user/ETH_Price_Predition/.venv/lib/python3.11/site-packages/ipykernel_launcher.py,ec2-user,FINISHED,32,0,65,"['ETH_D_AvgPrc', 'D_CRYPTOBERT_AvgScr_Ex', 'D_CRYPTOBERT_Sent_AvgEx']",21,3,0.001,7,04/03/2023,64,0.481203008,0.500537057,59.40352708,0.032742788,6661.926861,0.504466021,77.9339057,4.342553185,85.41656884,0.04708183,12738.33838,0.485294118,112.8642476,6.317403915,0
16/08/2025 00:18,33.0s,7014f734a5cf416383783551cf2df3f5,ETH_base_sent_cryptobert,LOCAL,/home/ec2-user/ETH_Price_Predition/.venv/lib/python3.11/site-packages/ipykernel_launcher.py,ec2-user,FINISHED,64,0.1,88,"['ETH_D_AvgPrc', 'D_CRYPTOBERT_AvgScr_Ex', 'D_CRYPTOBERT_Sent_AvgEx']",21,2,0.001,7,04/03/2023,64,0.436090226,0.499462943,58.89075336,0.032517873,6647.461011,0.504683646,77.9518291,4.361770405,82.13568827,0.045356775,12207.19268,0.441176471,110.4861651,6.222712583,0
15/08/2025 18:20,36.8s,5a11ad7597f74a76b9901043ebde5521,ETH_base_BTC_blk_LTC_blk,LOCAL,/home/ec2-user/ETH_Price_Predition/.venv/lib/python3.11/site-packages/ipykernel_launcher.py,ec2-user,FINISHED,32,0.1,48,"['ETH_D_AvgPrc', 'BTC_D_AvgPrc', 'LTC_D_AvgPrc']",7,3,0.01,7,04/03/2023,32,0.503759398,0.488721805,58.40438826,0.032243517,6602.399443,0.494215292,77.96422648,4.347518086,78.37399476,0.042975464,11566.69651,0.507042254,107.5485775,5.930748065,0
15/08/2025 19:08,39.5s,81be4fbaedb243c7bb1a75b7a5465562,ETH_base_BTC_blk_LTC_blk,LOCAL,/home/ec2-user/ETH_Price_Predition/.venv/lib/python3.11/site-packages/ipykernel_launcher.py,ec2-user,FINISHED,32,0.05,40,"['ETH_D_AvgPrc', 'BTC_D_AvgPrc', 'LTC_D_AvgPrc']",21,3,0.01,7,04/03/2023,64,0.458646617,0.485499463,58.68422908,0.03210239,6528.163374,0.490635251,77.96994455,4.280356562,76.19511448,0.041633851,10567.87326,0.461538462,102.8001618,5.637933835,0
15/08/2025 20:16,25.3s,51dddd9252184a22859f02e24cc0c6ec,ETH_base_sent_vader,LOCAL,/home/ec2-user/ETH_Price_Predition/.venv/lib/python3.11/site-packages/ipykernel_launcher.py,ec2-user,FINISHED,32,0.05,32,"['ETH_D_AvgPrc', 'D_VADER_AvgScr_Ex', 'D_VADER_Sent_AvgEx']",14,2,0.01,7,04/03/2023,64,0.421052632,0.505907626,59.59984794,0.032815386,6684.727339,0.510315368,77.97276297,4.330153538,84.81823019,0.046697331,12376.87146,0.428571429,111.2513886,6.209225359,0
16/08/2025 01:00,22.9s,9172b990beb34e609cd093e64b54eb87,ETH_base_sent_cryptobert,LOCAL,/home/ec2-user/ETH_Price_Predition/.venv/lib/python3.11/site-packages/ipykernel_launcher.py,ec2-user,FINISHED,64,0.1,31,"['ETH_D_AvgPrc', 'D_CRYPTOBERT_AvgScr_Ex', 'D_CRYPTOBERT_Sent_AvgEx']",28,3,0.01,7,04/03/2023,32,0.481203008,0.483351235,60.28117362,0.03304994,6477.789609,0.488931558,77.98585061,4.293999317,78.27317202,0.042916149,10458.06089,0.486486486,102.264661,5.645391162,0
15/08/2025 23:57,40.9s,b2878e8885074af0b9ad2ef1fa316782,ETH_base_sent_cryptobert,LOCAL,/home/ec2-user/ETH_Price_Predition/.venv/lib/python3.11/site-packages/ipykernel_launcher.py,ec2-user,FINISHED,64,0,100,"['ETH_D_AvgPrc', 'D_CRYPTOBERT_AvgScr_Ex', 'D_CRYPTOBERT_Sent_AvgEx']",14,3,0.001,7,04/03/2023,64,0.473684211,0.512352309,60.66075041,0.033248717,6750.852811,0.517992763,77.98975111,4.298462987,87.11895958,0.047502597,12510.99162,0.47826087,111.8525441,6.125202238,0
15/08/2025 19:14,24.3s,22c961ff6eb44351a6adfe418bc953ff,ETH_base_BTC_blk_LTC_blk,LOCAL,/home/ec2-user/ETH_Price_Predition/.venv/lib/python3.11/site-packages/ipykernel_launcher.py,ec2-user,FINISHED,32,0.1,14,"['ETH_D_AvgPrc', 'BTC_D_AvgPrc', 'LTC_D_AvgPrc']",21,3,0.01,7,04/03/2023,64,0.436090226,0.471535983,59.71534495,0.032843684,6531.00958,0.477347406,78.01149208,4.320215955,80.1234771,0.043742178,10989.315,0.444444444,104.8299337,5.741919285,0
15/08/2025 19:38,35.7s,839c8bb48df8405ca5bc64530bb86a18,ETH_base_BTC_blk_LTC_blk,LOCAL,/home/ec2-user/ETH_Price_Predition/.venv/lib/python3.11/site-packages/ipykernel_launcher.py,ec2-user,FINISHED,64,0.05,73,"['ETH_D_AvgPrc', 'BTC_D_AvgPrc', 'LTC_D_AvgPrc']",28,3,0.001,7,04/03/2023,32,0.390977444,0.457572503,58.7748973,0.032359321,6375.38224,0.464611207,78.0317366,4.32344183,73.957841,0.040637607,9598.283098,0.402777778,97.97082779,5.434547543,0
15/08/2025 19:21,35.6s,dba67cc6b469403d996963204e558aae,ETH_base_BTC_blk_LTC_blk,LOCAL,/home/ec2-user/ETH_Price_Predition/.venv/lib/python3.11/site-packages/ipykernel_launcher.py,ec2-user,FINISHED,32,0.05,48,"['ETH_D_AvgPrc', 'BTC_D_AvgPrc', 'LTC_D_AvgPrc']",28,2,0.001,7,04/03/2023,32,0.428571429,0.466165414,59.04527425,0.032464858,6394.748468,0.471645533,78.07248236,4.310351882,74.59456434,0.040707642,9915.124327,0.434782609,99.57471731,5.438231556,0
15/08/2025 23:52,37.2s,698bbe46bd674971b990a42a82be2624,ETH_base_sent_cryptobert,LOCAL,/home/ec2-user/ETH_Price_Predition/.venv/lib/python3.11/site-packages/ipykernel_launcher.py,ec2-user,FINISHED,32,0.1,59,"['ETH_D_AvgPrc', 'D_CRYPTOBERT_AvgScr_Ex', 'D_CRYPTOBERT_Sent_AvgEx']",14,2,0.001,7,04/03/2023,64,0.488721805,0.491944146,60.25937404,0.033028297,6560.476741,0.49708641,78.09493651,4.301821995,81.0304788,0.044439993,11184.51522,0.493333333,105.7568684,5.841593436,0
16/08/2025 00:03,23.9s,65377b773bca4ab9964370ce7b79630e,ETH_base_sent_cryptobert,LOCAL,/home/ec2-user/ETH_Price_Predition/.venv/lib/python3.11/site-packages/ipykernel_launcher.py,ec2-user,FINISHED,64,0.1,39,"['ETH_D_AvgPrc', 'D_CRYPTOBERT_AvgScr_Ex', 'D_CRYPTOBERT_Sent_AvgEx']",14,3,0.01,7,04/03/2023,32,0.526315789,0.50698174,61.15189441,0.033597961,6493.240728,0.511007312,78.134014,4.324060904,77.33047577,0.042416183,10103.19025,0.528571429,100.5146271,5.562938419,0
15/08/2025 19:35,27.6s,83bff599c4ec488ea52d49de8b233070,ETH_base_BTC_blk_LTC_blk,LOCAL,/home/ec2-user/ETH_Price_Predition/.venv/lib/python3.11/site-packages/ipykernel_launcher.py,ec2-user,FINISHED,64,0,48,"['ETH_D_AvgPrc', 'BTC_D_AvgPrc', 'LTC_D_AvgPrc']",28,3,0.001,7,04/03/2023,64,0.398496241,0.458646617,58.69309013,0.032356602,6426.559377,0.464738896,78.14514208,4.34640418,74.39111994,0.040837051,9863.956959,0.405797101,99.31745546,5.505221795,0
16/08/2025 00:31,44.9s,802c9bd155b640be839ca31ad99332de,ETH_base_sent_cryptobert,LOCAL,/home/ec2-user/ETH_Price_Predition/.venv/lib/python3.11/site-packages/ipykernel_launcher.py,ec2-user,FINISHED,64,0.1,110,"['ETH_D_AvgPrc', 'D_CRYPTOBERT_AvgScr_Ex', 'D_CRYPTOBERT_Sent_AvgEx']",21,3,0.001,7,04/03/2023,32,0.496240602,0.498388829,59.7770393,0.032845493,6555.76237,0.503023949,78.16656065,4.325409749,79.43938222,0.043675341,11126.82646,0.5,105.4837735,5.856350021,0
15/08/2025 19:44,37.7s,ab39b678aa234da2bb26a2cd14dfe8ce,ETH_base_BTC_blk_LTC_blk,LOCAL,/home/ec2-user/ETH_Price_Predition/.venv/lib/python3.11/site-packages/ipykernel_launcher.py,ec2-user,FINISHED,64,0.1,81,"['ETH_D_AvgPrc', 'BTC_D_AvgPrc', 'LTC_D_AvgPrc']",28,3,0.001,7,04/03/2023,32,0.406015038,0.458646617,59.50579264,0.032647438,6381.777284,0.465086894,78.17208276,4.305764054,73.5182245,0.040124314,9344.064547,0.414285714,96.66470166,5.297762347,0
15/08/2025 20:31,32.0s,238387f5e71f4c5ea793837e4b8fc58d,ETH_base_sent_vader,LOCAL,/home/ec2-user/ETH_Price_Predition/.venv/lib/python3.11/site-packages/ipykernel_launcher.py,ec2-user,FINISHED,32,0.1,34,"['ETH_D_AvgPrc', 'D_VADER_AvgScr_Ex', 'D_VADER_Sent_AvgEx']",14,3,0.01,7,04/03/2023,64,0.443609023,0.501611171,59.71161407,0.032775747,6641.672694,0.506173116,78.19108204,4.324117005,83.9349083,0.046097251,12181.80106,0.447761194,110.3711967,6.122501551,0
15/08/2025 18:44,23.9s,4b0ffa0f2e704489b942fb9da8c9a381,ETH_base_BTC_blk_LTC_blk,LOCAL,/home/ec2-user/ETH_Price_Predition/.venv/lib/python3.11/site-packages/ipykernel_launcher.py,ec2-user,FINISHED,32,0.1,15,"['ETH_D_AvgPrc', 'BTC_D_AvgPrc', 'LTC_D_AvgPrc']",14,3,0.01,7,04/03/2023,32,0.406015038,0.471535983,59.96726772,0.03299565,6403.976914,0.474127716,78.21341447,4.334451586,75.63267414,0.041448507,9905.316967,0.403225806,99.52545889,5.496017826,0
15/08/2025 19:40,34.1s,f107a935b3da4f789152ef03992acb37,ETH_base_BTC_blk_LTC_blk,LOCAL,/home/ec2-user/ETH_Price_Predition/.venv/lib/python3.11/site-packages/ipykernel_launcher.py,ec2-user,FINISHED,32,0.05,31,"['ETH_D_AvgPrc', 'BTC_D_AvgPrc', 'LTC_D_AvgPrc']",28,3,0.001,7,04/03/2023,64,0.398496241,0.45972073,59.71738081,0.032715413,6434.058983,0.46673869,78.24429741,4.295322844,80.29094013,0.04414793,10451.61507,0.405797101,102.2331408,5.671993025,0
15/08/2025 23:19,22.5s,c4cc24bec61d4258ae9987e708b6c11f,ETH_base_sent_cryptobert,LOCAL,/home/ec2-user/ETH_Price_Predition/.venv/lib/python3.11/site-packages/ipykernel_launcher.py,ec2-user,FINISHED,32,0.05,25,"['ETH_D_AvgPrc', 'D_CRYPTOBERT_AvgScr_Ex', 'D_CRYPTOBERT_Sent_AvgEx']",7,2,0.01,7,04/03/2023,32,0.488721805,0.468313641,59.77552115,0.032788269,6753.267888,0.474105219,78.27123426,4.31188426,80.9938086,0.04440866,11655.23065,0.492753623,107.9593935,5.951845107,0
15/08/2025 18:35,27.1s,c0809c788f81499296ce937b2b491169,ETH_base_BTC_blk_LTC_blk,LOCAL,/home/ec2-user/ETH_Price_Predition/.venv/lib/python3.11/site-packages/ipykernel_launcher.py,ec2-user,FINISHED,64,0.1,68,"['ETH_D_AvgPrc', 'BTC_D_AvgPrc', 'LTC_D_AvgPrc']",14,2,0.001,7,04/03/2023,64,0.458646617,0.481203008,60.23691068,0.032932943,6517.901064,0.484880093,78.27254996,4.289838796,79.929143,0.043449235,10405.56375,0.46031746,102.0076652,5.557361249,0
15/08/2025 18:04,39.2s,f28f5a226d5946fda94e88bd33c6e84c,ETH_base_BTC_blk_LTC_blk,LOCAL,/home/ec2-user/ETH_Price_Predition/.venv/lib/python3.11/site-packages/ipykernel_launcher.py,ec2-user,FINISHED,64,0,127,"['ETH_D_AvgPrc', 'BTC_D_AvgPrc', 'LTC_D_AvgPrc']",7,2,0.001,7,04/03/2023,64,0.518796992,0.505907626,57.73952968,0.031735523,6694.451495,0.511657865,78.29852537,4.323454279,80.69821901,0.044315762,11869.52761,0.52238806,108.9473617,6.024034447,0
15/08/2025 18:32,15.3s,8afd51d7d05b47259fcdadf871ef8a11,ETH_base_BTC_blk_LTC_blk,LOCAL,/home/ec2-user/ETH_Price_Predition/.venv/lib/python3.11/site-packages/ipykernel_launcher.py,ec2-user,FINISHED,32,0.1,4,"['ETH_D_AvgPrc', 'BTC_D_AvgPrc', 'LTC_D_AvgPrc']",14,2,0.01,7,04/03/2023,32,0.443609023,0.475832438,60.92295862,0.033452552,6435.601835,0.479484401,78.31474524,4.320162452,77.14273576,0.042480955,9857.349579,0.444444444,99.28418594,5.528854331,0
16/08/2025 00:39,41.5s,25be22e1b72f41009587e628e4fa557f,ETH_base_sent_cryptobert,LOCAL,/home/ec2-user/ETH_Price_Predition/.venv/lib/python3.11/site-packages/ipykernel_launcher.py,ec2-user,FINISHED,32,0.05,64,"['ETH_D_AvgPrc', 'D_CRYPTOBERT_AvgScr_Ex', 'D_CRYPTOBERT_Sent_AvgEx']",28,2,0.001,7,04/03/2023,32,0.466165414,0.47905478,59.5158045,0.032663984,6560.777387,0.485008202,78.32060219,4.32150263,76.69487906,0.041967282,10432.74902,0.472972973,102.1408293,5.619445372,0
15/08/2025 19:13,36.0s,b6bbfbfe6d5c4ec085e76ed0b0e80f45,ETH_base_BTC_blk_LTC_blk,LOCAL,/home/ec2-user/ETH_Price_Predition/.venv/lib/python3.11/site-packages/ipykernel_launcher.py,ec2-user,FINISHED,64,0.1,78,"['ETH_D_AvgPrc', 'BTC_D_AvgPrc', 'LTC_D_AvgPrc']",21,3,0.001,7,04/03/2023,32,0.443609023,0.468313641,60.37479021,0.033350061,6432.818033,0.472230527,78.33838613,4.379174429,77.73080766,0.042728265,10079.9701,0.446153846,100.3990543,5.5826812,0
15/08/2025 12:06,26.8s,cefc2be58508400ca7fce0ef3a0d696b,ETH_base_ETH_blk,LOCAL,/home/ec2-user/ETH_Price_Predition/.venv/lib/python3.11/site-packages/ipykernel_launcher.py,ec2-user,FINISHED,32,0.1,36,"['ETH_D_AvgPrc', 'ETH_YF_Vol', 'ETH_ES_AvgTransFee', 'ETH_ES_BlkTm', 'ETH_ES_GasUsd', 'ETH_ES_AvgGasPrc']",7,2,0.01,7,04/03/2023,64,0.413533835,0.45972073,60.77878506,0.033356938,6555.073628,0.464341224,78.34874608,4.332846494,80.07077072,0.043577298,10424.83781,0.412698413,102.102095,5.574550211,1
16/08/2025 00:21,29.3s,acd4db257b124965854be89911e098b3,ETH_base_sent_cryptobert,LOCAL,/home/ec2-user/ETH_Price_Predition/.venv/lib/python3.11/site-packages/ipykernel_launcher.py,ec2-user,FINISHED,32,0,28,"['ETH_D_AvgPrc', 'D_CRYPTOBERT_AvgScr_Ex', 'D_CRYPTOBERT_Sent_AvgEx']",21,3,0.01,7,04/03/2023,64,0.481203008,0.503759398,59.07301811,0.032485941,6617.192171,0.508006819,78.44589035,4.354728318,77.53827065,0.042383783,11681.55207,0.485294118,108.081229,5.950158665,0
16/08/2025 00:46,33.1s,31674c3807c7447aa504dd2df4404dc9,ETH_base_sent_cryptobert,LOCAL,/home/ec2-user/ETH_Price_Predition/.venv/lib/python3.11/site-packages/ipykernel_launcher.py,ec2-user,FINISHED,32,0.1,44,"['ETH_D_AvgPrc', 'D_CRYPTOBERT_AvgScr_Ex', 'D_CRYPTOBERT_Sent_AvgEx']",28,2,0.001,7,04/03/2023,64,0.481203008,0.489795918,59.96359427,0.032883606,6612.262559,0.495461788,78.45789654,4.324512052,79.94770916,0.044099357,11511.94675,0.486486486,107.2937405,5.99560983,0
16/08/2025 00:24,48.4s,567607049e6548638e11ed6a1cb89fab,ETH_base_sent_cryptobert,LOCAL,/home/ec2-user/ETH_Price_Predition/.venv/lib/python3.11/site-packages/ipykernel_launcher.py,ec2-user,FINISHED,32,0.05,64,"['ETH_D_AvgPrc', 'D_CRYPTOBERT_AvgScr_Ex', 'D_CRYPTOBERT_Sent_AvgEx']",21,3,0.001,7,04/03/2023,32,0.503759398,0.508055854,58.82146083,0.032408105,6619.155301,0.512104934,78.48551912,4.365688871,77.01371111,0.042419793,11199.42833,0.507042254,105.8273515,5.910801661,0
16/08/2025 00:17,35.6s,e46bbe4b6d56470fbb36d36b418d4a26,ETH_base_sent_cryptobert,LOCAL,/home/ec2-user/ETH_Price_Predition/.venv/lib/python3.11/site-packages/ipykernel_launcher.py,ec2-user,FINISHED,32,0.1,47,"['ETH_D_AvgPrc', 'D_CRYPTOBERT_AvgScr_Ex', 'D_CRYPTOBERT_Sent_AvgEx']",21,2,0.001,7,04/03/2023,64,0.458646617,0.488721805,59.44744165,0.032710007,6665.997641,0.493883751,78.50201476,4.357045836,78.72276341,0.043181216,11580.19014,0.463768116,107.6112919,5.958278374,0
15/08/2025 22:05,42.4s,f9631f7d72f544369a1ae8e0941badbe,ETH_base_sent_finbert,LOCAL,/home/ec2-user/ETH_Price_Predition/.venv/lib/python3.11/site-packages/ipykernel_launcher.py,ec2-user,FINISHED,64,0.1,133,"['ETH_D_AvgPrc', 'D_FINBERT_AvgScr_Ex', 'D_FINBERT_Sent_AvgEx']",14,2,0.001,7,04/03/2023,32,0.398496241,0.509129968,59.7136753,0.032987251,6623.262732,0.514054698,78.514341,4.400252356,82.08960122,0.045104699,11279.38723,0.4,106.2044596,5.908813857,0
15/08/2025 21:50,20.9s,9a5bd0b4295d4c0886d299cac9c0de1f,ETH_base_sent_finbert,LOCAL,/home/ec2-user/ETH_Price_Predition/.venv/lib/python3.11/site-packages/ipykernel_launcher.py,ec2-user,FINISHED,64,0.05,33,"['ETH_D_AvgPrc', 'D_FINBERT_AvgScr_Ex', 'D_FINBERT_Sent_AvgEx']",7,3,0.01,7,04/03/2023,32,0.390977444,0.504833512,60.61012676,0.033294462,6570.932618,0.510246195,78.56231399,4.351891636,81.29437141,0.044734993,11068.90396,0.397058824,105.2088587,5.873972252,0
15/08/2025 23:18,44.3s,03ffe35adbd1437f8dccc6287455e430,ETH_base_sent_cryptobert,LOCAL,/home/ec2-user/ETH_Price_Predition/.venv/lib/python3.11/site-packages/ipykernel_launcher.py,ec2-user,FINISHED,64,0,152,"['ETH_D_AvgPrc', 'D_CRYPTOBERT_AvgScr_Ex', 'D_CRYPTOBERT_Sent_AvgEx']",7,2,0.001,7,04/03/2023,64,0.473684211,0.512352309,60.97542886,0.033344545,6628.412508,0.516622609,78.5791741,4.311621353,83.26987199,0.045473661,12030.22928,0.47761194,109.6824019,6.014873341,0
15/08/2025 19:23,31.2s,8939f46c63fe4d1d9f7e0c21a515f28c,ETH_base_BTC_blk_LTC_blk,LOCAL,/home/ec2-user/ETH_Price_Predition/.venv/lib/python3.11/site-packages/ipykernel_launcher.py,ec2-user,FINISHED,32,0.05,38,"['ETH_D_AvgPrc', 'BTC_D_AvgPrc', 'LTC_D_AvgPrc']",28,2,0.001,7,04/03/2023,64,0.406015038,0.467239527,59.7708402,0.032691417,6499.771047,0.472692268,78.60113772,4.301474203,75.33132476,0.041186492,9975.629573,0.409090909,99.87807353,5.47271141,0
15/08/2025 18:55,22.3s,e12259b99b674688b73d4f30f8b9c616,ETH_base_BTC_blk_LTC_blk,LOCAL,/home/ec2-user/ETH_Price_Predition/.venv/lib/python3.11/site-packages/ipykernel_launcher.py,ec2-user,FINISHED,32,0.05,19,"['ETH_D_AvgPrc', 'BTC_D_AvgPrc', 'LTC_D_AvgPrc']",21,2,0.01,7,04/03/2023,64,0.458646617,0.47905478,59.92527678,0.033025175,6643.043155,0.484319637,78.60488346,4.3716694,78.07793249,0.042759136,10664.15967,0.463768116,103.2674182,5.692060319,0
15/08/2025 18:26,25.5s,df49f8ab52914134b3c65898ef1ada51,ETH_base_BTC_blk_LTC_blk,LOCAL,/home/ec2-user/ETH_Price_Predition/.venv/lib/python3.11/site-packages/ipykernel_launcher.py,ec2-user,FINISHED,64,0,65,"['ETH_D_AvgPrc', 'BTC_D_AvgPrc', 'LTC_D_AvgPrc']",14,2,0.001,7,04/03/2023,32,0.436090226,0.475832438,60.05053272,0.03297638,6557.705319,0.478493737,78.64190726,4.341784398,79.04194515,0.043277799,10494.48397,0.435483871,102.4425887,5.641901233,0
15/08/2025 23:45,32.4s,67f1a30865eb42018bd315b48058ebcd,ETH_base_sent_cryptobert,LOCAL,/home/ec2-user/ETH_Price_Predition/.venv/lib/python3.11/site-packages/ipykernel_launcher.py,ec2-user,FINISHED,32,0.05,48,"['ETH_D_AvgPrc', 'D_CRYPTOBERT_AvgScr_Ex', 'D_CRYPTOBERT_Sent_AvgEx']",14,2,0.001,7,04/03/2023,32,0.443609023,0.49301826,60.47894045,0.033142789,6614.461795,0.497600246,78.65483835,4.33081678,79.71290325,0.043863144,11097.98722,0.449275362,105.3469849,5.859249879,0
16/08/2025 00:14,34.9s,40aba30e8aab4d59ab614a28033efd11,ETH_base_sent_cryptobert,LOCAL,/home/ec2-user/ETH_Price_Predition/.venv/lib/python3.11/site-packages/ipykernel_launcher.py,ec2-user,FINISHED,32,0.05,51,"['ETH_D_AvgPrc', 'D_CRYPTOBERT_AvgScr_Ex', 'D_CRYPTOBERT_Sent_AvgEx']",21,2,0.001,7,04/03/2023,64,0.481203008,0.491944146,59.9291846,0.033053141,6588.236352,0.496502313,78.6828967,4.389776381,78.21736661,0.042826512,11397.90732,0.485714286,106.7609822,5.907422126,0
15/08/2025 19:27,24.9s,0aaf34c7fd7843ea84188273f7300844,ETH_base_BTC_blk_LTC_blk,LOCAL,/home/ec2-user/ETH_Price_Predition/.venv/lib/python3.11/site-packages/ipykernel_launcher.py,ec2-user,FINISHED,64,0.1,55,"['ETH_D_AvgPrc', 'BTC_D_AvgPrc', 'LTC_D_AvgPrc']",28,2,0.001,7,04/03/2023,32,0.406015038,0.4650913,60.55613379,0.033271571,6511.966716,0.469300416,78.7285472,4.343715913,76.65774811,0.04193472,10025.21828,0.409090909,100.126012,5.494137488,0
15/08/2025 18:15,26.6s,8b05cb3effd94918a40eaba7458362b0,ETH_base_BTC_blk_LTC_blk,LOCAL,/home/ec2-user/ETH_Price_Predition/.venv/lib/python3.11/site-packages/ipykernel_launcher.py,ec2-user,FINISHED,32,0.05,24,"['ETH_D_AvgPrc', 'BTC_D_AvgPrc', 'LTC_D_AvgPrc']",7,3,0.01,7,04/03/2023,32,0.488721805,0.483351235,59.83128906,0.032808566,6717.539381,0.488643564,78.74934372,4.344993138,80.97856679,0.044067846,11331.2203,0.492753623,106.4482048,5.800454521,0
15/08/2025 18:11,19.1s,f1d3e50eed3a4068a33bd81465674f63,ETH_base_BTC_blk_LTC_blk,LOCAL,/home/ec2-user/ETH_Price_Predition/.venv/lib/python3.11/site-packages/ipykernel_launcher.py,ec2-user,FINISHED,64,0.1,39,"['ETH_D_AvgPrc', 'BTC_D_AvgPrc', 'LTC_D_AvgPrc']",7,2,0.01,7,04/03/2023,64,0.481203008,0.490870032,59.11243377,0.032448824,6608.398815,0.495374779,78.75924887,4.341024776,77.62062084,0.042319717,11088.16057,0.484375,105.3003351,5.751890184,0
15/08/2025 21:37,28.6s,0471c2f6c98b46559a5d83e182419ad8,ETH_base_sent_finbert,LOCAL,/home/ec2-user/ETH_Price_Predition/.venv/lib/python3.11/site-packages/ipykernel_launcher.py,ec2-user,FINISHED,32,0.05,41,"['ETH_D_AvgPrc', 'D_FINBERT_AvgScr_Ex', 'D_FINBERT_Sent_AvgEx']",7,2,0.01,7,04/03/2023,32,0.436090226,0.499462943,59.89940462,0.032890481,6734.803653,0.504643066,78.76028116,4.359281238,83.41702913,0.045528024,11528.51381,0.433333333,107.370917,5.886519647,0
16/08/2025 00:47,28.6s,e67d89f6e6c74fef851b09d44b64abdc,ETH_base_sent_cryptobert,LOCAL,/home/ec2-user/ETH_Price_Predition/.venv/lib/python3.11/site-packages/ipykernel_launcher.py,ec2-user,FINISHED,64,0.1,64,"['ETH_D_AvgPrc', 'D_CRYPTOBERT_AvgScr_Ex', 'D_CRYPTOBERT_Sent_AvgEx']",28,2,0.001,7,04/03/2023,64,0.466165414,0.483351235,60.43167485,0.033258155,6620.638367,0.489043853,78.78746665,4.3701342,77.27711774,0.042442625,10698.55382,0.472222222,103.4338137,5.727401894,0
15/08/2025 23:50,35.1s,bab45ce52d18487c980946974dd3be06,ETH_base_sent_cryptobert,LOCAL,/home/ec2-user/ETH_Price_Predition/.venv/lib/python3.11/site-packages/ipykernel_launcher.py,ec2-user,FINISHED,64,0.1,102,"['ETH_D_AvgPrc', 'D_CRYPTOBERT_AvgScr_Ex', 'D_CRYPTOBERT_Sent_AvgEx']",14,2,0.001,7,04/03/2023,32,0.473684211,0.489795918,60.52855213,0.033218272,6596.774128,0.495348729,78.79539001,4.349528577,79.136702,0.043446534,10894.2442,0.479452055,104.3754962,5.782831741,0
16/08/2025 00:20,47.6s,151a777c67554035b2d59a0eefae960d,ETH_base_sent_cryptobert,LOCAL,/home/ec2-user/ETH_Price_Predition/.venv/lib/python3.11/site-packages/ipykernel_launcher.py,ec2-user,FINISHED,32,0,66,"['ETH_D_AvgPrc', 'D_CRYPTOBERT_AvgScr_Ex', 'D_CRYPTOBERT_Sent_AvgEx']",21,3,0.001,7,04/03/2023,32,0.496240602,0.49301826,59.41396593,0.032630063,6764.503901,0.498289294,78.81228312,4.361428313,79.48658672,0.043500472,11800.45563,0.5,108.6299021,5.986793612,0
15/08/2025 20:25,25.3s,ef6e9c2fc8d14035b796a8d87d80584b,ETH_base_sent_vader,LOCAL,/home/ec2-user/ETH_Price_Predition/.venv/lib/python3.11/site-packages/ipykernel_launcher.py,ec2-user,FINISHED,32,0.05,20,"['ETH_D_AvgPrc', 'D_VADER_AvgScr_Ex', 'D_VADER_Sent_AvgEx']",14,3,0.01,7,04/03/2023,32,0.428571429,0.500537057,60.17885451,0.033010832,6661.908153,0.504234341,78.82442401,4.348822978,81.15466056,0.04461685,11546.15228,0.432835821,107.4530236,5.980274837,0
15/08/2025 23:41,18.0s,34eccd33ccd04708b0688959c358b019,ETH_base_sent_cryptobert,LOCAL,/home/ec2-user/ETH_Price_Predition/.venv/lib/python3.11/site-packages/ipykernel_launcher.py,ec2-user,FINISHED,32,0,14,"['ETH_D_AvgPrc', 'D_CRYPTOBERT_AvgScr_Ex', 'D_CRYPTOBERT_Sent_AvgEx']",14,2,0.01,7,04/03/2023,32,0.466165414,0.490870032,60.70455995,0.033586642,6738.522262,0.497042987,78.83289112,4.418173996,77.57340441,0.042694036,10842.60757,0.471428571,104.1278424,5.793891415,0
15/08/2025 23:58,48.2s,990426d5da7146028066b4823e874c85,ETH_base_sent_cryptobert,LOCAL,/home/ec2-user/ETH_Price_Predition/.venv/lib/python3.11/site-packages/ipykernel_launcher.py,ec2-user,FINISHED,32,0.05,67,"['ETH_D_AvgPrc', 'D_CRYPTOBERT_AvgScr_Ex', 'D_CRYPTOBERT_Sent_AvgEx']",14,3,0.001,7,04/03/2023,32,0.481203008,0.491944146,61.69594226,0.033935914,6682.648731,0.49655784,78.83920397,4.368750336,81.78220522,0.045028368,11523.39906,0.485714286,107.3470962,5.971464202,0
16/08/2025 00:56,39.9s,5b9bb43343b644c4a54e26b85d7a47af,ETH_base_sent_cryptobert,LOCAL,/home/ec2-user/ETH_Price_Predition/.venv/lib/python3.11/site-packages/ipykernel_launcher.py,ec2-user,FINISHED,32,0.05,43,"['ETH_D_AvgPrc', 'D_CRYPTOBERT_AvgScr_Ex', 'D_CRYPTOBERT_Sent_AvgEx']",28,3,0.001,7,04/03/2023,64,0.443609023,0.476906552,60.39165729,0.033251418,6702.907084,0.484134186,78.84872142,4.376602521,78.50958137,0.04320707,11042.9626,0.453333333,105.0855014,5.842487803,0
15/08/2025 23:48,30.9s,0d419aa15cda4a75bb00088fbef6d4ae,ETH_base_sent_cryptobert,LOCAL,/home/ec2-user/ETH_Price_Predition/.venv/lib/python3.11/site-packages/ipykernel_launcher.py,ec2-user,FINISHED,32,0.05,45,"['ETH_D_AvgPrc', 'D_CRYPTOBERT_AvgScr_Ex', 'D_CRYPTOBERT_Sent_AvgEx']",14,2,0.001,7,04/03/2023,64,0.466165414,0.49301826,60.08640847,0.033000137,6721.821869,0.498123021,78.85865975,4.358302603,81.166327,0.044590319,11669.02069,0.471428571,108.0232414,5.98307282,0
15/08/2025 20:13,25.0s,65e8553d7be147f9bfe7144cc92f1884,ETH_base_sent_vader,LOCAL,/home/ec2-user/ETH_Price_Predition/.venv/lib/python3.11/site-packages/ipykernel_launcher.py,ec2-user,FINISHED,32,0,34,"['ETH_D_AvgPrc', 'D_VADER_AvgScr_Ex', 'D_VADER_Sent_AvgEx']",14,2,0.01,7,04/03/2023,64,0.428571429,0.499462943,60.3355646,0.03317647,6940.877625,0.506331105,78.87710483,4.364199809,84.52610813,0.046370429,12515.25852,0.430769231,111.8716162,6.183868464,0
15/08/2025 20:20,25.6s,0115954abf32483a947e044fe2c84d08,ETH_base_sent_vader,LOCAL,/home/ec2-user/ETH_Price_Predition/.venv/lib/python3.11/site-packages/ipykernel_launcher.py,ec2-user,FINISHED,32,0.1,32,"['ETH_D_AvgPrc', 'D_VADER_AvgScr_Ex', 'D_VADER_Sent_AvgEx']",14,2,0.01,7,04/03/2023,64,0.428571429,0.504833512,60.52479561,0.03323095,6805.781955,0.509868555,78.87957373,4.357890593,87.98745452,0.048416966,13086.07827,0.432835821,114.3943979,6.374635377,0
15/08/2025 18:26,13.0s,451a6fab9b6043d39dbc4bfa7bc6200e,ETH_base_BTC_blk_LTC_blk,LOCAL,/home/ec2-user/ETH_Price_Predition/.venv/lib/python3.11/site-packages/ipykernel_launcher.py,ec2-user,FINISHED,64,0,12,"['ETH_D_AvgPrc', 'BTC_D_AvgPrc', 'LTC_D_AvgPrc']",14,2,0.01,7,04/03/2023,32,0.421052632,0.474758324,60.12001111,0.03301113,6648.739642,0.476427093,78.90416741,4.357889067,79.4415928,0.043489911,10853.92987,0.419354839,104.1821956,5.736677743,0
15/08/2025 18:39,21.8s,2606c7ae98a944a4a57122f703f2afe9,ETH_base_BTC_blk_LTC_blk,LOCAL,/home/ec2-user/ETH_Price_Predition/.venv/lib/python3.11/site-packages/ipykernel_launcher.py,ec2-user,FINISHED,32,0.05,11,"['ETH_D_AvgPrc', 'BTC_D_AvgPrc', 'LTC_D_AvgPrc']",14,3,0.01,7,04/03/2023,32,0.458646617,0.47905478,60.32928172,0.033259328,6648.516752,0.483580358,78.92629478,4.389748641,82.11352516,0.045257816,11433.47608,0.46031746,106.9274337,5.960577449,0
15/08/2025 18:27,16.5s,a5eebae9e90c463fac53696c13a77311,ETH_base_BTC_blk_LTC_blk,LOCAL,/home/ec2-user/ETH_Price_Predition/.venv/lib/python3.11/site-packages/ipykernel_launcher.py,ec2-user,FINISHED,64,0,26,"['ETH_D_AvgPrc', 'BTC_D_AvgPrc', 'LTC_D_AvgPrc']",14,2,0.01,7,04/03/2023,64,0.443609023,0.481203008,60.33497713,0.033204221,6761.798743,0.484091419,78.92806066,4.377558546,85.93315572,0.047351165,12204.21101,0.442622951,110.4726709,6.162257589,0
15/08/2025 23:52,17.9s,f2686f3402e740bc81349278a19a8585,ETH_base_sent_cryptobert,LOCAL,/home/ec2-user/ETH_Price_Predition/.venv/lib/python3.11/site-packages/ipykernel_launcher.py,ec2-user,FINISHED,64,0.1,31,"['ETH_D_AvgPrc', 'D_CRYPTOBERT_AvgScr_Ex', 'D_CRYPTOBERT_Sent_AvgEx']",14,2,0.01,7,04/03/2023,64,0.481203008,0.480128894,61.0855014,0.033590821,6636.793139,0.48624157,78.95845551,4.382558612,81.25824456,0.044848568,11443.72877,0.486842105,106.9753652,6.005993321,0
15/08/2025 20:48,34.0s,bb2c13302344496781df573ba54d737d,ETH_base_sent_vader,LOCAL,/home/ec2-user/ETH_Price_Predition/.venv/lib/python3.11/site-packages/ipykernel_launcher.py,ec2-user,FINISHED,32,0.05,34,"['ETH_D_AvgPrc', 'D_VADER_AvgScr_Ex', 'D_VADER_Sent_AvgEx']",21,3,0.01,7,04/03/2023,32,0.466165414,0.501611171,61.44868032,0.033677879,6582.69054,0.506496971,78.9916686,4.340664772,83.41465335,0.045474036,11299.1884,0.472972973,106.2976406,5.798862113,0
15/08/2025 12:01,19.1s,29e2b8e502c641b78190952c1b03fd50,ETH_base_ETH_blk,LOCAL,/home/ec2-user/ETH_Price_Predition/.venv/lib/python3.11/site-packages/ipykernel_launcher.py,ec2-user,FINISHED,64,0,41,"['ETH_D_AvgPrc', 'ETH_YF_Vol', 'ETH_ES_AvgTransFee', 'ETH_ES_BlkTm', 'ETH_ES_GasUsd', 'ETH_ES_AvgGasPrc']",7,2,0.01,7,04/03/2023,64,0.383458647,0.469387755,60.29461041,0.033073463,6743.664837,0.471380091,78.99227842,4.35358319,79.03216897,0.043224938,11350.08007,0.37704918,106.5367545,5.864598615,0
15/08/2025 18:13,24.3s,afb238b1b5cf45b1b1b9ff7b24a50836,ETH_base_BTC_blk_LTC_blk,LOCAL,/home/ec2-user/ETH_Price_Predition/.venv/lib/python3.11/site-packages/ipykernel_launcher.py,ec2-user,FINISHED,64,0,47,"['ETH_D_AvgPrc', 'BTC_D_AvgPrc', 'LTC_D_AvgPrc']",7,3,0.01,7,04/03/2023,32,0.443609023,0.477980666,59.11354421,0.032559235,6770.932787,0.484164502,78.99925035,4.385153157,80.05469599,0.043987128,11988.2585,0.450704225,109.490906,6.061797873,0
15/08/2025 19:31,44.5s,68cd4f4cc7644c82975de4c03e993212,ETH_base_BTC_blk_LTC_blk,LOCAL,/home/ec2-user/ETH_Price_Predition/.venv/lib/python3.11/site-packages/ipykernel_launcher.py,ec2-user,FINISHED,32,0,54,"['ETH_D_AvgPrc', 'BTC_D_AvgPrc', 'LTC_D_AvgPrc']",28,3,0.001,7,04/03/2023,32,0.428571429,0.45972073,60.51146189,0.033091598,6480.067062,0.465789736,79.008634,4.323630743,75.16011931,0.040972145,9679.650654,0.434782609,98.38521563,5.36008217,0
15/08/2025 18:40,41.8s,da8ab71de3f241c18efbb8caa9b430ce,ETH_base_BTC_blk_LTC_blk,LOCAL,/home/ec2-user/ETH_Price_Predition/.venv/lib/python3.11/site-packages/ipykernel_launcher.py,ec2-user,FINISHED,32,0.05,53,"['ETH_D_AvgPrc', 'BTC_D_AvgPrc', 'LTC_D_AvgPrc']",14,3,0.001,7,04/03/2023,32,0.421052632,0.473684211,60.34146869,0.033216201,6584.935402,0.476386292,79.04231406,4.382699877,79.0684803,0.043216705,10359.99645,0.416666667,101.7840678,5.595479864,0
16/08/2025 00:01,19.3s,3bd394a5241e4705998c2aa0091aca35,ETH_base_sent_cryptobert,LOCAL,/home/ec2-user/ETH_Price_Predition/.venv/lib/python3.11/site-packages/ipykernel_launcher.py,ec2-user,FINISHED,64,0.05,24,"['ETH_D_AvgPrc', 'D_CRYPTOBERT_AvgScr_Ex', 'D_CRYPTOBERT_Sent_AvgEx']",14,3,0.01,7,04/03/2023,64,0.481203008,0.486573577,61.61427112,0.033952155,6722.450421,0.491831317,79.0628434,4.401070516,88.81601319,0.049087911,12991.93854,0.486111111,113.9821852,6.401314333,0
15/08/2025 23:42,16.5s,254d4d03139949b5a4418f74f720ccfd,ETH_base_sent_cryptobert,LOCAL,/home/ec2-user/ETH_Price_Predition/.venv/lib/python3.11/site-packages/ipykernel_launcher.py,ec2-user,FINISHED,64,0,28,"['ETH_D_AvgPrc', 'D_CRYPTOBERT_AvgScr_Ex', 'D_CRYPTOBERT_Sent_AvgEx']",14,2,0.01,7,04/03/2023,32,0.466165414,0.510204082,60.94181416,0.03333469,6793.832271,0.514262245,79.06514976,4.344322361,81.78641848,0.044866205,11886.23622,0.471428571,109.0240167,6.027592748,0
15/08/2025 22:32,20.3s,5c65f35b62b540269bfa07152936bb28,ETH_base_sent_finbert,LOCAL,/home/ec2-user/ETH_Price_Predition/.venv/lib/python3.11/site-packages/ipykernel_launcher.py,ec2-user,FINISHED,64,0.1,40,"['ETH_D_AvgPrc', 'D_FINBERT_AvgScr_Ex', 'D_FINBERT_Sent_AvgEx']",21,2,0.01,7,04/03/2023,64,0.406015038,0.494092374,62.02612495,0.03433299,6734.753652,0.497471768,79.1084833,4.445987031,83.09544636,0.045892343,11379.58233,0.411764706,106.6751252,5.98442808,0
16/08/2025 00:55,42.8s,03472bf90bd045c0843e331f1f139e77,ETH_base_sent_cryptobert,LOCAL,/home/ec2-user/ETH_Price_Predition/.venv/lib/python3.11/site-packages/ipykernel_launcher.py,ec2-user,FINISHED,64,0.05,94,"['ETH_D_AvgPrc', 'D_CRYPTOBERT_AvgScr_Ex', 'D_CRYPTOBERT_Sent_AvgEx']",28,3,0.001,7,04/03/2023,32,0.473684211,0.482277121,60.33365324,0.033139875,6699.941718,0.488206958,79.14907394,4.376381647,77.43901372,0.042479296,10873.39873,0.478873239,104.2755903,5.768492762,0
16/08/2025 00:13,33.8s,efa9574603644b88b3ec3b43806488a2,ETH_base_sent_cryptobert,LOCAL,/home/ec2-user/ETH_Price_Predition/.venv/lib/python3.11/site-packages/ipykernel_launcher.py,ec2-user,FINISHED,64,0.05,94,"['ETH_D_AvgPrc', 'D_CRYPTOBERT_AvgScr_Ex', 'D_CRYPTOBERT_Sent_AvgEx']",21,2,0.001,7,04/03/2023,32,0.428571429,0.485499463,60.13227485,0.033087836,6778.686654,0.490921475,79.15147177,4.391602299,80.19157444,0.044183486,11815.57871,0.436619718,108.6994881,6.05992748,0
15/08/2025 18:14,21.5s,09888f772f544495b20185720e0c825e,ETH_base_BTC_blk_LTC_blk,LOCAL,/home/ec2-user/ETH_Price_Predition/.venv/lib/python3.11/site-packages/ipykernel_launcher.py,ec2-user,FINISHED,64,0,36,"['ETH_D_AvgPrc', 'BTC_D_AvgPrc', 'LTC_D_AvgPrc']",7,3,0.01,7,04/03/2023,64,0.443609023,0.481203008,58.94631817,0.032323968,6841.94754,0.485604748,79.15434097,4.359443696,81.26874812,0.044204514,11891.778,0.447761194,109.0494292,5.937370265,0
16/08/2025 00:15,27.3s,a34504a0c68f4f7ebdef23dc3c4bf962,ETH_base_sent_cryptobert,LOCAL,/home/ec2-user/ETH_Price_Predition/.venv/lib/python3.11/site-packages/ipykernel_launcher.py,ec2-user,FINISHED,64,0.05,70,"['ETH_D_AvgPrc', 'D_CRYPTOBERT_AvgScr_Ex', 'D_CRYPTOBERT_Sent_AvgEx']",21,2,0.001,7,04/03/2023,64,0.421052632,0.487647691,60.58340693,0.033284176,6747.556082,0.492501485,79.17650465,4.381992838,83.3392809,0.045956742,12257.90091,0.424242424,110.715405,6.191795849,0
16/08/2025 00:54,26.5s,7122671d238e4956850dd9a92b848312,ETH_base_sent_cryptobert,LOCAL,/home/ec2-user/ETH_Price_Predition/.venv/lib/python3.11/site-packages/ipykernel_launcher.py,ec2-user,FINISHED,64,0.05,41,"['ETH_D_AvgPrc', 'D_CRYPTOBERT_AvgScr_Ex', 'D_CRYPTOBERT_Sent_AvgEx']",28,3,0.01,7,04/03/2023,32,0.488721805,0.486573577,61.54106591,0.033831871,6673.309223,0.492188925,79.18478101,4.38163781,77.93366786,0.042726874,10673.30416,0.493150685,103.3116845,5.702358423,0
15/08/2025 18:34,35.4s,734ded59a8594c06a7eee03e55afbdb2,ETH_base_BTC_blk_LTC_blk,LOCAL,/home/ec2-user/ETH_Price_Predition/.venv/lib/python3.11/site-packages/ipykernel_launcher.py,ec2-user,FINISHED,64,0.1,91,"['ETH_D_AvgPrc', 'BTC_D_AvgPrc', 'LTC_D_AvgPrc']",14,2,0.001,7,04/03/2023,32,0.436090226,0.476906552,61.35670676,0.033744923,6597.710408,0.480387457,79.18565603,4.384318093,79.11685823,0.043336797,10044.66711,0.435483871,100.2230867,5.538724406,0
15/08/2025 23:54,24.6s,915def3aa5e442c1b4cabba0bea48f43,ETH_base_sent_cryptobert,LOCAL,/home/ec2-user/ETH_Price_Predition/.venv/lib/python3.11/site-packages/ipykernel_launcher.py,ec2-user,FINISHED,64,0,45,"['ETH_D_AvgPrc', 'D_CRYPTOBERT_AvgScr_Ex', 'D_CRYPTOBERT_Sent_AvgEx']",14,3,0.01,7,04/03/2023,32,0.481203008,0.512352309,61.46299709,0.03367971,6897.892309,0.515754405,79.19460767,4.359635288,84.70291321,0.046397674,12253.86261,0.484848485,110.6971662,6.099825682,0
15/08/2025 18:45,34.2s,0f7e6fa150d44d0bbfdef803d7eaa9a8,ETH_base_BTC_blk_LTC_blk,LOCAL,/home/ec2-user/ETH_Price_Predition/.venv/lib/python3.11/site-packages/ipykernel_launcher.py,ec2-user,FINISHED,64,0.1,72,"['ETH_D_AvgPrc', 'BTC_D_AvgPrc', 'LTC_D_AvgPrc']",14,3,0.001,7,04/03/2023,32,0.458646617,0.472610097,60.55459546,0.033358694,6574.014576,0.476781055,79.20751854,4.398683267,76.27835496,0.041726168,9898.445149,0.461538462,99.49092998,5.477226646,0
16/08/2025 00:26,33.4s,28edd6299fde4de99e12c821867e1e9d,ETH_base_sent_cryptobert,LOCAL,/home/ec2-user/ETH_Price_Predition/.venv/lib/python3.11/site-packages/ipykernel_launcher.py,ec2-user,FINISHED,64,0.05,72,"['ETH_D_AvgPrc', 'D_CRYPTOBERT_AvgScr_Ex', 'D_CRYPTOBERT_Sent_AvgEx']",21,3,0.001,7,04/03/2023,32,0.496240602,0.484425349,60.50153814,0.033370824,6709.014393,0.489442332,79.24964624,4.414816198,76.36980765,0.04202934,10685.06869,0.5,103.3686059,5.753761773,0
15/08/2025 20:15,21.4s,3c0101baf3ed45e1b722683a94436724,ETH_base_sent_vader,LOCAL,/home/ec2-user/ETH_Price_Predition/.venv/lib/python3.11/site-packages/ipykernel_launcher.py,ec2-user,FINISHED,32,0.05,21,"['ETH_D_AvgPrc', 'D_VADER_AvgScr_Ex', 'D_VADER_Sent_AvgEx']",14,2,0.01,7,04/03/2023,32,0.421052632,0.497314715,61.09695661,0.033578893,6839.917659,0.501653424,79.26592485,4.391898862,87.00411941,0.047966554,12641.61029,0.426470588,112.4349158,6.299839114,0
15/08/2025 18:03,16.2s,ce2dcdc046114de5bb751047a80eea6e,ETH_base_BTC_blk_LTC_blk,LOCAL,/home/ec2-user/ETH_Price_Predition/.venv/lib/python3.11/site-packages/ipykernel_launcher.py,ec2-user,FINISHED,64,0,27,"['ETH_D_AvgPrc', 'BTC_D_AvgPrc', 'LTC_D_AvgPrc']",7,2,0.01,7,04/03/2023,64,0.496240602,0.491944146,59.44617683,0.032653415,6864.157063,0.496641539,79.27337218,4.37728318,79.96832665,0.043641168,11858.08968,0.5,108.8948561,5.95901583,0
15/08/2025 16:47,49.2s,8bf10c44c3d64ce5bb29292078753a0f,ETH_base_LTC_blk,LOCAL,/home/ec2-user/ETH_Price_Predition/.venv/lib/python3.11/site-packages/ipykernel_launcher.py,ec2-user,FINISHED,32,0.1,72,"['ETH_D_AvgPrc', 'LTC_D_AvgPrc', 'LTC_YF_Vol', 'LTC_OL_MinDif', 'LTC_BIC_HshRt']",7,3,0.01,7,04/03/2023,32,0.473684211,0.494092374,60.0931108,0.033145678,6627.974224,0.498886841,79.27648096,4.438327222,80.50638919,0.043953037,10574.61024,0.478873239,102.8329239,5.677219596,0
16/08/2025 00:42,42.3s,b9c6a984c9c542948a4a4c1a11a9078d,ETH_base_sent_cryptobert,LOCAL,/home/ec2-user/ETH_Price_Predition/.venv/lib/python3.11/site-packages/ipykernel_launcher.py,ec2-user,FINISHED,32,0.05,66,"['ETH_D_AvgPrc', 'D_CRYPTOBERT_AvgScr_Ex', 'D_CRYPTOBERT_Sent_AvgEx']",28,2,0.001,7,04/03/2023,64,0.488721805,0.484425349,60.86471836,0.033327393,6767.664242,0.4899977,79.28882191,4.360317997,81.25672098,0.044556244,11490.05793,0.493150685,107.1916878,5.918023294,0
15/08/2025 21:53,1.1min,d38a2418559b4d6f9a8e726002836ed4,ETH_base_sent_finbert,LOCAL,/home/ec2-user/ETH_Price_Predition/.venv/lib/python3.11/site-packages/ipykernel_launcher.py,ec2-user,FINISHED,32,0.1,113,"['ETH_D_AvgPrc', 'D_FINBERT_AvgScr_Ex', 'D_FINBERT_Sent_AvgEx']",7,3,0.001,7,04/03/2023,32,0.443609023,0.500537057,61.85181759,0.033880376,6577.437329,0.504589674,79.29164524,4.361234039,77.76723692,0.042665087,10135.87757,0.446153846,100.6770956,5.589352279,0
15/08/2025 23:23,17.4s,765da7ff6b9c4a5ab6448db3c06a4d91,ETH_base_sent_cryptobert,LOCAL,/home/ec2-user/ETH_Price_Predition/.venv/lib/python3.11/site-packages/ipykernel_launcher.py,ec2-user,FINISHED,64,0.1,33,"['ETH_D_AvgPrc', 'D_CRYPTOBERT_AvgScr_Ex', 'D_CRYPTOBERT_Sent_AvgEx']",7,2,0.01,7,04/03/2023,32,0.518796992,0.486573577,60.74290655,0.033394397,6774.871734,0.492157815,79.30188397,4.383833684,80.71587515,0.044358141,11294.50653,0.520547945,106.2756159,5.879554571,0
16/08/2025 00:47,19.1s,57638a59b60f46748add65518bb3db7e,ETH_base_sent_cryptobert,LOCAL,/home/ec2-user/ETH_Price_Predition/.venv/lib/python3.11/site-packages/ipykernel_launcher.py,ec2-user,FINISHED,64,0.1,33,"['ETH_D_AvgPrc', 'D_CRYPTOBERT_AvgScr_Ex', 'D_CRYPTOBERT_Sent_AvgEx']",28,2,0.01,7,04/03/2023,64,0.436090226,0.485499463,61.29715985,0.033569996,6694.708199,0.490929973,79.32250604,4.362409689,78.83198834,0.043180158,10494.93667,0.441176471,102.4447981,5.645545057,0
15/08/2025 23:48,23.0s,2f76ab033cdb4aa38f108de3a4a79a58,ETH_base_sent_cryptobert,LOCAL,/home/ec2-user/ETH_Price_Predition/.venv/lib/python3.11/site-packages/ipykernel_launcher.py,ec2-user,FINISHED,64,0.05,51,"['ETH_D_AvgPrc', 'D_CRYPTOBERT_AvgScr_Ex', 'D_CRYPTOBERT_Sent_AvgEx']",14,2,0.001,7,04/03/2023,64,0.473684211,0.486573577,60.57025894,0.033333317,6726.964842,0.491980489,79.3507674,4.400859306,78.95855277,0.043199694,11060.72021,0.478873239,105.1699587,5.786116367,0
15/08/2025 20:27,31.4s,e02cce96314249078e09130787551662,ETH_base_sent_vader,LOCAL,/home/ec2-user/ETH_Price_Predition/.venv/lib/python3.11/site-packages/ipykernel_launcher.py,ec2-user,FINISHED,32,0.05,32,"['ETH_D_AvgPrc', 'D_VADER_AvgScr_Ex', 'D_VADER_Sent_AvgEx']",14,3,0.01,7,04/03/2023,64,0.406015038,0.501611171,61.80220342,0.034172104,6737.039311,0.506934571,79.36927621,4.460548047,88.01146887,0.048606963,13057.74279,0.414285714,114.2704808,6.446482747,0
15/08/2025 23:48,17.8s,e1522079e503491385d062ef09f63965,ETH_base_sent_cryptobert,LOCAL,/home/ec2-user/ETH_Price_Predition/.venv/lib/python3.11/site-packages/ipykernel_launcher.py,ec2-user,FINISHED,64,0.05,31,"['ETH_D_AvgPrc', 'D_CRYPTOBERT_AvgScr_Ex', 'D_CRYPTOBERT_Sent_AvgEx']",14,2,0.01,7,04/03/2023,64,0.428571429,0.488721805,61.88443573,0.03383994,6628.226424,0.494035112,79.40825032,4.356009583,77.89781361,0.042669794,10417.16741,0.432835821,102.0645257,5.63957337,0
15/08/2025 12:24,22.4s,d4146291128b4c4181aa9990180f500e,ETH_base_ETH_blk,LOCAL,/home/ec2-user/ETH_Price_Predition/.venv/lib/python3.11/site-packages/ipykernel_launcher.py,ec2-user,FINISHED,32,0.1,22,"['ETH_D_AvgPrc', 'ETH_YF_Vol', 'ETH_ES_AvgTransFee', 'ETH_ES_BlkTm', 'ETH_ES_GasUsd', 'ETH_ES_AvgGasPrc']",14,2,0.01,7,04/03/2023,32,0.398496241,0.462943072,62.12245363,0.034239059,6649.679256,0.467658212,79.45057939,4.425098101,82.1435182,0.044968172,10823.51554,0.402985075,104.0361261,5.735396079,0
15/08/2025 23:41,49.1s,2414a7d08bf743a5896ededb94fd876b,ETH_base_sent_cryptobert,LOCAL,/home/ec2-user/ETH_Price_Predition/.venv/lib/python3.11/site-packages/ipykernel_launcher.py,ec2-user,FINISHED,32,0,95,"['ETH_D_AvgPrc', 'D_CRYPTOBERT_AvgScr_Ex', 'D_CRYPTOBERT_Sent_AvgEx']",14,2,0.001,7,04/03/2023,32,0.496240602,0.516648765,61.74726738,0.033979549,6891.377843,0.521192188,79.47868241,4.40690905,85.45961974,0.046927271,12650.01044,0.5,112.4722652,6.215087356,0
15/08/2025 23:15,46.6s,942fab93a02545ec9395de190e61ed16,ETH_base_sent_cryptobert,LOCAL,/home/ec2-user/ETH_Price_Predition/.venv/lib/python3.11/site-packages/ipykernel_launcher.py,ec2-user,FINISHED,32,0,101,"['ETH_D_AvgPrc', 'D_CRYPTOBERT_AvgScr_Ex', 'D_CRYPTOBERT_Sent_AvgEx']",7,2,0.001,7,04/03/2023,32,0.436090226,0.503759398,59.96955028,0.032908923,6899.498287,0.507707689,79.48215118,4.386650986,82.23129502,0.045095323,12432.21548,0.439393939,111.4998452,6.155928322,0
15/08/2025 18:23,42.1s,093d15c0a95b4b138e78e68cef1c2037,ETH_base_BTC_blk_LTC_blk,LOCAL,/home/ec2-user/ETH_Price_Predition/.venv/lib/python3.11/site-packages/ipykernel_launcher.py,ec2-user,FINISHED,32,0.1,59,"['ETH_D_AvgPrc', 'BTC_D_AvgPrc', 'LTC_D_AvgPrc']",7,3,0.001,7,04/03/2023,64,0.466165414,0.486573577,59.7179532,0.032701432,6715.720119,0.492245161,79.48271117,4.362269644,76.44199618,0.041780643,10709.06302,0.472222222,103.4846028,5.678570916,0
15/08/2025 19:51,17.3s,67bb20591e6948ba83b874801ff0cb95,ETH_base_sent_vader,LOCAL,/home/ec2-user/ETH_Price_Predition/.venv/lib/python3.11/site-packages/ipykernel_launcher.py,ec2-user,FINISHED,64,0,37,"['ETH_D_AvgPrc', 'D_VADER_AvgScr_Ex', 'D_VADER_Sent_AvgEx']",7,2,0.01,7,04/03/2023,32,0.443609023,0.513426423,60.05895721,0.032881537,7016.197323,0.517672371,79.49203138,4.357760532,85.28772684,0.046585515,13036.41304,0.453333333,114.1771126,6.239233344,0
16/08/2025 00:12,33.5s,379166a1cd5f4f67ad5e1506b19aacb1,ETH_base_sent_cryptobert,LOCAL,/home/ec2-user/ETH_Price_Predition/.venv/lib/python3.11/site-packages/ipykernel_launcher.py,ec2-user,FINISHED,32,0.05,46,"['ETH_D_AvgPrc', 'D_CRYPTOBERT_AvgScr_Ex', 'D_CRYPTOBERT_Sent_AvgEx']",21,2,0.001,7,04/03/2023,32,0.458646617,0.474758324,60.34513014,0.033238739,6796.243562,0.480762312,79.49280705,4.419671304,79.23640637,0.043447806,11459.62898,0.465753425,107.0496566,5.917136864,0
15/08/2025 18:18,48.0s,18b0c57ec29f4993878e0034154e3389,ETH_base_BTC_blk_LTC_blk,LOCAL,/home/ec2-user/ETH_Price_Predition/.venv/lib/python3.11/site-packages/ipykernel_launcher.py,ec2-user,FINISHED,32,0.05,71,"['ETH_D_AvgPrc', 'BTC_D_AvgPrc', 'LTC_D_AvgPrc']",7,3,0.001,7,04/03/2023,64,0.488721805,0.490870032,58.27789431,0.032029595,6900.714371,0.496574908,79.51527043,4.390075644,79.01498275,0.043178055,11967.78076,0.492537313,109.3973526,5.995349445,0
15/08/2025 23:46,37.4s,fa515ef8025b4349b605c68e2a0a1da3,ETH_base_sent_cryptobert,LOCAL,/home/ec2-user/ETH_Price_Predition/.venv/lib/python3.11/site-packages/ipykernel_launcher.py,ec2-user,FINISHED,64,0.05,113,"['ETH_D_AvgPrc', 'D_CRYPTOBERT_AvgScr_Ex', 'D_CRYPTOBERT_Sent_AvgEx']",14,2,0.001,7,04/03/2023,32,0.481203008,0.487647691,60.813206,0.033390385,6828.771542,0.492621552,79.57626595,4.393663827,81.23855178,0.044672201,11700.59187,0.485294118,108.1692742,6.001864083,0
16/08/2025 00:28,37.4s,9cdba911cb3a47fd9d7527d70f118db4,ETH_base_sent_cryptobert,LOCAL,/home/ec2-user/ETH_Price_Predition/.venv/lib/python3.11/site-packages/ipykernel_launcher.py,ec2-user,FINISHED,64,0.05,77,"['ETH_D_AvgPrc', 'D_CRYPTOBERT_AvgScr_Ex', 'D_CRYPTOBERT_Sent_AvgEx']",21,3,0.001,7,04/03/2023,64,0.45112782,0.487647691,60.06749367,0.03301876,6856.671187,0.493583915,79.61984122,4.409751355,81.12499197,0.044685766,11994.21424,0.458333333,109.5181,6.099223688,0
15/08/2025 18:52,14.3s,8b59ffb33fd048d797e294cfaee634bd,ETH_base_BTC_blk_LTC_blk,LOCAL,/home/ec2-user/ETH_Price_Predition/.venv/lib/python3.11/site-packages/ipykernel_launcher.py,ec2-user,FINISHED,64,0,17,"['ETH_D_AvgPrc', 'BTC_D_AvgPrc', 'LTC_D_AvgPrc']",21,2,0.01,7,04/03/2023,64,0.413533835,0.471535983,62.3047366,0.034238273,6749.743415,0.474172997,79.649857,4.402324418,87.99790025,0.048353694,12342.76128,0.412698413,111.0979805,6.152087436,0
15/08/2025 22:32,30.9s,2e806ab8f3514bb8b234e164928a2653,ETH_base_sent_finbert,LOCAL,/home/ec2-user/ETH_Price_Predition/.venv/lib/python3.11/site-packages/ipykernel_launcher.py,ec2-user,FINISHED,32,0.1,43,"['ETH_D_AvgPrc', 'D_FINBERT_AvgScr_Ex', 'D_FINBERT_Sent_AvgEx']",21,2,0.001,7,04/03/2023,64,0.413533835,0.491944146,61.73996716,0.034293378,6786.92175,0.49554036,79.65120267,4.521668985,81.97879946,0.045325304,11256.0746,0.422535211,106.0946492,5.972571569,0
15/08/2025 23:15,24.2s,79b5af18221f4ee0a49f3abae83e3e3e,ETH_base_sent_cryptobert,LOCAL,/home/ec2-user/ETH_Price_Predition/.venv/lib/python3.11/site-packages/ipykernel_launcher.py,ec2-user,FINISHED,64,0,66,"['ETH_D_AvgPrc', 'D_CRYPTOBERT_AvgScr_Ex', 'D_CRYPTOBERT_Sent_AvgEx']",7,2,0.01,7,04/03/2023,32,0.473684211,0.510204082,61.61631491,0.033610715,6760.203959,0.515458911,79.65364583,4.351966821,82.66249784,0.044970626,11874.20703,0.47826087,108.9688351,5.941399095,0
15/08/2025 12:44,25.5s,36231c11db1c4c1eb3202deea2823d45,ETH_base_ETH_blk,LOCAL,/home/ec2-user/ETH_Price_Predition/.venv/lib/python3.11/site-packages/ipykernel_launcher.py,ec2-user,FINISHED,32,0.1,27,"['ETH_D_AvgPrc', 'ETH_YF_Vol', 'ETH_ES_AvgTransFee', 'ETH_ES_BlkTm', 'ETH_ES_GasUsd', 'ETH_ES_AvgGasPrc']",21,2,0.01,7,04/03/2023,32,0.503759398,0.471535983,60.47175646,0.033431968,6743.753678,0.477064419,79.65867707,4.495358493,77.14356914,0.042502402,10862.17007,0.507692308,104.2217351,5.858626585,0
16/08/2025 00:34,42.6s,ba95d774bc9843879b53270913da521b,ETH_base_sent_cryptobert,LOCAL,/home/ec2-user/ETH_Price_Predition/.venv/lib/python3.11/site-packages/ipykernel_launcher.py,ec2-user,FINISHED,64,0.1,94,"['ETH_D_AvgPrc', 'D_CRYPTOBERT_AvgScr_Ex', 'D_CRYPTOBERT_Sent_AvgEx']",21,3,0.001,7,04/03/2023,64,0.466165414,0.495166488,60.27729091,0.033179364,6891.808937,0.499432211,79.66052195,4.427059519,82.94924238,0.045758059,12218.86106,0.470588235,110.5389572,6.190108886,0
16/08/2025 00:09,34.2s,3ea5bd813024495083c730cb4c3bf51a,ETH_base_sent_cryptobert,LOCAL,/home/ec2-user/ETH_Price_Predition/.venv/lib/python3.11/site-packages/ipykernel_launcher.py,ec2-user,FINISHED,64,0,94,"['ETH_D_AvgPrc', 'D_CRYPTOBERT_AvgScr_Ex', 'D_CRYPTOBERT_Sent_AvgEx']",21,2,0.001,7,04/03/2023,32,0.473684211,0.497314715,59.99633848,0.032855645,6968.619913,0.502342215,79.67063993,4.391331019,84.6962535,0.046258426,13130.07072,0.47761194,114.5865207,6.305864802,0
15/08/2025 21:38,27.5s,2b37b9d3519d49fcbeb4dabddb209308,ETH_base_sent_finbert,LOCAL,/home/ec2-user/ETH_Price_Predition/.venv/lib/python3.11/site-packages/ipykernel_launcher.py,ec2-user,FINISHED,64,0.05,68,"['ETH_D_AvgPrc', 'D_FINBERT_AvgScr_Ex', 'D_FINBERT_Sent_AvgEx']",7,2,0.01,7,04/03/2023,32,0.37593985,0.500537057,61.49875556,0.033781219,6745.070128,0.504582027,79.67622583,4.408104615,79.67036404,0.043541209,10925.40561,0.388888889,104.5246651,5.744484893,0
15/08/2025 22:25,47.6s,46acbc5c8bb24fa88662f008ad233ca3,ETH_base_sent_finbert,LOCAL,/home/ec2-user/ETH_Price_Predition/.venv/lib/python3.11/site-packages/ipykernel_launcher.py,ec2-user,FINISHED,32,0.05,85,"['ETH_D_AvgPrc', 'D_FINBERT_AvgScr_Ex', 'D_FINBERT_Sent_AvgEx']",21,2,0.001,7,04/03/2023,32,0.390977444,0.47905478,62.28457822,0.034433104,6743.318661,0.4829763,79.69496597,4.473084326,78.72988616,0.043366317,10466.66103,0.393939394,102.3067008,5.72067228,0
15/08/2025 21:52,45.9s,181c8fcde8c44769b3ef8d0bf6b7d847,ETH_base_sent_finbert,LOCAL,/home/ec2-user/ETH_Price_Predition/.venv/lib/python3.11/site-packages/ipykernel_launcher.py,ec2-user,FINISHED,64,0.05,126,"['ETH_D_AvgPrc', 'D_FINBERT_AvgScr_Ex', 'D_FINBERT_Sent_AvgEx']",7,3,0.001,7,04/03/2023,64,0.413533835,0.500537057,61.73100745,0.033857386,6839.903459,0.50604501,79.7777193,4.404625552,80.7410221,0.044258254,11359.16686,0.412698413,106.5793923,5.896242671,0
15/08/2025 22:03,19.3s,7acb95aa8e2b422fb7f6e414cfe6485f,ETH_base_sent_finbert,LOCAL,/home/ec2-user/ETH_Price_Predition/.venv/lib/python3.11/site-packages/ipykernel_launcher.py,ec2-user,FINISHED,64,0.05,38,"['ETH_D_AvgPrc', 'D_FINBERT_AvgScr_Ex', 'D_FINBERT_Sent_AvgEx']",14,2,0.01,7,04/03/2023,64,0.413533835,0.512352309,61.4004769,0.03375281,6800.875415,0.516159204,79.8098942,4.422867898,81.99365624,0.045069307,11506.95391,0.415384615,107.2704708,5.969455395,0
16/08/2025 00:09,25.5s,b043094f55474c2799e3fb9100a0e051,ETH_base_sent_cryptobert,LOCAL,/home/ec2-user/ETH_Price_Predition/.venv/lib/python3.11/site-packages/ipykernel_launcher.py,ec2-user,FINISHED,32,0,30,"['ETH_D_AvgPrc', 'D_CRYPTOBERT_AvgScr_Ex', 'D_CRYPTOBERT_Sent_AvgEx']",21,2,0.01,7,04/03/2023,64,0.458646617,0.484425349,61.92202769,0.034122738,6728.390647,0.48896947,79.81612938,4.452831315,78.90978247,0.043152981,11809.60731,0.461538462,108.6720171,5.995676565,0
15/08/2025 23:43,19.1s,d07d1205edde456b886fcc3f705721d4,ETH_base_sent_cryptobert,LOCAL,/home/ec2-user/ETH_Price_Predition/.venv/lib/python3.11/site-packages/ipykernel_launcher.py,ec2-user,FINISHED,32,0,16,"['ETH_D_AvgPrc', 'D_CRYPTOBERT_AvgScr_Ex', 'D_CRYPTOBERT_Sent_AvgEx']",14,2,0.01,7,04/03/2023,64,0.473684211,0.496240602,61.79031651,0.034146621,6894.103437,0.500478346,79.82146894,4.46404025,81.0099586,0.044747144,11581.68508,0.479452055,107.6182377,6.035302564,0
15/08/2025 13:00,29.7s,743d91de78414f589f3658418212f9c4,ETH_base_ETH_blk,LOCAL,/home/ec2-user/ETH_Price_Predition/.venv/lib/python3.11/site-packages/ipykernel_launcher.py,ec2-user,FINISHED,32,0.05,34,"['ETH_D_AvgPrc', 'ETH_YF_Vol', 'ETH_ES_AvgTransFee', 'ETH_ES_BlkTm', 'ETH_ES_GasUsd', 'ETH_ES_AvgGasPrc']",28,2,0.01,7,04/03/2023,32,0.37593985,0.469387755,63.72483844,0.034812039,6804.329666,0.473141903,79.82967332,4.366755284,86.75420707,0.047064991,11837.64435,0.378787879,108.8009391,5.881066169,0
15/08/2025 18:41,24.4s,8723b8841c6f4e8894baca39b37f7169,ETH_base_BTC_blk_LTC_blk,LOCAL,/home/ec2-user/ETH_Price_Predition/.venv/lib/python3.11/site-packages/ipykernel_launcher.py,ec2-user,FINISHED,64,0.05,40,"['ETH_D_AvgPrc', 'BTC_D_AvgPrc', 'LTC_D_AvgPrc']",14,3,0.01,7,04/03/2023,32,0.473684211,0.474758324,61.00432281,0.033683389,6810.057116,0.479061835,79.83553589,4.471600121,88.07430204,0.048719949,12856.74109,0.476190476,113.3875703,6.388444003,0
15/08/2025 23:30,38.2s,6d16f35f68c0448e9f96347944485479,ETH_base_sent_cryptobert,LOCAL,/home/ec2-user/ETH_Price_Predition/.venv/lib/python3.11/site-packages/ipykernel_launcher.py,ec2-user,FINISHED,64,0,97,"['ETH_D_AvgPrc', 'D_CRYPTOBERT_AvgScr_Ex', 'D_CRYPTOBERT_Sent_AvgEx']",7,3,0.001,7,04/03/2023,64,0.481203008,0.502685285,61.27559956,0.033467151,6859.042898,0.506594643,79.8398995,4.373113148,82.92661257,0.045188188,12059.39559,0.485714286,109.8152794,6.003289147,0
16/08/2025 00:45,18.4s,afdd09703e004b328294e32b5fb661af,ETH_base_sent_cryptobert,LOCAL,/home/ec2-user/ETH_Price_Predition/.venv/lib/python3.11/site-packages/ipykernel_launcher.py,ec2-user,FINISHED,64,0.1,31,"['ETH_D_AvgPrc', 'D_CRYPTOBERT_AvgScr_Ex', 'D_CRYPTOBERT_Sent_AvgEx']",28,2,0.01,7,04/03/2023,32,0.481203008,0.477980666,61.24787682,0.033653493,6811.660212,0.483653326,79.84755107,4.410378072,82.0570603,0.044885277,11298.3947,0.485294118,106.2939072,5.838891495,0
15/08/2025 18:29,17.8s,9363f194eff64aca8a7398215ecdf281,ETH_base_BTC_blk_LTC_blk,LOCAL,/home/ec2-user/ETH_Price_Predition/.venv/lib/python3.11/site-packages/ipykernel_launcher.py,ec2-user,FINISHED,64,0.05,30,"['ETH_D_AvgPrc', 'BTC_D_AvgPrc', 'LTC_D_AvgPrc']",14,2,0.01,7,04/03/2023,32,0.443609023,0.488721805,61.30320043,0.033899331,6777.826095,0.493273393,79.88765362,4.472016998,80.14875025,0.04415957,11064.88532,0.446153846,105.1897586,5.869564357,0
15/08/2025 22:07,19.1s,b5c89cacd6aa4a9e8b5fefb4acbaa2d2,ETH_base_sent_finbert,LOCAL,/home/ec2-user/ETH_Price_Predition/.venv/lib/python3.11/site-packages/ipykernel_launcher.py,ec2-user,FINISHED,64,0.1,31,"['ETH_D_AvgPrc', 'D_FINBERT_AvgScr_Ex', 'D_FINBERT_Sent_AvgEx']",14,2,0.01,7,04/03/2023,64,0.353383459,0.510204082,61.01942059,0.033659143,6919.550363,0.516607303,79.90650346,4.468704611,90.380481,0.049912817,13150.19139,0.366197183,114.6742839,6.443321887,0
16/08/2025 00:06,23.3s,530583576e8944aa84e51ffa00e07965,ETH_base_sent_cryptobert,LOCAL,/home/ec2-user/ETH_Price_Predition/.venv/lib/python3.11/site-packages/ipykernel_launcher.py,ec2-user,FINISHED,64,0.1,37,"['ETH_D_AvgPrc', 'D_CRYPTOBERT_AvgScr_Ex', 'D_CRYPTOBERT_Sent_AvgEx']",14,3,0.001,7,04/03/2023,64,0.458646617,0.473684211,61.34484509,0.033735086,6705.079217,0.479556462,79.93311592,4.429756881,76.02277506,0.041807573,10361.13917,0.463768116,101.7896811,5.665229239,0
16/08/2025 00:45,36.8s,6ad2cd8c2dca4d76b3e84cca126180ca,ETH_base_sent_cryptobert,LOCAL,/home/ec2-user/ETH_Price_Predition/.venv/lib/python3.11/site-packages/ipykernel_launcher.py,ec2-user,FINISHED,64,0.1,103,"['ETH_D_AvgPrc', 'D_CRYPTOBERT_AvgScr_Ex', 'D_CRYPTOBERT_Sent_AvgEx']",28,2,0.001,7,04/03/2023,32,0.466165414,0.495166488,61.3129081,0.033727808,6781.039207,0.500418246,79.93971918,4.431518763,78.05447663,0.042890385,10911.5998,0.474358974,104.4586033,5.80228577,0
15/08/2025 17:02,21.9s,cf62b51aa03a4dc398ec2458f0a3ddcd,ETH_base_LTC_blk,LOCAL,/home/ec2-user/ETH_Price_Predition/.venv/lib/python3.11/site-packages/ipykernel_launcher.py,ec2-user,FINISHED,32,0,13,"['ETH_D_AvgPrc', 'LTC_D_AvgPrc', 'LTC_YF_Vol', 'LTC_OL_MinDif', 'LTC_BIC_HshRt']",14,3,0.01,7,04/03/2023,32,0.406015038,0.480128894,61.24686938,0.033778164,6646.682691,0.485239134,79.98197231,4.493368321,74.4490501,0.040676008,9591.173475,0.411764706,97.93453668,5.464411015,0
15/08/2025 19:02,36.9s,6c09d46f7098442aa79f934671ea6f74,ETH_base_BTC_blk_LTC_blk,LOCAL,/home/ec2-user/ETH_Price_Predition/.venv/lib/python3.11/site-packages/ipykernel_launcher.py,ec2-user,FINISHED,64,0,87,"['ETH_D_AvgPrc', 'BTC_D_AvgPrc', 'LTC_D_AvgPrc']",21,3,0.001,7,04/03/2023,32,0.466165414,0.482277121,61.4411174,0.033803164,6683.633147,0.486811603,79.98575354,4.42532546,77.30258959,0.042283512,10232.68612,0.46875,101.1567404,5.556070595,0
15/08/2025 18:30,19.0s,390ab0479c7246eca6b32a8b80988004,ETH_base_BTC_blk_LTC_blk,LOCAL,/home/ec2-user/ETH_Price_Predition/.venv/lib/python3.11/site-packages/ipykernel_launcher.py,ec2-user,FINISHED,32,0.05,14,"['ETH_D_AvgPrc', 'BTC_D_AvgPrc', 'LTC_D_AvgPrc']",14,2,0.01,7,04/03/2023,64,0.428571429,0.472610097,61.58832888,0.033918231,6748.583911,0.476604692,79.98659628,4.445802341,78.16430871,0.042680897,10544.76473,0.430769231,102.6877049,5.628842427,0
15/08/2025 23:43,39.0s,6f6edc6adee24decb3e622a8b493b902,ETH_base_sent_cryptobert,LOCAL,/home/ec2-user/ETH_Price_Predition/.venv/lib/python3.11/site-packages/ipykernel_launcher.py,ec2-user,FINISHED,64,0,121,"['ETH_D_AvgPrc', 'D_CRYPTOBERT_AvgScr_Ex', 'D_CRYPTOBERT_Sent_AvgEx']",14,2,0.001,7,04/03/2023,32,0.473684211,0.500537057,61.03303307,0.033443225,6997.598659,0.505255904,80.00413846,4.407427446,85.07496104,0.046645096,12943.30841,0.47826087,113.7686618,6.274043053,0
15/08/2025 22:06,38.6s,e42fe8f7dfdd4ac499081fae543fb042,ETH_base_sent_finbert,LOCAL,/home/ec2-user/ETH_Price_Predition/.venv/lib/python3.11/site-packages/ipykernel_launcher.py,ec2-user,FINISHED,32,0.1,66,"['ETH_D_AvgPrc', 'D_FINBERT_AvgScr_Ex', 'D_FINBERT_Sent_AvgEx']",14,2,0.001,7,04/03/2023,64,0.443609023,0.518796992,61.04813143,0.033644241,6951.19953,0.523989079,80.0184373,4.459994149,87.26784177,0.04815168,12540.39279,0.447761194,111.9838952,6.275822881,0
16/08/2025 01:03,29.2s,0eb50c2e883c465086bc0b2142a63cab,ETH_base_sent_cryptobert,LOCAL,/home/ec2-user/ETH_Price_Predition/.venv/lib/python3.11/site-packages/ipykernel_launcher.py,ec2-user,FINISHED,64,0.1,49,"['ETH_D_AvgPrc', 'D_CRYPTOBERT_AvgScr_Ex', 'D_CRYPTOBERT_Sent_AvgEx']",28,3,0.001,7,04/03/2023,64,0.466165414,0.483351235,60.9747201,0.033477478,6742.167554,0.48919838,80.08509902,4.419739755,76.45791213,0.042025401,10573.95122,0.472222222,102.8297195,5.703326502,0
15/08/2025 22:01,19.6s,148af4ed36e24704a691dc315be1b0e9,ETH_base_sent_finbert,LOCAL,/home/ec2-user/ETH_Price_Predition/.venv/lib/python3.11/site-packages/ipykernel_launcher.py,ec2-user,FINISHED,64,0.05,39,"['ETH_D_AvgPrc', 'D_FINBERT_AvgScr_Ex', 'D_FINBERT_Sent_AvgEx']",14,2,0.01,7,04/03/2023,32,0.360902256,0.496240602,61.77758566,0.033935691,6875.983713,0.502013718,80.11018046,4.450269173,82.46856483,0.045250401,11088.81369,0.371428571,105.3034363,5.861843837,0
15/08/2025 21:36,47.9s,979ace58588d4265ad016e7c1ac89dfc,ETH_base_sent_finbert,LOCAL,/home/ec2-user/ETH_Price_Predition/.venv/lib/python3.11/site-packages/ipykernel_launcher.py,ec2-user,FINISHED,32,0,105,"['ETH_D_AvgPrc', 'D_FINBERT_AvgScr_Ex', 'D_FINBERT_Sent_AvgEx']",7,2,0.001,7,04/03/2023,64,0.413533835,0.499462943,62.61596732,0.034374262,6895.610338,0.502369693,80.11717591,4.418654195,84.2025906,0.046166926,11828.91024,0.406779661,108.7607937,6.006939602,0
16/08/2025 01:00,33.0s,8d4066f876744099b9c2de2a9a0b8296,ETH_base_sent_cryptobert,LOCAL,/home/ec2-user/ETH_Price_Predition/.venv/lib/python3.11/site-packages/ipykernel_launcher.py,ec2-user,FINISHED,64,0.1,63,"['ETH_D_AvgPrc', 'D_CRYPTOBERT_AvgScr_Ex', 'D_CRYPTOBERT_Sent_AvgEx']",28,3,0.001,7,04/03/2023,32,0.473684211,0.481203008,61.23038647,0.033594028,6763.579494,0.486924534,80.18344584,4.418515336,75.93566734,0.041662703,10163.10559,0.479452055,100.8122294,5.575759451,0
15/08/2025 18:25,14.5s,38ce5f9b6a184de08204ad0335aea0ea,ETH_base_BTC_blk_LTC_blk,LOCAL,/home/ec2-user/ETH_Price_Predition/.venv/lib/python3.11/site-packages/ipykernel_launcher.py,ec2-user,FINISHED,32,0,4,"['ETH_D_AvgPrc', 'BTC_D_AvgPrc', 'LTC_D_AvgPrc']",14,2,0.01,7,04/03/2023,32,0.421052632,0.467239527,62.06964144,0.034281201,6730.819979,0.46920546,80.18792897,4.474162026,79.30539996,0.043221029,10875.61517,0.419354839,104.2862176,5.692328404,0
16/08/2025 00:37,40.9s,547b7984ba2946d5a672e99757ec1e65,ETH_base_sent_cryptobert,LOCAL,/home/ec2-user/ETH_Price_Predition/.venv/lib/python3.11/site-packages/ipykernel_launcher.py,ec2-user,FINISHED,32,0,60,"['ETH_D_AvgPrc', 'D_CRYPTOBERT_AvgScr_Ex', 'D_CRYPTOBERT_Sent_AvgEx']",28,2,0.001,7,04/03/2023,64,0.458646617,0.49301826,62.05251069,0.034096795,6931.020328,0.498934896,80.19245098,4.439325954,81.11683116,0.044477429,11648.10222,0.465753425,107.9263741,5.957371533,0
15/08/2025 22:28,18.7s,175151fef23c464f955921d9a4d8fcd8,ETH_base_sent_finbert,LOCAL,/home/ec2-user/ETH_Price_Predition/.venv/lib/python3.11/site-packages/ipykernel_launcher.py,ec2-user,FINISHED,64,0.05,35,"['ETH_D_AvgPrc', 'D_FINBERT_AvgScr_Ex', 'D_FINBERT_Sent_AvgEx']",21,2,0.01,7,04/03/2023,64,0.413533835,0.495166488,60.96275361,0.033714714,6779.284803,0.497950551,80.23553156,4.502458577,80.41496633,0.044359353,11334.97921,0.420289855,106.4658593,5.948390562,0
15/08/2025 19:58,24.9s,d1a99aca4d1b4180bd68666a4a6ddd6b,ETH_base_sent_vader,LOCAL,/home/ec2-user/ETH_Price_Predition/.venv/lib/python3.11/site-packages/ipykernel_launcher.py,ec2-user,FINISHED,32,0.1,33,"['ETH_D_AvgPrc', 'D_VADER_AvgScr_Ex', 'D_VADER_Sent_AvgEx']",7,2,0.01,7,04/03/2023,64,0.390977444,0.491944146,60.76624335,0.03313209,7113.322542,0.497682305,80.26864908,4.373961667,86.19205767,0.047010742,13272.59019,0.393939394,115.2067281,6.273790248,0
15/08/2025 18:03,15.7s,dc817e8f8d9543d28178cd10aba47686,ETH_base_BTC_blk_LTC_blk,LOCAL,/home/ec2-user/ETH_Price_Predition/.venv/lib/python3.11/site-packages/ipykernel_launcher.py,ec2-user,FINISHED,32,0,8,"['ETH_D_AvgPrc', 'BTC_D_AvgPrc', 'LTC_D_AvgPrc']",7,2,0.01,7,04/03/2023,64,0.45112782,0.466165414,61.06813471,0.033390351,6950.959278,0.472077551,80.28661866,4.403703019,79.44720482,0.04320089,11010.2885,0.457142857,104.9299218,5.708175115,0
15/08/2025 20:05,1.0min,e31d0145e62a4f5899465202e2000c6e,ETH_base_sent_vader,LOCAL,/home/ec2-user/ETH_Price_Predition/.venv/lib/python3.11/site-packages/ipykernel_launcher.py,ec2-user,FINISHED,64,0.05,200,"['ETH_D_AvgPrc', 'D_VADER_AvgScr_Ex', 'D_VADER_Sent_AvgEx']",7,3,0.001,7,04/03/2023,32,0.406015038,0.497314715,60.24837664,0.033000861,7164.678663,0.502080052,80.29916425,4.409831566,87.42451121,0.047834276,13785.15196,0.414285714,117.4101868,6.432910936,0
16/08/2025 00:17,24.6s,60b7f0747e274da5b9131deca761c25e,ETH_base_sent_cryptobert,LOCAL,/home/ec2-user/ETH_Price_Predition/.venv/lib/python3.11/site-packages/ipykernel_launcher.py,ec2-user,FINISHED,64,0.1,55,"['ETH_D_AvgPrc', 'D_CRYPTOBERT_AvgScr_Ex', 'D_CRYPTOBERT_Sent_AvgEx']",21,2,0.001,7,04/03/2023,32,0.466165414,0.486573577,61.16985166,0.033727714,6823.694073,0.491539928,80.3060292,4.469663181,78.73267038,0.043477979,10964.59118,0.472222222,104.7119438,5.870733583,0
16/08/2025 00:04,35.6s,dc338bb7c40d4bd9aba511fa376bfd98,ETH_base_sent_cryptobert,LOCAL,/home/ec2-user/ETH_Price_Predition/.venv/lib/python3.11/site-packages/ipykernel_launcher.py,ec2-user,FINISHED,64,0.1,78,"['ETH_D_AvgPrc', 'D_CRYPTOBERT_AvgScr_Ex', 'D_CRYPTOBERT_Sent_AvgEx']",14,3,0.001,7,04/03/2023,32,0.443609023,0.488721805,61.87759009,0.034053495,6851.585842,0.49378882,80.32659674,4.452771868,79.71264901,0.043945782,11451.59462,0.447761194,107.0121237,5.967195426,0
15/08/2025 20:44,20.8s,52b62104b99742dbbb48ee7d8cac9835,ETH_base_sent_vader,LOCAL,/home/ec2-user/ETH_Price_Predition/.venv/lib/python3.11/site-packages/ipykernel_launcher.py,ec2-user,FINISHED,64,0.1,42,"['ETH_D_AvgPrc', 'D_VADER_AvgScr_Ex', 'D_VADER_Sent_AvgEx']",21,2,0.01,7,04/03/2023,64,0.45112782,0.510204082,62.07418853,0.034164009,6861.558503,0.513834374,80.35615111,4.450906635,85.01764949,0.046520455,12408.22229,0.453125,111.3922003,6.133123608,0
15/08/2025 22:33,35.9s,eeefd341ff274c4a9e61f4f035e72828,ETH_base_sent_finbert,LOCAL,/home/ec2-user/ETH_Price_Predition/.venv/lib/python3.11/site-packages/ipykernel_launcher.py,ec2-user,FINISHED,64,0.1,105,"['ETH_D_AvgPrc', 'D_FINBERT_AvgScr_Ex', 'D_FINBERT_Sent_AvgEx']",21,2,0.001,7,04/03/2023,64,0.466165414,0.480128894,62.60471981,0.034602545,6769.563055,0.484528408,80.38118289,4.505901164,83.70527523,0.046495018,11522.66503,0.46969697,107.3436772,6.085723378,0
15/08/2025 12:30,26.0s,4f89b4bdaf874060837e060c2986a0cd,ETH_base_ETH_blk,LOCAL,/home/ec2-user/ETH_Price_Predition/.venv/lib/python3.11/site-packages/ipykernel_launcher.py,ec2-user,FINISHED,32,0.05,19,"['ETH_D_AvgPrc', 'ETH_YF_Vol', 'ETH_ES_AvgTransFee', 'ETH_ES_BlkTm', 'ETH_ES_GasUsd', 'ETH_ES_AvgGasPrc']",14,3,0.01,7,04/03/2023,32,0.421052632,0.467239527,61.63557337,0.033805526,6781.132245,0.469502992,80.39936762,4.43077182,76.49281736,0.041914712,10141.87224,0.416666667,100.7068629,5.577903915,0
15/08/2025 18:28,29.3s,583630f8b88843cc988beb6339b28f95,ETH_base_BTC_blk_LTC_blk,LOCAL,/home/ec2-user/ETH_Price_Predition/.venv/lib/python3.11/site-packages/ipykernel_launcher.py,ec2-user,FINISHED,32,0.05,41,"['ETH_D_AvgPrc', 'BTC_D_AvgPrc', 'LTC_D_AvgPrc']",14,2,0.001,7,04/03/2023,32,0.443609023,0.475832438,62.03798334,0.034145634,6785.947312,0.479559131,80.40160277,4.45730842,79.64059035,0.043645162,10540.64911,0.444444444,102.6676634,5.671921346,0
15/08/2025 20:01,58.0s,606349e44f89472d8ced8fd7c4e3273b,ETH_base_sent_vader,LOCAL,/home/ec2-user/ETH_Price_Predition/.venv/lib/python3.11/site-packages/ipykernel_launcher.py,ec2-user,FINISHED,64,0,200,"['ETH_D_AvgPrc', 'D_VADER_AvgScr_Ex', 'D_VADER_Sent_AvgEx']",7,3,0.001,7,04/03/2023,32,0.436090226,0.516648765,60.76182115,0.03318449,7248.392747,0.521082033,80.43752293,4.392055335,87.54703814,0.04780602,13905.50022,0.442857143,117.921585,6.434505378,0
16/08/2025 00:02,44.6s,8c540e96946b4f8ba3bf4e509783e39b,ETH_base_sent_cryptobert,LOCAL,/home/ec2-user/ETH_Price_Predition/.venv/lib/python3.11/site-packages/ipykernel_launcher.py,ec2-user,FINISHED,32,0.1,60,"['ETH_D_AvgPrc', 'D_CRYPTOBERT_AvgScr_Ex', 'D_CRYPTOBERT_Sent_AvgEx']",14,3,0.001,7,04/03/2023,32,0.496240602,0.466165414,62.89118297,0.034558972,6882.001872,0.472888604,80.52772901,4.451155721,80.66873123,0.044368325,11068.8501,0.5,105.2086028,5.846061284,0
15/08/2025 20:53,39.4s,fe53178e3fd74c02b73c79ceb6410c1c,ETH_base_sent_vader,LOCAL,/home/ec2-user/ETH_Price_Predition/.venv/lib/python3.11/site-packages/ipykernel_launcher.py,ec2-user,FINISHED,32,0.1,44,"['ETH_D_AvgPrc', 'D_VADER_AvgScr_Ex', 'D_VADER_Sent_AvgEx']",21,3,0.01,7,04/03/2023,32,0.473684211,0.49301826,61.73937202,0.034023074,6829.541351,0.498629289,80.56371133,4.483035109,81.50332596,0.044534523,11198.24883,0.48,105.8217786,5.797735,0
15/08/2025 20:37,16.2s,470f9228a5194ea39d6bdc2f05ae85e6,ETH_base_sent_vader,LOCAL,/home/ec2-user/ETH_Price_Predition/.venv/lib/python3.11/site-packages/ipykernel_launcher.py,ec2-user,FINISHED,32,0.05,6,"['ETH_D_AvgPrc', 'D_VADER_AvgScr_Ex', 'D_VADER_Sent_AvgEx']",21,2,0.01,7,04/03/2023,32,0.390977444,0.498388829,61.9604719,0.034019756,6724.505452,0.503413255,80.57041414,4.451582837,75.95212343,0.041658289,10079.27151,0.405405405,100.3955752,5.559970313,0
15/08/2025 18:35,12.0s,25213c82f6d24fdbad72cf0d90a2836b,ETH_base_BTC_blk_LTC_blk,LOCAL,/home/ec2-user/ETH_Price_Predition/.venv/lib/python3.11/site-packages/ipykernel_launcher.py,ec2-user,FINISHED,64,0.1,5,"['ETH_D_AvgPrc', 'BTC_D_AvgPrc', 'LTC_D_AvgPrc']",14,2,0.01,7,04/03/2023,64,0.443609023,0.468313641,61.95994789,0.034094327,6786.869668,0.473281826,80.57233352,4.460217728,80.5898449,0.044443282,10647.73026,0.444444444,103.1878397,5.770667424,0
15/08/2025 23:38,30.3s,cd6cfeb9dcaa4ce196fafdfd367509cf,ETH_base_sent_cryptobert,LOCAL,/home/ec2-user/ETH_Price_Predition/.venv/lib/python3.11/site-packages/ipykernel_launcher.py,ec2-user,FINISHED,32,0.1,31,"['ETH_D_AvgPrc', 'D_CRYPTOBERT_AvgScr_Ex', 'D_CRYPTOBERT_Sent_AvgEx']",7,3,0.01,7,04/03/2023,64,0.466165414,0.486573577,61.44331401,0.033700795,7111.659091,0.492231111,80.66894414,4.445555143,86.85573148,0.047350899,12956.93214,0.470588235,113.8285208,6.218575129,0
15/08/2025 23:22,26.7s,cbb7abd3ddf04cb584dc8e6b72e678a1,ETH_base_sent_cryptobert,LOCAL,/home/ec2-user/ETH_Price_Predition/.venv/lib/python3.11/site-packages/ipykernel_launcher.py,ec2-user,FINISHED,32,0.1,38,"['ETH_D_AvgPrc', 'D_CRYPTOBERT_AvgScr_Ex', 'D_CRYPTOBERT_Sent_AvgEx']",7,2,0.01,7,04/03/2023,32,0.458646617,0.487647691,61.34274879,0.033760705,7134.140864,0.493149854,80.68759892,4.464419687,85.39516386,0.046947705,12785.4229,0.465753425,113.0726443,6.256229911,0
16/08/2025 00:01,24.4s,f6f7dc3f08834b57a899ded5601811b4,ETH_base_sent_cryptobert,LOCAL,/home/ec2-user/ETH_Price_Predition/.venv/lib/python3.11/site-packages/ipykernel_launcher.py,ec2-user,FINISHED,64,0.05,41,"['ETH_D_AvgPrc', 'D_CRYPTOBERT_AvgScr_Ex', 'D_CRYPTOBERT_Sent_AvgEx']",14,3,0.001,7,04/03/2023,64,0.436090226,0.473684211,62.28117848,0.034211684,6851.919263,0.48017316,80.72953031,4.464399736,76.95222714,0.042243685,10449.97655,0.444444444,102.2251268,5.673520773,0
15/08/2025 16:54,17.5s,7bf7533e93a944ab95d98d351d2dfcd4,ETH_base_LTC_blk,LOCAL,/home/ec2-user/ETH_Price_Predition/.venv/lib/python3.11/site-packages/ipykernel_launcher.py,ec2-user,FINISHED,32,0,11,"['ETH_D_AvgPrc', 'LTC_D_AvgPrc', 'LTC_YF_Vol', 'LTC_OL_MinDif', 'LTC_BIC_HshRt']",14,2,0.01,7,04/03/2023,64,0.428571429,0.482277121,62.28326206,0.034238447,7076.725665,0.487579003,80.80623784,4.497524085,86.64536899,0.047082548,11922.54181,0.434782609,109.1903925,5.976438234,0
16/08/2025 00:10,39.0s,d6542603b4954bc190abad4ccd5daf71,ETH_base_sent_cryptobert,LOCAL,/home/ec2-user/ETH_Price_Predition/.venv/lib/python3.11/site-packages/ipykernel_launcher.py,ec2-user,FINISHED,32,0,61,"['ETH_D_AvgPrc', 'D_CRYPTOBERT_AvgScr_Ex', 'D_CRYPTOBERT_Sent_AvgEx']",21,2,0.001,7,04/03/2023,64,0.481203008,0.490870032,61.50752817,0.033831773,7011.109432,0.495818881,80.87718429,4.49189156,82.92025344,0.045632652,12635.51471,0.485714286,112.4078054,6.27451132,0
16/08/2025 00:34,22.6s,a3bb527000d84db992370b389a0132bf,ETH_base_sent_cryptobert,LOCAL,/home/ec2-user/ETH_Price_Predition/.venv/lib/python3.11/site-packages/ipykernel_launcher.py,ec2-user,FINISHED,64,0.1,30,"['ETH_D_AvgPrc', 'D_CRYPTOBERT_AvgScr_Ex', 'D_CRYPTOBERT_Sent_AvgEx']",21,3,0.01,7,04/03/2023,64,0.466165414,0.49301826,61.13196017,0.033479533,6914.777306,0.498475429,80.88110969,4.445699586,79.15617818,0.043271572,11332.41238,0.471428571,106.453804,5.850030748,0
15/08/2025 23:59,42.2s,ef06838e37454c08a460724d38fb314b,ETH_base_sent_cryptobert,LOCAL,/home/ec2-user/ETH_Price_Predition/.venv/lib/python3.11/site-packages/ipykernel_launcher.py,ec2-user,FINISHED,64,0.05,103,"['ETH_D_AvgPrc', 'D_CRYPTOBERT_AvgScr_Ex', 'D_CRYPTOBERT_Sent_AvgEx']",14,3,0.001,7,04/03/2023,32,0.473684211,0.480128894,62.33865622,0.034242922,6975.916765,0.486413395,80.90380193,4.469665098,81.14855613,0.044572157,11508.07096,0.47826087,107.2756774,5.942619504,0
15/08/2025 20:23,22.5s,73cec24535ae4c88b4577f43fa9fe83c,ETH_base_sent_vader,LOCAL,/home/ec2-user/ETH_Price_Predition/.venv/lib/python3.11/site-packages/ipykernel_launcher.py,ec2-user,FINISHED,32,0,16,"['ETH_D_AvgPrc', 'D_VADER_AvgScr_Ex', 'D_VADER_Sent_AvgEx']",14,3,0.01,7,04/03/2023,64,0.443609023,0.489795918,61.65945615,0.033950369,7188.199197,0.49342524,80.92464146,4.491296771,89.76669587,0.049598773,13596.81641,0.442622951,116.6053876,6.553809211,0
15/08/2025 18:01,21.0s,9ea35e65d60449908f2589ee544d4b5a,ETH_base_BTC_blk_LTC_blk,LOCAL,/home/ec2-user/ETH_Price_Predition/.venv/lib/python3.11/site-packages/ipykernel_launcher.py,ec2-user,FINISHED,32,0,22,"['ETH_D_AvgPrc', 'BTC_D_AvgPrc', 'LTC_D_AvgPrc']",7,2,0.01,7,04/03/2023,32,0.458646617,0.489795918,61.95426585,0.033893063,6940.014573,0.496077726,80.94114065,4.441527432,72.62814147,0.039812541,10005.79513,0.462686567,100.0289715,5.537647152,0
16/08/2025 00:53,43.3s,225f89fc44d448f2862fde31727ddc22,ETH_base_sent_cryptobert,LOCAL,/home/ec2-user/ETH_Price_Predition/.venv/lib/python3.11/site-packages/ipykernel_launcher.py,ec2-user,FINISHED,32,0.05,44,"['ETH_D_AvgPrc', 'D_CRYPTOBERT_AvgScr_Ex', 'D_CRYPTOBERT_Sent_AvgEx']",28,3,0.001,7,04/03/2023,32,0.473684211,0.491944146,61.51287855,0.033748459,6982.882086,0.497452435,80.94720078,4.461519948,78.36351415,0.043037806,10884.65113,0.478873239,104.3295314,5.774187464,0
16/08/2025 01:01,45.7s,b56ab1a0beb04fb29c591c8ceb2e3340,ETH_base_sent_cryptobert,LOCAL,/home/ec2-user/ETH_Price_Predition/.venv/lib/python3.11/site-packages/ipykernel_launcher.py,ec2-user,FINISHED,32,0.1,47,"['ETH_D_AvgPrc', 'D_CRYPTOBERT_AvgScr_Ex', 'D_CRYPTOBERT_Sent_AvgEx']",28,3,0.001,7,04/03/2023,64,0.458646617,0.476906552,62.22926129,0.034143139,7025.209967,0.48388577,80.95089057,4.464260683,82.32684028,0.045235125,11820.10697,0.466666667,108.7203153,6.024337188,0
15/08/2025 12:03,42.1s,ac5032cf8e13413899ecd14349d1d6a4,ETH_base_ETH_blk,LOCAL,/home/ec2-user/ETH_Price_Predition/.venv/lib/python3.11/site-packages/ipykernel_launcher.py,ec2-user,FINISHED,32,0.05,79,"['ETH_D_AvgPrc', 'ETH_YF_Vol', 'ETH_ES_AvgTransFee', 'ETH_ES_BlkTm', 'ETH_ES_GasUsd', 'ETH_ES_AvgGasPrc']",7,2,0.001,7,04/03/2023,64,0.443609023,0.468313641,60.63547123,0.033294197,7039.962699,0.471237848,80.95403358,4.46217644,80.19242067,0.043973172,11584.72116,0.442622951,107.6323425,5.941980911,0
15/08/2025 23:34,42.9s,b3b93a7c98744db08c5f6138486f1a58,ETH_base_sent_cryptobert,LOCAL,/home/ec2-user/ETH_Price_Predition/.venv/lib/python3.11/site-packages/ipykernel_launcher.py,ec2-user,FINISHED,32,0.05,62,"['ETH_D_AvgPrc', 'D_CRYPTOBERT_AvgScr_Ex', 'D_CRYPTOBERT_Sent_AvgEx']",7,3,0.001,7,04/03/2023,64,0.481203008,0.498388829,61.77926514,0.034034428,7188.501891,0.502942917,80.95644045,4.493758687,85.21980894,0.04695126,13096.18118,0.486111111,114.4385476,6.359869589,0
16/08/2025 00:51,50.2s,ac3470940cda406cb3ef11f83d4238b9,ETH_base_sent_cryptobert,LOCAL,/home/ec2-user/ETH_Price_Predition/.venv/lib/python3.11/site-packages/ipykernel_launcher.py,ec2-user,FINISHED,32,0,63,"['ETH_D_AvgPrc', 'D_CRYPTOBERT_AvgScr_Ex', 'D_CRYPTOBERT_Sent_AvgEx']",28,3,0.001,7,04/03/2023,64,0.481203008,0.488721805,63.07193881,0.03458233,7175.423286,0.494253737,80.98712675,4.466302041,86.72562839,0.047606599,12944.55982,0.485714286,113.7741615,6.303275296,0
15/08/2025 18:39,17.2s,8862789a227145a9849478668a191390,ETH_base_BTC_blk_LTC_blk,LOCAL,/home/ec2-user/ETH_Price_Predition/.venv/lib/python3.11/site-packages/ipykernel_launcher.py,ec2-user,FINISHED,64,0,18,"['ETH_D_AvgPrc', 'BTC_D_AvgPrc', 'LTC_D_AvgPrc']",14,3,0.01,7,04/03/2023,64,0.406015038,0.476906552,62.41882252,0.034296788,6842.027645,0.482494457,80.99956435,4.485372583,76.1676069,0.041713555,10041.18201,0.403225806,100.2056985,5.523298414,0
15/08/2025 16:46,49.4s,8ffb85aa249e488b91a6a4ed8e61bd4d,ETH_base_LTC_blk,LOCAL,/home/ec2-user/ETH_Price_Predition/.venv/lib/python3.11/site-packages/ipykernel_launcher.py,ec2-user,FINISHED,32,0.05,74,"['ETH_D_AvgPrc', 'LTC_D_AvgPrc', 'LTC_YF_Vol', 'LTC_OL_MinDif', 'LTC_BIC_HshRt']",7,3,0.001,7,04/03/2023,64,0.428571429,0.476906552,64.07319151,0.034981923,7157.128836,0.480860478,81.03686735,4.427883803,94.41919657,0.051068384,13453.83336,0.430769231,115.9906606,6.255993177,0
15/08/2025 18:37,30.5s,8e26df78b3f247d99bac4c5c255a3733,ETH_base_BTC_blk_LTC_blk,LOCAL,/home/ec2-user/ETH_Price_Predition/.venv/lib/python3.11/site-packages/ipykernel_launcher.py,ec2-user,FINISHED,64,0,60,"['ETH_D_AvgPrc', 'BTC_D_AvgPrc', 'LTC_D_AvgPrc']",14,3,0.001,7,04/03/2023,32,0.45112782,0.4650913,61.95099605,0.033973758,6906.961355,0.466632475,81.04889873,4.462929764,81.89252742,0.044848293,10734.74674,0.451612903,103.6086229,5.713201706,0
15/08/2025 18:19,18.3s,d3332339b867411b938bf328e1985796,ETH_base_BTC_blk_LTC_blk,LOCAL,/home/ec2-user/ETH_Price_Predition/.venv/lib/python3.11/site-packages/ipykernel_launcher.py,ec2-user,FINISHED,64,0.05,21,"['ETH_D_AvgPrc', 'BTC_D_AvgPrc', 'LTC_D_AvgPrc']",7,3,0.01,7,04/03/2023,64,0.488721805,0.480128894,61.26949008,0.033726341,6908.574562,0.485426805,81.05489792,4.4930445,77.8445882,0.042673365,10909.33271,0.492753623,104.4477511,5.776093861,0
15/08/2025 18:36,18.1s,d15fa8292eb14849a7152442c5d2f5f2,ETH_base_BTC_blk_LTC_blk,LOCAL,/home/ec2-user/ETH_Price_Predition/.venv/lib/python3.11/site-packages/ipykernel_launcher.py,ec2-user,FINISHED,32,0,5,"['ETH_D_AvgPrc', 'BTC_D_AvgPrc', 'LTC_D_AvgPrc']",14,3,0.01,7,04/03/2023,32,0.436090226,0.469387755,61.66774034,0.033951582,6922.644183,0.472831861,81.05606106,4.496677495,79.31186051,0.043646708,10721.58748,0.439393939,103.5450988,5.75696681,0
15/08/2025 22:16,34.0s,f9499eed35974eeda6deed6549aa59e4,ETH_base_sent_finbert,LOCAL,/home/ec2-user/ETH_Price_Predition/.venv/lib/python3.11/site-packages/ipykernel_launcher.py,ec2-user,FINISHED,64,0.05,73,"['ETH_D_AvgPrc', 'D_FINBERT_AvgScr_Ex', 'D_FINBERT_Sent_AvgEx']",14,3,0.001,7,04/03/2023,64,0.428571429,0.499462943,60.85011044,0.033500972,7046.457205,0.504647754,81.06898937,4.519504747,82.56145254,0.045293172,11871.24797,0.432835821,108.9552568,6.035882176,0
15/08/2025 22:00,33.5s,e7cebd550676412dbe619d95f129e691,ETH_base_sent_finbert,LOCAL,/home/ec2-user/ETH_Price_Predition/.venv/lib/python3.11/site-packages/ipykernel_launcher.py,ec2-user,FINISHED,32,0.05,53,"['ETH_D_AvgPrc', 'D_FINBERT_AvgScr_Ex', 'D_FINBERT_Sent_AvgEx']",14,2,0.001,7,04/03/2023,32,0.398496241,0.494092374,62.56601513,0.034437243,7000.569865,0.500231024,81.07557511,4.521013801,85.386702,0.046968045,11714.55315,0.402985075,108.2337893,6.047740865,0
15/08/2025 20:47,26.7s,4a6cb29b8819475990130a9bf3ad65ab,ETH_base_sent_vader,LOCAL,/home/ec2-user/ETH_Price_Predition/.venv/lib/python3.11/site-packages/ipykernel_launcher.py,ec2-user,FINISHED,32,0,23,"['ETH_D_AvgPrc', 'D_VADER_AvgScr_Ex', 'D_VADER_Sent_AvgEx']",21,3,0.01,7,04/03/2023,64,0.466165414,0.498388829,63.28424459,0.034846255,6850.287024,0.503349922,81.08191595,4.507129468,78.46402712,0.042944398,10903.59316,0.46969697,104.4202718,5.746413273,0
15/08/2025 22:20,47.2s,8a1b85ea76754a6a951af834834d42e2,ETH_base_sent_finbert,LOCAL,/home/ec2-user/ETH_Price_Predition/.venv/lib/python3.11/site-packages/ipykernel_launcher.py,ec2-user,FINISHED,32,0.1,66,"['ETH_D_AvgPrc', 'D_FINBERT_AvgScr_Ex', 'D_FINBERT_Sent_AvgEx']",14,3,0.001,7,04/03/2023,64,0.436090226,0.491944146,61.82636776,0.033990219,6991.715687,0.496863433,81.08894121,4.507820234,84.31750052,0.046358691,11902.80391,0.433333333,109.0999721,6.076720321,0
15/08/2025 21:56,25.5s,4cef7110aa8042008c496d1536387daa,ETH_base_sent_finbert,LOCAL,/home/ec2-user/ETH_Price_Predition/.venv/lib/python3.11/site-packages/ipykernel_launcher.py,ec2-user,FINISHED,64,0.1,50,"['ETH_D_AvgPrc', 'D_FINBERT_AvgScr_Ex', 'D_FINBERT_Sent_AvgEx']",7,3,0.01,7,04/03/2023,64,0.406015038,0.512352309,64.79648001,0.035640352,6978.4736,0.51706066,81.09819776,4.500887409,81.73183608,0.044861032,10817.02645,0.414285714,104.0049347,5.782948376,0
15/08/2025 18:34,17.0s,40f9d273febc4707990919f24160cee0,ETH_base_BTC_blk_LTC_blk,LOCAL,/home/ec2-user/ETH_Price_Predition/.venv/lib/python3.11/site-packages/ipykernel_launcher.py,ec2-user,FINISHED,32,0.1,8,"['ETH_D_AvgPrc', 'BTC_D_AvgPrc', 'LTC_D_AvgPrc']",14,2,0.01,7,04/03/2023,64,0.443609023,0.470461869,63.45877262,0.035135217,6734.677788,0.472588177,81.13647609,4.5567916,76.65571101,0.042257534,9943.071797,0.442622951,99.71495272,5.58288454,0
15/08/2025 23:40,24.6s,4802ce1733954002be31b5a4174e3255,ETH_base_sent_cryptobert,LOCAL,/home/ec2-user/ETH_Price_Predition/.venv/lib/python3.11/site-packages/ipykernel_launcher.py,ec2-user,FINISHED,64,0.1,45,"['ETH_D_AvgPrc', 'D_CRYPTOBERT_AvgScr_Ex', 'D_CRYPTOBERT_Sent_AvgEx']",7,3,0.01,7,04/03/2023,64,0.443609023,0.505907626,63.22745108,0.034657629,6822.194085,0.511073905,81.13706255,4.466817866,76.05879544,0.041768404,10356.30305,0.444444444,101.7659228,5.643848764,0
16/08/2025 00:43,26.9s,8dcba8623774414d9cbdc369bcd51b02,ETH_base_sent_cryptobert,LOCAL,/home/ec2-user/ETH_Price_Predition/.venv/lib/python3.11/site-packages/ipykernel_launcher.py,ec2-user,FINISHED,64,0.05,64,"['ETH_D_AvgPrc', 'D_CRYPTOBERT_AvgScr_Ex', 'D_CRYPTOBERT_Sent_AvgEx']",28,2,0.001,7,04/03/2023,64,0.466165414,0.494092374,62.07405498,0.034168512,6948.970828,0.49911204,81.16653936,4.500608368,77.67356999,0.042616099,10907.38663,0.473684211,104.4384346,5.77356692,0
15/08/2025 22:17,45.2s,fe9e972987fc43c8bf099e3c4bc18727,ETH_base_sent_finbert,LOCAL,/home/ec2-user/ETH_Price_Predition/.venv/lib/python3.11/site-packages/ipykernel_launcher.py,ec2-user,FINISHED,32,0.1,62,"['ETH_D_AvgPrc', 'D_FINBERT_AvgScr_Ex', 'D_FINBERT_Sent_AvgEx']",14,3,0.001,7,04/03/2023,32,0.398496241,0.481203008,61.37084181,0.03384039,7032.966522,0.487107469,81.16712667,4.537365431,85.82148938,0.047200544,12038.5016,0.405797101,109.7201057,6.118285373,0
15/08/2025 17:03,23.3s,90b5c98b2e29484ea5e0145733e94203,ETH_base_LTC_blk,LOCAL,/home/ec2-user/ETH_Price_Predition/.venv/lib/python3.11/site-packages/ipykernel_launcher.py,ec2-user,FINISHED,32,0,15,"['ETH_D_AvgPrc', 'LTC_D_AvgPrc', 'LTC_YF_Vol', 'LTC_OL_MinDif', 'LTC_BIC_HshRt']",14,3,0.01,7,04/03/2023,64,0.421052632,0.509129968,62.74229121,0.034831442,7051.392659,0.514903227,81.20024972,4.644291335,80.68855114,0.044274493,10802.10323,0.426470588,103.9331671,5.848000789,0
15/08/2025 19:00,44.3s,512b0a436abc411c997d29854dfa8e01,ETH_base_BTC_blk_LTC_blk,LOCAL,/home/ec2-user/ETH_Price_Predition/.venv/lib/python3.11/site-packages/ipykernel_launcher.py,ec2-user,FINISHED,32,0,59,"['ETH_D_AvgPrc', 'BTC_D_AvgPrc', 'LTC_D_AvgPrc']",21,3,0.001,7,04/03/2023,32,0.481203008,0.469387755,63.58621862,0.035024888,6841.95659,0.474454277,81.21415843,4.510360469,80.48485112,0.044290712,10227.27427,0.485294118,101.129987,5.624401886,0
15/08/2025 20:19,18.1s,92cbb3de78e841d68c08c7e5fa88d93a,ETH_base_sent_vader,LOCAL,/home/ec2-user/ETH_Price_Predition/.venv/lib/python3.11/site-packages/ipykernel_launcher.py,ec2-user,FINISHED,64,0.1,34,"['ETH_D_AvgPrc', 'D_VADER_AvgScr_Ex', 'D_VADER_Sent_AvgEx']",14,2,0.01,7,04/03/2023,32,0.413533835,0.488721805,61.6070834,0.033839163,7098.182364,0.494362098,81.22896366,4.49567566,85.56931689,0.047043659,12724.70422,0.422535211,112.8038307,6.281754559,0
15/08/2025 18:51,18.9s,37be865ed7d34f90aeca4374ad7cda63,ETH_base_BTC_blk_LTC_blk,LOCAL,/home/ec2-user/ETH_Price_Predition/.venv/lib/python3.11/site-packages/ipykernel_launcher.py,ec2-user,FINISHED,32,0,14,"['ETH_D_AvgPrc', 'BTC_D_AvgPrc', 'LTC_D_AvgPrc']",21,2,0.01,7,04/03/2023,64,0.466165414,0.483351235,62.20513673,0.034262562,7033.84213,0.488197997,81.24344503,4.511191161,81.0359839,0.044604229,11331.73454,0.46875,106.4506202,5.928058804,0
15/08/2025 22:41,23.0s,2b0a15785b6e4ac196558bf59d8c3cf0,ETH_base_sent_finbert,LOCAL,/home/ec2-user/ETH_Price_Predition/.venv/lib/python3.11/site-packages/ipykernel_launcher.py,ec2-user,FINISHED,64,0.05,36,"['ETH_D_AvgPrc', 'D_FINBERT_AvgScr_Ex', 'D_FINBERT_Sent_AvgEx']",21,3,0.01,7,04/03/2023,64,0.398496241,0.491944146,63.07716627,0.034931704,7011.81779,0.497967852,81.24352887,4.58001607,81.44787391,0.044941681,11365.84696,0.405797101,106.6107263,5.976767669,0
15/08/2025 20:28,24.6s,8ccba2f3718f47ee917d9dfd6f71cf55,ETH_base_sent_vader,LOCAL,/home/ec2-user/ETH_Price_Predition/.venv/lib/python3.11/site-packages/ipykernel_launcher.py,ec2-user,FINISHED,64,0.05,43,"['ETH_D_AvgPrc', 'D_VADER_AvgScr_Ex', 'D_VADER_Sent_AvgEx']",14,3,0.01,7,04/03/2023,64,0.413533835,0.514500537,61.59295622,0.033769167,7166.104766,0.518402992,81.25723737,4.4814291,85.46663419,0.046952106,12830.63097,0.417910448,113.2723751,6.284525028,0
15/08/2025 12:27,24.2s,d2203302949e419d80d642cb8cf01447,ETH_base_ETH_blk,LOCAL,/home/ec2-user/ETH_Price_Predition/.venv/lib/python3.11/site-packages/ipykernel_launcher.py,ec2-user,FINISHED,32,0,17,"['ETH_D_AvgPrc', 'ETH_YF_Vol', 'ETH_ES_AvgTransFee', 'ETH_ES_BlkTm', 'ETH_ES_GasUsd', 'ETH_ES_AvgGasPrc']",14,3,0.01,7,04/03/2023,32,0.421052632,0.480128894,63.69874083,0.035036967,7037.631015,0.483860511,81.29401433,4.503579552,83.97219298,0.04569982,11534.35121,0.419354839,107.3980969,5.843238123,0
15/08/2025 13:17,27.5s,d692484efee0492aa85599f8bba92593,ETH_base_ETH_blk,LOCAL,/home/ec2-user/ETH_Price_Predition/.venv/lib/python3.11/site-packages/ipykernel_launcher.py,ec2-user,FINISHED,32,0.1,18,"['ETH_D_AvgPrc', 'ETH_YF_Vol', 'ETH_ES_AvgTransFee', 'ETH_ES_BlkTm', 'ETH_ES_GasUsd', 'ETH_ES_AvgGasPrc']",28,3,0.01,7,04/03/2023,64,0.436090226,0.473684211,62.6980779,0.03456574,7030.856782,0.479897844,81.31451035,4.524831561,80.82553009,0.044172889,11248.8796,0.445945946,106.0607354,5.801697027,0
15/08/2025 18:02,33.3s,9835e821cc144ca59bb95d7d29f0133d,ETH_base_BTC_blk_LTC_blk,LOCAL,/home/ec2-user/ETH_Price_Predition/.venv/lib/python3.11/site-packages/ipykernel_launcher.py,ec2-user,FINISHED,32,0,61,"['ETH_D_AvgPrc', 'BTC_D_AvgPrc', 'LTC_D_AvgPrc']",7,2,0.001,7,04/03/2023,32,0.473684211,0.485499463,61.15955095,0.03366302,7021.798922,0.491590089,81.33468146,4.507503806,76.63238502,0.042112022,10971.70202,0.47826087,104.7458926,5.81956013,0
15/08/2025 12:05,23.3s,b7d91e2473a04b71a8c80a11eed6a78e,ETH_base_ETH_blk,LOCAL,/home/ec2-user/ETH_Price_Predition/.venv/lib/python3.11/site-packages/ipykernel_launcher.py,ec2-user,FINISHED,32,0.1,28,"['ETH_D_AvgPrc', 'ETH_YF_Vol', 'ETH_ES_AvgTransFee', 'ETH_ES_BlkTm', 'ETH_ES_GasUsd', 'ETH_ES_AvgGasPrc']",7,2,0.01,7,04/03/2023,32,0.443609023,0.464017186,62.53915599,0.034557562,6845.195467,0.464453275,81.34904729,4.558264248,77.01919739,0.042042397,10071.20025,0.436363636,100.3553698,5.512342541,0
15/08/2025 23:07,28.3s,3a7ce747720a40c09f4ea900747e0569,ETH_base_sent_finbert,LOCAL,/home/ec2-user/ETH_Price_Predition/.venv/lib/python3.11/site-packages/ipykernel_launcher.py,ec2-user,FINISHED,64,0.05,51,"['ETH_D_AvgPrc', 'D_FINBERT_AvgScr_Ex', 'D_FINBERT_Sent_AvgEx']",28,3,0.01,7,04/03/2023,64,0.473684211,0.516648765,64.9602252,0.035892953,7332.364376,0.521034757,81.35770283,4.570999505,90.83077498,0.049836296,13107.7203,0.47761194,114.4889527,6.381573886,0
15/08/2025 18:42,27.2s,1304ad1acb9747fb8b87b049fa599317,ETH_base_BTC_blk_LTC_blk,LOCAL,/home/ec2-user/ETH_Price_Predition/.venv/lib/python3.11/site-packages/ipykernel_launcher.py,ec2-user,FINISHED,32,0.05,22,"['ETH_D_AvgPrc', 'BTC_D_AvgPrc', 'LTC_D_AvgPrc']",14,3,0.001,7,04/03/2023,64,0.45112782,0.472610097,62.1533586,0.034133794,6948.315758,0.476004144,81.37012002,4.485847286,80.28556858,0.043950462,10846.25615,0.451612903,104.1453607,5.731520559,0
15/08/2025 23:50,25.9s,e0a2fe298e0a4ef1a8b6e0e0422c3e36,ETH_base_sent_cryptobert,LOCAL,/home/ec2-user/ETH_Price_Predition/.venv/lib/python3.11/site-packages/ipykernel_launcher.py,ec2-user,FINISHED,32,0.1,32,"['ETH_D_AvgPrc', 'D_CRYPTOBERT_AvgScr_Ex', 'D_CRYPTOBERT_Sent_AvgEx']",14,2,0.001,7,04/03/2023,32,0.503759398,0.483351235,62.31566124,0.034281353,6955.547017,0.489570744,81.37695722,4.509504783,78.71323641,0.043240547,10943.10015,0.507042254,104.6092737,5.800326515,0
15/08/2025 18:58,21.5s,7519f34f5a224dad93e5808911482c0a,ETH_base_BTC_blk_LTC_blk,LOCAL,/home/ec2-user/ETH_Price_Predition/.venv/lib/python3.11/site-packages/ipykernel_launcher.py,ec2-user,FINISHED,64,0.1,44,"['ETH_D_AvgPrc', 'BTC_D_AvgPrc', 'LTC_D_AvgPrc']",21,2,0.001,7,04/03/2023,32,0.443609023,0.4650913,62.78951479,0.034490775,6952.013527,0.470553698,81.4009091,4.490007861,80.68391338,0.044021179,10909.29347,0.449275362,104.4475632,5.706362121,0
15/08/2025 20:03,48.6s,30d55eb2c90d422bb326fec7bc1fe299,ETH_base_sent_vader,LOCAL,/home/ec2-user/ETH_Price_Predition/.venv/lib/python3.11/site-packages/ipykernel_launcher.py,ec2-user,FINISHED,64,0,142,"['ETH_D_AvgPrc', 'D_VADER_AvgScr_Ex', 'D_VADER_Sent_AvgEx']",7,3,0.001,7,04/03/2023,64,0.473684211,0.518796992,61.99449694,0.03383175,7360.600378,0.521672219,81.40968642,4.440306594,89.80903178,0.048969852,14245.01885,0.478873239,119.3524983,6.500116803,0
15/08/2025 20:52,45.6s,39840c5dea3f4ee08f5655d30af89c5c,ETH_base_sent_vader,LOCAL,/home/ec2-user/ETH_Price_Predition/.venv/lib/python3.11/site-packages/ipykernel_launcher.py,ec2-user,FINISHED,32,0.05,59,"['ETH_D_AvgPrc', 'D_VADER_AvgScr_Ex', 'D_VADER_Sent_AvgEx']",21,3,0.001,7,04/03/2023,64,0.428571429,0.499462943,63.25025299,0.034826675,7090.903925,0.502725684,81.43191965,4.526138204,85.44000955,0.046697007,12447.27054,0.432835821,111.5673364,6.140563134,0
15/08/2025 18:31,16.2s,f05c6d31ebcc4000aa3306fcf85d29d5,ETH_base_BTC_blk_LTC_blk,LOCAL,/home/ec2-user/ETH_Price_Predition/.venv/lib/python3.11/site-packages/ipykernel_launcher.py,ec2-user,FINISHED,64,0.05,23,"['ETH_D_AvgPrc', 'BTC_D_AvgPrc', 'LTC_D_AvgPrc']",14,2,0.01,7,04/03/2023,64,0.443609023,0.47905478,62.16345103,0.034198321,7038.409354,0.482541112,81.43748494,4.517557171,86.44193239,0.047655888,12585.95859,0.442622951,112.1871588,6.26808294,0
16/08/2025 00:58,31.5s,9a7d4ca281824657baf5706d689149a6,ETH_base_sent_cryptobert,LOCAL,/home/ec2-user/ETH_Price_Predition/.venv/lib/python3.11/site-packages/ipykernel_launcher.py,ec2-user,FINISHED,32,0.1,27,"['ETH_D_AvgPrc', 'D_CRYPTOBERT_AvgScr_Ex', 'D_CRYPTOBERT_Sent_AvgEx']",28,3,0.01,7,04/03/2023,32,0.496240602,0.476906552,63.360799,0.034739875,7189.484104,0.481829282,81.43814665,4.484290959,84.18575637,0.045969785,12073.17508,0.5,109.8780009,6.017569543,0
15/08/2025 20:39,15.0s,b632a5be10e64054a799c5e4aec59250,ETH_base_sent_vader,LOCAL,/home/ec2-user/ETH_Price_Predition/.venv/lib/python3.11/site-packages/ipykernel_launcher.py,ec2-user,FINISHED,32,0.05,3,"['ETH_D_AvgPrc', 'D_VADER_AvgScr_Ex', 'D_VADER_Sent_AvgEx']",21,2,0.01,7,04/03/2023,64,0.45112782,0.50698174,63.11488364,0.034696408,6847.949979,0.510373328,81.4443211,4.52532114,77.81659142,0.042315307,10015.77057,0.458333333,100.0788218,5.432136822,0
15/08/2025 19:58,33.1s,25dc7221f9fa42f28b5ce12817e0a63b,ETH_base_sent_vader,LOCAL,/home/ec2-user/ETH_Price_Predition/.venv/lib/python3.11/site-packages/ipykernel_launcher.py,ec2-user,FINISHED,64,0.1,100,"['ETH_D_AvgPrc', 'D_VADER_AvgScr_Ex', 'D_VADER_Sent_AvgEx']",7,2,0.001,7,04/03/2023,32,0.436090226,0.509129968,61.12036592,0.033478746,7191.969508,0.513282178,81.45783466,4.472139596,85.80146663,0.046980393,12974.54279,0.442857143,113.9058505,6.252853206,0
16/08/2025 00:08,14.1s,6e9fa61c5757416d8dd9cfbb98724066,ETH_base_sent_cryptobert,LOCAL,/home/ec2-user/ETH_Price_Predition/.venv/lib/python3.11/site-packages/ipykernel_launcher.py,ec2-user,FINISHED,64,0,15,"['ETH_D_AvgPrc', 'D_CRYPTOBERT_AvgScr_Ex', 'D_CRYPTOBERT_Sent_AvgEx']",21,2,0.01,7,04/03/2023,32,0.458646617,0.486573577,61.82150698,0.033980564,7135.407632,0.492142267,81.46289483,4.512857463,80.9849273,0.044579204,12180.80523,0.462686567,110.3666853,6.149418124,0
15/08/2025 19:05,24.2s,2802d7393c0b4b108dfb27ad420e9e13,ETH_base_BTC_blk_LTC_blk,LOCAL,/home/ec2-user/ETH_Price_Predition/.venv/lib/python3.11/site-packages/ipykernel_launcher.py,ec2-user,FINISHED,32,0.05,15,"['ETH_D_AvgPrc', 'BTC_D_AvgPrc', 'LTC_D_AvgPrc']",21,3,0.01,7,04/03/2023,32,0.428571429,0.468313641,61.60402023,0.033695834,6978.865588,0.47212587,81.48460805,4.470184041,77.2915872,0.042313844,10513.04032,0.430769231,102.5331182,5.638863762,0
15/08/2025 23:21,28.0s,1172d51380e0432daa6035ae7455cfdf,ETH_base_sent_cryptobert,LOCAL,/home/ec2-user/ETH_Price_Predition/.venv/lib/python3.11/site-packages/ipykernel_launcher.py,ec2-user,FINISHED,32,0.05,43,"['ETH_D_AvgPrc', 'D_CRYPTOBERT_AvgScr_Ex', 'D_CRYPTOBERT_Sent_AvgEx']",7,2,0.001,7,04/03/2023,64,0.481203008,0.494092374,61.5793754,0.033804191,7162.471024,0.499332848,81.51750206,4.498193638,82.74355483,0.045433697,12381.98244,0.485294118,111.2743566,6.145690533,0
16/08/2025 00:51,20.7s,d46f7c23fff9428b95b3a59477728316,ETH_base_sent_cryptobert,LOCAL,/home/ec2-user/ETH_Price_Predition/.venv/lib/python3.11/site-packages/ipykernel_launcher.py,ec2-user,FINISHED,64,0,27,"['ETH_D_AvgPrc', 'D_CRYPTOBERT_AvgScr_Ex', 'D_CRYPTOBERT_Sent_AvgEx']",28,3,0.01,7,04/03/2023,64,0.481203008,0.482277121,62.56257769,0.034247791,7310.630126,0.488579494,81.52606197,4.483817451,89.97822077,0.048985791,13856.11282,0.485714286,117.711991,6.413141861,0
16/08/2025 00:57,20.6s,f654a8477ce2401bb8460d8fa4122774,ETH_base_sent_cryptobert,LOCAL,/home/ec2-user/ETH_Price_Predition/.venv/lib/python3.11/site-packages/ipykernel_launcher.py,ec2-user,FINISHED,64,0.05,25,"['ETH_D_AvgPrc', 'D_CRYPTOBERT_AvgScr_Ex', 'D_CRYPTOBERT_Sent_AvgEx']",28,3,0.01,7,04/03/2023,64,0.481203008,0.491944146,62.9399673,0.034777381,7126.745542,0.497373553,81.53501379,4.558955014,87.39982823,0.048288273,13057.2144,0.486486486,114.2681688,6.416453475,0
15/08/2025 18:41,33.5s,b815f739d8914d5db2af04eca5ff17b8,ETH_base_BTC_blk_LTC_blk,LOCAL,/home/ec2-user/ETH_Price_Predition/.venv/lib/python3.11/site-packages/ipykernel_launcher.py,ec2-user,FINISHED,64,0.05,71,"['ETH_D_AvgPrc', 'BTC_D_AvgPrc', 'LTC_D_AvgPrc']",14,3,0.001,7,04/03/2023,32,0.428571429,0.473684211,63.09028647,0.034634719,6949.028055,0.476813753,81.56200537,4.504457313,81.37252395,0.044368193,10709.94098,0.428571429,103.4888447,5.675438558,0
15/08/2025 22:38,24.6s,cbf4460577144ac0ac60f2018f15a3ae,ETH_base_sent_finbert,LOCAL,/home/ec2-user/ETH_Price_Predition/.venv/lib/python3.11/site-packages/ipykernel_launcher.py,ec2-user,FINISHED,64,0.05,37,"['ETH_D_AvgPrc', 'D_FINBERT_AvgScr_Ex', 'D_FINBERT_Sent_AvgEx']",21,3,0.01,7,04/03/2023,32,0.368421053,0.480128894,63.01584528,0.034834857,7183.683536,0.483270595,81.58704912,4.580791827,89.9496889,0.049692338,13504.25499,0.369230769,116.2078095,6.510598086,0
15/08/2025 22:07,26.3s,0efd9dff974446d4a258d4bf92dadc39,ETH_base_sent_finbert,LOCAL,/home/ec2-user/ETH_Price_Predition/.venv/lib/python3.11/site-packages/ipykernel_launcher.py,ec2-user,FINISHED,64,0.1,56,"['ETH_D_AvgPrc', 'D_FINBERT_AvgScr_Ex', 'D_FINBERT_Sent_AvgEx']",14,2,0.001,7,04/03/2023,64,0.398496241,0.491944146,62.76603618,0.034678837,7114.480236,0.497201682,81.59904003,4.580611593,85.99472138,0.04743495,12063.38382,0.405797101,109.8334367,6.16455916,0
15/08/2025 21:40,29.0s,6658578f9bbb41e0aa1a229160c3e365,ETH_base_sent_finbert,LOCAL,/home/ec2-user/ETH_Price_Predition/.venv/lib/python3.11/site-packages/ipykernel_launcher.py,ec2-user,FINISHED,32,0.1,44,"['ETH_D_AvgPrc', 'D_FINBERT_AvgScr_Ex', 'D_FINBERT_Sent_AvgEx']",7,2,0.01,7,04/03/2023,32,0.383458647,0.491944146,61.11361901,0.033455159,7230.84202,0.495663914,81.60097855,4.491300345,84.78086291,0.046230416,12481.14113,0.384615385,111.7190276,6.11118097,0
15/08/2025 23:36,24.7s,a847b9d92ab34e7ab17186014fb18289,ETH_base_sent_cryptobert,LOCAL,/home/ec2-user/ETH_Price_Predition/.venv/lib/python3.11/site-packages/ipykernel_launcher.py,ec2-user,FINISHED,32,0.1,21,"['ETH_D_AvgPrc', 'D_CRYPTOBERT_AvgScr_Ex', 'D_CRYPTOBERT_Sent_AvgEx']",7,3,0.01,7,04/03/2023,32,0.473684211,0.501611171,63.23835572,0.034588634,7082.561201,0.506389133,81.64478353,4.476207718,79.66976791,0.043603396,10781.65567,0.478873239,103.8347517,5.711239139,0
15/08/2025 20:22,27.3s,102a0e4654ff4f8cab030f1b6551e5a5,ETH_base_sent_vader,LOCAL,/home/ec2-user/ETH_Price_Predition/.venv/lib/python3.11/site-packages/ipykernel_launcher.py,ec2-user,FINISHED,32,0,27,"['ETH_D_AvgPrc', 'D_VADER_AvgScr_Ex', 'D_VADER_Sent_AvgEx']",14,3,0.01,7,04/03/2023,32,0.428571429,0.502685285,62.72762632,0.034622099,7284.786574,0.506294279,81.64962581,4.551299138,88.29375968,0.048538064,13482.80328,0.426229508,116.1154739,6.448742506,0
15/08/2025 23:34,30.2s,d71c3eebf84940b6afcac185a8b5cbed,ETH_base_sent_cryptobert,LOCAL,/home/ec2-user/ETH_Price_Predition/.venv/lib/python3.11/site-packages/ipykernel_launcher.py,ec2-user,FINISHED,32,0.05,33,"['ETH_D_AvgPrc', 'D_CRYPTOBERT_AvgScr_Ex', 'D_CRYPTOBERT_Sent_AvgEx']",7,3,0.01,7,04/03/2023,64,0.45112782,0.491944146,62.55035132,0.034185549,7310.526125,0.497031911,81.66265146,4.474681283,88.95806495,0.048366884,13047.9315,0.458333333,114.2275427,6.211232969,0
15/08/2025 23:24,25.0s,a5c51860af2c4937bed2e940e76ce83f,ETH_base_sent_cryptobert,LOCAL,/home/ec2-user/ETH_Price_Predition/.venv/lib/python3.11/site-packages/ipykernel_launcher.py,ec2-user,FINISHED,64,0.1,65,"['ETH_D_AvgPrc', 'D_CRYPTOBERT_AvgScr_Ex', 'D_CRYPTOBERT_Sent_AvgEx']",7,2,0.001,7,04/03/2023,32,0.473684211,0.473684211,62.16441776,0.034207979,7002.134145,0.48085078,81.68005658,4.52619973,78.79096492,0.043235669,10900.75203,0.47826087,104.4066666,5.780428022,0
15/08/2025 16:35,36.5s,902bc12f0b1a46c9a51d33a8356ce0fe,ETH_base_LTC_blk,LOCAL,/home/ec2-user/ETH_Price_Predition/.venv/lib/python3.11/site-packages/ipykernel_launcher.py,ec2-user,FINISHED,32,0.1,63,"['ETH_D_AvgPrc', 'LTC_D_AvgPrc', 'LTC_YF_Vol', 'LTC_OL_MinDif', 'LTC_BIC_HshRt']",7,2,0.01,7,04/03/2023,32,0.473684211,0.487647691,62.43653222,0.034532594,6797.524958,0.492940591,81.68984074,4.599045972,74.24284948,0.040621788,9386.005828,0.478873239,96.88140084,5.378441296,0
16/08/2025 00:58,32.0s,dc7e348c92354c85be94c9f782988aaa,ETH_base_sent_cryptobert,LOCAL,/home/ec2-user/ETH_Price_Predition/.venv/lib/python3.11/site-packages/ipykernel_launcher.py,ec2-user,FINISHED,64,0.05,60,"['ETH_D_AvgPrc', 'D_CRYPTOBERT_AvgScr_Ex', 'D_CRYPTOBERT_Sent_AvgEx']",28,3,0.001,7,04/03/2023,64,0.481203008,0.475832438,62.54993482,0.034530807,7087.422524,0.481854084,81.70552536,4.554891059,77.0884209,0.042476316,10983.56494,0.486111111,104.8025045,5.842824809,0
16/08/2025 00:11,29.1s,1225025ac6d94b4e9d80ce01fbba52ea,ETH_base_sent_cryptobert,LOCAL,/home/ec2-user/ETH_Price_Predition/.venv/lib/python3.11/site-packages/ipykernel_launcher.py,ec2-user,FINISHED,64,0,73,"['ETH_D_AvgPrc', 'D_CRYPTOBERT_AvgScr_Ex', 'D_CRYPTOBERT_Sent_AvgEx']",21,2,0.001,7,04/03/2023,64,0.443609023,0.510204082,61.86513872,0.033797033,7176.348139,0.515024368,81.7245078,4.482134315,85.21092534,0.04642939,13327.05053,0.446153846,115.4428453,6.315424865,0
15/08/2025 13:07,33.4s,17865a7fdf59417b83467bdcd04e5634,ETH_base_ETH_blk,LOCAL,/home/ec2-user/ETH_Price_Predition/.venv/lib/python3.11/site-packages/ipykernel_launcher.py,ec2-user,FINISHED,32,0,31,"['ETH_D_AvgPrc', 'ETH_YF_Vol', 'ETH_ES_AvgTransFee', 'ETH_ES_BlkTm', 'ETH_ES_GasUsd', 'ETH_ES_AvgGasPrc']",28,3,0.01,7,04/03/2023,32,0.383458647,0.484425349,64.11374534,0.03524221,7141.152051,0.49200647,81.73625313,4.528872557,89.16785884,0.048479967,12570.69526,0.394366197,112.1191119,6.080883396,0
15/08/2025 12:03,13.7s,da8c2a5d13a747f3a20c1052e32962d2,ETH_base_ETH_blk,LOCAL,/home/ec2-user/ETH_Price_Predition/.venv/lib/python3.11/site-packages/ipykernel_launcher.py,ec2-user,FINISHED,64,0.05,15,"['ETH_D_AvgPrc', 'ETH_YF_Vol', 'ETH_ES_AvgTransFee', 'ETH_ES_BlkTm', 'ETH_ES_GasUsd', 'ETH_ES_AvgGasPrc']",7,2,0.01,7,04/03/2023,32,0.45112782,0.462943072,61.90303199,0.03411638,6989.100167,0.468548822,81.73878046,4.542150618,75.8149756,0.04168991,10235.19371,0.457142857,101.1691342,5.627524884,0
16/08/2025 00:49,24.6s,1098d54d9e014f168c8a46e7fc84f8d9,ETH_base_sent_cryptobert,LOCAL,/home/ec2-user/ETH_Price_Predition/.venv/lib/python3.11/site-packages/ipykernel_launcher.py,ec2-user,FINISHED,64,0,40,"['ETH_D_AvgPrc', 'D_CRYPTOBERT_AvgScr_Ex', 'D_CRYPTOBERT_Sent_AvgEx']",28,3,0.01,7,04/03/2023,32,0.473684211,0.489795918,62.95861003,0.034413175,7278.266729,0.495354706,81.78719257,4.487878631,85.85097762,0.047039697,13227.31961,0.479452055,115.0100848,6.339288127,0
15/08/2025 20:56,50.4s,a2f4420f151a4970a3ca6f0e0fabae97,ETH_base_sent_vader,LOCAL,/home/ec2-user/ETH_Price_Predition/.venv/lib/python3.11/site-packages/ipykernel_launcher.py,ec2-user,FINISHED,32,0.1,66,"['ETH_D_AvgPrc', 'D_VADER_AvgScr_Ex', 'D_VADER_Sent_AvgEx']",21,3,0.001,7,04/03/2023,64,0.45112782,0.497314715,63.38529219,0.034964195,7179.522829,0.501811154,81.79527475,4.570906261,86.24287013,0.047349453,12522.97198,0.457142857,111.9060856,6.244359093,0
16/08/2025 00:59,48.1s,ecf9c0a41bb54ff2b6eb4e1e2cfd6142,ETH_base_sent_cryptobert,LOCAL,/home/ec2-user/ETH_Price_Predition/.venv/lib/python3.11/site-packages/ipykernel_launcher.py,ec2-user,FINISHED,32,0.1,59,"['ETH_D_AvgPrc', 'D_CRYPTOBERT_AvgScr_Ex', 'D_CRYPTOBERT_Sent_AvgEx']",28,3,0.001,7,04/03/2023,32,0.488721805,0.483351235,63.3757848,0.034799879,7120.851631,0.48852657,81.81156629,4.512572975,80.85315699,0.044315708,11226.80694,0.492753623,105.9566277,5.840715025,0
15/08/2025 19:54,36.9s,27ba14de91c0416a9ae0f7deebda4e4d,ETH_base_sent_vader,LOCAL,/home/ec2-user/ETH_Price_Predition/.venv/lib/python3.11/site-packages/ipykernel_launcher.py,ec2-user,FINISHED,64,0.05,121,"['ETH_D_AvgPrc', 'D_VADER_AvgScr_Ex', 'D_VADER_Sent_AvgEx']",7,2,0.001,7,04/03/2023,32,0.428571429,0.494092374,61.11906897,0.033443181,7368.017528,0.498433005,81.82212741,4.483478588,87.68040088,0.048032501,13717.81452,0.432835821,117.1230742,6.435963851,0
15/08/2025 22:46,23.3s,74e70364a93741e0bf6538afafe376dc,ETH_base_sent_finbert,LOCAL,/home/ec2-user/ETH_Price_Predition/.venv/lib/python3.11/site-packages/ipykernel_launcher.py,ec2-user,FINISHED,64,0.1,37,"['ETH_D_AvgPrc', 'D_FINBERT_AvgScr_Ex', 'D_FINBERT_Sent_AvgEx']",21,3,0.01,7,04/03/2023,64,0.390977444,0.498388829,61.98586659,0.034183682,7209.187415,0.503660957,81.85219828,4.57983591,86.7964411,0.047837649,12473.44585,0.393939394,111.684582,6.24053485,0
15/08/2025 17:57,26.2s,2e796ba951ff407295f932688589910a,ETH_base_LTC_blk,LOCAL,/home/ec2-user/ETH_Price_Predition/.venv/lib/python3.11/site-packages/ipykernel_launcher.py,ec2-user,FINISHED,64,0.1,42,"['ETH_D_AvgPrc', 'LTC_D_AvgPrc', 'LTC_YF_Vol', 'LTC_OL_MinDif', 'LTC_BIC_HshRt']",28,3,0.01,7,04/03/2023,32,0.413533835,0.487647691,62.17980865,0.034411098,7037.997354,0.492376932,81.86360002,4.651945544,79.84973213,0.043771328,10675.70834,0.420289855,103.3233194,5.8122107,0
15/08/2025 22:13,17.8s,79d7a15b2123463ea0e30dc95471716f,ETH_base_sent_finbert,LOCAL,/home/ec2-user/ETH_Price_Predition/.venv/lib/python3.11/site-packages/ipykernel_launcher.py,ec2-user,FINISHED,64,0.05,19,"['ETH_D_AvgPrc', 'D_FINBERT_AvgScr_Ex', 'D_FINBERT_Sent_AvgEx']",14,3,0.01,7,04/03/2023,32,0.398496241,0.496240602,63.99771521,0.035513382,7049.189299,0.500373122,81.88362531,4.636629031,89.06931643,0.049240072,12712.27829,0.402985075,112.7487396,6.3577095,0
15/08/2025 19:55,25.0s,6688c458ab654887a4bff4e126d2fda3,ETH_base_sent_vader,LOCAL,/home/ec2-user/ETH_Price_Predition/.venv/lib/python3.11/site-packages/ipykernel_launcher.py,ec2-user,FINISHED,32,0.05,35,"['ETH_D_AvgPrc', 'D_VADER_AvgScr_Ex', 'D_VADER_Sent_AvgEx']",7,2,0.01,7,04/03/2023,64,0.398496241,0.501611171,62.76844986,0.034107359,7443.74314,0.505625766,81.89907978,4.431464585,89.52406873,0.048516671,13510.4433,0.4,116.2344325,6.258982472,0
15/08/2025 12:23,28.3s,9d9375e20ebc4a118c81124b28dbd9f7,ETH_base_ETH_blk,LOCAL,/home/ec2-user/ETH_Price_Predition/.venv/lib/python3.11/site-packages/ipykernel_launcher.py,ec2-user,FINISHED,32,0.05,28,"['ETH_D_AvgPrc', 'ETH_YF_Vol', 'ETH_ES_AvgTransFee', 'ETH_ES_BlkTm', 'ETH_ES_GasUsd', 'ETH_ES_AvgGasPrc']",14,2,0.01,7,04/03/2023,64,0.406015038,0.497314715,63.30957267,0.034641971,7184.647449,0.501771313,81.94586339,4.493581437,88.77073842,0.048655006,12137.43055,0.4,110.1700075,6.094632506,0
15/08/2025 21:49,27.3s,54060ae47d9b40f39271f393ec279d3b,ETH_base_sent_finbert,LOCAL,/home/ec2-user/ETH_Price_Predition/.venv/lib/python3.11/site-packages/ipykernel_launcher.py,ec2-user,FINISHED,32,0.05,27,"['ETH_D_AvgPrc', 'D_FINBERT_AvgScr_Ex', 'D_FINBERT_Sent_AvgEx']",7,3,0.01,7,04/03/2023,32,0.428571429,0.490870032,62.42682816,0.034358625,7195.908628,0.496017418,81.99420846,4.554507593,81.20393429,0.044445726,11638.3029,0.432835821,107.8809663,5.94618282,0
15/08/2025 23:53,28.6s,db674efb4cd24a54b63904708f6dda31,ETH_base_sent_cryptobert,LOCAL,/home/ec2-user/ETH_Price_Predition/.venv/lib/python3.11/site-packages/ipykernel_launcher.py,ec2-user,FINISHED,32,0,29,"['ETH_D_AvgPrc', 'D_CRYPTOBERT_AvgScr_Ex', 'D_CRYPTOBERT_Sent_AvgEx']",14,3,0.01,7,04/03/2023,32,0.488721805,0.496240602,63.80203395,0.035156781,7591.685698,0.501465168,82.00929957,4.55343008,93.87313154,0.051784544,14872.86138,0.492537313,121.9543414,6.791946041,0
15/08/2025 20:32,26.0s,9501147d1fab4886ab695595024006b4,ETH_base_sent_vader,LOCAL,/home/ec2-user/ETH_Price_Predition/.venv/lib/python3.11/site-packages/ipykernel_launcher.py,ec2-user,FINISHED,64,0.1,44,"['ETH_D_AvgPrc', 'D_VADER_AvgScr_Ex', 'D_VADER_Sent_AvgEx']",14,3,0.01,7,04/03/2023,64,0.421052632,0.503759398,62.42384084,0.034393012,7216.635412,0.508052429,82.02188032,4.567022083,87.35239152,0.048065275,13097.16108,0.430555556,114.4428289,6.380120878,0
15/08/2025 20:52,25.8s,fb45ad951c9c4826b177f5b90ef7e46a,ETH_base_sent_vader,LOCAL,/home/ec2-user/ETH_Price_Predition/.venv/lib/python3.11/site-packages/ipykernel_launcher.py,ec2-user,FINISHED,64,0.05,42,"['ETH_D_AvgPrc', 'D_VADER_AvgScr_Ex', 'D_VADER_Sent_AvgEx']",21,3,0.01,7,04/03/2023,64,0.406015038,0.49301826,63.73538093,0.035135056,7245.640217,0.4979156,82.03299748,4.568205395,86.26647697,0.047279405,12549.28753,0.414285714,112.0236025,6.191259623,0
15/08/2025 22:03,22.9s,f7aa8eed3cb94b7ea54e28df895dd050,ETH_base_sent_finbert,LOCAL,/home/ec2-user/ETH_Price_Predition/.venv/lib/python3.11/site-packages/ipykernel_launcher.py,ec2-user,FINISHED,64,0.05,53,"['ETH_D_AvgPrc', 'D_FINBERT_AvgScr_Ex', 'D_FINBERT_Sent_AvgEx']",14,2,0.001,7,04/03/2023,64,0.413533835,0.503759398,61.92485851,0.034113511,7217.451803,0.508605995,82.04944855,4.574114328,83.82525887,0.046048929,12010.70629,0.417910448,109.5933679,6.084854104,0
16/08/2025 00:17,22.3s,e4ee2bd9efa6406f8272d693bfa00700,ETH_base_sent_cryptobert,LOCAL,/home/ec2-user/ETH_Price_Predition/.venv/lib/python3.11/site-packages/ipykernel_launcher.py,ec2-user,FINISHED,32,0.1,18,"['ETH_D_AvgPrc', 'D_CRYPTOBERT_AvgScr_Ex', 'D_CRYPTOBERT_Sent_AvgEx']",21,2,0.01,7,04/03/2023,64,0.458646617,0.481203008,62.38158904,0.034294172,7111.66721,0.487344663,82.05406312,4.547352976,80.26978067,0.044249455,11495.92862,0.466666667,107.2190684,5.999852751,0
15/08/2025 20:43,16.6s,f8c3e94fbadb452689d8066a7a5c7b8f,ETH_base_sent_vader,LOCAL,/home/ec2-user/ETH_Price_Predition/.venv/lib/python3.11/site-packages/ipykernel_launcher.py,ec2-user,FINISHED,32,0.1,6,"['ETH_D_AvgPrc', 'D_VADER_AvgScr_Ex', 'D_VADER_Sent_AvgEx']",21,2,0.01,7,04/03/2023,64,0.406015038,0.508055854,62.86192176,0.034761314,6966.980608,0.511996665,82.0796882,4.612462849,73.96137507,0.040571299,9746.603921,0.414285714,98.72489008,5.47122749,0
15/08/2025 20:26,25.0s,fb7fdb6b980241c0b50e500801d33d98,ETH_base_sent_vader,LOCAL,/home/ec2-user/ETH_Price_Predition/.venv/lib/python3.11/site-packages/ipykernel_launcher.py,ec2-user,FINISHED,64,0.05,45,"['ETH_D_AvgPrc', 'D_VADER_AvgScr_Ex', 'D_VADER_Sent_AvgEx']",14,3,0.01,7,04/03/2023,32,0.390977444,0.490870032,62.63721372,0.034374893,7320.882326,0.495619497,82.09544971,4.535135865,87.21881585,0.048053379,13270.00232,0.397058824,115.1954961,6.44143386,0
15/08/2025 23:17,39.7s,6ed7c9fcf2ce490a9685bc65c46d4c27,ETH_base_sent_cryptobert,LOCAL,/home/ec2-user/ETH_Price_Predition/.venv/lib/python3.11/site-packages/ipykernel_launcher.py,ec2-user,FINISHED,32,0,79,"['ETH_D_AvgPrc', 'D_CRYPTOBERT_AvgScr_Ex', 'D_CRYPTOBERT_Sent_AvgEx']",7,2,0.001,7,04/03/2023,64,0.458646617,0.504833512,63.93967629,0.035210041,7377.205681,0.508977398,82.10147965,4.54915364,85.25850706,0.046711661,13138.6835,0.464788732,114.6240965,6.31210759,0
16/08/2025 00:49,41.8s,5e9712283d8d47d4a3bebcd9f49d4610,ETH_base_sent_cryptobert,LOCAL,/home/ec2-user/ETH_Price_Predition/.venv/lib/python3.11/site-packages/ipykernel_launcher.py,ec2-user,FINISHED,32,0,48,"['ETH_D_AvgPrc', 'D_CRYPTOBERT_AvgScr_Ex', 'D_CRYPTOBERT_Sent_AvgEx']",28,3,0.001,7,04/03/2023,32,0.458646617,0.488721805,62.33905914,0.03414522,7283.036369,0.494353058,82.10313619,4.516829887,81.78364942,0.044736519,12012.22524,0.466666667,109.6002977,6.02340687,0
15/08/2025 20:46,23.4s,e380876c21124e11b70fe9c80094b4bd,ETH_base_sent_vader,LOCAL,/home/ec2-user/ETH_Price_Predition/.venv/lib/python3.11/site-packages/ipykernel_launcher.py,ec2-user,FINISHED,64,0,41,"['ETH_D_AvgPrc', 'D_VADER_AvgScr_Ex', 'D_VADER_Sent_AvgEx']",21,3,0.01,7,04/03/2023,32,0.398496241,0.496240602,63.26875549,0.034800811,7293.120176,0.500633154,82.14911787,4.549423645,85.94380567,0.047059517,12567.85654,0.402985075,112.1064518,6.195007874,0
15/08/2025 12:32,26.0s,f613501314644abd9536ba484c1f213c,ETH_base_ETH_blk,LOCAL,/home/ec2-user/ETH_Price_Predition/.venv/lib/python3.11/site-packages/ipykernel_launcher.py,ec2-user,FINISHED,32,0.05,19,"['ETH_D_AvgPrc', 'ETH_YF_Vol', 'ETH_ES_AvgTransFee', 'ETH_ES_BlkTm', 'ETH_ES_GasUsd', 'ETH_ES_AvgGasPrc']",14,3,0.01,7,04/03/2023,64,0.413533835,0.467239527,63.38324289,0.034776157,7206.148619,0.471751917,82.1707216,4.522495639,85.72117374,0.046980879,12151.07021,0.417910448,110.2318929,6.077606104,0
15/08/2025 22:06,20.5s,d7c9f4c7b01444a2a5ae7bd979e69488,ETH_base_sent_finbert,LOCAL,/home/ec2-user/ETH_Price_Predition/.venv/lib/python3.11/site-packages/ipykernel_launcher.py,ec2-user,FINISHED,32,0.1,19,"['ETH_D_AvgPrc', 'D_FINBERT_AvgScr_Ex', 'D_FINBERT_Sent_AvgEx']",14,2,0.01,7,04/03/2023,64,0.383458647,0.495166488,63.65149535,0.034945786,7190.318791,0.500306939,82.17790322,4.556635927,83.25350218,0.045782275,11477.08966,0.391304348,107.1311797,5.980768085,0
15/08/2025 21:14,22.2s,19c2710e3d0845c9af7f3767c521d5ea,ETH_base_sent_vader,LOCAL,/home/ec2-user/ETH_Price_Predition/.venv/lib/python3.11/site-packages/ipykernel_launcher.py,ec2-user,FINISHED,32,0.05,10,"['ETH_D_AvgPrc', 'D_VADER_AvgScr_Ex', 'D_VADER_Sent_AvgEx']",28,3,0.01,7,04/03/2023,32,0.45112782,0.501611171,63.48359275,0.034797344,7085.578054,0.506310049,82.20262683,4.516755734,81.92736289,0.044754661,11376.50765,0.455882353,106.6607128,5.8516133,0
15/08/2025 17:19,29.7s,6d68476eda7d4a7bac874bcae5309509,ETH_base_LTC_blk,LOCAL,/home/ec2-user/ETH_Price_Predition/.venv/lib/python3.11/site-packages/ipykernel_launcher.py,ec2-user,FINISHED,32,0.1,36,"['ETH_D_AvgPrc', 'LTC_D_AvgPrc', 'LTC_YF_Vol', 'LTC_OL_MinDif', 'LTC_BIC_HshRt']",21,2,0.01,7,04/03/2023,32,0.383458647,0.489795918,63.10331547,0.034961723,6941.008876,0.494362843,82.24365116,4.691696452,85.15927262,0.045989444,11208.66957,0.380952381,105.8710044,5.732281709,0
15/08/2025 23:14,20.1s,a07ee5250f074ed78c5671ff9dd32e15,ETH_base_sent_cryptobert,LOCAL,/home/ec2-user/ETH_Price_Predition/.venv/lib/python3.11/site-packages/ipykernel_launcher.py,ec2-user,FINISHED,32,0,20,"['ETH_D_AvgPrc', 'D_CRYPTOBERT_AvgScr_Ex', 'D_CRYPTOBERT_Sent_AvgEx']",7,2,0.01,7,04/03/2023,32,0.45112782,0.472610097,63.63769872,0.035039162,7145.275246,0.478327666,82.2510355,4.561586152,80.03777457,0.043837245,11406.3146,0.455882353,106.8003493,5.886524597,0
15/08/2025 12:26,33.6s,977b678dd0d3443aae64c19821b37c00,ETH_base_ETH_blk,LOCAL,/home/ec2-user/ETH_Price_Predition/.venv/lib/python3.11/site-packages/ipykernel_launcher.py,ec2-user,FINISHED,32,0.1,49,"['ETH_D_AvgPrc', 'ETH_YF_Vol', 'ETH_ES_AvgTransFee', 'ETH_ES_BlkTm', 'ETH_ES_GasUsd', 'ETH_ES_AvgGasPrc']",14,2,0.001,7,04/03/2023,64,0.398496241,0.464017186,63.75567666,0.035046283,7197.787779,0.467051203,82.25270834,4.549487484,82.69047673,0.045530478,11878.25899,0.396825397,108.9874258,6.068349097,0
15/08/2025 13:04,32.4s,532de004985f4f5fa1b175650cf363fb,ETH_base_ETH_blk,LOCAL,/home/ec2-user/ETH_Price_Predition/.venv/lib/python3.11/site-packages/ipykernel_launcher.py,ec2-user,FINISHED,32,0.1,40,"['ETH_D_AvgPrc', 'ETH_YF_Vol', 'ETH_ES_AvgTransFee', 'ETH_ES_BlkTm', 'ETH_ES_GasUsd', 'ETH_ES_AvgGasPrc']",28,2,0.01,7,04/03/2023,32,0.413533835,0.467239527,63.79732736,0.035296751,7199.404824,0.472465827,82.27001599,4.618944788,83.79801379,0.046021943,12067.7545,0.417910448,109.8533318,6.097630901,0
16/08/2025 00:28,22.5s,62fb83e7e71d4edf9198a4ceeba3bd42,ETH_base_sent_cryptobert,LOCAL,/home/ec2-user/ETH_Price_Predition/.venv/lib/python3.11/site-packages/ipykernel_launcher.py,ec2-user,FINISHED,64,0.05,27,"['ETH_D_AvgPrc', 'D_CRYPTOBERT_AvgScr_Ex', 'D_CRYPTOBERT_Sent_AvgEx']",21,3,0.01,7,04/03/2023,64,0.533834586,0.494092374,61.72681018,0.033953841,7219.977752,0.499840343,82.3087089,4.562089744,79.05350099,0.043479023,11480.42116,0.536231884,107.1467273,5.963267622,0
16/08/2025 00:44,45.3s,87135ad4455e47bd9460b17aa5d39fcd,ETH_base_sent_cryptobert,LOCAL,/home/ec2-user/ETH_Price_Predition/.venv/lib/python3.11/site-packages/ipykernel_launcher.py,ec2-user,FINISHED,32,0.1,73,"['ETH_D_AvgPrc', 'D_CRYPTOBERT_AvgScr_Ex', 'D_CRYPTOBERT_Sent_AvgEx']",28,2,0.001,7,04/03/2023,32,0.473684211,0.47905478,63.67755619,0.035015964,7181.142575,0.485932935,82.32211268,4.553202108,80.91747932,0.044369519,11434.30244,0.48,106.9312977,5.89776604,0
16/08/2025 01:02,19.7s,7b203a5a40134cbe84a5626309def2f5,ETH_base_sent_cryptobert,LOCAL,/home/ec2-user/ETH_Price_Predition/.venv/lib/python3.11/site-packages/ipykernel_launcher.py,ec2-user,FINISHED,64,0.1,19,"['ETH_D_AvgPrc', 'D_CRYPTOBERT_AvgScr_Ex', 'D_CRYPTOBERT_Sent_AvgEx']",28,3,0.01,7,04/03/2023,64,0.45112782,0.484425349,64.13155974,0.035172707,7105.539657,0.490181925,82.33907406,4.532902383,81.1661728,0.044304752,10779.3666,0.457142857,103.8237285,5.688237208,0
15/08/2025 12:35,28.9s,c647ffc25f814489ac177d41afd2bd78,ETH_base_ETH_blk,LOCAL,/home/ec2-user/ETH_Price_Predition/.venv/lib/python3.11/site-packages/ipykernel_launcher.py,ec2-user,FINISHED,32,0.1,24,"['ETH_D_AvgPrc', 'ETH_YF_Vol', 'ETH_ES_AvgTransFee', 'ETH_ES_BlkTm', 'ETH_ES_GasUsd', 'ETH_ES_AvgGasPrc']",14,3,0.01,7,04/03/2023,64,0.466165414,0.491944146,62.67618135,0.034420689,6987.463443,0.497665184,82.33973384,4.562242528,75.47548016,0.041466072,10123.91894,0.46875,100.617687,5.606962656,0
15/08/2025 22:43,26.8s,8c926dd1d1854fd194a5f067003f89f8,ETH_base_sent_finbert,LOCAL,/home/ec2-user/ETH_Price_Predition/.venv/lib/python3.11/site-packages/ipykernel_launcher.py,ec2-user,FINISHED,64,0.1,49,"['ETH_D_AvgPrc', 'D_FINBERT_AvgScr_Ex', 'D_FINBERT_Sent_AvgEx']",21,3,0.01,7,04/03/2023,32,0.421052632,0.491944146,65.19520334,0.036211364,7301.612668,0.495851285,82.36700235,4.661138917,90.48491399,0.050149602,13176.1996,0.421875,114.7876283,6.48554865,0
15/08/2025 18:38,22.5s,23de9b21712c4f04b21dfe3e19eb4240,ETH_base_BTC_blk_LTC_blk,LOCAL,/home/ec2-user/ETH_Price_Predition/.venv/lib/python3.11/site-packages/ipykernel_launcher.py,ec2-user,FINISHED,32,0,13,"['ETH_D_AvgPrc', 'BTC_D_AvgPrc', 'LTC_D_AvgPrc']",14,3,0.01,7,04/03/2023,64,0.413533835,0.467239527,62.95442549,0.034753424,7301.06669,0.470215483,82.37295475,4.595380626,85.02398337,0.046497261,12866.75475,0.412698413,113.4317185,6.231826964,0
15/08/2025 12:34,16.1s,34c33a5c631f46d0bd7c7335772b19ed,ETH_base_ETH_blk,LOCAL,/home/ec2-user/ETH_Price_Predition/.venv/lib/python3.11/site-packages/ipykernel_launcher.py,ec2-user,FINISHED,64,0.1,11,"['ETH_D_AvgPrc', 'ETH_YF_Vol', 'ETH_ES_AvgTransFee', 'ETH_ES_BlkTm', 'ETH_ES_GasUsd', 'ETH_ES_AvgGasPrc']",14,3,0.01,7,04/03/2023,32,0.443609023,0.485499463,62.49310519,0.034683084,7077.898417,0.491013231,82.37477112,4.659697051,79.36555676,0.043938754,10890.85146,0.450704225,104.3592423,5.918895605,0
15/08/2025 13:12,25.5s,ed27532ac16142f69d14d5d55f5f2501,ETH_base_ETH_blk,LOCAL,/home/ec2-user/ETH_Price_Predition/.venv/lib/python3.11/site-packages/ipykernel_launcher.py,ec2-user,FINISHED,64,0.05,38,"['ETH_D_AvgPrc', 'ETH_YF_Vol', 'ETH_ES_AvgTransFee', 'ETH_ES_BlkTm', 'ETH_ES_GasUsd', 'ETH_ES_AvgGasPrc']",28,3,0.01,7,04/03/2023,32,0.398496241,0.453276047,61.87675402,0.034389491,7180.790376,0.458665828,82.38129004,4.686990339,84.60063573,0.046811904,12972.33359,0.402985075,113.8961526,6.45883757,0
15/08/2025 12:22,17.5s,65dec9aca6904ba58f68b39924a42876,ETH_base_ETH_blk,LOCAL,/home/ec2-user/ETH_Price_Predition/.venv/lib/python3.11/site-packages/ipykernel_launcher.py,ec2-user,FINISHED,32,0.05,10,"['ETH_D_AvgPrc', 'ETH_YF_Vol', 'ETH_ES_AvgTransFee', 'ETH_ES_BlkTm', 'ETH_ES_GasUsd', 'ETH_ES_AvgGasPrc']",14,2,0.01,7,04/03/2023,32,0.443609023,0.486573577,64.50877103,0.035403591,7231.641719,0.491400209,82.46199693,4.548322933,81.49857118,0.044898015,11214.5852,0.444444444,105.8989386,5.918223724,0
15/08/2025 20:39,41.8s,db9594e7e8784ebc92f9289006f33d3c,ETH_base_sent_vader,LOCAL,/home/ec2-user/ETH_Price_Predition/.venv/lib/python3.11/site-packages/ipykernel_launcher.py,ec2-user,FINISHED,32,0.05,68,"['ETH_D_AvgPrc', 'D_VADER_AvgScr_Ex', 'D_VADER_Sent_AvgEx']",21,2,0.001,7,04/03/2023,64,0.421052632,0.49301826,63.50175638,0.034918371,7331.039239,0.497756345,82.46723958,4.564175688,86.98011929,0.047436556,13115.19603,0.428571429,114.5215964,6.254359398,0
16/08/2025 00:36,18.9s,711fa3fc89984e7b820ec4585949fe7a,ETH_base_sent_cryptobert,LOCAL,/home/ec2-user/ETH_Price_Predition/.venv/lib/python3.11/site-packages/ipykernel_launcher.py,ec2-user,FINISHED,64,0,35,"['ETH_D_AvgPrc', 'D_CRYPTOBERT_AvgScr_Ex', 'D_CRYPTOBERT_Sent_AvgEx']",28,2,0.01,7,04/03/2023,32,0.458646617,0.495166488,63.6446071,0.034889781,7288.661457,0.499409404,82.47249664,4.544350784,83.31992633,0.045774406,12269.84457,0.464788732,110.7693304,6.140341403,0
15/08/2025 12:08,22.6s,66f981d5535241da8a89c947b659bb77,ETH_base_ETH_blk,LOCAL,/home/ec2-user/ETH_Price_Predition/.venv/lib/python3.11/site-packages/ipykernel_launcher.py,ec2-user,FINISHED,64,0.1,52,"['ETH_D_AvgPrc', 'ETH_YF_Vol', 'ETH_ES_AvgTransFee', 'ETH_ES_BlkTm', 'ETH_ES_GasUsd', 'ETH_ES_AvgGasPrc']",7,2,0.001,7,04/03/2023,64,0.421052632,0.455424275,62.01916006,0.03406602,7197.801307,0.458763712,82.48032587,4.548310623,77.61044495,0.04260712,11015.76406,0.424242424,104.9560101,5.810024456,0
15/08/2025 19:54,17.6s,55fab17cb09542178901856bc51588cf,ETH_base_sent_vader,LOCAL,/home/ec2-user/ETH_Price_Predition/.venv/lib/python3.11/site-packages/ipykernel_launcher.py,ec2-user,FINISHED,64,0.05,35,"['ETH_D_AvgPrc', 'D_VADER_AvgScr_Ex', 'D_VADER_Sent_AvgEx']",7,2,0.01,7,04/03/2023,32,0.413533835,0.499462943,64.18804033,0.034967183,7214.94657,0.504229518,82.49857054,4.485335943,84.04394646,0.045880992,12306.92661,0.417910448,110.9365882,6.054142002,0
15/08/2025 16:49,25.1s,c78ab5049ab34da4ba422e4c2a975d39,ETH_base_LTC_blk,LOCAL,/home/ec2-user/ETH_Price_Predition/.venv/lib/python3.11/site-packages/ipykernel_launcher.py,ec2-user,FINISHED,64,0.1,46,"['ETH_D_AvgPrc', 'LTC_D_AvgPrc', 'LTC_YF_Vol', 'LTC_OL_MinDif', 'LTC_BIC_HshRt']",7,3,0.01,7,04/03/2023,32,0.443609023,0.505907626,63.64769413,0.034770234,7214.297926,0.510501286,82.53243377,4.510637091,85.39104192,0.046384666,11677.76101,0.449275362,108.0636896,5.890883098,0
15/08/2025 22:12,38.6s,73c89cdc523145988bc87200c545a04c,ETH_base_sent_finbert,LOCAL,/home/ec2-user/ETH_Price_Predition/.venv/lib/python3.11/site-packages/ipykernel_launcher.py,ec2-user,FINISHED,32,0.05,48,"['ETH_D_AvgPrc', 'D_FINBERT_AvgScr_Ex', 'D_FINBERT_Sent_AvgEx']",14,3,0.001,7,04/03/2023,32,0.413533835,0.491944146,62.84314312,0.034708399,7262.575928,0.497076015,82.53579418,4.624529261,85.78991584,0.047311399,12194.5302,0.420289855,110.4288468,6.187429825,0
15/08/2025 20:41,20.1s,550b8a735789444381d9c631836de00e,ETH_base_sent_vader,LOCAL,/home/ec2-user/ETH_Price_Predition/.venv/lib/python3.11/site-packages/ipykernel_launcher.py,ec2-user,FINISHED,64,0.1,38,"['ETH_D_AvgPrc', 'D_VADER_AvgScr_Ex', 'D_VADER_Sent_AvgEx']",21,2,0.01,7,04/03/2023,32,0.421052632,0.514500537,63.85783149,0.035089225,7271.791612,0.518240234,82.53850957,4.569028605,86.41945447,0.047267198,12746.92877,0.426470588,112.9022974,6.210086647,0
15/08/2025 18:43,16.2s,fc275ae42228447b98ee4a2d8017a632,ETH_base_BTC_blk_LTC_blk,LOCAL,/home/ec2-user/ETH_Price_Predition/.venv/lib/python3.11/site-packages/ipykernel_launcher.py,ec2-user,FINISHED,64,0.05,12,"['ETH_D_AvgPrc', 'BTC_D_AvgPrc', 'LTC_D_AvgPrc']",14,3,0.01,7,04/03/2023,64,0.436090226,0.485499463,64.25991012,0.035511059,7069.628648,0.489708652,82.54134137,4.607881417,76.96654379,0.042359334,10162.60513,0.439393939,100.8097472,5.611719463,0
15/08/2025 23:23,35.7s,90b88b547c5942019ffba8f1fa8c7e7b,ETH_base_sent_cryptobert,LOCAL,/home/ec2-user/ETH_Price_Predition/.venv/lib/python3.11/site-packages/ipykernel_launcher.py,ec2-user,FINISHED,32,0.1,63,"['ETH_D_AvgPrc', 'D_CRYPTOBERT_AvgScr_Ex', 'D_CRYPTOBERT_Sent_AvgEx']",7,2,0.001,7,04/03/2023,32,0.503759398,0.477980666,62.93655064,0.034511423,7232.092322,0.484428468,82.54284132,4.544170046,82.00681322,0.045076293,11756.63552,0.506849315,108.42802,6.005456483,0
15/08/2025 12:25,21.9s,b14a0f04577d4d499b62034a869b8de2,ETH_base_ETH_blk,LOCAL,/home/ec2-user/ETH_Price_Predition/.venv/lib/python3.11/site-packages/ipykernel_launcher.py,ec2-user,FINISHED,32,0.1,20,"['ETH_D_AvgPrc', 'ETH_YF_Vol', 'ETH_ES_AvgTransFee', 'ETH_ES_BlkTm', 'ETH_ES_GasUsd', 'ETH_ES_AvgGasPrc']",14,2,0.01,7,04/03/2023,64,0.45112782,0.484425349,64.09246721,0.035330895,7295.819682,0.489026215,82.54695365,4.595917239,91.11579906,0.050315694,13950.99905,0.453125,118.1143473,6.63207638,0
15/08/2025 23:31,32.2s,30d8275555bf488e9118e50a2f272d84,ETH_base_sent_cryptobert,LOCAL,/home/ec2-user/ETH_Price_Predition/.venv/lib/python3.11/site-packages/ipykernel_launcher.py,ec2-user,FINISHED,32,0.05,35,"['ETH_D_AvgPrc', 'D_CRYPTOBERT_AvgScr_Ex', 'D_CRYPTOBERT_Sent_AvgEx']",7,3,0.01,7,04/03/2023,32,0.481203008,0.495166488,62.34160793,0.034100942,7443.30646,0.500109835,82.56142551,4.531669908,86.54037659,0.047278612,13063.6751,0.486111111,114.2964352,6.262448792,0
15/08/2025 21:42,43.8s,2113982e77e84c24a24f213eb1892e2d,ETH_base_sent_finbert,LOCAL,/home/ec2-user/ETH_Price_Predition/.venv/lib/python3.11/site-packages/ipykernel_launcher.py,ec2-user,FINISHED,32,0.1,87,"['ETH_D_AvgPrc', 'D_FINBERT_AvgScr_Ex', 'D_FINBERT_Sent_AvgEx']",7,2,0.001,7,04/03/2023,64,0.473684211,0.517722879,64.48477019,0.035289345,7110.184776,0.522845891,82.56239093,4.53382589,81.11732816,0.044410953,10994.43188,0.47826087,104.8543365,5.788373237,0
15/08/2025 18:25,46.3s,2bb41f749bde4982b9a42e6e14023cae,ETH_base_BTC_blk_LTC_blk,LOCAL,/home/ec2-user/ETH_Price_Predition/.venv/lib/python3.11/site-packages/ipykernel_launcher.py,ec2-user,FINISHED,32,0,86,"['ETH_D_AvgPrc', 'BTC_D_AvgPrc', 'LTC_D_AvgPrc']",14,2,0.001,7,04/03/2023,32,0.436090226,0.484425349,64.01613675,0.035276503,7057.262352,0.488318878,82.58413859,4.586565228,80.71142555,0.044262818,10911.79395,0.433333333,104.4595326,5.767496184,0
15/08/2025 21:09,25.5s,96fbfbf8ca204572b65e279c5c093e5b,ETH_base_sent_vader,LOCAL,/home/ec2-user/ETH_Price_Predition/.venv/lib/python3.11/site-packages/ipykernel_launcher.py,ec2-user,FINISHED,64,0.1,59,"['ETH_D_AvgPrc', 'D_VADER_AvgScr_Ex', 'D_VADER_Sent_AvgEx']",28,2,0.01,7,04/03/2023,64,0.45112782,0.517722879,62.25128908,0.034019526,7433.328998,0.519623229,82.59219201,4.510228915,86.74673691,0.04712035,13029.16317,0.457142857,114.1453598,6.186222624,0
15/08/2025 20:12,18.0s,e5bd272a06034aac97d36a595b1b7310,ETH_base_sent_vader,LOCAL,/home/ec2-user/ETH_Price_Predition/.venv/lib/python3.11/site-packages/ipykernel_launcher.py,ec2-user,FINISHED,32,0,12,"['ETH_D_AvgPrc', 'D_VADER_AvgScr_Ex', 'D_VADER_Sent_AvgEx']",14,2,0.01,7,04/03/2023,32,0.436090226,0.518796992,63.33697444,0.034923642,7310.661017,0.521686101,82.60691528,4.601746553,86.20410271,0.04749093,12799.03517,0.442857143,113.1328209,6.327257383,0
15/08/2025 18:27,22.5s,a6e15511ac6144ae871f236ee463c071,ETH_base_BTC_blk_LTC_blk,LOCAL,/home/ec2-user/ETH_Price_Predition/.venv/lib/python3.11/site-packages/ipykernel_launcher.py,ec2-user,FINISHED,64,0,52,"['ETH_D_AvgPrc', 'BTC_D_AvgPrc', 'LTC_D_AvgPrc']",14,2,0.001,7,04/03/2023,64,0.443609023,0.488721805,62.99817262,0.034650184,7216.505572,0.4924338,82.61587341,4.571957967,80.93966354,0.044386214,10813.9641,0.442622951,103.9902116,5.749620694,0
15/08/2025 12:10,32.4s,d922fc46d5b445c28dec9eb55d808fb8,ETH_base_ETH_blk,LOCAL,/home/ec2-user/ETH_Price_Predition/.venv/lib/python3.11/site-packages/ipykernel_launcher.py,ec2-user,FINISHED,32,0,37,"['ETH_D_AvgPrc', 'ETH_YF_Vol', 'ETH_ES_AvgTransFee', 'ETH_ES_BlkTm', 'ETH_ES_GasUsd', 'ETH_ES_AvgGasPrc']",7,3,0.01,7,04/03/2023,64,0.443609023,0.495166488,63.2491558,0.034780685,7269.919639,0.4994211,82.61626933,4.577270131,89.24159298,0.048220868,12604.58164,0.447761194,112.270128,6.037709341,0
15/08/2025 19:57,23.7s,88d3a0091780493fb18ab522946bf8d7,ETH_base_sent_vader,LOCAL,/home/ec2-user/ETH_Price_Predition/.venv/lib/python3.11/site-packages/ipykernel_launcher.py,ec2-user,FINISHED,32,0.1,30,"['ETH_D_AvgPrc', 'D_VADER_AvgScr_Ex', 'D_VADER_Sent_AvgEx']",7,2,0.01,7,04/03/2023,32,0.406015038,0.487647691,62.029041,0.03392894,7424.411867,0.491547724,82.6242631,4.520938519,85.59838982,0.04675571,13144.10406,0.403225806,114.647739,6.266398045,0
15/08/2025 20:16,15.5s,50283ac33155468eb2bebb28682aa589,ETH_base_sent_vader,LOCAL,/home/ec2-user/ETH_Price_Predition/.venv/lib/python3.11/site-packages/ipykernel_launcher.py,ec2-user,FINISHED,64,0.05,23,"['ETH_D_AvgPrc', 'D_VADER_AvgScr_Ex', 'D_VADER_Sent_AvgEx']",14,2,0.01,7,04/03/2023,32,0.413533835,0.509129968,62.94279183,0.034366738,7262.282133,0.513108912,82.64553904,4.516215251,83.92607794,0.045769273,12442.08381,0.424657534,111.5440891,6.095349609,0
15/08/2025 18:53,20.5s,c3fe1df7acf843409388b16e916a0483,ETH_base_BTC_blk_LTC_blk,LOCAL,/home/ec2-user/ETH_Price_Predition/.venv/lib/python3.11/site-packages/ipykernel_launcher.py,ec2-user,FINISHED,32,0.05,15,"['ETH_D_AvgPrc', 'BTC_D_AvgPrc', 'LTC_D_AvgPrc']",21,2,0.001,7,04/03/2023,32,0.458646617,0.473684211,63.31998641,0.034642858,7186.554273,0.477750053,82.65197311,4.52763313,82.91914104,0.04503593,11809.67328,0.46031746,108.6723207,5.891334646,0
15/08/2025 21:58,31.7s,8b3d67de49b04125bc5e4e7927a774b7,ETH_base_sent_finbert,LOCAL,/home/ec2-user/ETH_Price_Predition/.venv/lib/python3.11/site-packages/ipykernel_launcher.py,ec2-user,FINISHED,64,0,90,"['ETH_D_AvgPrc', 'D_FINBERT_AvgScr_Ex', 'D_FINBERT_Sent_AvgEx']",14,2,0.001,7,04/03/2023,32,0.390977444,0.504833512,63.09161993,0.03479515,7462.063251,0.511596783,82.69316468,4.617221338,90.84676206,0.050005061,13563.79593,0.393939394,116.4637108,6.489205722,0
15/08/2025 18:45,15.1s,2a25835754ce4c64b5f422443e41e45d,ETH_base_BTC_blk_LTC_blk,LOCAL,/home/ec2-user/ETH_Price_Predition/.venv/lib/python3.11/site-packages/ipykernel_launcher.py,ec2-user,FINISHED,64,0.1,8,"['ETH_D_AvgPrc', 'BTC_D_AvgPrc', 'LTC_D_AvgPrc']",14,3,0.01,7,04/03/2023,32,0.443609023,0.469387755,63.05479593,0.034616055,7163.191887,0.474240857,82.69413166,4.556217144,78.44110406,0.042917966,10740.03716,0.446153846,103.6341505,5.696723196,0
15/08/2025 20:21,18.7s,bbd6e8c5affb4476bcacb2b259e6f574,ETH_base_sent_vader,LOCAL,/home/ec2-user/ETH_Price_Predition/.venv/lib/python3.11/site-packages/ipykernel_launcher.py,ec2-user,FINISHED,64,0.1,36,"['ETH_D_AvgPrc', 'D_VADER_AvgScr_Ex', 'D_VADER_Sent_AvgEx']",14,2,0.01,7,04/03/2023,64,0.428571429,0.508055854,63.26289933,0.034807161,7240.129564,0.511946518,82.72275408,4.596801542,85.55655412,0.046940941,12669.54456,0.434782609,112.5590714,6.231434608,0
15/08/2025 21:54,24.2s,c6ba0b1ebbcd46f1886009f5020c1522,ETH_base_sent_finbert,LOCAL,/home/ec2-user/ETH_Price_Predition/.venv/lib/python3.11/site-packages/ipykernel_launcher.py,ec2-user,FINISHED,64,0.1,46,"['ETH_D_AvgPrc', 'D_FINBERT_AvgScr_Ex', 'D_FINBERT_Sent_AvgEx']",7,3,0.01,7,04/03/2023,32,0.466165414,0.509129968,63.77913731,0.035004669,7210.865374,0.514818478,82.72861132,4.560050568,80.98585935,0.044498052,11381.83852,0.470588235,106.6856997,5.914670141,0
16/08/2025 00:10,16.0s,0a423677679a498c9c2479460175e1b6,ETH_base_sent_cryptobert,LOCAL,/home/ec2-user/ETH_Price_Predition/.venv/lib/python3.11/site-packages/ipykernel_launcher.py,ec2-user,FINISHED,64,0,22,"['ETH_D_AvgPrc', 'D_CRYPTOBERT_AvgScr_Ex', 'D_CRYPTOBERT_Sent_AvgEx']",21,2,0.01,7,04/03/2023,64,0.428571429,0.476906552,62.64950152,0.034399293,7411.335728,0.482262306,82.7421758,4.572947263,81.96563331,0.044794019,12131.62158,0.434782609,110.1436407,6.05314984,0
15/08/2025 12:16,17.7s,30e75275c9074049a0d9b34b3304b974,ETH_base_ETH_blk,LOCAL,/home/ec2-user/ETH_Price_Predition/.venv/lib/python3.11/site-packages/ipykernel_launcher.py,ec2-user,FINISHED,64,0.1,19,"['ETH_D_AvgPrc', 'ETH_YF_Vol', 'ETH_ES_AvgTransFee', 'ETH_ES_BlkTm', 'ETH_ES_GasUsd', 'ETH_ES_AvgGasPrc']",7,3,0.01,7,04/03/2023,32,0.473684211,0.480128894,63.00526587,0.034726082,7134.036086,0.485207632,82.74362234,4.597951696,78.2949579,0.042839178,10496.86782,0.478873239,102.454223,5.649475802,0
15/08/2025 21:05,32.4s,f8a6eac12ed444789fc2fef16ac00f66,ETH_base_sent_vader,LOCAL,/home/ec2-user/ETH_Price_Predition/.venv/lib/python3.11/site-packages/ipykernel_launcher.py,ec2-user,FINISHED,32,0.1,43,"['ETH_D_AvgPrc', 'D_VADER_AvgScr_Ex', 'D_VADER_Sent_AvgEx']",28,2,0.01,7,04/03/2023,32,0.383458647,0.481203008,64.70684257,0.035388373,7588.22534,0.48705363,82.78011497,4.525817699,94.70247403,0.051618346,14443.15538,0.394366197,120.1796795,6.544198443,0
15/08/2025 12:30,50.9s,72153f85947342088c97db5e2a97a073,ETH_base_ETH_blk,LOCAL,/home/ec2-user/ETH_Price_Predition/.venv/lib/python3.11/site-packages/ipykernel_launcher.py,ec2-user,FINISHED,32,0.05,71,"['ETH_D_AvgPrc', 'ETH_YF_Vol', 'ETH_ES_AvgTransFee', 'ETH_ES_BlkTm', 'ETH_ES_GasUsd', 'ETH_ES_AvgGasPrc']",14,3,0.001,7,04/03/2023,32,0.45112782,0.481203008,63.9580994,0.035247967,7285.919388,0.484940183,82.79298578,4.601572634,82.46828168,0.045309277,11810.21479,0.451612903,108.6748121,6.031677202,0
15/08/2025 23:45,15.6s,e3dd56cb572148cd8664aad864f4578e,ETH_base_sent_cryptobert,LOCAL,/home/ec2-user/ETH_Price_Predition/.venv/lib/python3.11/site-packages/ipykernel_launcher.py,ec2-user,FINISHED,64,0,24,"['ETH_D_AvgPrc', 'D_CRYPTOBERT_AvgScr_Ex', 'D_CRYPTOBERT_Sent_AvgEx']",14,2,0.001,7,04/03/2023,64,0.473684211,0.49301826,63.47441303,0.034902164,7368.582071,0.498321735,82.8276018,4.586089224,84.97931895,0.046867871,12816.33344,0.47761194,113.2092463,6.312607832,0
15/08/2025 22:01,33.8s,c5a22e9ddc984fa68ce336809b36ab35,ETH_base_sent_finbert,LOCAL,/home/ec2-user/ETH_Price_Predition/.venv/lib/python3.11/site-packages/ipykernel_launcher.py,ec2-user,FINISHED,64,0.05,97,"['ETH_D_AvgPrc', 'D_FINBERT_AvgScr_Ex', 'D_FINBERT_Sent_AvgEx']",14,2,0.001,7,04/03/2023,32,0.390977444,0.496240602,62.52534847,0.034302807,7195.81998,0.502733268,82.82875012,4.587742654,81.62374557,0.044688093,11156.87912,0.393939394,105.626129,5.834592401,0
15/08/2025 22:15,20.2s,8f11cb297b49451fac7b0b307da2b604,ETH_base_sent_finbert,LOCAL,/home/ec2-user/ETH_Price_Predition/.venv/lib/python3.11/site-packages/ipykernel_launcher.py,ec2-user,FINISHED,64,0.05,27,"['ETH_D_AvgPrc', 'D_FINBERT_AvgScr_Ex', 'D_FINBERT_Sent_AvgEx']",14,3,0.01,7,04/03/2023,64,0.390977444,0.513426423,64.06721007,0.035251503,7128.414049,0.518954739,82.84810197,4.607840506,83.71520147,0.045818343,11559.91878,0.393939394,107.5170627,5.937161852,0
15/08/2025 22:42,25.9s,ae45f2f895e040fe857127869ff9c178,ETH_base_sent_finbert,LOCAL,/home/ec2-user/ETH_Price_Predition/.venv/lib/python3.11/site-packages/ipykernel_launcher.py,ec2-user,FINISHED,32,0.1,18,"['ETH_D_AvgPrc', 'D_FINBERT_AvgScr_Ex', 'D_FINBERT_Sent_AvgEx']",21,3,0.01,7,04/03/2023,32,0.421052632,0.500537057,63.31946732,0.034991971,7280.610886,0.505220681,82.95613932,4.66118576,86.33713732,0.047480791,11975.4891,0.430555556,109.4325779,6.092902768,0
15/08/2025 13:05,19.0s,efb06de7519a4bfdaefd740a964c3f38,ETH_base_ETH_blk,LOCAL,/home/ec2-user/ETH_Price_Predition/.venv/lib/python3.11/site-packages/ipykernel_launcher.py,ec2-user,FINISHED,64,0.1,31,"['ETH_D_AvgPrc', 'ETH_YF_Vol', 'ETH_ES_AvgTransFee', 'ETH_ES_BlkTm', 'ETH_ES_GasUsd', 'ETH_ES_AvgGasPrc']",28,2,0.01,7,04/03/2023,32,0.481203008,0.461868958,64.86343931,0.035728429,7264.86751,0.467533992,82.95793269,4.600620925,83.17112124,0.045634121,11842.74922,0.486111111,108.8243963,6.006962294,0
15/08/2025 23:55,21.9s,bd57595dddc14184a9b6eee77f7d983c,ETH_base_sent_cryptobert,LOCAL,/home/ec2-user/ETH_Price_Predition/.venv/lib/python3.11/site-packages/ipykernel_launcher.py,ec2-user,FINISHED,32,0,12,"['ETH_D_AvgPrc', 'D_CRYPTOBERT_AvgScr_Ex', 'D_CRYPTOBERT_Sent_AvgEx']",14,3,0.01,7,04/03/2023,64,0.421052632,0.487647691,64.24501374,0.035382307,7399.149653,0.492168723,82.97525075,4.609530936,84.21738497,0.04630376,12247.03272,0.428571429,110.6663125,6.143764273,0
15/08/2025 12:28,28.6s,0ac33c1446354f16ad1d9e81364fd2c7,ETH_base_ETH_blk,LOCAL,/home/ec2-user/ETH_Price_Predition/.venv/lib/python3.11/site-packages/ipykernel_launcher.py,ec2-user,FINISHED,32,0,26,"['ETH_D_AvgPrc', 'ETH_YF_Vol', 'ETH_ES_AvgTransFee', 'ETH_ES_BlkTm', 'ETH_ES_GasUsd', 'ETH_ES_AvgGasPrc']",14,3,0.01,7,04/03/2023,64,0.413533835,0.485499463,65.6249071,0.036043877,7271.640492,0.489734316,82.98724814,4.585757845,85.23265385,0.046399312,11365.61845,0.415384615,106.6096546,5.817875503,0
15/08/2025 16:30,36.4s,64c5a78c7a8340c7a9cc1217ba214837,ETH_base_LTC_blk,LOCAL,/home/ec2-user/ETH_Price_Predition/.venv/lib/python3.11/site-packages/ipykernel_launcher.py,ec2-user,FINISHED,32,0,67,"['ETH_D_AvgPrc', 'LTC_D_AvgPrc', 'LTC_YF_Vol', 'LTC_OL_MinDif', 'LTC_BIC_HshRt']",7,2,0.01,7,04/03/2023,64,0.428571429,0.481203008,66.63237529,0.036451793,7668.52265,0.486823727,83.00020674,4.573723217,114.8570646,0.061755319,17685.96299,0.432835821,132.9885822,7.074417491,0
15/08/2025 16:52,22.8s,5c11c36daca5434abe3395ae7ecca3cd,ETH_base_LTC_blk,LOCAL,/home/ec2-user/ETH_Price_Predition/.venv/lib/python3.11/site-packages/ipykernel_launcher.py,ec2-user,FINISHED,64,0.1,38,"['ETH_D_AvgPrc', 'LTC_D_AvgPrc', 'LTC_YF_Vol', 'LTC_OL_MinDif', 'LTC_BIC_HshRt']",7,3,0.01,7,04/03/2023,64,0.413533835,0.484425349,65.09326552,0.035616536,7398.242212,0.489292699,83.00337105,4.558752996,93.90966774,0.050838661,13468.50164,0.415384615,116.0538739,6.268273199,0
15/08/2025 12:51,28.4s,7e8c6ba42e06460188c4d5772d1bcc53,ETH_base_ETH_blk,LOCAL,/home/ec2-user/ETH_Price_Predition/.venv/lib/python3.11/site-packages/ipykernel_launcher.py,ec2-user,FINISHED,64,0.05,52,"['ETH_D_AvgPrc', 'ETH_YF_Vol', 'ETH_ES_AvgTransFee', 'ETH_ES_BlkTm', 'ETH_ES_GasUsd', 'ETH_ES_AvgGasPrc']",21,3,0.01,7,04/03/2023,32,0.413533835,0.447905478,64.78948857,0.035651439,7338.687077,0.452457785,83.02495087,4.626675832,84.33976505,0.046147818,11626.73841,0.415384615,107.8273547,5.971041984,0
15/08/2025 19:53,35.4s,8d73dcec26b84afd8d8566ba7ad02840,ETH_base_sent_vader,LOCAL,/home/ec2-user/ETH_Price_Predition/.venv/lib/python3.11/site-packages/ipykernel_launcher.py,ec2-user,FINISHED,64,0,119,"['ETH_D_AvgPrc', 'D_VADER_AvgScr_Ex', 'D_VADER_Sent_AvgEx']",7,2,0.001,7,04/03/2023,64,0.421052632,0.504833512,63.04446146,0.034500706,7692.477071,0.510109188,83.03776118,4.549901027,91.75053394,0.050186995,15051.60188,0.424242424,122.6849701,6.719310137,0
15/08/2025 22:13,42.7s,da83e3f99b1a4d6abcaa568ce68a7c3c,ETH_base_sent_finbert,LOCAL,/home/ec2-user/ETH_Price_Predition/.venv/lib/python3.11/site-packages/ipykernel_launcher.py,ec2-user,FINISHED,64,0.05,106,"['ETH_D_AvgPrc', 'D_FINBERT_AvgScr_Ex', 'D_FINBERT_Sent_AvgEx']",14,3,0.001,7,04/03/2023,32,0.390977444,0.481203008,63.93886441,0.035145179,7367.768153,0.485608362,83.03795918,4.615228745,86.72781877,0.047643896,12119.34728,0.390625,110.0879071,6.130960547,0
15/08/2025 21:08,35.2s,87898bc3e3f0440789a30f62dfdb9027,ETH_base_sent_vader,LOCAL,/home/ec2-user/ETH_Price_Predition/.venv/lib/python3.11/site-packages/ipykernel_launcher.py,ec2-user,FINISHED,32,0.1,51,"['ETH_D_AvgPrc', 'D_VADER_AvgScr_Ex', 'D_VADER_Sent_AvgEx']",28,2,0.001,7,04/03/2023,64,0.406015038,0.482277121,63.10202843,0.034520202,7390.229093,0.487303357,83.05522681,4.54317455,83.77424495,0.045698405,12210.40145,0.414285714,110.5006853,6.025996677,0
16/08/2025 00:01,23.0s,c414242703474420a4d2b4854ec6d07f,ETH_base_sent_cryptobert,LOCAL,/home/ec2-user/ETH_Price_Predition/.venv/lib/python3.11/site-packages/ipykernel_launcher.py,ec2-user,FINISHED,32,0.05,14,"['ETH_D_AvgPrc', 'D_CRYPTOBERT_AvgScr_Ex', 'D_CRYPTOBERT_Sent_AvgEx']",14,3,0.001,7,04/03/2023,64,0.481203008,0.482277121,62.67431614,0.034555137,7245.399498,0.487598512,83.06217619,4.61678712,79.61682106,0.043906185,11434.77645,0.485714286,106.9335141,5.969593868,0
15/08/2025 22:42,53.3s,74e432a97c2d4050b478c77331981a66,ETH_base_sent_finbert,LOCAL,/home/ec2-user/ETH_Price_Predition/.venv/lib/python3.11/site-packages/ipykernel_launcher.py,ec2-user,FINISHED,32,0.1,74,"['ETH_D_AvgPrc', 'D_FINBERT_AvgScr_Ex', 'D_FINBERT_Sent_AvgEx']",21,3,0.001,7,04/03/2023,32,0.383458647,0.499462943,64.94960109,0.036126593,7333.724593,0.503348362,83.07130731,4.731850267,88.30672025,0.048943084,12737.7854,0.388059701,112.8617978,6.376206822,0
15/08/2025 13:11,28.4s,ae1eb420de2546979a557b79f0a2dafa,ETH_base_ETH_blk,LOCAL,/home/ec2-user/ETH_Price_Predition/.venv/lib/python3.11/site-packages/ipykernel_launcher.py,ec2-user,FINISHED,32,0.05,19,"['ETH_D_AvgPrc', 'ETH_YF_Vol', 'ETH_ES_AvgTransFee', 'ETH_ES_BlkTm', 'ETH_ES_GasUsd', 'ETH_ES_AvgGasPrc']",28,3,0.01,7,04/03/2023,32,0.428571429,0.454350161,64.088492,0.035031652,7081.697023,0.461828721,83.08834628,4.537978256,75.72197775,0.0414382,10386.69945,0.434782609,101.9151581,5.592939461,0
15/08/2025 22:11,20.3s,cdef8638dc594436b03dcc741e884e51,ETH_base_sent_finbert,LOCAL,/home/ec2-user/ETH_Price_Predition/.venv/lib/python3.11/site-packages/ipykernel_launcher.py,ec2-user,FINISHED,64,0,30,"['ETH_D_AvgPrc', 'D_FINBERT_AvgScr_Ex', 'D_FINBERT_Sent_AvgEx']",14,3,0.01,7,04/03/2023,64,0.436090226,0.501611171,64.21121521,0.035251978,7443.269873,0.507545859,83.09005456,4.594389303,86.2948551,0.047319087,12813.01147,0.439393939,113.1945735,6.255855608,0
15/08/2025 20:17,16.1s,c694d99b7ebf41a7afcf45b286628071,ETH_base_sent_vader,LOCAL,/home/ec2-user/ETH_Price_Predition/.venv/lib/python3.11/site-packages/ipykernel_launcher.py,ec2-user,FINISHED,64,0.05,24,"['ETH_D_AvgPrc', 'D_VADER_AvgScr_Ex', 'D_VADER_Sent_AvgEx']",14,2,0.01,7,04/03/2023,64,0.421052632,0.511278195,63.65955422,0.034840653,7223.795116,0.514049224,83.10286833,4.563091391,84.06312618,0.046022236,12501.68374,0.424242424,111.8109285,6.155390918,0
15/08/2025 21:48,42.6s,5f38d62d66334afdb991e6ed9cc581d7,ETH_base_sent_finbert,LOCAL,/home/ec2-user/ETH_Price_Predition/.venv/lib/python3.11/site-packages/ipykernel_launcher.py,ec2-user,FINISHED,64,0,118,"['ETH_D_AvgPrc', 'D_FINBERT_AvgScr_Ex', 'D_FINBERT_Sent_AvgEx']",7,3,0.001,7,04/03/2023,64,0.436090226,0.505907626,64.61544462,0.035537309,7544.351895,0.506934444,83.13930157,4.604198342,87.34177186,0.048061653,13083.16582,0.425925926,114.3816673,6.363024467,0
15/08/2025 19:00,22.0s,de2640a8e95d43c69bf13b04c068fc1a,ETH_base_BTC_blk_LTC_blk,LOCAL,/home/ec2-user/ETH_Price_Predition/.venv/lib/python3.11/site-packages/ipykernel_launcher.py,ec2-user,FINISHED,32,0,12,"['ETH_D_AvgPrc', 'BTC_D_AvgPrc', 'LTC_D_AvgPrc']",21,3,0.01,7,04/03/2023,32,0.428571429,0.467239527,63.80739612,0.034976402,7166.230739,0.471208298,83.1410665,4.574373098,80.43542733,0.044066724,11260.72077,0.428571429,106.1165433,5.841607022,0
15/08/2025 18:24,16.6s,9b57cd47e5cf4af2bbd29c2979589a6e,ETH_base_BTC_blk_LTC_blk,LOCAL,/home/ec2-user/ETH_Price_Predition/.venv/lib/python3.11/site-packages/ipykernel_launcher.py,ec2-user,FINISHED,64,0.1,15,"['ETH_D_AvgPrc', 'BTC_D_AvgPrc', 'LTC_D_AvgPrc']",7,3,0.01,7,04/03/2023,64,0.466165414,0.464017186,62.71887135,0.034807991,7162.108878,0.470719841,83.20140269,4.714772498,77.70656844,0.042823861,10698.62208,0.472972973,103.4341437,5.805567324,0
15/08/2025 12:07,42.0s,a8ba0ba248a34314ae0d760dd7a37f26,ETH_base_ETH_blk,LOCAL,/home/ec2-user/ETH_Price_Predition/.venv/lib/python3.11/site-packages/ipykernel_launcher.py,ec2-user,FINISHED,32,0.1,76,"['ETH_D_AvgPrc', 'ETH_YF_Vol', 'ETH_ES_AvgTransFee', 'ETH_ES_BlkTm', 'ETH_ES_GasUsd', 'ETH_ES_AvgGasPrc']",7,2,0.001,7,04/03/2023,64,0.413533835,0.466165414,62.53499334,0.03430823,7451.803671,0.470684066,83.20630862,4.577645793,83.49274944,0.045626283,12223.90868,0.409836066,110.5617867,6.069745781,0
15/08/2025 12:59,24.5s,5cfba29c33034e6cb006abba1ef26f8c,ETH_base_ETH_blk,LOCAL,/home/ec2-user/ETH_Price_Predition/.venv/lib/python3.11/site-packages/ipykernel_launcher.py,ec2-user,FINISHED,32,0,24,"['ETH_D_AvgPrc', 'ETH_YF_Vol', 'ETH_ES_AvgTransFee', 'ETH_ES_BlkTm', 'ETH_ES_GasUsd', 'ETH_ES_AvgGasPrc']",28,2,0.01,7,04/03/2023,64,0.436090226,0.484425349,65.19966062,0.035556546,7426.6025,0.490673837,83.21503039,4.518657295,83.19991423,0.045295448,12099.50043,0.441176471,109.9977292,5.969115342,0
15/08/2025 19:51,23.7s,c09eaac7fe804eedb16c2b41fb75920c,ETH_base_sent_vader,LOCAL,/home/ec2-user/ETH_Price_Predition/.venv/lib/python3.11/site-packages/ipykernel_launcher.py,ec2-user,FINISHED,32,0,34,"['ETH_D_AvgPrc', 'D_VADER_AvgScr_Ex', 'D_VADER_Sent_AvgEx']",7,2,0.01,7,04/03/2023,64,0.406015038,0.501611171,62.86332203,0.034365357,7719.068075,0.506299444,83.24894793,4.550773197,90.70160532,0.049404769,14733.96306,0.409090909,121.383537,6.596000936,0
15/08/2025 12:18,52.9s,1b5425ee54bd4cc09db8254d4aa5420a,ETH_base_ETH_blk,LOCAL,/home/ec2-user/ETH_Price_Predition/.venv/lib/python3.11/site-packages/ipykernel_launcher.py,ec2-user,FINISHED,32,0.1,82,"['ETH_D_AvgPrc', 'ETH_YF_Vol', 'ETH_ES_AvgTransFee', 'ETH_ES_BlkTm', 'ETH_ES_GasUsd', 'ETH_ES_AvgGasPrc']",7,3,0.001,7,04/03/2023,64,0.406015038,0.467239527,63.2949932,0.034837786,7352.460343,0.469357956,83.25977137,4.612697477,80.51939656,0.044021147,11552.28591,0.4,107.4815608,5.907868671,0
15/08/2025 22:30,34.8s,2a4fb2497fdd4354b6e58149bef62b65,ETH_base_sent_finbert,LOCAL,/home/ec2-user/ETH_Price_Predition/.venv/lib/python3.11/site-packages/ipykernel_launcher.py,ec2-user,FINISHED,32,0.1,53,"['ETH_D_AvgPrc', 'D_FINBERT_AvgScr_Ex', 'D_FINBERT_Sent_AvgEx']",21,2,0.001,7,04/03/2023,32,0.390977444,0.510204082,62.51010489,0.034538831,7302.775518,0.516989098,83.25980274,4.685371471,83.52877395,0.046126863,11587.22762,0.4,107.6439855,6.052320524,0
15/08/2025 12:33,24.9s,7e7cc4ed29e0435892ec1725166dc285,ETH_base_ETH_blk,LOCAL,/home/ec2-user/ETH_Price_Predition/.venv/lib/python3.11/site-packages/ipykernel_launcher.py,ec2-user,FINISHED,32,0.1,15,"['ETH_D_AvgPrc', 'ETH_YF_Vol', 'ETH_ES_AvgTransFee', 'ETH_ES_BlkTm', 'ETH_ES_GasUsd', 'ETH_ES_AvgGasPrc']",14,3,0.01,7,04/03/2023,32,0.428571429,0.468313641,64.48635573,0.035419974,7158.905695,0.474246046,83.3007724,4.605642992,79.36318098,0.043688435,10715.51304,0.436619718,103.5157623,5.780837166,0
15/08/2025 22:04,26.5s,ee52948484ce49dcaeb7bee045efb0c1,ETH_base_sent_finbert,LOCAL,/home/ec2-user/ETH_Price_Predition/.venv/lib/python3.11/site-packages/ipykernel_launcher.py,ec2-user,FINISHED,32,0.1,34,"['ETH_D_AvgPrc', 'D_FINBERT_AvgScr_Ex', 'D_FINBERT_Sent_AvgEx']",14,2,0.001,7,04/03/2023,32,0.383458647,0.49301826,63.82112405,0.035273649,7241.807173,0.497640136,83.31651753,4.684468282,84.40373264,0.046463516,11695.81945,0.391304348,108.1472119,6.046459226,0
15/08/2025 13:18,26.9s,008b17734eb743c4b221b95ac332ab6e,ETH_base_ETH_blk,LOCAL,/home/ec2-user/ETH_Price_Predition/.venv/lib/python3.11/site-packages/ipykernel_launcher.py,ec2-user,FINISHED,64,0.1,43,"['ETH_D_AvgPrc', 'ETH_YF_Vol', 'ETH_ES_AvgTransFee', 'ETH_ES_BlkTm', 'ETH_ES_GasUsd', 'ETH_ES_AvgGasPrc']",28,3,0.01,7,04/03/2023,64,0.428571429,0.454350161,62.73706704,0.034698526,7239.471823,0.461265033,83.32050779,4.669665709,75.35785715,0.041533605,10964.05168,0.434782609,104.7093677,5.859936803,0
15/08/2025 20:40,14.4s,717f26b2fb624b0cbb9be994120e604d,ETH_base_sent_vader,LOCAL,/home/ec2-user/ETH_Price_Predition/.venv/lib/python3.11/site-packages/ipykernel_launcher.py,ec2-user,FINISHED,64,0.05,16,"['ETH_D_AvgPrc', 'D_VADER_AvgScr_Ex', 'D_VADER_Sent_AvgEx']",21,2,0.01,7,04/03/2023,64,0.413533835,0.499462943,63.41931644,0.034839186,7303.300298,0.50435264,83.34086657,4.603362506,85.0126033,0.04646463,12449.70605,0.422535211,111.5782508,6.111895327,0
15/08/2025 21:02,22.3s,a59558b5e2574269936fbd072a82a978,ETH_base_sent_vader,LOCAL,/home/ec2-user/ETH_Price_Predition/.venv/lib/python3.11/site-packages/ipykernel_launcher.py,ec2-user,FINISHED,64,0.05,47,"['ETH_D_AvgPrc', 'D_VADER_AvgScr_Ex', 'D_VADER_Sent_AvgEx']",28,2,0.01,7,04/03/2023,32,0.421052632,0.49301826,64.57828424,0.035259489,7576.883908,0.497680261,83.35648569,4.553372323,90.40458071,0.049055883,13542.51991,0.430555556,116.3723331,6.289419752,0
15/08/2025 20:56,18.7s,41d6ee3046fa4fa3acac0edbb0f160f8,ETH_base_sent_vader,LOCAL,/home/ec2-user/ETH_Price_Predition/.venv/lib/python3.11/site-packages/ipykernel_launcher.py,ec2-user,FINISHED,32,0.1,4,"['ETH_D_AvgPrc', 'D_VADER_AvgScr_Ex', 'D_VADER_Sent_AvgEx']",21,3,0.01,7,04/03/2023,64,0.481203008,0.496240602,63.65129186,0.035065926,7028.202658,0.501074731,83.40066852,4.644701512,75.38406372,0.04119543,9823.665893,0.484375,99.1144081,5.436294569,0
15/08/2025 16:52,15.4s,e048594c7ef14271847ce39d088d01a9,ETH_base_LTC_blk,LOCAL,/home/ec2-user/ETH_Price_Predition/.venv/lib/python3.11/site-packages/ipykernel_launcher.py,ec2-user,FINISHED,32,0,6,"['ETH_D_AvgPrc', 'LTC_D_AvgPrc', 'LTC_YF_Vol', 'LTC_OL_MinDif', 'LTC_BIC_HshRt']",14,2,0.01,7,04/03/2023,32,0.443609023,0.486573577,65.04221909,0.035744325,7424.249951,0.492184336,83.41488079,4.633999306,100.8286736,0.054365733,15023.87465,0.450704225,122.5719162,6.58299386,0
15/08/2025 22:34,25.4s,8ab38ad483f14727a361e0b082dce335,ETH_base_sent_finbert,LOCAL,/home/ec2-user/ETH_Price_Predition/.venv/lib/python3.11/site-packages/ipykernel_launcher.py,ec2-user,FINISHED,64,0,48,"['ETH_D_AvgPrc', 'D_FINBERT_AvgScr_Ex', 'D_FINBERT_Sent_AvgEx']",21,3,0.01,7,04/03/2023,32,0.406015038,0.490870032,65.87850719,0.036255012,7546.411277,0.497092508,83.43697154,4.641464384,96.41033775,0.052803155,14245.90081,0.421052632,119.356193,6.591221228,0
15/08/2025 22:11,30.1s,fcdb95ce491e4a20b5a31caa699eebdc,ETH_base_sent_finbert,LOCAL,/home/ec2-user/ETH_Price_Predition/.venv/lib/python3.11/site-packages/ipykernel_launcher.py,ec2-user,FINISHED,32,0.05,29,"['ETH_D_AvgPrc', 'D_FINBERT_AvgScr_Ex', 'D_FINBERT_Sent_AvgEx']",14,3,0.01,7,04/03/2023,32,0.390977444,0.495166488,64.90773228,0.035706245,7473.500345,0.499716522,83.47443498,4.636123611,91.41461801,0.050379151,13475.50458,0.393939394,116.084041,6.489250123,0
15/08/2025 16:53,12.5s,d7050585f83b4674b1fc8f00f9b2f05d,ETH_base_LTC_blk,LOCAL,/home/ec2-user/ETH_Price_Predition/.venv/lib/python3.11/site-packages/ipykernel_launcher.py,ec2-user,FINISHED,64,0,9,"['ETH_D_AvgPrc', 'LTC_D_AvgPrc', 'LTC_YF_Vol', 'LTC_OL_MinDif', 'LTC_BIC_HshRt']",14,2,0.01,7,04/03/2023,32,0.45112782,0.467239527,64.9616498,0.035811646,7181.282002,0.473237315,83.53531833,4.665073545,81.66395672,0.044445597,11112.20154,0.455882353,105.4144276,5.784591286,0
15/08/2025 12:11,22.1s,5d20dba89cc84293b4ce3ef671cfb843,ETH_base_ETH_blk,LOCAL,/home/ec2-user/ETH_Price_Predition/.venv/lib/python3.11/site-packages/ipykernel_launcher.py,ec2-user,FINISHED,64,0,38,"['ETH_D_AvgPrc', 'ETH_YF_Vol', 'ETH_ES_AvgTransFee', 'ETH_ES_BlkTm', 'ETH_ES_GasUsd', 'ETH_ES_AvgGasPrc']",7,3,0.01,7,04/03/2023,64,0.443609023,0.47905478,64.09219613,0.035153828,7548.405128,0.481864722,83.55265068,4.599913449,82.64217543,0.045223679,12315.67779,0.442622951,110.9760235,6.102101723,0
15/08/2025 22:29,21.8s,7aa525262f344daca90b85f379a28c99,ETH_base_sent_finbert,LOCAL,/home/ec2-user/ETH_Price_Predition/.venv/lib/python3.11/site-packages/ipykernel_launcher.py,ec2-user,FINISHED,32,0.1,21,"['ETH_D_AvgPrc', 'D_FINBERT_AvgScr_Ex', 'D_FINBERT_Sent_AvgEx']",21,2,0.01,7,04/03/2023,32,0.413533835,0.508055854,66.12439135,0.036586851,7433.202805,0.511166348,83.55368194,4.69744631,84.42889014,0.046295691,11693.35004,0.424657534,108.1357944,5.9830476,0
15/08/2025 22:18,40.1s,acfd4583dba44ac9abf0ec51f305aee8,ETH_base_sent_finbert,LOCAL,/home/ec2-user/ETH_Price_Predition/.venv/lib/python3.11/site-packages/ipykernel_launcher.py,ec2-user,FINISHED,64,0.1,97,"['ETH_D_AvgPrc', 'D_FINBERT_AvgScr_Ex', 'D_FINBERT_Sent_AvgEx']",14,3,0.001,7,04/03/2023,32,0.368421053,0.490870032,64.01810102,0.035292131,7301.359767,0.496034321,83.56120878,4.679338003,83.19351885,0.045624757,11200.09281,0.376811594,105.8304909,5.885363909,0
15/08/2025 20:00,24.5s,c635fce55bb64fe8940f2b09f963ab9d,ETH_base_sent_vader,LOCAL,/home/ec2-user/ETH_Price_Predition/.venv/lib/python3.11/site-packages/ipykernel_launcher.py,ec2-user,FINISHED,64,0.1,64,"['ETH_D_AvgPrc', 'D_VADER_AvgScr_Ex', 'D_VADER_Sent_AvgEx']",7,2,0.001,7,04/03/2023,64,0.436090226,0.512352309,62.92759382,0.034451978,7555.511792,0.516263897,83.60179791,4.586384998,88.10248376,0.048276326,13620.17775,0.441176471,116.7055172,6.413529257,0
15/08/2025 20:50,19.0s,ab76ff7e002842189bd921a5ac3f9ebe,ETH_base_sent_vader,LOCAL,/home/ec2-user/ETH_Price_Predition/.venv/lib/python3.11/site-packages/ipykernel_launcher.py,ec2-user,FINISHED,64,0.05,21,"['ETH_D_AvgPrc', 'D_VADER_AvgScr_Ex', 'D_VADER_Sent_AvgEx']",21,3,0.01,7,04/03/2023,32,0.406015038,0.509129968,63.92357815,0.035042907,7350.669074,0.51273936,83.61113981,4.604514448,84.23306229,0.045816973,12261.82107,0.416666667,110.7331074,6.010739348,0
15/08/2025 22:28,31.2s,f1831c2f27c24b3cae67adb16c0a225e,ETH_base_sent_finbert,LOCAL,/home/ec2-user/ETH_Price_Predition/.venv/lib/python3.11/site-packages/ipykernel_launcher.py,ec2-user,FINISHED,32,0.05,43,"['ETH_D_AvgPrc', 'D_FINBERT_AvgScr_Ex', 'D_FINBERT_Sent_AvgEx']",21,2,0.001,7,04/03/2023,64,0.390977444,0.481203008,65.97633757,0.036710793,7507.997412,0.485932314,83.659298,4.754511986,82.30494885,0.045345838,11308.62684,0.397058824,106.3420276,5.94917107,0
15/08/2025 21:35,44.5s,076c2efbdcdb42cab04c506f7c39ce4f,ETH_base_sent_finbert,LOCAL,/home/ec2-user/ETH_Price_Predition/.venv/lib/python3.11/site-packages/ipykernel_launcher.py,ec2-user,FINISHED,64,0,158,"['ETH_D_AvgPrc', 'D_FINBERT_AvgScr_Ex', 'D_FINBERT_Sent_AvgEx']",7,2,0.001,7,04/03/2023,32,0.45112782,0.502685285,64.73830597,0.035509442,7540.500842,0.505634489,83.67462776,4.613907359,84.53272976,0.046167838,12560.73708,0.444444444,112.0746942,6.149367907,0
15/08/2025 12:40,23.7s,d4070064cec04c1aa71720851681311f,ETH_base_ETH_blk,LOCAL,/home/ec2-user/ETH_Price_Predition/.venv/lib/python3.11/site-packages/ipykernel_launcher.py,ec2-user,FINISHED,32,0.05,22,"['ETH_D_AvgPrc', 'ETH_YF_Vol', 'ETH_ES_AvgTransFee', 'ETH_ES_BlkTm', 'ETH_ES_GasUsd', 'ETH_ES_AvgGasPrc']",21,2,0.01,7,04/03/2023,32,0.503759398,0.482277121,66.75215373,0.036593111,7442.071909,0.487362111,83.70776872,4.608825488,86.69326002,0.047276403,11693.89342,0.507462687,108.1383069,5.914311047,0
15/08/2025 20:49,55.6s,6691fcebaed24c52968ac683579802a1,ETH_base_sent_vader,LOCAL,/home/ec2-user/ETH_Price_Predition/.venv/lib/python3.11/site-packages/ipykernel_launcher.py,ec2-user,FINISHED,32,0.05,74,"['ETH_D_AvgPrc', 'D_VADER_AvgScr_Ex', 'D_VADER_Sent_AvgEx']",21,3,0.001,7,04/03/2023,32,0.428571429,0.494092374,64.23251018,0.03541044,7483.677228,0.499308578,83.74271859,4.665260307,86.37385066,0.047399913,12826.65567,0.434782609,113.2548262,6.289792188,0
15/08/2025 20:51,42.0s,d13b6521c7174f6fa022272f7e61129f,ETH_base_sent_vader,LOCAL,/home/ec2-user/ETH_Price_Predition/.venv/lib/python3.11/site-packages/ipykernel_launcher.py,ec2-user,FINISHED,32,0.05,51,"['ETH_D_AvgPrc', 'D_VADER_AvgScr_Ex', 'D_VADER_Sent_AvgEx']",21,3,0.01,7,04/03/2023,64,0.428571429,0.486573577,67.06651226,0.036902765,7406.126571,0.492369225,83.75651584,4.643906255,89.72414794,0.049008512,12434.73873,0.434782609,111.5111597,6.106949964,0
15/08/2025 20:35,14.4s,4d228ad1c4ad4bb195a94c043793b3fd,ETH_base_sent_vader,LOCAL,/home/ec2-user/ETH_Price_Predition/.venv/lib/python3.11/site-packages/ipykernel_launcher.py,ec2-user,FINISHED,64,0,18,"['ETH_D_AvgPrc', 'D_VADER_AvgScr_Ex', 'D_VADER_Sent_AvgEx']",21,2,0.01,7,04/03/2023,32,0.398496241,0.505907626,64.39717838,0.035365318,7515.94732,0.509245825,83.76653496,4.624700094,85.04143759,0.04642268,12575.94595,0.405797101,112.1425252,6.133152328,0
15/08/2025 12:29,16.9s,19aea792111242bb8b3f93286bc90db0,ETH_base_ETH_blk,LOCAL,/home/ec2-user/ETH_Price_Predition/.venv/lib/python3.11/site-packages/ipykernel_launcher.py,ec2-user,FINISHED,64,0,15,"['ETH_D_AvgPrc', 'ETH_YF_Vol', 'ETH_ES_AvgTransFee', 'ETH_ES_BlkTm', 'ETH_ES_GasUsd', 'ETH_ES_AvgGasPrc']",14,3,0.01,7,04/03/2023,64,0.37593985,0.468313641,66.25529164,0.036426619,7490.676036,0.472713271,83.7679231,4.628406877,90.12059147,0.049423987,12725.48182,0.370967742,112.8072773,6.232631514,0
15/08/2025 20:43,32.7s,6ef6e92ee03141589a55a23eedb1dd16,ETH_base_sent_vader,LOCAL,/home/ec2-user/ETH_Price_Predition/.venv/lib/python3.11/site-packages/ipykernel_launcher.py,ec2-user,FINISHED,32,0.1,47,"['ETH_D_AvgPrc', 'D_VADER_AvgScr_Ex', 'D_VADER_Sent_AvgEx']",21,2,0.001,7,04/03/2023,64,0.421052632,0.508055854,64.63543354,0.035551002,7520.030047,0.511448365,83.77387258,4.640219517,84.47613135,0.046150995,12635.78428,0.424242424,112.4090045,6.166831656,0
15/08/2025 12:02,20.9s,420fd731efcf40d39b92c671ba202f1b,ETH_base_ETH_blk,LOCAL,/home/ec2-user/ETH_Price_Predition/.venv/lib/python3.11/site-packages/ipykernel_launcher.py,ec2-user,FINISHED,32,0.05,18,"['ETH_D_AvgPrc', 'ETH_YF_Vol', 'ETH_ES_AvgTransFee', 'ETH_ES_BlkTm', 'ETH_ES_GasUsd', 'ETH_ES_AvgGasPrc']",7,2,0.01,7,04/03/2023,32,0.436090226,0.466165414,64.02672232,0.035210768,7341.386514,0.470441014,83.78304903,4.632549635,79.84170578,0.043688385,10913.53555,0.441176471,104.4678685,5.750374805,0
15/08/2025 21:42,32.0s,887ffc8431614181815eb40e6078ef59,ETH_base_sent_finbert,LOCAL,/home/ec2-user/ETH_Price_Predition/.venv/lib/python3.11/site-packages/ipykernel_launcher.py,ec2-user,FINISHED,32,0.1,53,"['ETH_D_AvgPrc', 'D_FINBERT_AvgScr_Ex', 'D_FINBERT_Sent_AvgEx']",7,2,0.01,7,04/03/2023,64,0.45112782,0.508055854,63.23078782,0.034616812,7653.46979,0.512866286,83.79186579,4.606320215,85.64980345,0.046754833,12939.869,0.451612903,113.753545,6.230392224,0
15/08/2025 20:07,47.9s,b7499ac784c64f83b9da2503809fda8f,ETH_base_sent_vader,LOCAL,/home/ec2-user/ETH_Price_Predition/.venv/lib/python3.11/site-packages/ipykernel_launcher.py,ec2-user,FINISHED,32,0.05,74,"['ETH_D_AvgPrc', 'D_VADER_AvgScr_Ex', 'D_VADER_Sent_AvgEx']",7,3,0.001,7,04/03/2023,64,0.406015038,0.497314715,63.15874916,0.034511371,7765.795788,0.501263757,83.86519305,4.583517083,91.35028512,0.049950752,14836.28032,0.411764706,121.8042705,6.663236824,0
15/08/2025 22:53,26.8s,6ab269c040a74f39b39c67acdcb9d2f4,ETH_base_sent_finbert,LOCAL,/home/ec2-user/ETH_Price_Predition/.venv/lib/python3.11/site-packages/ipykernel_launcher.py,ec2-user,FINISHED,64,0.05,63,"['ETH_D_AvgPrc', 'D_FINBERT_AvgScr_Ex', 'D_FINBERT_Sent_AvgEx']",28,2,0.01,7,04/03/2023,64,0.488721805,0.530612245,66.56850721,0.036682903,7632.634933,0.53551161,83.90410155,4.678292468,94.77041121,0.052301117,14161.11331,0.492537313,119.0004761,6.699350491,0
15/08/2025 19:17,28.1s,81026927de414ac7b12413972330e44d,ETH_base_BTC_blk_LTC_blk,LOCAL,/home/ec2-user/ETH_Price_Predition/.venv/lib/python3.11/site-packages/ipykernel_launcher.py,ec2-user,FINISHED,32,0,34,"['ETH_D_AvgPrc', 'BTC_D_AvgPrc', 'LTC_D_AvgPrc']",28,2,0.001,7,04/03/2023,32,0.398496241,0.466165414,65.12031386,0.035413985,7296.805101,0.47088434,83.90508615,4.551185566,77.79315576,0.042349145,10562.36536,0.396825397,102.7733689,5.585053705,0
15/08/2025 22:14,44.7s,50a53378753b40df87ee5352bc1aa80f,ETH_base_sent_finbert,LOCAL,/home/ec2-user/ETH_Price_Predition/.venv/lib/python3.11/site-packages/ipykernel_launcher.py,ec2-user,FINISHED,32,0.05,60,"['ETH_D_AvgPrc', 'D_FINBERT_AvgScr_Ex', 'D_FINBERT_Sent_AvgEx']",14,3,0.001,7,04/03/2023,64,0.421052632,0.501611171,63.3809842,0.034821674,7568.935848,0.504493939,83.95838673,4.64864766,86.95811589,0.047858844,13103.02606,0.416666667,114.4684501,6.370303602,0
15/08/2025 13:02,26.8s,9d75c83cd02a4c52ac0a0aedc94e05c7,ETH_base_ETH_blk,LOCAL,/home/ec2-user/ETH_Price_Predition/.venv/lib/python3.11/site-packages/ipykernel_launcher.py,ec2-user,FINISHED,32,0.05,28,"['ETH_D_AvgPrc', 'ETH_YF_Vol', 'ETH_ES_AvgTransFee', 'ETH_ES_BlkTm', 'ETH_ES_GasUsd', 'ETH_ES_AvgGasPrc']",28,2,0.01,7,04/03/2023,64,0.398496241,0.454350161,66.55592072,0.036431024,7569.547522,0.46081082,83.99841173,4.61254528,95.66742104,0.05182354,13668.36236,0.408450704,116.9117717,6.294161271,0
15/08/2025 22:45,39.7s,6ee603c3fcaa4122b632bba74ef2484f,ETH_base_sent_finbert,LOCAL,/home/ec2-user/ETH_Price_Predition/.venv/lib/python3.11/site-packages/ipykernel_launcher.py,ec2-user,FINISHED,32,0.1,47,"['ETH_D_AvgPrc', 'D_FINBERT_AvgScr_Ex', 'D_FINBERT_Sent_AvgEx']",21,3,0.01,7,04/03/2023,64,0.413533835,0.500537057,66.80701615,0.036839271,7380.424779,0.506489146,84.01524749,4.690445428,89.03976073,0.048986297,12282.86309,0.424657534,110.828079,6.189788346,0
15/08/2025 23:09,35.1s,36394d455ace4146a8247897979e44b5,ETH_base_sent_finbert,LOCAL,/home/ec2-user/ETH_Price_Predition/.venv/lib/python3.11/site-packages/ipykernel_launcher.py,ec2-user,FINISHED,64,0.1,65,"['ETH_D_AvgPrc', 'D_FINBERT_AvgScr_Ex', 'D_FINBERT_Sent_AvgEx']",28,3,0.01,7,04/03/2023,32,0.443609023,0.511278195,67.29466515,0.037027436,7541.856017,0.517005106,84.01587674,4.678618063,93.27306418,0.051251904,12731.46388,0.452054795,112.8337888,6.297085084,0
15/08/2025 20:18,46.4s,e2bdf75388b240199b9eb46d6b16a84e,ETH_base_sent_vader,LOCAL,/home/ec2-user/ETH_Price_Predition/.venv/lib/python3.11/site-packages/ipykernel_launcher.py,ec2-user,FINISHED,32,0.1,85,"['ETH_D_AvgPrc', 'D_VADER_AvgScr_Ex', 'D_VADER_Sent_AvgEx']",14,2,0.001,7,04/03/2023,32,0.45112782,0.504833512,64.16383462,0.035181136,7672.085617,0.509110564,84.01677728,4.629850763,89.17247732,0.048707932,13890.54169,0.457142857,117.8581422,6.461671225,0
15/08/2025 13:07,20.7s,ac017b37bc7d40c8a06ebb15e8cbd94c,ETH_base_ETH_blk,LOCAL,/home/ec2-user/ETH_Price_Predition/.venv/lib/python3.11/site-packages/ipykernel_launcher.py,ec2-user,FINISHED,64,0.1,37,"['ETH_D_AvgPrc', 'ETH_YF_Vol', 'ETH_ES_AvgTransFee', 'ETH_ES_BlkTm', 'ETH_ES_GasUsd', 'ETH_ES_AvgGasPrc']",28,2,0.01,7,04/03/2023,64,0.443609023,0.455424275,65.5311866,0.035796391,7443.280352,0.45996914,84.02463234,4.576578615,82.82951757,0.045216487,11530.96324,0.449275362,107.3823228,5.858161131,0
15/08/2025 13:06,41.0s,e5915ef573ec445fb5ed9e430385b086,ETH_base_ETH_blk,LOCAL,/home/ec2-user/ETH_Price_Predition/.venv/lib/python3.11/site-packages/ipykernel_launcher.py,ec2-user,FINISHED,32,0.1,58,"['ETH_D_AvgPrc', 'ETH_YF_Vol', 'ETH_ES_AvgTransFee', 'ETH_ES_BlkTm', 'ETH_ES_GasUsd', 'ETH_ES_AvgGasPrc']",28,2,0.001,7,04/03/2023,64,0.428571429,0.455424275,65.77414009,0.03601514,7501.1373,0.462061548,84.02549085,4.600487119,84.2290537,0.046189023,12145.1214,0.436619718,110.2049064,6.07086054,0
15/08/2025 21:43,28.6s,6bd5cd7e1fe54a219c3750b66953421d,ETH_base_sent_finbert,LOCAL,/home/ec2-user/ETH_Price_Predition/.venv/lib/python3.11/site-packages/ipykernel_launcher.py,ec2-user,FINISHED,64,0.1,84,"['ETH_D_AvgPrc', 'D_FINBERT_AvgScr_Ex', 'D_FINBERT_Sent_AvgEx']",7,2,0.001,7,04/03/2023,64,0.45112782,0.514500537,65.63883662,0.036191268,7536.549847,0.521194098,84.05432158,4.69396683,84.4645076,0.046478698,11926.68556,0.451612903,109.2093657,6.095266516,0
15/08/2025 20:48,17.8s,d8537c2ca15a4d8a872fee38cd429eb3,ETH_base_sent_vader,LOCAL,/home/ec2-user/ETH_Price_Predition/.venv/lib/python3.11/site-packages/ipykernel_launcher.py,ec2-user,FINISHED,64,0,20,"['ETH_D_AvgPrc', 'D_VADER_AvgScr_Ex', 'D_VADER_Sent_AvgEx']",21,3,0.01,7,04/03/2023,64,0.398496241,0.50698174,63.94750675,0.035021456,7603.796974,0.510569509,84.05559374,4.614352408,87.96935507,0.048139492,13476.59922,0.405797101,116.0887558,6.378805938,0
15/08/2025 20:11,20.1s,61ac1335db934c11bb81696130741eae,ETH_base_sent_vader,LOCAL,/home/ec2-user/ETH_Price_Predition/.venv/lib/python3.11/site-packages/ipykernel_launcher.py,ec2-user,FINISHED,64,0.1,27,"['ETH_D_AvgPrc', 'D_VADER_AvgScr_Ex', 'D_VADER_Sent_AvgEx']",7,3,0.01,7,04/03/2023,64,0.428571429,0.487647691,65.5979354,0.035849268,7351.251088,0.491835537,84.08199024,4.601437362,83.72388866,0.045761452,11823.67829,0.428571429,108.7367385,5.947458784,0
15/08/2025 12:25,13.8s,09f4a93562004c2d84bfa7a2a23ea36c,ETH_base_ETH_blk,LOCAL,/home/ec2-user/ETH_Price_Predition/.venv/lib/python3.11/site-packages/ipykernel_launcher.py,ec2-user,FINISHED,64,0.1,14,"['ETH_D_AvgPrc', 'ETH_YF_Vol', 'ETH_ES_AvgTransFee', 'ETH_ES_BlkTm', 'ETH_ES_GasUsd', 'ETH_ES_AvgGasPrc']",14,2,0.01,7,04/03/2023,32,0.443609023,0.474758324,65.87742508,0.036093061,7460.219779,0.478850133,84.10587731,4.618636842,81.90728783,0.044994855,11303.35503,0.446153846,106.3172377,5.896395091,0
15/08/2025 12:58,19.1s,4695130554dc4f7983aca83eae8ce83b,ETH_base_ETH_blk,LOCAL,/home/ec2-user/ETH_Price_Predition/.venv/lib/python3.11/site-packages/ipykernel_launcher.py,ec2-user,FINISHED,64,0,32,"['ETH_D_AvgPrc', 'ETH_YF_Vol', 'ETH_ES_AvgTransFee', 'ETH_ES_BlkTm', 'ETH_ES_GasUsd', 'ETH_ES_AvgGasPrc']",28,2,0.01,7,04/03/2023,32,0.406015038,0.45972073,65.05040009,0.035699129,7407.88605,0.462696822,84.10691663,4.628398393,77.18067622,0.042045268,10809.0166,0.40625,103.9664205,5.654575201,0
15/08/2025 13:15,35.2s,adfb26692a8a4e19b04f92befe404a2e,ETH_base_ETH_blk,LOCAL,/home/ec2-user/ETH_Price_Predition/.venv/lib/python3.11/site-packages/ipykernel_launcher.py,ec2-user,FINISHED,32,0.1,32,"['ETH_D_AvgPrc', 'ETH_YF_Vol', 'ETH_ES_AvgTransFee', 'ETH_ES_BlkTm', 'ETH_ES_GasUsd', 'ETH_ES_AvgGasPrc']",28,3,0.01,7,04/03/2023,32,0.443609023,0.472610097,64.16015782,0.035581856,7321.882661,0.477922282,84.14217101,4.742961398,78.10659698,0.042724156,10868.34723,0.447761194,104.2513656,5.718663838,0
15/08/2025 21:50,40.4s,cb822d487149455abe9ad4870a9b79ad,ETH_base_sent_finbert,LOCAL,/home/ec2-user/ETH_Price_Predition/.venv/lib/python3.11/site-packages/ipykernel_launcher.py,ec2-user,FINISHED,64,0.05,106,"['ETH_D_AvgPrc', 'D_FINBERT_AvgScr_Ex', 'D_FINBERT_Sent_AvgEx']",7,3,0.001,7,04/03/2023,32,0.443609023,0.516648765,65.1884864,0.035852898,7495.203788,0.521836194,84.16283959,4.674433936,84.99575026,0.046771273,12126.67624,0.446153846,110.1211889,6.137842582,0
15/08/2025 22:37,48.3s,62750f7310104a4baa123b35a7e5fa26,ETH_base_sent_finbert,LOCAL,/home/ec2-user/ETH_Price_Predition/.venv/lib/python3.11/site-packages/ipykernel_launcher.py,ec2-user,FINISHED,32,0.05,55,"['ETH_D_AvgPrc', 'D_FINBERT_AvgScr_Ex', 'D_FINBERT_Sent_AvgEx']",21,3,0.001,7,04/03/2023,32,0.37593985,0.494092374,65.50084505,0.036256333,7514.611107,0.500365362,84.16608,4.751766025,85.13028092,0.046887879,11817.1614,0.391891892,108.7067679,6.087543921,0
15/08/2025 22:29,30.2s,b942bbca80a546648d99396f5aaa9a6d,ETH_base_sent_finbert,LOCAL,/home/ec2-user/ETH_Price_Predition/.venv/lib/python3.11/site-packages/ipykernel_launcher.py,ec2-user,FINISHED,64,0.05,80,"['ETH_D_AvgPrc', 'D_FINBERT_AvgScr_Ex', 'D_FINBERT_Sent_AvgEx']",21,2,0.001,7,04/03/2023,64,0.398496241,0.468313641,65.73969804,0.036318554,7469.420158,0.472431184,84.17586873,4.723961464,89.29925239,0.049532187,13004.04748,0.405797101,114.0352905,6.44591934,0
15/08/2025 18:36,26.6s,65274ea14c40447ab1ca6c7842eb934e,ETH_base_BTC_blk_LTC_blk,LOCAL,/home/ec2-user/ETH_Price_Predition/.venv/lib/python3.11/site-packages/ipykernel_launcher.py,ec2-user,FINISHED,32,0,19,"['ETH_D_AvgPrc', 'BTC_D_AvgPrc', 'LTC_D_AvgPrc']",14,3,0.001,7,04/03/2023,32,0.466165414,0.468313641,64.46283916,0.035452231,7404.368882,0.47144542,84.22087338,4.653523258,82.28748866,0.044883466,11025.31322,0.46875,105.0014915,5.742554879,0
15/08/2025 12:06,27.7s,1d6a00f40fa74702828b41567812c2d7,ETH_base_ETH_blk,LOCAL,/home/ec2-user/ETH_Price_Predition/.venv/lib/python3.11/site-packages/ipykernel_launcher.py,ec2-user,FINISHED,64,0.1,76,"['ETH_D_AvgPrc', 'ETH_YF_Vol', 'ETH_ES_AvgTransFee', 'ETH_ES_BlkTm', 'ETH_ES_GasUsd', 'ETH_ES_AvgGasPrc']",7,2,0.001,7,04/03/2023,32,0.481203008,0.461868958,63.64741485,0.034918584,7448.067764,0.466810685,84.24470373,4.632685298,78.83860859,0.043260232,11170.31933,0.485294118,105.6897314,5.842332173,0
15/08/2025 18:13,19.4s,e22dde8d9f794373a8b90e7cc08263a6,ETH_base_BTC_blk_LTC_blk,LOCAL,/home/ec2-user/ETH_Price_Predition/.venv/lib/python3.11/site-packages/ipykernel_launcher.py,ec2-user,FINISHED,32,0,9,"['ETH_D_AvgPrc', 'BTC_D_AvgPrc', 'LTC_D_AvgPrc']",7,3,0.01,7,04/03/2023,64,0.458646617,0.45972073,65.41378027,0.03567117,7583.063726,0.464051267,84.25126252,4.596233629,89.2591835,0.048319878,12915.38118,0.461538462,113.6458586,6.131175402,0
15/08/2025 12:41,18.8s,00fbecf5846b4ed28683f7d9b4c457ef,ETH_base_ETH_blk,LOCAL,/home/ec2-user/ETH_Price_Predition/.venv/lib/python3.11/site-packages/ipykernel_launcher.py,ec2-user,FINISHED,64,0.05,32,"['ETH_D_AvgPrc', 'ETH_YF_Vol', 'ETH_ES_AvgTransFee', 'ETH_ES_BlkTm', 'ETH_ES_GasUsd', 'ETH_ES_AvgGasPrc']",21,2,0.01,7,04/03/2023,32,0.458646617,0.481203008,65.85562904,0.036032804,7582.866752,0.485354708,84.26147884,4.609129504,89.84613106,0.048937247,12688.32634,0.461538462,112.6424713,6.12836049,0
15/08/2025 21:19,43.2s,5a3077117c0643deb53a23b3f98d3d02,ETH_base_sent_vader,LOCAL,/home/ec2-user/ETH_Price_Predition/.venv/lib/python3.11/site-packages/ipykernel_launcher.py,ec2-user,FINISHED,32,0.1,51,"['ETH_D_AvgPrc', 'D_VADER_AvgScr_Ex', 'D_VADER_Sent_AvgEx']",28,3,0.01,7,04/03/2023,32,0.406015038,0.494092374,65.9130051,0.036291616,7704.479219,0.498902477,84.28143764,4.668948005,90.76866184,0.049594336,13471.81317,0.414285714,116.0681402,6.349284849,0
15/08/2025 12:17,22.8s,81bc3d4bd51c450a80187e19096e22bd,ETH_base_ETH_blk,LOCAL,/home/ec2-user/ETH_Price_Predition/.venv/lib/python3.11/site-packages/ipykernel_launcher.py,ec2-user,FINISHED,64,0.1,38,"['ETH_D_AvgPrc', 'ETH_YF_Vol', 'ETH_ES_AvgTransFee', 'ETH_ES_BlkTm', 'ETH_ES_GasUsd', 'ETH_ES_AvgGasPrc']",7,3,0.001,7,04/03/2023,32,0.481203008,0.476906552,63.49166414,0.03493401,7350.491311,0.483126593,84.31242155,4.668370535,77.12111234,0.042409893,10637.28875,0.486111111,103.1372326,5.743376307,0
15/08/2025 12:09,15.9s,16c9d2a462914a84a92fee4e00a5232c,ETH_base_ETH_blk,LOCAL,/home/ec2-user/ETH_Price_Predition/.venv/lib/python3.11/site-packages/ipykernel_launcher.py,ec2-user,FINISHED,64,0,13,"['ETH_D_AvgPrc', 'ETH_YF_Vol', 'ETH_ES_AvgTransFee', 'ETH_ES_BlkTm', 'ETH_ES_GasUsd', 'ETH_ES_AvgGasPrc']",7,3,0.01,7,04/03/2023,32,0.466165414,0.471535983,64.18033096,0.035439692,7443.373012,0.478758493,84.39305171,4.704475371,79.96843496,0.043942753,11086.52986,0.472222222,105.2925917,5.844920372,0
16/08/2025 00:07,52.9s,2ce6071bcd7e48f599dbcaca642424aa,ETH_base_sent_cryptobert,LOCAL,/home/ec2-user/ETH_Price_Predition/.venv/lib/python3.11/site-packages/ipykernel_launcher.py,ec2-user,FINISHED,32,0,88,"['ETH_D_AvgPrc', 'D_CRYPTOBERT_AvgScr_Ex', 'D_CRYPTOBERT_Sent_AvgEx']",21,2,0.001,7,04/03/2023,32,0.466165414,0.511278195,64.94482186,0.035620139,7483.491803,0.515011307,84.41047376,4.662922118,83.6746365,0.045995777,12847.84374,0.470588235,113.3483292,6.306467671,0
15/08/2025 20:27,40.0s,69419c0b50fd4c82b980bda350952542,ETH_base_sent_vader,LOCAL,/home/ec2-user/ETH_Price_Predition/.venv/lib/python3.11/site-packages/ipykernel_launcher.py,ec2-user,FINISHED,32,0.05,51,"['ETH_D_AvgPrc', 'D_VADER_AvgScr_Ex', 'D_VADER_Sent_AvgEx']",14,3,0.001,7,04/03/2023,64,0.406015038,0.496240602,64.37510883,0.035331264,7745.03356,0.500311326,84.4228223,4.662181415,90.71980572,0.049857442,14142.06735,0.409090909,118.9204244,6.608765441,0
15/08/2025 21:07,28.6s,8439426956254567937702d2e7fa65b6,ETH_base_sent_vader,LOCAL,/home/ec2-user/ETH_Price_Predition/.venv/lib/python3.11/site-packages/ipykernel_launcher.py,ec2-user,FINISHED,64,0.1,70,"['ETH_D_AvgPrc', 'D_VADER_AvgScr_Ex', 'D_VADER_Sent_AvgEx']",28,2,0.001,7,04/03/2023,32,0.436090226,0.509129968,63.57237373,0.034767843,7551.468636,0.512305701,84.44881753,4.61696466,86.1034282,0.046853356,12787.40166,0.435483871,113.0813939,6.134247382,0
15/08/2025 23:55,33.8s,c2a64317a0974c1db3d8c9b7011b3717,ETH_base_sent_cryptobert,LOCAL,/home/ec2-user/ETH_Price_Predition/.venv/lib/python3.11/site-packages/ipykernel_launcher.py,ec2-user,FINISHED,64,0,77,"['ETH_D_AvgPrc', 'D_CRYPTOBERT_AvgScr_Ex', 'D_CRYPTOBERT_Sent_AvgEx']",14,3,0.001,7,04/03/2023,32,0.473684211,0.497314715,64.7802067,0.035707169,7716.015601,0.502250465,84.45911326,4.695037569,88.12691113,0.048635208,14059.97354,0.47826087,118.5747593,6.614451306,0
15/08/2025 12:04,14.2s,acbb1081da624beda013514f8f47bff1,ETH_base_ETH_blk,LOCAL,/home/ec2-user/ETH_Price_Predition/.venv/lib/python3.11/site-packages/ipykernel_launcher.py,ec2-user,FINISHED,64,0.05,17,"['ETH_D_AvgPrc', 'ETH_YF_Vol', 'ETH_ES_AvgTransFee', 'ETH_ES_BlkTm', 'ETH_ES_GasUsd', 'ETH_ES_AvgGasPrc']",7,2,0.01,7,04/03/2023,64,0.473684211,0.473684211,65.1218798,0.03567767,7554.330737,0.478928344,84.4793213,4.641123148,80.44969258,0.043787382,10958.22533,0.47826087,104.6815424,5.70742236,0
16/08/2025 00:26,25.6s,7d0389d0d1af47c99790dbce39a4a06a,ETH_base_sent_cryptobert,LOCAL,/home/ec2-user/ETH_Price_Predition/.venv/lib/python3.11/site-packages/ipykernel_launcher.py,ec2-user,FINISHED,32,0.05,18,"['ETH_D_AvgPrc', 'D_CRYPTOBERT_AvgScr_Ex', 'D_CRYPTOBERT_Sent_AvgEx']",21,3,0.01,7,04/03/2023,64,0.443609023,0.468313641,63.88577608,0.034993885,7590.85466,0.475059444,84.50987565,4.652423966,84.07847997,0.046166823,12613.98467,0.452054795,112.311997,6.220490952,0
16/08/2025 00:14,13.9s,acf4321d4b774a588a69aaeb113c4403,ETH_base_sent_cryptobert,LOCAL,/home/ec2-user/ETH_Price_Predition/.venv/lib/python3.11/site-packages/ipykernel_launcher.py,ec2-user,FINISHED,64,0.05,15,"['ETH_D_AvgPrc', 'D_CRYPTOBERT_AvgScr_Ex', 'D_CRYPTOBERT_Sent_AvgEx']",21,2,0.01,7,04/03/2023,64,0.473684211,0.472610097,64.3488506,0.035256921,7587.233208,0.479607493,84.51243216,4.649837036,84.91378004,0.046252063,12493.60277,0.479452055,111.7747859,6.107030389,0
15/08/2025 22:24,14.0s,a00cd3c0466e4f9c9e2699c1842aedb8,ETH_base_sent_finbert,LOCAL,/home/ec2-user/ETH_Price_Predition/.venv/lib/python3.11/site-packages/ipykernel_launcher.py,ec2-user,FINISHED,64,0,17,"['ETH_D_AvgPrc', 'D_FINBERT_AvgScr_Ex', 'D_FINBERT_Sent_AvgEx']",21,2,0.01,7,04/03/2023,64,0.421052632,0.49301826,65.45533138,0.036201998,7788.410431,0.497956026,84.52888781,4.746059798,94.85417623,0.052206325,14820.86259,0.428571429,121.7409651,6.763189402,0
15/08/2025 22:21,27.7s,0852bbb5b9bd421984d99ecd5add14a7,ETH_base_sent_finbert,LOCAL,/home/ec2-user/ETH_Price_Predition/.venv/lib/python3.11/site-packages/ipykernel_launcher.py,ec2-user,FINISHED,64,0.1,53,"['ETH_D_AvgPrc', 'D_FINBERT_AvgScr_Ex', 'D_FINBERT_Sent_AvgEx']",14,3,0.001,7,04/03/2023,64,0.383458647,0.501611171,64.21745633,0.035367252,7545.229473,0.507302302,84.53124226,4.718199804,84.69732551,0.046271511,11856.86694,0.397260274,108.8892416,5.999411817,0
15/08/2025 20:36,32.6s,4bd8efefe6b3487fbd2c98e93bee9460,ETH_base_sent_vader,LOCAL,/home/ec2-user/ETH_Price_Predition/.venv/lib/python3.11/site-packages/ipykernel_launcher.py,ec2-user,FINISHED,64,0,89,"['ETH_D_AvgPrc', 'D_VADER_AvgScr_Ex', 'D_VADER_Sent_AvgEx']",21,2,0.001,7,04/03/2023,64,0.398496241,0.494092374,65.65924394,0.036096334,7793.071994,0.49879645,84.54191214,4.679337363,89.22622681,0.048689831,13813.75859,0.405797101,117.5319471,6.438230654,0
15/08/2025 22:16,30.9s,abbee2f8229a46779439f0c838a1b3dc,ETH_base_sent_finbert,LOCAL,/home/ec2-user/ETH_Price_Predition/.venv/lib/python3.11/site-packages/ipykernel_launcher.py,ec2-user,FINISHED,32,0.1,30,"['ETH_D_AvgPrc', 'D_FINBERT_AvgScr_Ex', 'D_FINBERT_Sent_AvgEx']",14,3,0.01,7,04/03/2023,32,0.443609023,0.499462943,66.76012371,0.037282522,7389.903534,0.503815247,84.54956239,4.876400111,83.10409041,0.046083135,11340.22118,0.442622951,106.4904746,6.078596194,0
15/08/2025 21:44,48.1s,00988e7050374d1d86c95f2497d1d914,ETH_base_sent_finbert,LOCAL,/home/ec2-user/ETH_Price_Predition/.venv/lib/python3.11/site-packages/ipykernel_launcher.py,ec2-user,FINISHED,32,0,77,"['ETH_D_AvgPrc', 'D_FINBERT_AvgScr_Ex', 'D_FINBERT_Sent_AvgEx']",7,3,0.001,7,04/03/2023,32,0.436090226,0.504833512,65.93610019,0.036090152,7677.048354,0.510883494,84.63988107,4.651650374,85.27981567,0.046732991,12349.79333,0.441176471,111.129624,6.137765456,0
15/08/2025 17:43,30.0s,903fa5588c704214917a43c543dee19d,ETH_base_LTC_blk,LOCAL,/home/ec2-user/ETH_Price_Predition/.venv/lib/python3.11/site-packages/ipykernel_launcher.py,ec2-user,FINISHED,32,0.1,36,"['ETH_D_AvgPrc', 'LTC_D_AvgPrc', 'LTC_YF_Vol', 'LTC_OL_MinDif', 'LTC_BIC_HshRt']",28,2,0.01,7,04/03/2023,32,0.466165414,0.504833512,66.5914879,0.036637834,7606.114372,0.50928957,84.67424376,4.722335173,100.0218894,0.053954283,14175.95067,0.472222222,119.0628014,6.393752264,0
15/08/2025 21:34,18.5s,8c22464ce5de40559ceadb089e2f4348,ETH_base_sent_finbert,LOCAL,/home/ec2-user/ETH_Price_Predition/.venv/lib/python3.11/site-packages/ipykernel_launcher.py,ec2-user,FINISHED,64,0,42,"['ETH_D_AvgPrc', 'D_FINBERT_AvgScr_Ex', 'D_FINBERT_Sent_AvgEx']",7,2,0.01,7,04/03/2023,32,0.45112782,0.508055854,65.3341349,0.035730719,7512.207579,0.513487698,84.75374911,4.647371644,80.9246677,0.044165173,11718.75838,0.454545455,108.2532142,5.922822332,0
15/08/2025 17:47,25.4s,995117366df34c72aed970b21d2fa174,ETH_base_LTC_blk,LOCAL,/home/ec2-user/ETH_Price_Predition/.venv/lib/python3.11/site-packages/ipykernel_launcher.py,ec2-user,FINISHED,64,0.1,55,"['ETH_D_AvgPrc', 'LTC_D_AvgPrc', 'LTC_YF_Vol', 'LTC_OL_MinDif', 'LTC_BIC_HshRt']",28,2,0.01,7,04/03/2023,64,0.413533835,0.476906552,67.43601903,0.03692923,7847.387183,0.481475008,84.7864072,4.678679216,110.366682,0.059346799,16738.97956,0.415384615,129.3792084,6.913353473,0
16/08/2025 00:23,19.0s,f8ab742d14fb4085af9fe2393b69d7be,ETH_base_sent_cryptobert,LOCAL,/home/ec2-user/ETH_Price_Predition/.venv/lib/python3.11/site-packages/ipykernel_launcher.py,ec2-user,FINISHED,64,0,24,"['ETH_D_AvgPrc', 'D_CRYPTOBERT_AvgScr_Ex', 'D_CRYPTOBERT_Sent_AvgEx']",21,3,0.01,7,04/03/2023,64,0.473684211,0.47905478,65.64110882,0.036215986,7571.816639,0.484133498,84.79438277,4.725428837,79.67617247,0.043815034,11928.10727,0.47761194,109.2158746,6.076566299,0
16/08/2025 00:32,25.3s,0cd06ac8753646ddab0a55bc5632ffea,ETH_base_sent_cryptobert,LOCAL,/home/ec2-user/ETH_Price_Predition/.venv/lib/python3.11/site-packages/ipykernel_launcher.py,ec2-user,FINISHED,32,0.1,14,"['ETH_D_AvgPrc', 'D_CRYPTOBERT_AvgScr_Ex', 'D_CRYPTOBERT_Sent_AvgEx']",21,3,0.01,7,04/03/2023,64,0.458646617,0.477980666,65.95034007,0.036569577,7518.104578,0.483667207,84.80732122,4.773110701,80.48604154,0.044442864,11237.61457,0.465753425,106.0076156,5.958580526,0
15/08/2025 22:36,28.1s,0bca4139f8564451b0bbda928d006711,ETH_base_sent_finbert,LOCAL,/home/ec2-user/ETH_Price_Predition/.venv/lib/python3.11/site-packages/ipykernel_launcher.py,ec2-user,FINISHED,64,0,56,"['ETH_D_AvgPrc', 'D_FINBERT_AvgScr_Ex', 'D_FINBERT_Sent_AvgEx']",21,3,0.001,7,04/03/2023,64,0.398496241,0.475832438,65.81342018,0.036369747,7573.541773,0.48104178,84.81696279,4.755417563,85.7512526,0.047149426,11881.59239,0.405797101,109.0027173,6.068351804,0
15/08/2025 20:57,21.0s,575797d6049d4ff89a478c0389bb839e,ETH_base_sent_vader,LOCAL,/home/ec2-user/ETH_Price_Predition/.venv/lib/python3.11/site-packages/ipykernel_launcher.py,ec2-user,FINISHED,64,0.1,29,"['ETH_D_AvgPrc', 'D_VADER_AvgScr_Ex', 'D_VADER_Sent_AvgEx']",21,3,0.01,7,04/03/2023,64,0.443609023,0.495166488,66.03535693,0.036387111,7677.194662,0.49975328,84.89287914,4.732275285,85.71826195,0.046989244,12507.23958,0.447761194,111.8357706,6.193302,0
15/08/2025 12:13,25.4s,3c3f310cef7c4fdc8cdc5ca143813fcc,ETH_base_ETH_blk,LOCAL,/home/ec2-user/ETH_Price_Predition/.venv/lib/python3.11/site-packages/ipykernel_launcher.py,ec2-user,FINISHED,64,0.05,47,"['ETH_D_AvgPrc', 'ETH_YF_Vol', 'ETH_ES_AvgTransFee', 'ETH_ES_BlkTm', 'ETH_ES_GasUsd', 'ETH_ES_AvgGasPrc']",7,3,0.001,7,04/03/2023,32,0.473684211,0.474758324,64.03698822,0.035263595,7515.807376,0.48011313,84.9405316,4.70530496,78.99393756,0.043432585,11001.53997,0.478873239,104.8882261,5.830414857,0
15/08/2025 18:26,14.1s,61ed9f12bdff4b759a4dccaf5b90e1c3,ETH_base_BTC_blk_LTC_blk,LOCAL,/home/ec2-user/ETH_Price_Predition/.venv/lib/python3.11/site-packages/ipykernel_launcher.py,ec2-user,FINISHED,32,0,3,"['ETH_D_AvgPrc', 'BTC_D_AvgPrc', 'LTC_D_AvgPrc']",14,2,0.01,7,04/03/2023,64,0.473684211,0.474758324,64.78719513,0.035432702,7540.646064,0.479445192,84.95201928,4.656117923,80.47391803,0.043833404,11057.93877,0.476923077,105.1567343,5.73138887,0
15/08/2025 12:22,20.3s,f605a464f2cc47e68ab1f2bbb19849c6,ETH_base_ETH_blk,LOCAL,/home/ec2-user/ETH_Price_Predition/.venv/lib/python3.11/site-packages/ipykernel_launcher.py,ec2-user,FINISHED,64,0.05,40,"['ETH_D_AvgPrc', 'ETH_YF_Vol', 'ETH_ES_AvgTransFee', 'ETH_ES_BlkTm', 'ETH_ES_GasUsd', 'ETH_ES_AvgGasPrc']",14,2,0.01,7,04/03/2023,32,0.406015038,0.47905478,66.06763954,0.03646016,7750.414247,0.481627088,84.97659274,4.742534682,88.46136727,0.04873915,13240.50882,0.4,115.0674099,6.432703358,0
15/08/2025 11:59,21.8s,0b4602d72ad349988838a0fda694b75e,ETH_base_ETH_blk,LOCAL,/home/ec2-user/ETH_Price_Predition/.venv/lib/python3.11/site-packages/ipykernel_launcher.py,ec2-user,FINISHED,32,0,24,"['ETH_D_AvgPrc', 'ETH_YF_Vol', 'ETH_ES_AvgTransFee', 'ETH_ES_BlkTm', 'ETH_ES_GasUsd', 'ETH_ES_AvgGasPrc']",7,2,0.01,7,04/03/2023,32,0.390977444,0.458646617,63.02886576,0.034493502,7902.968389,0.461653937,85.01753583,4.672429186,84.78726839,0.046180839,13025.77616,0.383333333,114.1305225,6.224143325,0
15/08/2025 21:16,31.2s,6d1cfff74d0944cc8d07685434181b45,ETH_base_sent_vader,LOCAL,/home/ec2-user/ETH_Price_Predition/.venv/lib/python3.11/site-packages/ipykernel_launcher.py,ec2-user,FINISHED,64,0.05,60,"['ETH_D_AvgPrc', 'D_VADER_AvgScr_Ex', 'D_VADER_Sent_AvgEx']",28,3,0.001,7,04/03/2023,32,0.406015038,0.491944146,65.18085241,0.035755764,7604.114798,0.496350461,85.03739964,4.668964956,84.78231628,0.046405229,12360.08827,0.409090909,111.1759339,6.106992101,0
15/08/2025 13:14,28.9s,caca93882d2c4e289974181f33458ba2,ETH_base_ETH_blk,LOCAL,/home/ec2-user/ETH_Price_Predition/.venv/lib/python3.11/site-packages/ipykernel_launcher.py,ec2-user,FINISHED,64,0.05,49,"['ETH_D_AvgPrc', 'ETH_YF_Vol', 'ETH_ES_AvgTransFee', 'ETH_ES_BlkTm', 'ETH_ES_GasUsd', 'ETH_ES_AvgGasPrc']",28,3,0.01,7,04/03/2023,64,0.398496241,0.457572503,69.28463571,0.037912142,7774.643522,0.460661658,85.06797354,4.656486813,92.70827421,0.05018118,12633.28784,0.402985075,112.3978996,6.035438281,0
15/08/2025 20:24,19.6s,40b1abe918ad412189ed4f76e31de626,ETH_base_sent_vader,LOCAL,/home/ec2-user/ETH_Price_Predition/.venv/lib/python3.11/site-packages/ipykernel_launcher.py,ec2-user,FINISHED,64,0,28,"['ETH_D_AvgPrc', 'D_VADER_AvgScr_Ex', 'D_VADER_Sent_AvgEx']",14,3,0.01,7,04/03/2023,64,0.398496241,0.502685285,65.11230928,0.035635849,7784.74716,0.507267881,85.07369396,4.672070616,88.31386457,0.048434284,13701.46941,0.4,117.0532759,6.461730007,0
15/08/2025 22:41,33.0s,3339e0ab8f194f539ca63140644d7856,ETH_base_sent_finbert,LOCAL,/home/ec2-user/ETH_Price_Predition/.venv/lib/python3.11/site-packages/ipykernel_launcher.py,ec2-user,FINISHED,64,0.05,69,"['ETH_D_AvgPrc', 'D_FINBERT_AvgScr_Ex', 'D_FINBERT_Sent_AvgEx']",21,3,0.001,7,04/03/2023,64,0.37593985,0.484425349,65.71032315,0.036329946,7708.086541,0.489616279,85.09109533,4.786183727,85.16696901,0.046882912,11991.58667,0.378787879,109.5061033,6.112025319,0
15/08/2025 12:46,26.0s,e35689672dbc410bb06793458a53a40d,ETH_base_ETH_blk,LOCAL,/home/ec2-user/ETH_Price_Predition/.venv/lib/python3.11/site-packages/ipykernel_launcher.py,ec2-user,FINISHED,32,0,19,"['ETH_D_AvgPrc', 'ETH_YF_Vol', 'ETH_ES_AvgTransFee', 'ETH_ES_BlkTm', 'ETH_ES_GasUsd', 'ETH_ES_AvgGasPrc']",21,3,0.01,7,04/03/2023,32,0.443609023,0.475832438,65.66715982,0.03608015,7792.688677,0.480568078,85.0922408,4.70275151,89.14573061,0.048849875,13066.16257,0.446153846,114.3073164,6.329190522,0
15/08/2025 20:30,16.9s,701716748de0478b84049911f5df0b18,ETH_base_sent_vader,LOCAL,/home/ec2-user/ETH_Price_Predition/.venv/lib/python3.11/site-packages/ipykernel_launcher.py,ec2-user,FINISHED,64,0.1,16,"['ETH_D_AvgPrc', 'D_VADER_AvgScr_Ex', 'D_VADER_Sent_AvgEx']",14,3,0.01,7,04/03/2023,32,0.398496241,0.509129968,65.45510389,0.036169241,7585.062214,0.513134484,85.10762822,4.751913449,83.13976707,0.045712959,11964.27284,0.405797101,109.3813185,6.070507682,0
15/08/2025 12:15,25.2s,336256bec7b64f78a09ef68b765c784c,ETH_base_ETH_blk,LOCAL,/home/ec2-user/ETH_Price_Predition/.venv/lib/python3.11/site-packages/ipykernel_launcher.py,ec2-user,FINISHED,64,0.05,45,"['ETH_D_AvgPrc', 'ETH_YF_Vol', 'ETH_ES_AvgTransFee', 'ETH_ES_BlkTm', 'ETH_ES_GasUsd', 'ETH_ES_AvgGasPrc']",7,3,0.01,7,04/03/2023,64,0.436090226,0.477980666,64.69826258,0.035576065,7543.347374,0.482857419,85.13133505,4.706514796,80.90673713,0.044194322,11725.24296,0.441176471,108.283161,5.943783713,0
16/08/2025 00:19,28.2s,b96a0673da6745628f897412ac1b6832,ETH_base_sent_cryptobert,LOCAL,/home/ec2-user/ETH_Price_Predition/.venv/lib/python3.11/site-packages/ipykernel_launcher.py,ec2-user,FINISHED,32,0,23,"['ETH_D_AvgPrc', 'D_CRYPTOBERT_AvgScr_Ex', 'D_CRYPTOBERT_Sent_AvgEx']",21,3,0.01,7,04/03/2023,32,0.421052632,0.500537057,64.97257981,0.035849379,7967.775247,0.505330537,85.13722768,4.743071168,86.39401796,0.04765693,13628.89747,0.424242424,116.742869,6.521133371,0
15/08/2025 20:35,33.3s,d45af386524948849d82ab6c9112b494,ETH_base_sent_vader,LOCAL,/home/ec2-user/ETH_Price_Predition/.venv/lib/python3.11/site-packages/ipykernel_launcher.py,ec2-user,FINISHED,64,0,98,"['ETH_D_AvgPrc', 'D_VADER_AvgScr_Ex', 'D_VADER_Sent_AvgEx']",21,2,0.001,7,04/03/2023,32,0.413533835,0.494092374,65.6096217,0.036024643,7861.534307,0.498257795,85.14274882,4.700571294,91.84742106,0.050133703,14064.76619,0.420289855,118.594967,6.493730805,0
15/08/2025 21:55,32.7s,73d41ca8db994114b2fbd18542fe04ac,ETH_base_sent_finbert,LOCAL,/home/ec2-user/ETH_Price_Predition/.venv/lib/python3.11/site-packages/ipykernel_launcher.py,ec2-user,FINISHED,64,0.1,78,"['ETH_D_AvgPrc', 'D_FINBERT_AvgScr_Ex', 'D_FINBERT_Sent_AvgEx']",7,3,0.001,7,04/03/2023,32,0.428571429,0.504833512,64.71709025,0.035662818,7612.119696,0.510757439,85.23914526,4.755817498,82.39275641,0.045320655,11645.54532,0.432835821,107.9145278,6.003918867,0
16/08/2025 00:21,15.4s,73a1b8d77e2247cdb30842ecec2ba7c9,ETH_base_sent_cryptobert,LOCAL,/home/ec2-user/ETH_Price_Predition/.venv/lib/python3.11/site-packages/ipykernel_launcher.py,ec2-user,FINISHED,64,0,11,"['ETH_D_AvgPrc', 'D_CRYPTOBERT_AvgScr_Ex', 'D_CRYPTOBERT_Sent_AvgEx']",21,3,0.01,7,04/03/2023,32,0.481203008,0.484425349,65.11432547,0.035910219,7624.464074,0.489583004,85.24368986,4.74428086,80.11112093,0.04392497,11655.2894,0.485714286,107.9596656,5.969594615,0
15/08/2025 20:10,35.1s,b4bd76473eee43caa16c80911174ffb4,ETH_base_sent_vader,LOCAL,/home/ec2-user/ETH_Price_Predition/.venv/lib/python3.11/site-packages/ipykernel_launcher.py,ec2-user,FINISHED,64,0.1,84,"['ETH_D_AvgPrc', 'D_VADER_AvgScr_Ex', 'D_VADER_Sent_AvgEx']",7,3,0.001,7,04/03/2023,32,0.421052632,0.511278195,63.87207215,0.034942815,7678.05047,0.514637626,85.24893604,4.669707627,85.62386075,0.046854956,12776.16651,0.421875,113.0317058,6.197702494,0
15/08/2025 12:22,22.6s,b3b7df5d56f24b8cbc7ef3b8392131bc,ETH_base_ETH_blk,LOCAL,/home/ec2-user/ETH_Price_Predition/.venv/lib/python3.11/site-packages/ipykernel_launcher.py,ec2-user,FINISHED,32,0.05,23,"['ETH_D_AvgPrc', 'ETH_YF_Vol', 'ETH_ES_AvgTransFee', 'ETH_ES_BlkTm', 'ETH_ES_GasUsd', 'ETH_ES_AvgGasPrc']",14,2,0.001,7,04/03/2023,32,0.421052632,0.477980666,65.11067621,0.035979308,7692.799972,0.482899023,85.27231043,4.755329567,84.30860866,0.046494756,12199.73452,0.426470588,110.4524084,6.164404211,0
15/08/2025 21:22,25.0s,f9d3e83ecca047d78e156087b5ebf681,ETH_base_sent_vader,LOCAL,/home/ec2-user/ETH_Price_Predition/.venv/lib/python3.11/site-packages/ipykernel_launcher.py,ec2-user,FINISHED,64,0.1,41,"['ETH_D_AvgPrc', 'D_VADER_AvgScr_Ex', 'D_VADER_Sent_AvgEx']",28,3,0.01,7,04/03/2023,64,0.390977444,0.491944146,65.1485144,0.035545178,7782.824092,0.496335456,85.28286152,4.647822147,87.06241166,0.04738432,13013.89428,0.397058824,114.0784567,6.194937702,0
15/08/2025 12:24,11.6s,d586eb7646e6484facef4839a9b14c10,ETH_base_ETH_blk,LOCAL,/home/ec2-user/ETH_Price_Predition/.venv/lib/python3.11/site-packages/ipykernel_launcher.py,ec2-user,FINISHED,64,0.05,4,"['ETH_D_AvgPrc', 'ETH_YF_Vol', 'ETH_ES_AvgTransFee', 'ETH_ES_BlkTm', 'ETH_ES_GasUsd', 'ETH_ES_AvgGasPrc']",14,2,0.01,7,04/03/2023,64,0.466165414,0.483351235,66.10799361,0.03660398,7587.956058,0.489133137,85.29087488,4.788070575,81.11220258,0.044674401,11412.06658,0.475,106.8272745,5.949525649,0
15/08/2025 12:18,23.2s,505e2b10921c41899a313a5bee0e5d76,ETH_base_ETH_blk,LOCAL,/home/ec2-user/ETH_Price_Predition/.venv/lib/python3.11/site-packages/ipykernel_launcher.py,ec2-user,FINISHED,64,0.1,37,"['ETH_D_AvgPrc', 'ETH_YF_Vol', 'ETH_ES_AvgTransFee', 'ETH_ES_BlkTm', 'ETH_ES_GasUsd', 'ETH_ES_AvgGasPrc']",7,3,0.01,7,04/03/2023,64,0.428571429,0.458646617,64.62262671,0.035410219,7637.794915,0.460532018,85.30155611,4.688800243,80.1456705,0.043845706,11626.12343,0.430769231,107.8245029,5.937073821,0
15/08/2025 22:09,16.3s,226465b4bdad4a20afee7619e5f277ee,ETH_base_sent_finbert,LOCAL,/home/ec2-user/ETH_Price_Predition/.venv/lib/python3.11/site-packages/ipykernel_launcher.py,ec2-user,FINISHED,64,0,13,"['ETH_D_AvgPrc', 'D_FINBERT_AvgScr_Ex', 'D_FINBERT_Sent_AvgEx']",14,3,0.01,7,04/03/2023,32,0.413533835,0.491944146,65.63491962,0.03619915,7642.411215,0.496576524,85.31701029,4.772233034,84.81976433,0.046672994,11918.38643,0.420289855,109.1713627,6.090443755,0
15/08/2025 12:36,26.4s,1b9fb725d17e4e6a8a56dbb31edbb1d6,ETH_base_ETH_blk,LOCAL,/home/ec2-user/ETH_Price_Predition/.venv/lib/python3.11/site-packages/ipykernel_launcher.py,ec2-user,FINISHED,64,0.1,46,"['ETH_D_AvgPrc', 'ETH_YF_Vol', 'ETH_ES_AvgTransFee', 'ETH_ES_BlkTm', 'ETH_ES_GasUsd', 'ETH_ES_AvgGasPrc']",14,3,0.001,7,04/03/2023,64,0.466165414,0.477980666,67.09395369,0.036929469,7680.550975,0.481773148,85.32490994,4.729852405,85.30492912,0.047027955,12145.65575,0.46875,110.2073307,6.164175124,0
15/08/2025 22:27,31.7s,b8e6a06ab42d486a89390a35b234a17e,ETH_base_sent_finbert,LOCAL,/home/ec2-user/ETH_Price_Predition/.venv/lib/python3.11/site-packages/ipykernel_launcher.py,ec2-user,FINISHED,64,0.05,89,"['ETH_D_AvgPrc', 'D_FINBERT_AvgScr_Ex', 'D_FINBERT_Sent_AvgEx']",21,2,0.001,7,04/03/2023,32,0.390977444,0.505907626,64.63698171,0.035728342,7666.498035,0.510115168,85.35439339,4.801486839,86.19937593,0.047492116,12125.76714,0.405405405,110.1170611,6.159320095,0
15/08/2025 20:17,27.2s,18086bd0a8564f88aa616ee0eb75be9d,ETH_base_sent_vader,LOCAL,/home/ec2-user/ETH_Price_Predition/.venv/lib/python3.11/site-packages/ipykernel_launcher.py,ec2-user,FINISHED,32,0.05,35,"['ETH_D_AvgPrc', 'D_VADER_AvgScr_Ex', 'D_VADER_Sent_AvgEx']",14,2,0.001,7,04/03/2023,64,0.413533835,0.500537057,64.97411401,0.035604407,7856.419808,0.504448805,85.37166842,4.699950388,88.62494241,0.04854412,13705.46349,0.420289855,117.0703357,6.450100739,0
15/08/2025 18:39,21.2s,fe2559daaaf74e5781d0c26362935e80,ETH_base_BTC_blk_LTC_blk,LOCAL,/home/ec2-user/ETH_Price_Predition/.venv/lib/python3.11/site-packages/ipykernel_launcher.py,ec2-user,FINISHED,64,0,31,"['ETH_D_AvgPrc', 'BTC_D_AvgPrc', 'LTC_D_AvgPrc']",14,3,0.001,7,04/03/2023,64,0.443609023,0.471535983,65.41232093,0.036021996,7672.731793,0.47483255,85.37195804,4.730007131,85.82672326,0.047208853,12354.88036,0.442622951,111.1525094,6.167219843,0
15/08/2025 21:55,31.9s,25939d0c5a4d4ced8905f4aafc4073d9,ETH_base_sent_finbert,LOCAL,/home/ec2-user/ETH_Price_Predition/.venv/lib/python3.11/site-packages/ipykernel_launcher.py,ec2-user,FINISHED,32,0.1,36,"['ETH_D_AvgPrc', 'D_FINBERT_AvgScr_Ex', 'D_FINBERT_Sent_AvgEx']",7,3,0.01,7,04/03/2023,64,0.406015038,0.508055854,65.3691755,0.035831407,7681.572962,0.51269128,85.42909506,4.704141241,84.00606611,0.04594039,11908.02985,0.414285714,109.1239197,5.993316817,0
15/08/2025 20:15,34.0s,90ccc68fb282469bb65b7bf6dabfe974,ETH_base_sent_vader,LOCAL,/home/ec2-user/ETH_Price_Predition/.venv/lib/python3.11/site-packages/ipykernel_launcher.py,ec2-user,FINISHED,32,0.05,55,"['ETH_D_AvgPrc', 'D_VADER_AvgScr_Ex', 'D_VADER_Sent_AvgEx']",14,2,0.001,7,04/03/2023,32,0.406015038,0.500537057,64.85827342,0.035594369,7904.407642,0.504296412,85.43378095,4.720377885,89.61192448,0.049144036,14101.62098,0.414285714,118.7502462,6.564323344,0
15/08/2025 21:04,38.5s,e2e665108ff34d5a8f92050d172ad127,ETH_base_sent_vader,LOCAL,/home/ec2-user/ETH_Price_Predition/.venv/lib/python3.11/site-packages/ipykernel_launcher.py,ec2-user,FINISHED,32,0.05,56,"['ETH_D_AvgPrc', 'D_VADER_AvgScr_Ex', 'D_VADER_Sent_AvgEx']",28,2,0.001,7,04/03/2023,64,0.428571429,0.485499463,65.59685971,0.035888864,7839.173885,0.490663658,85.44378084,4.672706616,88.1639581,0.048159661,13268.92082,0.430769231,115.1908018,6.289396577,0
15/08/2025 13:25,18.8s,a413d32c82d64c37adf29106d410f432,ETH_base_BTC_blk,LOCAL,/home/ec2-user/ETH_Price_Predition/.venv/lib/python3.11/site-packages/ipykernel_launcher.py,ec2-user,FINISHED,64,0,37,"['ETH_D_AvgPrc', 'BTC_D_AvgPrc', 'BTC_OL_MinDif', 'BTC_OL_AvgTransFee', 'BTC_BIC_HshRt']",7,2,0.001,7,04/03/2023,32,0.466165414,0.491944146,67.61908955,0.037259629,7675.710756,0.49644785,85.47090498,4.761296659,98.09502508,0.05301124,14316.53487,0.471428571,119.6517232,6.433909744,1
15/08/2025 18:27,20.9s,1d2456ff9c1d476abdb685897cad9f17,ETH_base_BTC_blk_LTC_blk,LOCAL,/home/ec2-user/ETH_Price_Predition/.venv/lib/python3.11/site-packages/ipykernel_launcher.py,ec2-user,FINISHED,32,0,21,"['ETH_D_AvgPrc', 'BTC_D_AvgPrc', 'LTC_D_AvgPrc']",14,2,0.001,7,04/03/2023,64,0.436090226,0.477980666,66.7601831,0.036884285,7674.362747,0.481105936,85.47127571,4.762827277,84.71589534,0.046552028,11751.42734,0.435483871,108.4040006,6.000957432,0
15/08/2025 12:33,23.0s,25a5080f037d43caa872273c49ac5043,ETH_base_ETH_blk,LOCAL,/home/ec2-user/ETH_Price_Predition/.venv/lib/python3.11/site-packages/ipykernel_launcher.py,ec2-user,FINISHED,64,0.05,34,"['ETH_D_AvgPrc', 'ETH_YF_Vol', 'ETH_ES_AvgTransFee', 'ETH_ES_BlkTm', 'ETH_ES_GasUsd', 'ETH_ES_AvgGasPrc']",14,3,0.01,7,04/03/2023,64,0.413533835,0.468313641,66.99812443,0.036922434,7726.336116,0.472046243,85.47554674,4.749637924,84.88332809,0.046696378,12016.95689,0.412698413,109.6218814,6.105555444,0
15/08/2025 12:50,31.1s,c1e6f8274868448facd9edea7ae7eeb1,ETH_base_ETH_blk,LOCAL,/home/ec2-user/ETH_Price_Predition/.venv/lib/python3.11/site-packages/ipykernel_launcher.py,ec2-user,FINISHED,32,0.05,27,"['ETH_D_AvgPrc', 'ETH_YF_Vol', 'ETH_ES_AvgTransFee', 'ETH_ES_BlkTm', 'ETH_ES_GasUsd', 'ETH_ES_AvgGasPrc']",21,3,0.01,7,04/03/2023,32,0.496240602,0.471535983,66.35081664,0.036453612,7714.194932,0.475447724,85.52885152,4.724849985,84.03572094,0.045861559,11558.80007,0.5,107.5118601,5.889168472,0
15/08/2025 19:50,23.9s,44707b080fa948bb9232af156c27048f,ETH_base_sent_vader,LOCAL,/home/ec2-user/ETH_Price_Predition/.venv/lib/python3.11/site-packages/ipykernel_launcher.py,ec2-user,FINISHED,32,0,32,"['ETH_D_AvgPrc', 'D_VADER_AvgScr_Ex', 'D_VADER_Sent_AvgEx']",7,2,0.01,7,04/03/2023,32,0.436090226,0.498388829,64.8846884,0.035485416,7907.062162,0.502866089,85.53655356,4.676801488,89.19580835,0.048704851,14488.89912,0.441176471,120.3698431,6.574798206,0
15/08/2025 20:20,27.2s,28102e48fe80413683ca640225af5f81,ETH_base_sent_vader,LOCAL,/home/ec2-user/ETH_Price_Predition/.venv/lib/python3.11/site-packages/ipykernel_launcher.py,ec2-user,FINISHED,32,0.1,35,"['ETH_D_AvgPrc', 'D_VADER_AvgScr_Ex', 'D_VADER_Sent_AvgEx']",14,2,0.001,7,04/03/2023,64,0.406015038,0.503759398,65.20861495,0.035815865,7821.587332,0.508193219,85.55653169,4.73001332,89.52802867,0.049115155,13872.02054,0.411764706,117.7795421,6.515083041,0
15/08/2025 12:20,19.9s,2db6cef0c1ec4f46baf4e4dd4de1c016,ETH_base_ETH_blk,LOCAL,/home/ec2-user/ETH_Price_Predition/.venv/lib/python3.11/site-packages/ipykernel_launcher.py,ec2-user,FINISHED,32,0,17,"['ETH_D_AvgPrc', 'ETH_YF_Vol', 'ETH_ES_AvgTransFee', 'ETH_ES_BlkTm', 'ETH_ES_GasUsd', 'ETH_ES_AvgGasPrc']",14,2,0.01,7,04/03/2023,64,0.413533835,0.473684211,67.96597333,0.037547949,7872.468523,0.479248635,85.57844244,4.782271052,91.80212747,0.050506127,13345.11567,0.417910448,115.5210616,6.445564827,0
15/08/2025 18:12,18.8s,b875824e2c61466fb0b99af8f4da6d30,ETH_base_BTC_blk_LTC_blk,LOCAL,/home/ec2-user/ETH_Price_Predition/.venv/lib/python3.11/site-packages/ipykernel_launcher.py,ec2-user,FINISHED,32,0,8,"['ETH_D_AvgPrc', 'BTC_D_AvgPrc', 'LTC_D_AvgPrc']",7,3,0.01,7,04/03/2023,32,0.443609023,0.469387755,66.73253352,0.036433552,7799.136245,0.475339734,85.60458752,4.677689585,83.97795048,0.045517634,11742.16054,0.447761194,108.3612502,5.85943574,0
15/08/2025 22:46,32.8s,970eb3f8866d40f9b2bea67f1bccb693,ETH_base_sent_finbert,LOCAL,/home/ec2-user/ETH_Price_Predition/.venv/lib/python3.11/site-packages/ipykernel_launcher.py,ec2-user,FINISHED,64,0.1,70,"['ETH_D_AvgPrc', 'D_FINBERT_AvgScr_Ex', 'D_FINBERT_Sent_AvgEx']",21,3,0.001,7,04/03/2023,64,0.383458647,0.482277121,65.74867748,0.036386189,7661.970024,0.485971171,85.6089754,4.827901869,86.62819379,0.047946792,12389.96831,0.384615385,111.3102345,6.275586014,0
15/08/2025 12:36,17.4s,5a067107520c4deea4bb5303a683e6dc,ETH_base_ETH_blk,LOCAL,/home/ec2-user/ETH_Price_Predition/.venv/lib/python3.11/site-packages/ipykernel_launcher.py,ec2-user,FINISHED,64,0.1,15,"['ETH_D_AvgPrc', 'ETH_YF_Vol', 'ETH_ES_AvgTransFee', 'ETH_ES_BlkTm', 'ETH_ES_GasUsd', 'ETH_ES_AvgGasPrc']",14,3,0.01,7,04/03/2023,64,0.428571429,0.469387755,65.11213719,0.03582861,7702.068189,0.473304425,85.63702258,4.736814876,83.04953783,0.045671467,11807.86967,0.430769231,108.664022,6.033068225,0
15/08/2025 12:34,29.0s,2896f2c8bcf34fd3a6d7fb66b3577c74,ETH_base_ETH_blk,LOCAL,/home/ec2-user/ETH_Price_Predition/.venv/lib/python3.11/site-packages/ipykernel_launcher.py,ec2-user,FINISHED,32,0.1,25,"['ETH_D_AvgPrc', 'ETH_YF_Vol', 'ETH_ES_AvgTransFee', 'ETH_ES_BlkTm', 'ETH_ES_GasUsd', 'ETH_ES_AvgGasPrc']",14,3,0.001,7,04/03/2023,32,0.458646617,0.482277121,66.30038744,0.036460358,7581.16499,0.488206321,85.65720023,4.739096285,77.90033028,0.042899884,10740.85179,0.465753425,103.6380808,5.777035011,0
15/08/2025 20:38,25.4s,369f4b0302ad42fba7e6218dd1a752ff,ETH_base_sent_vader,LOCAL,/home/ec2-user/ETH_Price_Predition/.venv/lib/python3.11/site-packages/ipykernel_launcher.py,ec2-user,FINISHED,64,0.05,58,"['ETH_D_AvgPrc', 'D_VADER_AvgScr_Ex', 'D_VADER_Sent_AvgEx']",21,2,0.001,7,04/03/2023,32,0.390977444,0.508055854,65.07033,0.035665318,7719.375181,0.512018702,85.68030603,4.703915967,84.1199467,0.045843558,12575.90753,0.4,112.1423539,6.104358346,0
15/08/2025 21:09,21.7s,07ca6aa9190744e59f8e0e438692e938,ETH_base_sent_vader,LOCAL,/home/ec2-user/ETH_Price_Predition/.venv/lib/python3.11/site-packages/ipykernel_launcher.py,ec2-user,FINISHED,64,0.1,44,"['ETH_D_AvgPrc', 'D_VADER_AvgScr_Ex', 'D_VADER_Sent_AvgEx']",28,2,0.001,7,04/03/2023,64,0.413533835,0.495166488,65.14277598,0.035662995,7790.225778,0.499694818,85.68681531,4.696272075,86.3421959,0.04712169,12812.14665,0.417910448,113.1907534,6.1750386,0
15/08/2025 22:19,36.0s,2f0af9d2966b4511999bc61455086f50,ETH_base_sent_finbert,LOCAL,/home/ec2-user/ETH_Price_Predition/.venv/lib/python3.11/site-packages/ipykernel_launcher.py,ec2-user,FINISHED,32,0.1,42,"['ETH_D_AvgPrc', 'D_FINBERT_AvgScr_Ex', 'D_FINBERT_Sent_AvgEx']",14,3,0.01,7,04/03/2023,64,0.443609023,0.517722879,68.39011436,0.037869931,7830.205946,0.522643641,85.69501466,4.830518126,92.39299,0.050945129,13645.58092,0.444444444,116.814301,6.545923677,0
15/08/2025 18:17,22.3s,c8bc714c5f314bb4abb0af2d6a7eaf54,ETH_base_BTC_blk_LTC_blk,LOCAL,/home/ec2-user/ETH_Price_Predition/.venv/lib/python3.11/site-packages/ipykernel_launcher.py,ec2-user,FINISHED,64,0.05,36,"['ETH_D_AvgPrc', 'BTC_D_AvgPrc', 'LTC_D_AvgPrc']",7,3,0.001,7,04/03/2023,32,0.466165414,0.468313641,64.70338324,0.035582774,7644.842525,0.47441377,85.71685534,4.733239269,81.19441097,0.044516146,11416.88628,0.471428571,106.8498305,5.889495391,0
15/08/2025 20:31,22.8s,d82d43511e5347e28462e48259f75434,ETH_base_sent_vader,LOCAL,/home/ec2-user/ETH_Price_Predition/.venv/lib/python3.11/site-packages/ipykernel_launcher.py,ec2-user,FINISHED,64,0.1,37,"['ETH_D_AvgPrc', 'D_VADER_AvgScr_Ex', 'D_VADER_Sent_AvgEx']",14,3,0.001,7,04/03/2023,32,0.406015038,0.488721805,65.73122123,0.036071436,7665.03192,0.493113477,85.73106126,4.723396393,83.48265936,0.04573439,11780.56298,0.409090909,108.5383019,5.986392386,0
15/08/2025 22:44,42.6s,9841550af8a24388ac09fa0757573396,ETH_base_sent_finbert,LOCAL,/home/ec2-user/ETH_Price_Predition/.venv/lib/python3.11/site-packages/ipykernel_launcher.py,ec2-user,FINISHED,64,0.1,105,"['ETH_D_AvgPrc', 'D_FINBERT_AvgScr_Ex', 'D_FINBERT_Sent_AvgEx']",21,3,0.001,7,04/03/2023,32,0.390977444,0.510204082,65.96849485,0.036357463,7724.671084,0.513870885,85.75436014,4.791595362,88.29398593,0.04848213,12517.25434,0.405405405,111.880536,6.216740052,0
15/08/2025 22:57,55.8s,58e224a701374dec9fb99e39f59979b5,ETH_base_sent_finbert,LOCAL,/home/ec2-user/ETH_Price_Predition/.venv/lib/python3.11/site-packages/ipykernel_launcher.py,ec2-user,FINISHED,32,0.1,99,"['ETH_D_AvgPrc', 'D_FINBERT_AvgScr_Ex', 'D_FINBERT_Sent_AvgEx']",28,2,0.001,7,04/03/2023,64,0.428571429,0.494092374,68.33163311,0.037749518,7909.129922,0.500685467,85.77189197,4.81115396,95.72089105,0.05287354,14199.90921,0.432835821,119.1633719,6.712929198,0
15/08/2025 18:14,29.0s,07c6b05a29ab48f6b0c59c37a92eef00,ETH_base_BTC_blk_LTC_blk,LOCAL,/home/ec2-user/ETH_Price_Predition/.venv/lib/python3.11/site-packages/ipykernel_launcher.py,ec2-user,FINISHED,32,0,32,"['ETH_D_AvgPrc', 'BTC_D_AvgPrc', 'LTC_D_AvgPrc']",7,3,0.001,7,04/03/2023,64,0.481203008,0.473684211,64.32720626,0.035483091,7732.636095,0.479418349,85.7900672,4.766728582,79.87025509,0.043895997,11498.76552,0.485714286,107.232297,5.949677114,0
15/08/2025 12:04,21.0s,dcb20cf583004bfc9e5d82fb4c2ec80e,ETH_base_ETH_blk,LOCAL,/home/ec2-user/ETH_Price_Predition/.venv/lib/python3.11/site-packages/ipykernel_launcher.py,ec2-user,FINISHED,64,0.05,47,"['ETH_D_AvgPrc', 'ETH_YF_Vol', 'ETH_ES_AvgTransFee', 'ETH_ES_BlkTm', 'ETH_ES_GasUsd', 'ETH_ES_AvgGasPrc']",7,2,0.001,7,04/03/2023,64,0.428571429,0.470461869,63.98127073,0.035110807,7843.998538,0.474098914,85.7944282,4.716414142,82.20553772,0.045242771,12323.43002,0.428571429,111.0109455,6.161130509,0
15/08/2025 20:32,35.4s,7cac46386ef7424bb92ed5f0541b98ad,ETH_base_sent_vader,LOCAL,/home/ec2-user/ETH_Price_Predition/.venv/lib/python3.11/site-packages/ipykernel_launcher.py,ec2-user,FINISHED,32,0.1,39,"['ETH_D_AvgPrc', 'D_VADER_AvgScr_Ex', 'D_VADER_Sent_AvgEx']",14,3,0.001,7,04/03/2023,64,0.406015038,0.498388829,64.91772454,0.035575116,7863.484786,0.5024472,85.81223963,4.718768214,88.34408248,0.048455296,13570.31535,0.409090909,116.4916965,6.434680432,0
15/08/2025 12:53,22.6s,5aaef61554e34867ac50d7007abd9a22,ETH_base_ETH_blk,LOCAL,/home/ec2-user/ETH_Price_Predition/.venv/lib/python3.11/site-packages/ipykernel_launcher.py,ec2-user,FINISHED,64,0.05,33,"['ETH_D_AvgPrc', 'ETH_YF_Vol', 'ETH_ES_AvgTransFee', 'ETH_ES_BlkTm', 'ETH_ES_GasUsd', 'ETH_ES_AvgGasPrc']",21,3,0.01,7,04/03/2023,64,0.406015038,0.458646617,66.34181897,0.036462997,7836.451245,0.461738901,85.81936568,4.747738098,87.47965671,0.048031655,12777.51487,0.40625,113.0376701,6.275049543,0
15/08/2025 12:03,20.5s,5f15ef2d5488424c9cc78e55dfd907af,ETH_base_ETH_blk,LOCAL,/home/ec2-user/ETH_Price_Predition/.venv/lib/python3.11/site-packages/ipykernel_launcher.py,ec2-user,FINISHED,32,0.05,18,"['ETH_D_AvgPrc', 'ETH_YF_Vol', 'ETH_ES_AvgTransFee', 'ETH_ES_BlkTm', 'ETH_ES_GasUsd', 'ETH_ES_AvgGasPrc']",7,2,0.01,7,04/03/2023,64,0.458646617,0.460794844,65.31593239,0.035639237,7928.466756,0.465100524,85.82440017,4.678795314,85.02337669,0.046223252,12316.54768,0.461538462,110.9799427,6.036120679,0
15/08/2025 12:43,21.2s,adbb42cb569d4eda967612b75ef65461,ETH_base_ETH_blk,LOCAL,/home/ec2-user/ETH_Price_Predition/.venv/lib/python3.11/site-packages/ipykernel_launcher.py,ec2-user,FINISHED,64,0.05,43,"['ETH_D_AvgPrc', 'ETH_YF_Vol', 'ETH_ES_AvgTransFee', 'ETH_ES_BlkTm', 'ETH_ES_GasUsd', 'ETH_ES_AvgGasPrc']",21,2,0.01,7,04/03/2023,64,0.503759398,0.483351235,68.36193579,0.037382677,7859.556487,0.487759021,85.8471773,4.693667159,91.82496976,0.049953757,12790.9191,0.508196721,113.0969456,6.138226806,0
15/08/2025 17:09,31.1s,15f9ebf9d02f45298e446f489aa5f209,ETH_base_LTC_blk,LOCAL,/home/ec2-user/ETH_Price_Predition/.venv/lib/python3.11/site-packages/ipykernel_launcher.py,ec2-user,FINISHED,32,0.1,26,"['ETH_D_AvgPrc', 'LTC_D_AvgPrc', 'LTC_YF_Vol', 'LTC_OL_MinDif', 'LTC_BIC_HshRt']",14,3,0.01,7,04/03/2023,32,0.421052632,0.481203008,66.40397787,0.036460994,7854.203092,0.486789088,85.881421,4.779991942,91.31380629,0.049556688,13121.23543,0.428571429,114.5479613,6.266519636,0
15/08/2025 12:49,19.5s,8c86bfcfbfd44fdca537a3187522f19c,ETH_base_ETH_blk,LOCAL,/home/ec2-user/ETH_Price_Predition/.venv/lib/python3.11/site-packages/ipykernel_launcher.py,ec2-user,FINISHED,64,0,22,"['ETH_D_AvgPrc', 'ETH_YF_Vol', 'ETH_ES_AvgTransFee', 'ETH_ES_BlkTm', 'ETH_ES_GasUsd', 'ETH_ES_AvgGasPrc']",21,3,0.01,7,04/03/2023,64,0.518796992,0.498388829,67.0968763,0.037077615,7926.769961,0.504173377,85.89801125,4.808715544,85.86117187,0.047088991,11767.33282,0.52238806,108.4773378,6.017129055,0
15/08/2025 19:55,39.7s,42c6af053cdb42f0a0c359ef50599e59,ETH_base_sent_vader,LOCAL,/home/ec2-user/ETH_Price_Predition/.venv/lib/python3.11/site-packages/ipykernel_launcher.py,ec2-user,FINISHED,32,0.05,75,"['ETH_D_AvgPrc', 'D_VADER_AvgScr_Ex', 'D_VADER_Sent_AvgEx']",7,2,0.001,7,04/03/2023,64,0.406015038,0.502685285,64.62845953,0.035314964,8095.19978,0.507321471,85.89863966,4.693937699,92.23967382,0.050443495,15029.50773,0.411764706,122.5948928,6.707552123,0
15/08/2025 12:14,39.2s,f633e546e5504be5ad680c029f3ebff6,ETH_base_ETH_blk,LOCAL,/home/ec2-user/ETH_Price_Predition/.venv/lib/python3.11/site-packages/ipykernel_launcher.py,ec2-user,FINISHED,32,0.05,52,"['ETH_D_AvgPrc', 'ETH_YF_Vol', 'ETH_ES_AvgTransFee', 'ETH_ES_BlkTm', 'ETH_ES_GasUsd', 'ETH_ES_AvgGasPrc']",7,3,0.001,7,04/03/2023,64,0.421052632,0.455424275,65.36029158,0.035825165,7760.700043,0.457861303,85.95258547,4.719275876,84.67867078,0.046128929,12580.14966,0.419354839,112.1612663,6.123125494,0
15/08/2025 22:02,35.8s,212774f672594387888a04f18d1fa8aa,ETH_base_sent_finbert,LOCAL,/home/ec2-user/ETH_Price_Predition/.venv/lib/python3.11/site-packages/ipykernel_launcher.py,ec2-user,FINISHED,32,0.05,58,"['ETH_D_AvgPrc', 'D_FINBERT_AvgScr_Ex', 'D_FINBERT_Sent_AvgEx']",14,2,0.001,7,04/03/2023,64,0.428571429,0.505907626,66.11586702,0.036350311,8002.544563,0.510033369,85.99502884,4.773068364,90.82860341,0.049974739,13434.48288,0.428571429,115.9072167,6.453119663,0
15/08/2025 12:54,27.5s,d21c6e77e68b42a8b9a639ba6ab775c9,ETH_base_ETH_blk,LOCAL,/home/ec2-user/ETH_Price_Predition/.venv/lib/python3.11/site-packages/ipykernel_launcher.py,ec2-user,FINISHED,32,0.1,21,"['ETH_D_AvgPrc', 'ETH_YF_Vol', 'ETH_ES_AvgTransFee', 'ETH_ES_BlkTm', 'ETH_ES_GasUsd', 'ETH_ES_AvgGasPrc']",21,3,0.01,7,04/03/2023,32,0.45112782,0.468313641,67.82730053,0.037112503,7752.031132,0.472025924,86.03347195,4.701969486,86.79566967,0.047365116,12043.77209,0.451612903,109.744121,5.991661859,0
15/08/2025 20:29,27.9s,f01ed69f3c4742cc9d01055e9db49329,ETH_base_sent_vader,LOCAL,/home/ec2-user/ETH_Price_Predition/.venv/lib/python3.11/site-packages/ipykernel_launcher.py,ec2-user,FINISHED,64,0.05,54,"['ETH_D_AvgPrc', 'D_VADER_AvgScr_Ex', 'D_VADER_Sent_AvgEx']",14,3,0.001,7,04/03/2023,64,0.436090226,0.510204082,64.80962125,0.035603704,7860.808594,0.513808099,86.04224086,4.752822522,85.89363936,0.047034962,13198.45435,0.441176471,114.8845261,6.323789096,0
15/08/2025 20:19,28.1s,352599b04bb44b6385e1a743553cc2a5,ETH_base_sent_vader,LOCAL,/home/ec2-user/ETH_Price_Predition/.venv/lib/python3.11/site-packages/ipykernel_launcher.py,ec2-user,FINISHED,64,0.1,76,"['ETH_D_AvgPrc', 'D_VADER_AvgScr_Ex', 'D_VADER_Sent_AvgEx']",14,2,0.001,7,04/03/2023,32,0.413533835,0.499462943,65.28890418,0.035844272,7886.22587,0.504123656,86.08542423,4.755206786,88.06215283,0.048327807,13504.56663,0.417910448,116.2091504,6.423024387,0
15/08/2025 21:21,25.8s,c74b94a8fc8f4a2faddf65274ad511ab,ETH_base_sent_vader,LOCAL,/home/ec2-user/ETH_Price_Predition/.venv/lib/python3.11/site-packages/ipykernel_launcher.py,ec2-user,FINISHED,64,0.1,43,"['ETH_D_AvgPrc', 'D_VADER_AvgScr_Ex', 'D_VADER_Sent_AvgEx']",28,3,0.001,7,04/03/2023,32,0.421052632,0.497314715,65.78100953,0.03616056,7758.234287,0.501889906,86.09518313,4.746315992,84.4110821,0.04633139,12063.87326,0.426470588,109.8356648,6.071535933,0
15/08/2025 12:26,13.3s,e918589aaac34f66901e216294dcf14e,ETH_base_ETH_blk,LOCAL,/home/ec2-user/ETH_Price_Predition/.venv/lib/python3.11/site-packages/ipykernel_launcher.py,ec2-user,FINISHED,64,0.1,11,"['ETH_D_AvgPrc', 'ETH_YF_Vol', 'ETH_ES_AvgTransFee', 'ETH_ES_BlkTm', 'ETH_ES_GasUsd', 'ETH_ES_AvgGasPrc']",14,2,0.01,7,04/03/2023,64,0.45112782,0.476906552,66.83871168,0.036631101,7734.149871,0.482649364,86.09926768,4.725333984,84.11067854,0.045987666,11718.71109,0.454545455,108.2529958,5.944839743,0
15/08/2025 13:05,31.7s,803797b17c8946059f20119cb82a70ab,ETH_base_ETH_blk,LOCAL,/home/ec2-user/ETH_Price_Predition/.venv/lib/python3.11/site-packages/ipykernel_launcher.py,ec2-user,FINISHED,32,0.1,38,"['ETH_D_AvgPrc', 'ETH_YF_Vol', 'ETH_ES_AvgTransFee', 'ETH_ES_BlkTm', 'ETH_ES_GasUsd', 'ETH_ES_AvgGasPrc']",28,2,0.01,7,04/03/2023,64,0.406015038,0.4650913,68.04808574,0.037354695,7929.493857,0.471647446,86.11029455,4.745115737,87.76946769,0.047954942,12661.53115,0.416666667,112.5234693,6.166191965,0
15/08/2025 22:04,29.0s,0bfeb02b253c40fa8e919b91580d984d,ETH_base_sent_finbert,LOCAL,/home/ec2-user/ETH_Price_Predition/.venv/lib/python3.11/site-packages/ipykernel_launcher.py,ec2-user,FINISHED,32,0.1,40,"['ETH_D_AvgPrc', 'D_FINBERT_AvgScr_Ex', 'D_FINBERT_Sent_AvgEx']",14,2,0.01,7,04/03/2023,32,0.443609023,0.501611171,68.57338766,0.037659372,7823.973319,0.505305163,86.13258384,4.763927799,88.20867484,0.048357684,12621.04454,0.442622951,112.3434223,6.225223733,0
15/08/2025 20:34,40.1s,d8bc5e4281ee4535a8a1cfcc7aa37241,ETH_base_sent_vader,LOCAL,/home/ec2-user/ETH_Price_Predition/.venv/lib/python3.11/site-packages/ipykernel_launcher.py,ec2-user,FINISHED,32,0,62,"['ETH_D_AvgPrc', 'D_VADER_AvgScr_Ex', 'D_VADER_Sent_AvgEx']",21,2,0.001,7,04/03/2023,32,0.428571429,0.501611171,67.12487308,0.036854596,8032.977095,0.50563673,86.13916176,4.751782323,97.00963782,0.053075242,15092.56748,0.432835821,122.8518111,6.773090498,0
16/08/2025 00:38,22.8s,6e72fa1ad0c24fa1ad65f3a4d5d6a969,ETH_base_sent_cryptobert,LOCAL,/home/ec2-user/ETH_Price_Predition/.venv/lib/python3.11/site-packages/ipykernel_launcher.py,ec2-user,FINISHED,64,0,48,"['ETH_D_AvgPrc', 'D_CRYPTOBERT_AvgScr_Ex', 'D_CRYPTOBERT_Sent_AvgEx']",28,2,0.01,7,04/03/2023,64,0.458646617,0.481203008,67.30392059,0.036864707,7763.524486,0.486811905,86.15114744,4.740347382,83.01755311,0.045483717,12164.37723,0.464788732,110.2922356,6.081924414,0
15/08/2025 12:19,23.7s,1779ba6600f54e5fbc144b663fabcabd,ETH_base_ETH_blk,LOCAL,/home/ec2-user/ETH_Price_Predition/.venv/lib/python3.11/site-packages/ipykernel_launcher.py,ec2-user,FINISHED,32,0,21,"['ETH_D_AvgPrc', 'ETH_YF_Vol', 'ETH_ES_AvgTransFee', 'ETH_ES_BlkTm', 'ETH_ES_GasUsd', 'ETH_ES_AvgGasPrc']",14,2,0.01,7,04/03/2023,32,0.398496241,0.489795918,67.06973696,0.036687556,7795.172279,0.494547555,86.15297587,4.723012633,90.76814144,0.049621336,12629.06819,0.393442623,112.379127,6.192671155,0
15/08/2025 13:55,38.5s,70bd3dba04b24ffe9f0b9df22cde9cae,ETH_base_BTC_blk,LOCAL,/home/ec2-user/ETH_Price_Predition/.venv/lib/python3.11/site-packages/ipykernel_launcher.py,ec2-user,FINISHED,32,0.1,44,"['ETH_D_AvgPrc', 'BTC_D_AvgPrc', 'BTC_OL_MinDif', 'BTC_OL_AvgTransFee', 'BTC_BIC_HshRt']",14,3,0.001,7,04/03/2023,32,0.436090226,0.494092374,68.19645617,0.037632883,7591.468785,0.498811723,86.18020056,4.805520396,85.59108258,0.046553343,11076.12273,0.444444444,105.24316,5.726488783,0
15/08/2025 13:32,13.7s,c8618d2fb19a4008a55023c16bb6ae43,ETH_base_BTC_blk,LOCAL,/home/ec2-user/ETH_Price_Predition/.venv/lib/python3.11/site-packages/ipykernel_launcher.py,ec2-user,FINISHED,64,0.1,14,"['ETH_D_AvgPrc', 'BTC_D_AvgPrc', 'BTC_OL_MinDif', 'BTC_OL_AvgTransFee', 'BTC_BIC_HshRt']",7,2,0.001,7,04/03/2023,64,0.496240602,0.496240602,66.94252252,0.036935686,7619.671345,0.501155698,86.18135134,4.796511271,85.585851,0.046595081,11509.29181,0.5,107.2813675,5.845451295,0
15/08/2025 13:00,18.9s,89691dea7ca7469a96c93760d47273ea,ETH_base_ETH_blk,LOCAL,/home/ec2-user/ETH_Price_Predition/.venv/lib/python3.11/site-packages/ipykernel_launcher.py,ec2-user,FINISHED,64,0,32,"['ETH_D_AvgPrc', 'ETH_YF_Vol', 'ETH_ES_AvgTransFee', 'ETH_ES_BlkTm', 'ETH_ES_GasUsd', 'ETH_ES_AvgGasPrc']",28,2,0.01,7,04/03/2023,64,0.398496241,0.467239527,67.3297721,0.036794621,7734.265744,0.47015006,86.18719023,4.70172395,85.98389613,0.046904435,12360.66395,0.396825397,111.1785229,6.061093633,0
15/08/2025 21:02,27.7s,ec46ac01d5744590aa0fa1265bcfe939,ETH_base_sent_vader,LOCAL,/home/ec2-user/ETH_Price_Predition/.venv/lib/python3.11/site-packages/ipykernel_launcher.py,ec2-user,FINISHED,32,0.05,33,"['ETH_D_AvgPrc', 'D_VADER_AvgScr_Ex', 'D_VADER_Sent_AvgEx']",28,2,0.001,7,04/03/2023,32,0.421052632,0.49301826,65.09795376,0.035609157,7806.174937,0.498058743,86.18826243,4.716609983,85.0400012,0.046297194,12534.8839,0.421875,111.9592957,6.079105965,0
16/08/2025 00:41,21.6s,54c1ff5f2d634adfb7527188271d4023,ETH_base_sent_cryptobert,LOCAL,/home/ec2-user/ETH_Price_Predition/.venv/lib/python3.11/site-packages/ipykernel_launcher.py,ec2-user,FINISHED,32,0.05,18,"['ETH_D_AvgPrc', 'D_CRYPTOBERT_AvgScr_Ex', 'D_CRYPTOBERT_Sent_AvgEx']",28,2,0.01,7,04/03/2023,64,0.481203008,0.486573577,68.71372919,0.037484665,7975.994158,0.493052528,86.18897444,4.70286926,97.36818035,0.052865458,14146.31534,0.486842105,118.9382838,6.446781742,0
15/08/2025 12:44,24.8s,f8b430e2fa0d461bb8afd59d1755e549,ETH_base_ETH_blk,LOCAL,/home/ec2-user/ETH_Price_Predition/.venv/lib/python3.11/site-packages/ipykernel_launcher.py,ec2-user,FINISHED,64,0.1,57,"['ETH_D_AvgPrc', 'ETH_YF_Vol', 'ETH_ES_AvgTransFee', 'ETH_ES_BlkTm', 'ETH_ES_GasUsd', 'ETH_ES_AvgGasPrc']",21,2,0.001,7,04/03/2023,32,0.473684211,0.47905478,67.48255489,0.037137068,7851.640024,0.484824024,86.19454122,4.768269617,86.76680647,0.047656289,12508.47334,0.478873239,111.8412864,6.193320843,0
15/08/2025 21:05,25.3s,5065742bca5b46e6857830613c5310ff,ETH_base_sent_vader,LOCAL,/home/ec2-user/ETH_Price_Predition/.venv/lib/python3.11/site-packages/ipykernel_launcher.py,ec2-user,FINISHED,64,0.05,59,"['ETH_D_AvgPrc', 'D_VADER_AvgScr_Ex', 'D_VADER_Sent_AvgEx']",28,2,0.001,7,04/03/2023,64,0.436090226,0.503759398,64.88250169,0.03551072,8018.293793,0.507473651,86.24362247,4.721322836,88.86567332,0.048588721,13687.08417,0.441176471,116.9918124,6.396951191,0
15/08/2025 12:26,22.3s,9428ea24ea4645b29fc611b70d66cd4c,ETH_base_ETH_blk,LOCAL,/home/ec2-user/ETH_Price_Predition/.venv/lib/python3.11/site-packages/ipykernel_launcher.py,ec2-user,FINISHED,64,0.1,48,"['ETH_D_AvgPrc', 'ETH_YF_Vol', 'ETH_ES_AvgTransFee', 'ETH_ES_BlkTm', 'ETH_ES_GasUsd', 'ETH_ES_AvgGasPrc']",14,2,0.001,7,04/03/2023,64,0.45112782,0.481203008,67.69201876,0.037275574,7909.685019,0.484918803,86.25876343,4.775649534,88.86690733,0.048757237,12651.04396,0.453125,112.4768597,6.215419427,0
15/08/2025 12:48,32.7s,9bc128a8900a4f5680f1dc8141656658,ETH_base_ETH_blk,LOCAL,/home/ec2-user/ETH_Price_Predition/.venv/lib/python3.11/site-packages/ipykernel_launcher.py,ec2-user,FINISHED,32,0,23,"['ETH_D_AvgPrc', 'ETH_YF_Vol', 'ETH_ES_AvgTransFee', 'ETH_ES_BlkTm', 'ETH_ES_GasUsd', 'ETH_ES_AvgGasPrc']",21,3,0.01,7,04/03/2023,64,0.436090226,0.488721805,67.12796404,0.036892418,8163.910676,0.493424036,86.26395006,4.773757039,94.90357432,0.052257044,15376.92113,0.433333333,124.0037142,6.929249558,0
15/08/2025 12:00,14.8s,bf9f25decc394002bcb7abde6acc617c,ETH_base_ETH_blk,LOCAL,/home/ec2-user/ETH_Price_Predition/.venv/lib/python3.11/site-packages/ipykernel_launcher.py,ec2-user,FINISHED,64,0,23,"['ETH_D_AvgPrc', 'ETH_YF_Vol', 'ETH_ES_AvgTransFee', 'ETH_ES_BlkTm', 'ETH_ES_GasUsd', 'ETH_ES_AvgGasPrc']",7,2,0.01,7,04/03/2023,32,0.443609023,0.476906552,65.9132381,0.036141725,7914.624784,0.482472177,86.26640589,4.740620401,82.55200035,0.045208389,12236.51853,0.447761194,110.6187983,6.084783814,0
15/08/2025 12:19,20.4s,933364e5a7194b96a02df53b11b16513,ETH_base_ETH_blk,LOCAL,/home/ec2-user/ETH_Price_Predition/.venv/lib/python3.11/site-packages/ipykernel_launcher.py,ec2-user,FINISHED,64,0.1,29,"['ETH_D_AvgPrc', 'ETH_YF_Vol', 'ETH_ES_AvgTransFee', 'ETH_ES_BlkTm', 'ETH_ES_GasUsd', 'ETH_ES_AvgGasPrc']",7,3,0.001,7,04/03/2023,64,0.481203008,0.468313641,64.88252299,0.035790672,7718.110656,0.474928137,86.32441411,4.79685013,81.13044567,0.04484479,11905.44922,0.486111111,109.1120947,6.120766159,0
15/08/2025 21:20,26.2s,3e48977532d24759b3d8c394ba65c8f3,ETH_base_sent_vader,LOCAL,/home/ec2-user/ETH_Price_Predition/.venv/lib/python3.11/site-packages/ipykernel_launcher.py,ec2-user,FINISHED,64,0.1,44,"['ETH_D_AvgPrc', 'D_VADER_AvgScr_Ex', 'D_VADER_Sent_AvgEx']",28,3,0.01,7,04/03/2023,32,0.390977444,0.482277121,66.51356803,0.036457166,7821.203072,0.487397415,86.33815356,4.73894511,87.02473278,0.047609644,13002.03737,0.4,114.0264766,6.259024363,0
15/08/2025 19:52,43.7s,50a6404fb99b4ab49aad234e334b660a,ETH_base_sent_vader,LOCAL,/home/ec2-user/ETH_Price_Predition/.venv/lib/python3.11/site-packages/ipykernel_launcher.py,ec2-user,FINISHED,32,0,93,"['ETH_D_AvgPrc', 'D_VADER_AvgScr_Ex', 'D_VADER_Sent_AvgEx']",7,2,0.001,7,04/03/2023,64,0.458646617,0.504833512,65.30037,0.035658958,8354.3252,0.509111874,86.36097358,4.713884702,95.06221387,0.051851057,15936.92673,0.464788732,126.2415412,6.88113257,0
15/08/2025 16:45,1.0min,b5565d18c66545318d15ec4d53f7ee97,ETH_base_LTC_blk,LOCAL,/home/ec2-user/ETH_Price_Predition/.venv/lib/python3.11/site-packages/ipykernel_launcher.py,ec2-user,FINISHED,32,0.05,100,"['ETH_D_AvgPrc', 'LTC_D_AvgPrc', 'LTC_YF_Vol', 'LTC_OL_MinDif', 'LTC_BIC_HshRt']",7,3,0.01,7,04/03/2023,64,0.511278195,0.488721805,67.02824322,0.036907196,7858.741049,0.494299,86.41764822,4.806265686,85.70263695,0.046870078,12151.59195,0.513513514,110.2342594,6.099716741,0
15/08/2025 21:18,18.6s,5b7795db7e7d42eb8c38a78608806e97,ETH_base_sent_vader,LOCAL,/home/ec2-user/ETH_Price_Predition/.venv/lib/python3.11/site-packages/ipykernel_launcher.py,ec2-user,FINISHED,64,0.05,19,"['ETH_D_AvgPrc', 'D_VADER_AvgScr_Ex', 'D_VADER_Sent_AvgEx']",28,3,0.01,7,04/03/2023,64,0.436090226,0.498388829,65.67046464,0.035977504,7826.175061,0.502448655,86.4314613,4.737970608,88.28165499,0.048011376,12918.42543,0.439393939,113.6592514,6.164116193,0
15/08/2025 18:24,23.3s,40a399d18b454149a802f157a732fb2f,ETH_base_BTC_blk_LTC_blk,LOCAL,/home/ec2-user/ETH_Price_Predition/.venv/lib/python3.11/site-packages/ipykernel_launcher.py,ec2-user,FINISHED,64,0.1,40,"['ETH_D_AvgPrc', 'BTC_D_AvgPrc', 'LTC_D_AvgPrc']",7,3,0.001,7,04/03/2023,64,0.443609023,0.467239527,65.27754718,0.035806668,7744.651209,0.474059152,86.43319583,4.754184581,80.72424202,0.044292242,11450.94687,0.452054795,107.0090971,5.914497275,0
15/08/2025 12:54,22.6s,01875a7994724037acb032f68fd5ec9c,ETH_base_ETH_blk,LOCAL,/home/ec2-user/ETH_Price_Predition/.venv/lib/python3.11/site-packages/ipykernel_launcher.py,ec2-user,FINISHED,64,0.1,33,"['ETH_D_AvgPrc', 'ETH_YF_Vol', 'ETH_ES_AvgTransFee', 'ETH_ES_BlkTm', 'ETH_ES_GasUsd', 'ETH_ES_AvgGasPrc']",21,3,0.01,7,04/03/2023,32,0.466165414,0.464017186,67.25606287,0.03680145,7908.124961,0.467673388,86.43441231,4.726812765,86.84352077,0.047512131,12524.49101,0.46969697,111.9128724,6.143762582,0
15/08/2025 21:33,16.2s,9135fa9c69d94dabbf5933319c84f258,ETH_base_sent_finbert,LOCAL,/home/ec2-user/ETH_Price_Predition/.venv/lib/python3.11/site-packages/ipykernel_launcher.py,ec2-user,FINISHED,32,0,10,"['ETH_D_AvgPrc', 'D_FINBERT_AvgScr_Ex', 'D_FINBERT_Sent_AvgEx']",7,2,0.01,7,04/03/2023,32,0.398496241,0.49301826,66.73862989,0.036676757,7980.144835,0.497820194,86.4849384,4.800885038,84.13697597,0.045923788,12218.79732,0.405797101,110.5386689,6.065759986,0
15/08/2025 21:03,22.7s,5735df31dec24301b2323465fe0574e2,ETH_base_sent_vader,LOCAL,/home/ec2-user/ETH_Price_Predition/.venv/lib/python3.11/site-packages/ipykernel_launcher.py,ec2-user,FINISHED,64,0.05,49,"['ETH_D_AvgPrc', 'D_VADER_AvgScr_Ex', 'D_VADER_Sent_AvgEx']",28,2,0.001,7,04/03/2023,32,0.406015038,0.491944146,66.17798304,0.036293122,7908.866951,0.495986957,86.62070611,4.75058073,86.78819172,0.047552013,12758.01585,0.411764706,112.9513871,6.213884462,0
15/08/2025 21:46,41.8s,9a086c69ba574be2968bc973235f2474,ETH_base_sent_finbert,LOCAL,/home/ec2-user/ETH_Price_Predition/.venv/lib/python3.11/site-packages/ipykernel_launcher.py,ec2-user,FINISHED,64,0,117,"['ETH_D_AvgPrc', 'D_FINBERT_AvgScr_Ex', 'D_FINBERT_Sent_AvgEx']",7,3,0.001,7,04/03/2023,32,0.481203008,0.519871106,67.89355783,0.037347953,8089.385307,0.52582325,86.62515891,4.801637266,93.51171485,0.051522216,14635.556,0.482758621,120.977502,6.742889091,0
15/08/2025 22:24,27.9s,1dd7c476409743668f89ced4ac7c7dc1,ETH_base_sent_finbert,LOCAL,/home/ec2-user/ETH_Price_Predition/.venv/lib/python3.11/site-packages/ipykernel_launcher.py,ec2-user,FINISHED,64,0,73,"['ETH_D_AvgPrc', 'D_FINBERT_AvgScr_Ex', 'D_FINBERT_Sent_AvgEx']",21,2,0.001,7,04/03/2023,64,0.406015038,0.4650913,68.85908844,0.038194231,8073.850372,0.468683889,86.63100119,4.881603261,87.49734635,0.048286516,12218.43253,0.409090909,110.5370188,6.195344135,0
15/08/2025 21:06,35.3s,b7282f000fa04c57b082f8555000baf5,ETH_base_sent_vader,LOCAL,/home/ec2-user/ETH_Price_Predition/.venv/lib/python3.11/site-packages/ipykernel_launcher.py,ec2-user,FINISHED,32,0.1,49,"['ETH_D_AvgPrc', 'D_VADER_AvgScr_Ex', 'D_VADER_Sent_AvgEx']",28,2,0.001,7,04/03/2023,32,0.406015038,0.496240602,65.57508026,0.035828267,7927.053799,0.501371436,86.63759145,4.733263462,89.50198456,0.048609992,13566.00173,0.40625,116.4731803,6.29807712,0
15/08/2025 20:45,41.5s,8669e03f17784d00954c0b040472df12,ETH_base_sent_vader,LOCAL,/home/ec2-user/ETH_Price_Predition/.venv/lib/python3.11/site-packages/ipykernel_launcher.py,ec2-user,FINISHED,32,0,53,"['ETH_D_AvgPrc', 'D_VADER_AvgScr_Ex', 'D_VADER_Sent_AvgEx']",21,3,0.001,7,04/03/2023,32,0.413533835,0.504833512,67.03431146,0.036902037,8097.298122,0.508836734,86.66291608,4.810430626,89.98085859,0.049274427,13894.49486,0.422535211,117.8749119,6.519306758,0
15/08/2025 22:58,26.0s,9fe5bf7e6b0041b0b60ae4b6c0962112,ETH_base_sent_finbert,LOCAL,/home/ec2-user/ETH_Price_Predition/.venv/lib/python3.11/site-packages/ipykernel_launcher.py,ec2-user,FINISHED,64,0.1,61,"['ETH_D_AvgPrc', 'D_FINBERT_AvgScr_Ex', 'D_FINBERT_Sent_AvgEx']",28,2,0.01,7,04/03/2023,64,0.413533835,0.501611171,69.31413589,0.038180683,8071.023483,0.507487435,86.69363769,4.830777105,93.27222942,0.051236144,13553.74473,0.420289855,116.4205512,6.471014285,0
15/08/2025 20:38,13.8s,379b2de0b30c47c89c9bf8604c0cb7cf,ETH_base_sent_vader,LOCAL,/home/ec2-user/ETH_Price_Predition/.venv/lib/python3.11/site-packages/ipykernel_launcher.py,ec2-user,FINISHED,64,0.05,13,"['ETH_D_AvgPrc', 'D_VADER_AvgScr_Ex', 'D_VADER_Sent_AvgEx']",21,2,0.01,7,04/03/2023,32,0.45112782,0.518796992,68.38245639,0.03742751,7615.045789,0.521809306,86.69405784,4.756842433,77.18118378,0.042211699,10411.7826,0.455882353,102.0381429,5.609997224,0
15/08/2025 21:22,30.0s,91028ee9ba634996b7703aaf30187ef5,ETH_base_sent_vader,LOCAL,/home/ec2-user/ETH_Price_Predition/.venv/lib/python3.11/site-packages/ipykernel_launcher.py,ec2-user,FINISHED,32,0.1,25,"['ETH_D_AvgPrc', 'D_VADER_AvgScr_Ex', 'D_VADER_Sent_AvgEx']",28,3,0.001,7,04/03/2023,64,0.413533835,0.488721805,65.69042116,0.035993071,7836.751716,0.492834033,86.69644356,4.752817184,84.18123655,0.046054587,12274.49363,0.415384615,110.7903138,6.078806483,0
15/08/2025 16:38,18.8s,2b1d8abac4004dbd8fa4b8f7f8b59eb8,ETH_base_LTC_blk,LOCAL,/home/ec2-user/ETH_Price_Predition/.venv/lib/python3.11/site-packages/ipykernel_launcher.py,ec2-user,FINISHED,64,0.1,31,"['ETH_D_AvgPrc', 'LTC_D_AvgPrc', 'LTC_YF_Vol', 'LTC_OL_MinDif', 'LTC_BIC_HshRt']",7,2,0.001,7,04/03/2023,64,0.45112782,0.47905478,68.15923489,0.037614898,7676.803488,0.486229286,86.70335931,4.852483878,86.41372818,0.046865989,11931.29219,0.460526316,109.2304545,5.934973566,0
15/08/2025 16:50,59.5s,9b6db4f66ead4002820f0f4781832f1e,ETH_base_LTC_blk,LOCAL,/home/ec2-user/ETH_Price_Predition/.venv/lib/python3.11/site-packages/ipykernel_launcher.py,ec2-user,FINISHED,32,0.1,96,"['ETH_D_AvgPrc', 'LTC_D_AvgPrc', 'LTC_YF_Vol', 'LTC_OL_MinDif', 'LTC_BIC_HshRt']",7,3,0.01,7,04/03/2023,64,0.436090226,0.474758324,69.10826457,0.03810311,7759.522693,0.481749833,86.71843496,4.873891978,95.55215087,0.051706485,13112.30032,0.447368421,114.508953,6.215274542,0
15/08/2025 12:57,31.1s,7af05b67accc4ecbb8992d179515d30f,ETH_base_ETH_blk,LOCAL,/home/ec2-user/ETH_Price_Predition/.venv/lib/python3.11/site-packages/ipykernel_launcher.py,ec2-user,FINISHED,32,0,40,"['ETH_D_AvgPrc', 'ETH_YF_Vol', 'ETH_ES_AvgTransFee', 'ETH_ES_BlkTm', 'ETH_ES_GasUsd', 'ETH_ES_AvgGasPrc']",28,2,0.01,7,04/03/2023,32,0.368421053,0.483351235,69.66257589,0.038295975,8049.462925,0.48952468,86.75038729,4.805789925,94.69162538,0.051612363,13623.18263,0.373134328,116.7183903,6.371035464,0
15/08/2025 18:08,11.0s,690203d82e5746028d3a50fe3b645122,ETH_base_BTC_blk_LTC_blk,LOCAL,/home/ec2-user/ETH_Price_Predition/.venv/lib/python3.11/site-packages/ipykernel_launcher.py,ec2-user,FINISHED,64,0.05,1,"['ETH_D_AvgPrc', 'BTC_D_AvgPrc', 'LTC_D_AvgPrc']",7,2,0.001,7,04/03/2023,64,0.488721805,0.488721805,66.73281811,0.036697521,7670.979135,0.494390182,86.75514007,4.818973646,80.43976082,0.044351869,9798.026551,0.492307692,98.98498144,5.575228318,0
15/08/2025 20:09,17.5s,5b91bfd4d0854e4188d13e5229b29025,ETH_base_sent_vader,LOCAL,/home/ec2-user/ETH_Price_Predition/.venv/lib/python3.11/site-packages/ipykernel_launcher.py,ec2-user,FINISHED,64,0.1,18,"['ETH_D_AvgPrc', 'D_VADER_AvgScr_Ex', 'D_VADER_Sent_AvgEx']",7,3,0.01,7,04/03/2023,32,0.436090226,0.510204082,66.20135452,0.036365215,7824.949042,0.514100392,86.75838465,4.782859722,87.43679626,0.048004639,13025.65723,0.439393939,114.1300015,6.300947118,0
15/08/2025 13:39,20.5s,3b98583b5d4549acafe0e2c00da86ecc,ETH_base_BTC_blk,LOCAL,/home/ec2-user/ETH_Price_Predition/.venv/lib/python3.11/site-packages/ipykernel_launcher.py,ec2-user,FINISHED,64,0.1,29,"['ETH_D_AvgPrc', 'BTC_D_AvgPrc', 'BTC_OL_MinDif', 'BTC_OL_AvgTransFee', 'BTC_BIC_HshRt']",7,3,0.001,7,04/03/2023,32,0.488721805,0.496240602,68.28196105,0.037585674,7700.38918,0.500597546,86.77938353,4.801256251,79.64824269,0.0436835,10411.68205,0.492753623,102.0376502,5.627653437,0
15/08/2025 17:06,22.4s,b1bf5117f84c4c95aad88cd7f9e4d7de,ETH_base_LTC_blk,LOCAL,/home/ec2-user/ETH_Price_Predition/.venv/lib/python3.11/site-packages/ipykernel_launcher.py,ec2-user,FINISHED,64,0.05,33,"['ETH_D_AvgPrc', 'LTC_D_AvgPrc', 'LTC_YF_Vol', 'LTC_OL_MinDif', 'LTC_BIC_HshRt']",14,3,0.01,7,04/03/2023,32,0.398496241,0.482277121,67.26128403,0.036902736,8068.227709,0.48757677,86.82422894,4.818627612,87.85661304,0.047620232,12819.48536,0.405797101,113.2231662,6.173157607,0
15/08/2025 12:21,15.0s,4b88c6e1a51449f4a8bb264377f3c7c7,ETH_base_ETH_blk,LOCAL,/home/ec2-user/ETH_Price_Predition/.venv/lib/python3.11/site-packages/ipykernel_launcher.py,ec2-user,FINISHED,64,0,20,"['ETH_D_AvgPrc', 'ETH_YF_Vol', 'ETH_ES_AvgTransFee', 'ETH_ES_BlkTm', 'ETH_ES_GasUsd', 'ETH_ES_AvgGasPrc']",14,2,0.01,7,04/03/2023,64,0.473684211,0.494092374,68.63503304,0.037628291,8030.868835,0.497955484,86.83968611,4.766331807,91.51630121,0.050005825,12764.58256,0.474576271,112.9804521,6.198110334,0
15/08/2025 21:18,27.8s,079112b5207a460a8f13292ab348a8f2,ETH_base_sent_vader,LOCAL,/home/ec2-user/ETH_Price_Predition/.venv/lib/python3.11/site-packages/ipykernel_launcher.py,ec2-user,FINISHED,64,0.05,50,"['ETH_D_AvgPrc', 'D_VADER_AvgScr_Ex', 'D_VADER_Sent_AvgEx']",28,3,0.001,7,04/03/2023,64,0.406015038,0.482277121,65.95948905,0.036217668,7981.349201,0.486510365,86.85702797,4.782833989,88.46644099,0.048457621,13271.65167,0.40625,115.2026548,6.336401903,0
15/08/2025 22:00,31.2s,f6ad6ef2bacf4b1f86fd9b824192685f,ETH_base_sent_finbert,LOCAL,/home/ec2-user/ETH_Price_Predition/.venv/lib/python3.11/site-packages/ipykernel_launcher.py,ec2-user,FINISHED,32,0.05,46,"['ETH_D_AvgPrc', 'D_FINBERT_AvgScr_Ex', 'D_FINBERT_Sent_AvgEx']",14,2,0.01,7,04/03/2023,32,0.473684211,0.501611171,69.54566446,0.038206504,8120.634155,0.505878597,86.86020497,4.805599856,93.5056687,0.051476376,14343.62326,0.476923077,119.7648666,6.680568439,0
15/08/2025 21:45,23.1s,b79134e2031449ce8c5936f1be19bec9,ETH_base_sent_finbert,LOCAL,/home/ec2-user/ETH_Price_Predition/.venv/lib/python3.11/site-packages/ipykernel_launcher.py,ec2-user,FINISHED,64,0,45,"['ETH_D_AvgPrc', 'D_FINBERT_AvgScr_Ex', 'D_FINBERT_Sent_AvgEx']",7,3,0.01,7,04/03/2023,32,0.45112782,0.502685285,67.61845967,0.036852858,7892.246279,0.507042456,86.90403429,4.727869439,85.07187027,0.046235007,12321.68232,0.457142857,111.0030735,6.023294307,0
15/08/2025 13:17,35.5s,3d06c3da8e034442b76b88729cf06946,ETH_base_ETH_blk,LOCAL,/home/ec2-user/ETH_Price_Predition/.venv/lib/python3.11/site-packages/ipykernel_launcher.py,ec2-user,FINISHED,32,0.1,33,"['ETH_D_AvgPrc', 'ETH_YF_Vol', 'ETH_ES_AvgTransFee', 'ETH_ES_BlkTm', 'ETH_ES_GasUsd', 'ETH_ES_AvgGasPrc']",28,3,0.001,7,04/03/2023,64,0.481203008,0.475832438,68.04995305,0.037251023,7965.239585,0.482326453,86.92635045,4.747804465,86.89707706,0.047696546,12700.07647,0.486111111,112.694616,6.222241553,0
15/08/2025 18:38,21.7s,ddbf2f6b91ad4b3d8041040873c64bf4,ETH_base_BTC_blk_LTC_blk,LOCAL,/home/ec2-user/ETH_Price_Predition/.venv/lib/python3.11/site-packages/ipykernel_launcher.py,ec2-user,FINISHED,32,0,12,"['ETH_D_AvgPrc', 'BTC_D_AvgPrc', 'LTC_D_AvgPrc']",14,3,0.001,7,04/03/2023,64,0.443609023,0.471535983,66.35011339,0.03648979,7940.174189,0.476838843,86.93395447,4.801452945,84.14565122,0.045998652,11789.37815,0.444444444,108.5789029,5.960841963,0
15/08/2025 20:41,14.6s,ac28c44449714225a8eaf7b22edc40f9,ETH_base_sent_vader,LOCAL,/home/ec2-user/ETH_Price_Predition/.venv/lib/python3.11/site-packages/ipykernel_launcher.py,ec2-user,FINISHED,32,0.1,2,"['ETH_D_AvgPrc', 'D_VADER_AvgScr_Ex', 'D_VADER_Sent_AvgEx']",21,2,0.01,7,04/03/2023,32,0.436090226,0.497314715,68.63291818,0.037966144,7700.513608,0.502231162,86.95144677,4.886081985,81.78563466,0.045080365,10788.10305,0.442857143,103.8657935,5.83076803,0
15/08/2025 12:43,24.9s,bbb5d08ec5804c1fa077956e4d6a322b,ETH_base_ETH_blk,LOCAL,/home/ec2-user/ETH_Price_Predition/.venv/lib/python3.11/site-packages/ipykernel_launcher.py,ec2-user,FINISHED,64,0.05,57,"['ETH_D_AvgPrc', 'ETH_YF_Vol', 'ETH_ES_AvgTransFee', 'ETH_ES_BlkTm', 'ETH_ES_GasUsd', 'ETH_ES_AvgGasPrc']",21,2,0.001,7,04/03/2023,64,0.45112782,0.470461869,68.44840399,0.037584797,8107.866556,0.474514922,86.97691188,4.799902541,92.11645806,0.050677821,13826.53762,0.454545455,117.5862986,6.532320927,0
15/08/2025 12:56,41.2s,3699afd0befe46fe8a5d3e616fe163a1,ETH_base_ETH_blk,LOCAL,/home/ec2-user/ETH_Price_Predition/.venv/lib/python3.11/site-packages/ipykernel_launcher.py,ec2-user,FINISHED,32,0.1,47,"['ETH_D_AvgPrc', 'ETH_YF_Vol', 'ETH_ES_AvgTransFee', 'ETH_ES_BlkTm', 'ETH_ES_GasUsd', 'ETH_ES_AvgGasPrc']",21,3,0.001,7,04/03/2023,64,0.421052632,0.455424275,67.77716091,0.037346675,7963.899885,0.457688334,87.00087443,4.83376008,86.12540269,0.047239986,12248.85019,0.416666667,110.6745237,6.122897732,0
15/08/2025 22:08,47.0s,de80c2fe6748490185db3008c6142987,ETH_base_sent_finbert,LOCAL,/home/ec2-user/ETH_Price_Predition/.venv/lib/python3.11/site-packages/ipykernel_launcher.py,ec2-user,FINISHED,32,0,64,"['ETH_D_AvgPrc', 'D_FINBERT_AvgScr_Ex', 'D_FINBERT_Sent_AvgEx']",14,3,0.001,7,04/03/2023,32,0.398496241,0.511278195,67.6673464,0.037313376,8329.796876,0.517643854,87.01417113,4.853235435,92.85394998,0.051122858,14018.64724,0.393442623,118.4003684,6.592731148,0
15/08/2025 21:16,27.3s,5c9b26a3de834740bb005029ed0c1a5f,ETH_base_sent_vader,LOCAL,/home/ec2-user/ETH_Price_Predition/.venv/lib/python3.11/site-packages/ipykernel_launcher.py,ec2-user,FINISHED,64,0.05,48,"['ETH_D_AvgPrc', 'D_VADER_AvgScr_Ex', 'D_VADER_Sent_AvgEx']",28,3,0.01,7,04/03/2023,32,0.37593985,0.477980666,67.81163371,0.037117595,8034.429996,0.482736536,87.02950243,4.770759119,88.1635359,0.048110943,13076.6422,0.385714286,114.3531469,6.246052783,0
15/08/2025 20:25,34.5s,91ca8f2a8c744434a95d317d58fdc85e,ETH_base_sent_vader,LOCAL,/home/ec2-user/ETH_Price_Predition/.venv/lib/python3.11/site-packages/ipykernel_launcher.py,ec2-user,FINISHED,32,0.05,40,"['ETH_D_AvgPrc', 'D_VADER_AvgScr_Ex', 'D_VADER_Sent_AvgEx']",14,3,0.001,7,04/03/2023,32,0.436090226,0.510204082,65.3789644,0.035832636,8013.37339,0.514284261,87.03036854,4.792448096,85.5707464,0.046870199,13010.55817,0.439393939,114.0638338,6.277357209,0
15/08/2025 12:32,23.1s,c481939f12ef48b0bb6c14a046df0171,ETH_base_ETH_blk,LOCAL,/home/ec2-user/ETH_Price_Predition/.venv/lib/python3.11/site-packages/ipykernel_launcher.py,ec2-user,FINISHED,32,0.05,13,"['ETH_D_AvgPrc', 'ETH_YF_Vol', 'ETH_ES_AvgTransFee', 'ETH_ES_BlkTm', 'ETH_ES_GasUsd', 'ETH_ES_AvgGasPrc']",14,3,0.001,7,04/03/2023,64,0.466165414,0.468313641,65.62053231,0.036288813,7919.121758,0.47452519,87.03294706,4.860595703,83.38064896,0.046051924,12308.95206,0.471428571,110.9457167,6.206146845,0
15/08/2025 16:54,23.6s,ab8b45a6459b49ccb518a2c4cca77f2d,ETH_base_LTC_blk,LOCAL,/home/ec2-user/ETH_Price_Predition/.venv/lib/python3.11/site-packages/ipykernel_launcher.py,ec2-user,FINISHED,32,0,27,"['ETH_D_AvgPrc', 'LTC_D_AvgPrc', 'LTC_YF_Vol', 'LTC_OL_MinDif', 'LTC_BIC_HshRt']",14,2,0.001,7,04/03/2023,64,0.413533835,0.45972073,69.02665427,0.037582658,8264.162304,0.463349336,87.05441436,4.7370835,103.6991107,0.055894129,16122.30896,0.412698413,126.9736546,6.814029079,0
15/08/2025 20:40,29.7s,cf4e0a5b09cd4c5ab4b55a6972a4338b,ETH_base_sent_vader,LOCAL,/home/ec2-user/ETH_Price_Predition/.venv/lib/python3.11/site-packages/ipykernel_launcher.py,ec2-user,FINISHED,64,0.05,77,"['ETH_D_AvgPrc', 'D_VADER_AvgScr_Ex', 'D_VADER_Sent_AvgEx']",21,2,0.001,7,04/03/2023,64,0.398496241,0.488721805,67.46145391,0.037134224,8093.322124,0.493192389,87.05781469,4.836225159,88.78042878,0.048527118,13759.6387,0.4,117.3014863,6.449271419,0
15/08/2025 20:41,20.1s,413856ef5b8c4d0cb0d69256b412d683,ETH_base_sent_vader,LOCAL,/home/ec2-user/ETH_Price_Predition/.venv/lib/python3.11/site-packages/ipykernel_launcher.py,ec2-user,FINISHED,32,0.1,15,"['ETH_D_AvgPrc', 'D_VADER_AvgScr_Ex', 'D_VADER_Sent_AvgEx']",21,2,0.001,7,04/03/2023,32,0.398496241,0.509129968,67.53760257,0.037197101,7846.680638,0.514553379,87.06686159,4.825311829,81.34657207,0.044560256,11223.65823,0.410958904,105.9417681,5.825705888,0
15/08/2025 17:11,38.8s,98af5c69fa48487f98b9c6baa54ea60b,ETH_base_LTC_blk,LOCAL,/home/ec2-user/ETH_Price_Predition/.venv/lib/python3.11/site-packages/ipykernel_launcher.py,ec2-user,FINISHED,32,0.1,40,"['ETH_D_AvgPrc', 'LTC_D_AvgPrc', 'LTC_YF_Vol', 'LTC_OL_MinDif', 'LTC_BIC_HshRt']",14,3,0.01,7,04/03/2023,64,0.421052632,0.487647691,66.4681641,0.036684263,7951.35366,0.492934189,87.06991525,4.928023036,88.70132676,0.048218861,12658.33191,0.428571429,112.5092525,6.189560145,0
15/08/2025 12:15,26.2s,7e57e2a5cd584e88b2270e69cf0dc4c7,ETH_base_ETH_blk,LOCAL,/home/ec2-user/ETH_Price_Predition/.venv/lib/python3.11/site-packages/ipykernel_launcher.py,ec2-user,FINISHED,64,0.05,49,"['ETH_D_AvgPrc', 'ETH_YF_Vol', 'ETH_ES_AvgTransFee', 'ETH_ES_BlkTm', 'ETH_ES_GasUsd', 'ETH_ES_AvgGasPrc']",7,3,0.001,7,04/03/2023,64,0.436090226,0.466165414,66.02491493,0.036225715,7962.993332,0.468753886,87.09671796,4.789184531,80.66946549,0.044214797,11432.70338,0.435483871,106.9238205,5.901971167,0
15/08/2025 12:02,25.2s,1194911d8e904de9806cb4fa83c76f50,ETH_base_ETH_blk,LOCAL,/home/ec2-user/ETH_Price_Predition/.venv/lib/python3.11/site-packages/ipykernel_launcher.py,ec2-user,FINISHED,32,0.05,33,"['ETH_D_AvgPrc', 'ETH_YF_Vol', 'ETH_ES_AvgTransFee', 'ETH_ES_BlkTm', 'ETH_ES_GasUsd', 'ETH_ES_AvgGasPrc']",7,2,0.001,7,04/03/2023,32,0.473684211,0.472610097,65.17954314,0.035898055,7949.722726,0.477946217,87.11045157,4.822574164,81.1089668,0.044621847,11923.99012,0.478873239,109.1970243,6.065325813,0
15/08/2025 16:36,24.2s,0eb9fa879c854a179bd50894b6eadc9a,ETH_base_LTC_blk,LOCAL,/home/ec2-user/ETH_Price_Predition/.venv/lib/python3.11/site-packages/ipykernel_launcher.py,ec2-user,FINISHED,64,0.1,60,"['ETH_D_AvgPrc', 'LTC_D_AvgPrc', 'LTC_YF_Vol', 'LTC_OL_MinDif', 'LTC_BIC_HshRt']",7,2,0.01,7,04/03/2023,32,0.473684211,0.499462943,68.86189881,0.037486194,8392.421212,0.504139537,87.12866765,4.726230727,108.1278698,0.058436732,17110.74252,0.478873239,130.8080369,7.035026671,0
15/08/2025 23:19,12.8s,3ba24da8d9a84ce9a5fc846518f44c42,ETH_base_sent_cryptobert,LOCAL,/home/ec2-user/ETH_Price_Predition/.venv/lib/python3.11/site-packages/ipykernel_launcher.py,ec2-user,FINISHED,64,0.05,13,"['ETH_D_AvgPrc', 'D_CRYPTOBERT_AvgScr_Ex', 'D_CRYPTOBERT_Sent_AvgEx']",7,2,0.01,7,04/03/2023,32,0.466165414,0.487647691,68.51218638,0.037665141,7956.563221,0.492661379,87.1662165,4.821874323,91.68043392,0.050667212,13833.92122,0.473684211,117.6176909,6.597154891,0
15/08/2025 12:20,13.4s,30be75d485fc426a911227e298a20f54,ETH_base_ETH_blk,LOCAL,/home/ec2-user/ETH_Price_Predition/.venv/lib/python3.11/site-packages/ipykernel_launcher.py,ec2-user,FINISHED,64,0,13,"['ETH_D_AvgPrc', 'ETH_YF_Vol', 'ETH_ES_AvgTransFee', 'ETH_ES_BlkTm', 'ETH_ES_GasUsd', 'ETH_ES_AvgGasPrc']",14,2,0.01,7,04/03/2023,32,0.443609023,0.489795918,67.75089193,0.037105533,8242.089617,0.49453711,87.17136689,4.783463068,88.92335935,0.048517291,12932.33797,0.446153846,113.7204378,6.217833249,0
15/08/2025 21:23,23.4s,426970cc03ee4a5d9e27b8d12cd7206b,ETH_base_sent_vader,LOCAL,/home/ec2-user/ETH_Price_Predition/.venv/lib/python3.11/site-packages/ipykernel_launcher.py,ec2-user,FINISHED,64,0.1,35,"['ETH_D_AvgPrc', 'D_VADER_AvgScr_Ex', 'D_VADER_Sent_AvgEx']",28,3,0.001,7,04/03/2023,64,0.406015038,0.491944146,66.37060848,0.036414043,7995.994327,0.496903871,87.18312615,4.786662853,85.34316833,0.046565402,12510.9905,0.411764706,111.8525391,6.099368305,0
15/08/2025 17:18,20.4s,fa90b1fc043f420cb14d25b58f75a572,ETH_base_LTC_blk,LOCAL,/home/ec2-user/ETH_Price_Predition/.venv/lib/python3.11/site-packages/ipykernel_launcher.py,ec2-user,FINISHED,32,0.05,15,"['ETH_D_AvgPrc', 'LTC_D_AvgPrc', 'LTC_YF_Vol', 'LTC_OL_MinDif', 'LTC_BIC_HshRt']",21,2,0.01,7,04/03/2023,64,0.511278195,0.491944146,69.762252,0.038229819,8362.630414,0.496893133,87.19493922,4.835442595,121.9358472,0.065605975,19585.28425,0.515151515,139.9474339,7.475514046,0
15/08/2025 16:49,36.7s,856b3ffffb5a40d193ae5f3dd4d5b3ed,ETH_base_LTC_blk,LOCAL,/home/ec2-user/ETH_Price_Predition/.venv/lib/python3.11/site-packages/ipykernel_launcher.py,ec2-user,FINISHED,64,0.1,88,"['ETH_D_AvgPrc', 'LTC_D_AvgPrc', 'LTC_YF_Vol', 'LTC_OL_MinDif', 'LTC_BIC_HshRt']",7,3,0.001,7,04/03/2023,32,0.443609023,0.477980666,69.12236139,0.037971482,7894.417416,0.48522913,87.20286339,4.831909522,96.21775577,0.051957016,13842.28336,0.454545455,117.6532335,6.328937985,0
15/08/2025 12:09,46.4s,41cdeaeeb10941c88e414f8c4b524fa0,ETH_base_ETH_blk,LOCAL,/home/ec2-user/ETH_Price_Predition/.venv/lib/python3.11/site-packages/ipykernel_launcher.py,ec2-user,FINISHED,32,0,71,"['ETH_D_AvgPrc', 'ETH_YF_Vol', 'ETH_ES_AvgTransFee', 'ETH_ES_BlkTm', 'ETH_ES_GasUsd', 'ETH_ES_AvgGasPrc']",7,3,0.001,7,04/03/2023,32,0.436090226,0.468313641,64.86340096,0.035658397,7969.458091,0.473625158,87.20809229,4.825772978,82.89666542,0.045242804,12424.10023,0.439393939,111.4634479,6.12582103,0
15/08/2025 17:00,31.4s,3f4a65b06500463aa782bb84286c7c39,ETH_base_LTC_blk,LOCAL,/home/ec2-user/ETH_Price_Predition/.venv/lib/python3.11/site-packages/ipykernel_launcher.py,ec2-user,FINISHED,32,0.1,44,"['ETH_D_AvgPrc', 'LTC_D_AvgPrc', 'LTC_YF_Vol', 'LTC_OL_MinDif', 'LTC_BIC_HshRt']",14,2,0.001,7,04/03/2023,64,0.421052632,0.468313641,68.44257221,0.037618596,8126.0538,0.472933108,87.23584342,4.857261149,101.6620981,0.054883174,15621.48135,0.424242424,124.9859246,6.731255931,0
15/08/2025 21:06,13.3s,6cdbc32c87224cf1b5f64641c984ce07,ETH_base_sent_vader,LOCAL,/home/ec2-user/ETH_Price_Predition/.venv/lib/python3.11/site-packages/ipykernel_launcher.py,ec2-user,FINISHED,64,0.1,12,"['ETH_D_AvgPrc', 'D_VADER_AvgScr_Ex', 'D_VADER_Sent_AvgEx']",28,2,0.01,7,04/03/2023,32,0.368421053,0.498388829,66.97616895,0.036739081,7921.050724,0.503508584,87.26545847,4.794721188,85.9082676,0.04676051,12903.31104,0.373134328,113.592742,6.161800666,0
15/08/2025 21:58,12.0s,1b206df1bfd244f08973fe8a2a959ca6,ETH_base_sent_finbert,LOCAL,/home/ec2-user/ETH_Price_Predition/.venv/lib/python3.11/site-packages/ipykernel_launcher.py,ec2-user,FINISHED,64,0,9,"['ETH_D_AvgPrc', 'D_FINBERT_AvgScr_Ex', 'D_FINBERT_Sent_AvgEx']",14,2,0.01,7,04/03/2023,32,0.406015038,0.487647691,67.48442207,0.037123885,7886.368829,0.493341134,87.29042806,4.844617688,85.14615006,0.046901564,11898.12228,0.416666667,109.0785143,6.098439402,0
15/08/2025 20:37,32.0s,d6545cef0b624ebcbff0dcc81fffe930,ETH_base_sent_vader,LOCAL,/home/ec2-user/ETH_Price_Predition/.venv/lib/python3.11/site-packages/ipykernel_launcher.py,ec2-user,FINISHED,32,0.05,44,"['ETH_D_AvgPrc', 'D_VADER_AvgScr_Ex', 'D_VADER_Sent_AvgEx']",21,2,0.001,7,04/03/2023,32,0.406015038,0.497314715,66.56414362,0.036439653,8015.396753,0.50020085,87.29778081,4.781132439,84.4772924,0.045997002,12816.5406,0.403225806,113.2101612,6.147713782,0
15/08/2025 21:39,18.3s,ac1b83b6d3f941e9b1bfe8ce98105bec,ETH_base_sent_finbert,LOCAL,/home/ec2-user/ETH_Price_Predition/.venv/lib/python3.11/site-packages/ipykernel_launcher.py,ec2-user,FINISHED,64,0.05,35,"['ETH_D_AvgPrc', 'D_FINBERT_AvgScr_Ex', 'D_FINBERT_Sent_AvgEx']",7,2,0.01,7,04/03/2023,64,0.406015038,0.502685285,67.44957323,0.036970487,7850.562022,0.505955231,87.30333036,4.812007341,82.93383766,0.045440787,12309.78297,0.411764706,110.9494613,6.109980861,0
15/08/2025 21:40,22.1s,01353f9aec2b4054baa1f666d940be4b,ETH_base_sent_finbert,LOCAL,/home/ec2-user/ETH_Price_Predition/.venv/lib/python3.11/site-packages/ipykernel_launcher.py,ec2-user,FINISHED,64,0.05,51,"['ETH_D_AvgPrc', 'D_FINBERT_AvgScr_Ex', 'D_FINBERT_Sent_AvgEx']",7,2,0.001,7,04/03/2023,64,0.466165414,0.512352309,67.53444651,0.037179577,8060.064241,0.517178366,87.31112327,4.86548318,91.03124518,0.05021906,13394.59268,0.46969697,115.7350106,6.48058866,0
15/08/2025 17:01,17.9s,60382604d5bb4a6ca672f70c1ccd784e,ETH_base_LTC_blk,LOCAL,/home/ec2-user/ETH_Price_Predition/.venv/lib/python3.11/site-packages/ipykernel_launcher.py,ec2-user,FINISHED,64,0.1,29,"['ETH_D_AvgPrc', 'LTC_D_AvgPrc', 'LTC_YF_Vol', 'LTC_OL_MinDif', 'LTC_BIC_HshRt']",14,2,0.01,7,04/03/2023,64,0.421052632,0.462943072,68.6972059,0.037783615,7942.493194,0.468544731,87.31490724,4.872662378,90.69681337,0.049121016,12827.70169,0.426470588,113.2594441,6.15607321,0
15/08/2025 12:31,14.6s,1d4e7eb2738340b3b874746b071979f4,ETH_base_ETH_blk,LOCAL,/home/ec2-user/ETH_Price_Predition/.venv/lib/python3.11/site-packages/ipykernel_launcher.py,ec2-user,FINISHED,64,0.05,6,"['ETH_D_AvgPrc', 'ETH_YF_Vol', 'ETH_ES_AvgTransFee', 'ETH_ES_BlkTm', 'ETH_ES_GasUsd', 'ETH_ES_AvgGasPrc']",14,3,0.01,7,04/03/2023,32,0.496240602,0.490870032,64.88689379,0.036075892,7822.073566,0.496083196,87.32152632,4.92953276,75.01698223,0.04138764,10665.14885,0.5,103.2722075,5.784536458,0
15/08/2025 12:14,26.6s,8e1ea05d763f4335bd17ffa33979cb0e,ETH_base_ETH_blk,LOCAL,/home/ec2-user/ETH_Price_Predition/.venv/lib/python3.11/site-packages/ipykernel_launcher.py,ec2-user,FINISHED,32,0.05,24,"['ETH_D_AvgPrc', 'ETH_YF_Vol', 'ETH_ES_AvgTransFee', 'ETH_ES_BlkTm', 'ETH_ES_GasUsd', 'ETH_ES_AvgGasPrc']",7,3,0.01,7,04/03/2023,64,0.413533835,0.458646617,67.63152014,0.036899337,8193.086243,0.46120531,87.38562987,4.759486638,88.03437771,0.047676891,13045.8557,0.406779661,114.218456,6.160552738,0
15/08/2025 16:32,43.1s,4d9f7aa3dcd54164846d866d7990ad15,ETH_base_LTC_blk,LOCAL,/home/ec2-user/ETH_Price_Predition/.venv/lib/python3.11/site-packages/ipykernel_launcher.py,ec2-user,FINISHED,32,0.05,80,"['ETH_D_AvgPrc', 'LTC_D_AvgPrc', 'LTC_YF_Vol', 'LTC_OL_MinDif', 'LTC_BIC_HshRt']",7,2,0.01,7,04/03/2023,32,0.496240602,0.500537057,70.36555922,0.038779335,7775.499285,0.504891633,87.41419988,4.890232183,79.2681988,0.042969389,10095.21219,0.5,100.4749332,5.475705815,0
15/08/2025 19:53,19.0s,31820a73216145a294b9d69f092fe04f,ETH_base_sent_vader,LOCAL,/home/ec2-user/ETH_Price_Predition/.venv/lib/python3.11/site-packages/ipykernel_launcher.py,ec2-user,FINISHED,32,0.05,17,"['ETH_D_AvgPrc', 'D_VADER_AvgScr_Ex', 'D_VADER_Sent_AvgEx']",7,2,0.01,7,04/03/2023,32,0.406015038,0.485499463,67.98958036,0.037011093,8155.994441,0.4910364,87.42245877,4.746395134,89.21001486,0.048323387,13109.45195,0.411764706,114.496515,6.162958432,0
15/08/2025 18:03,26.3s,9c76902fcd1a43fa845ac5c485566c81,ETH_base_BTC_blk_LTC_blk,LOCAL,/home/ec2-user/ETH_Price_Predition/.venv/lib/python3.11/site-packages/ipykernel_launcher.py,ec2-user,FINISHED,32,0,38,"['ETH_D_AvgPrc', 'BTC_D_AvgPrc', 'LTC_D_AvgPrc']",7,2,0.001,7,04/03/2023,64,0.481203008,0.480128894,67.47443604,0.037303285,7933.160685,0.485632759,87.4235619,4.874791122,77.58291626,0.042607105,11054.57578,0.486111111,105.1407427,5.824217301,0
15/08/2025 18:08,24.5s,e83da2acfee1434eb59deae52763d4a6,ETH_base_BTC_blk_LTC_blk,LOCAL,/home/ec2-user/ETH_Price_Predition/.venv/lib/python3.11/site-packages/ipykernel_launcher.py,ec2-user,FINISHED,32,0.1,30,"['ETH_D_AvgPrc', 'BTC_D_AvgPrc', 'LTC_D_AvgPrc']",7,2,0.001,7,04/03/2023,32,0.458646617,0.466165414,66.35041607,0.036549295,7988.339475,0.472738976,87.43424463,4.842098728,84.49980198,0.046368333,12093.8014,0.464788732,109.9718209,6.078311682,0
15/08/2025 13:08,19.8s,d6fb1abdaee74d88b64ba77513a3b74b,ETH_base_ETH_blk,LOCAL,/home/ec2-user/ETH_Price_Predition/.venv/lib/python3.11/site-packages/ipykernel_launcher.py,ec2-user,FINISHED,64,0,22,"['ETH_D_AvgPrc', 'ETH_YF_Vol', 'ETH_ES_AvgTransFee', 'ETH_ES_BlkTm', 'ETH_ES_GasUsd', 'ETH_ES_AvgGasPrc']",28,3,0.01,7,04/03/2023,32,0.436090226,0.467239527,68.29772353,0.037512528,8118.176178,0.473557393,87.47846378,4.822804747,84.21846892,0.046000773,12034.84546,0.442857143,109.7034432,5.985128658,0
15/08/2025 12:10,27.0s,019050663d8647cfbbdb51bec8f61495,ETH_base_ETH_blk,LOCAL,/home/ec2-user/ETH_Price_Predition/.venv/lib/python3.11/site-packages/ipykernel_launcher.py,ec2-user,FINISHED,64,0,43,"['ETH_D_AvgPrc', 'ETH_YF_Vol', 'ETH_ES_AvgTransFee', 'ETH_ES_BlkTm', 'ETH_ES_GasUsd', 'ETH_ES_AvgGasPrc']",7,3,0.001,7,04/03/2023,32,0.488721805,0.484425349,66.4481763,0.036472456,8047.035319,0.489551733,87.48831366,4.81693135,86.82212818,0.048007411,13134.33883,0.493333333,114.6051431,6.424821115,0
15/08/2025 12:42,41.2s,737ca97a31ca46f8a14bafb61662afcf,ETH_base_ETH_blk,LOCAL,/home/ec2-user/ETH_Price_Predition/.venv/lib/python3.11/site-packages/ipykernel_launcher.py,ec2-user,FINISHED,32,0.05,64,"['ETH_D_AvgPrc', 'ETH_YF_Vol', 'ETH_ES_AvgTransFee', 'ETH_ES_BlkTm', 'ETH_ES_GasUsd', 'ETH_ES_AvgGasPrc']",21,2,0.001,7,04/03/2023,64,0.496240602,0.471535983,69.69110776,0.038094503,7994.753131,0.476419647,87.54201607,4.785138557,90.30025924,0.049225644,12342.16978,0.5,111.0953184,6.059885471,0
15/08/2025 21:04,17.2s,9f7acc978f984b9cb2cbd2a17c598990,ETH_base_sent_vader,LOCAL,/home/ec2-user/ETH_Price_Predition/.venv/lib/python3.11/site-packages/ipykernel_launcher.py,ec2-user,FINISHED,64,0.05,26,"['ETH_D_AvgPrc', 'D_VADER_AvgScr_Ex', 'D_VADER_Sent_AvgEx']",28,2,0.01,7,04/03/2023,64,0.37593985,0.486573577,66.75004746,0.036537451,8151.213005,0.490894845,87.55187449,4.794807085,88.58337563,0.048433127,13476.44142,0.382352941,116.0880761,6.350416731,0
15/08/2025 12:28,25.0s,efd0daefe08b4e248c12510dfacc43ff,ETH_base_ETH_blk,LOCAL,/home/ec2-user/ETH_Price_Predition/.venv/lib/python3.11/site-packages/ipykernel_launcher.py,ec2-user,FINISHED,64,0,43,"['ETH_D_AvgPrc', 'ETH_YF_Vol', 'ETH_ES_AvgTransFee', 'ETH_ES_BlkTm', 'ETH_ES_GasUsd', 'ETH_ES_AvgGasPrc']",14,3,0.001,7,04/03/2023,32,0.488721805,0.485499463,67.49104462,0.03719396,8176.149998,0.49081521,87.57295959,4.856832161,89.53155678,0.049404216,13757.51095,0.491803279,117.2924164,6.550109049,0
15/08/2025 20:13,11.1s,93a80e65c32f4e95988e60cb49b715c3,ETH_base_sent_vader,LOCAL,/home/ec2-user/ETH_Price_Predition/.venv/lib/python3.11/site-packages/ipykernel_launcher.py,ec2-user,FINISHED,64,0,6,"['ETH_D_AvgPrc', 'D_VADER_AvgScr_Ex', 'D_VADER_Sent_AvgEx']",14,2,0.01,7,04/03/2023,32,0.37593985,0.481203008,67.87437169,0.037281171,7965.489131,0.485394935,87.57763952,4.83644553,85.35452041,0.04698173,11971.91853,0.375,109.4162626,6.088920211,0
15/08/2025 12:52,36.4s,04c284e49db04465ad7cad193b20e377,ETH_base_ETH_blk,LOCAL,/home/ec2-user/ETH_Price_Predition/.venv/lib/python3.11/site-packages/ipykernel_launcher.py,ec2-user,FINISHED,32,0.05,38,"['ETH_D_AvgPrc', 'ETH_YF_Vol', 'ETH_ES_AvgTransFee', 'ETH_ES_BlkTm', 'ETH_ES_GasUsd', 'ETH_ES_AvgGasPrc']",21,3,0.001,7,04/03/2023,64,0.428571429,0.4650913,68.68963026,0.037610682,8080.319405,0.467631649,87.57853526,4.802097006,88.88816868,0.048410647,12312.91941,0.426229508,110.963595,6.038228251,0
15/08/2025 23:25,23.0s,739c7ef9f0234a5ea4dfd431a8de0bc4,ETH_base_sent_cryptobert,LOCAL,/home/ec2-user/ETH_Price_Predition/.venv/lib/python3.11/site-packages/ipykernel_launcher.py,ec2-user,FINISHED,32,0.1,28,"['ETH_D_AvgPrc', 'D_CRYPTOBERT_AvgScr_Ex', 'D_CRYPTOBERT_Sent_AvgEx']",7,2,0.001,7,04/03/2023,64,0.458646617,0.473684211,67.25155413,0.037148628,8177.595668,0.480455122,87.59957363,4.879148438,93.72271293,0.051752401,14686.01239,0.465753425,121.1858589,6.769833127,0
15/08/2025 16:55,14.5s,9ddb5e7cd5104e2faa922cb65113b3ba,ETH_base_LTC_blk,LOCAL,/home/ec2-user/ETH_Price_Predition/.venv/lib/python3.11/site-packages/ipykernel_launcher.py,ec2-user,FINISHED,32,0.05,3,"['ETH_D_AvgPrc', 'LTC_D_AvgPrc', 'LTC_YF_Vol', 'LTC_OL_MinDif', 'LTC_BIC_HshRt']",14,2,0.01,7,04/03/2023,32,0.481203008,0.470461869,68.91343373,0.03781115,8039.418881,0.477324431,87.60018272,4.846290195,86.53489536,0.046959725,11962.73272,0.486111111,109.3742782,5.944387483,0
15/08/2025 12:28,25.7s,52420d0f3e4e46bf900a007103ba5fd2,ETH_base_ETH_blk,LOCAL,/home/ec2-user/ETH_Price_Predition/.venv/lib/python3.11/site-packages/ipykernel_launcher.py,ec2-user,FINISHED,64,0,35,"['ETH_D_AvgPrc', 'ETH_YF_Vol', 'ETH_ES_AvgTransFee', 'ETH_ES_BlkTm', 'ETH_ES_GasUsd', 'ETH_ES_AvgGasPrc']",14,3,0.01,7,04/03/2023,32,0.436090226,0.475832438,68.29823311,0.037361299,8073.074064,0.479087767,87.63986253,4.799358933,87.4203856,0.047748677,12338.13848,0.433333333,111.0771735,6.096019454,0
15/08/2025 20:21,20.5s,904bd47f9bff4c1bbe4f90c41337efca,ETH_base_sent_vader,LOCAL,/home/ec2-user/ETH_Price_Predition/.venv/lib/python3.11/site-packages/ipykernel_launcher.py,ec2-user,FINISHED,64,0.1,43,"['ETH_D_AvgPrc', 'D_VADER_AvgScr_Ex', 'D_VADER_Sent_AvgEx']",14,2,0.001,7,04/03/2023,64,0.398496241,0.495166488,66.6031738,0.036576661,8138.551526,0.499953725,87.67140452,4.838961546,87.88097938,0.048184063,13532.71321,0.405797101,116.3301905,6.415489904,0
15/08/2025 12:52,23.2s,a5f2fbe3dddd4a858ff911e02079682a,ETH_base_ETH_blk,LOCAL,/home/ec2-user/ETH_Price_Predition/.venv/lib/python3.11/site-packages/ipykernel_launcher.py,ec2-user,FINISHED,32,0.05,12,"['ETH_D_AvgPrc', 'ETH_YF_Vol', 'ETH_ES_AvgTransFee', 'ETH_ES_BlkTm', 'ETH_ES_GasUsd', 'ETH_ES_AvgGasPrc']",21,3,0.01,7,04/03/2023,64,0.511278195,0.49301826,68.17759093,0.037407043,8205.731912,0.497624072,87.67433684,4.823521742,87.64712249,0.048221052,12940.90927,0.515625,113.7581174,6.341839957,0
15/08/2025 12:56,27.4s,d8aa78f0449f4c2aae6b1610257bf4ce,ETH_base_ETH_blk,LOCAL,/home/ec2-user/ETH_Price_Predition/.venv/lib/python3.11/site-packages/ipykernel_launcher.py,ec2-user,FINISHED,64,0.1,48,"['ETH_D_AvgPrc', 'ETH_YF_Vol', 'ETH_ES_AvgTransFee', 'ETH_ES_BlkTm', 'ETH_ES_GasUsd', 'ETH_ES_AvgGasPrc']",21,3,0.01,7,04/03/2023,64,0.466165414,0.464017186,67.01366066,0.036903632,8084.741148,0.468898497,87.68764761,4.870259849,84.39095565,0.04629866,12194.36796,0.46969697,110.4281122,6.120937905,0
15/08/2025 13:30,20.5s,3da8966a2c7c420f887b94b8a2366995,ETH_base_BTC_blk,LOCAL,/home/ec2-user/ETH_Price_Predition/.venv/lib/python3.11/site-packages/ipykernel_launcher.py,ec2-user,FINISHED,64,0.1,41,"['ETH_D_AvgPrc', 'BTC_D_AvgPrc', 'BTC_OL_MinDif', 'BTC_OL_AvgTransFee', 'BTC_BIC_HshRt']",7,2,0.01,7,04/03/2023,32,0.511278195,0.499462943,67.97565045,0.03739371,8055.62313,0.50363521,87.69810394,4.863434873,96.97204888,0.052430384,14280.39578,0.514705882,119.5006099,6.436860711,0
15/08/2025 21:20,34.7s,88603b714a59403ba8c29a76955451b1,ETH_base_sent_vader,LOCAL,/home/ec2-user/ETH_Price_Predition/.venv/lib/python3.11/site-packages/ipykernel_launcher.py,ec2-user,FINISHED,32,0.1,34,"['ETH_D_AvgPrc', 'D_VADER_AvgScr_Ex', 'D_VADER_Sent_AvgEx']",28,3,0.001,7,04/03/2023,32,0.413533835,0.47905478,66.65526387,0.036576439,8017.062928,0.483098129,87.70264349,4.827906987,83.2152391,0.045486914,12046.96339,0.415384615,109.7586598,6.011575754,0
15/08/2025 17:49,43.4s,149b2d1dd3d74e31828bfeddc3cbebd2,ETH_base_LTC_blk,LOCAL,/home/ec2-user/ETH_Price_Predition/.venv/lib/python3.11/site-packages/ipykernel_launcher.py,ec2-user,FINISHED,32,0,50,"['ETH_D_AvgPrc', 'LTC_D_AvgPrc', 'LTC_YF_Vol', 'LTC_OL_MinDif', 'LTC_BIC_HshRt']",28,3,0.01,7,04/03/2023,64,0.428571429,0.486573577,68.20180124,0.037655272,8191.081899,0.49092936,87.70869843,4.938718697,83.45835223,0.04618656,11723.90574,0.430769231,108.2769862,6.236897844,0
15/08/2025 12:06,14.8s,94a8f65a9f9c4d6a9aef2e272530099f,ETH_base_ETH_blk,LOCAL,/home/ec2-user/ETH_Price_Predition/.venv/lib/python3.11/site-packages/ipykernel_launcher.py,ec2-user,FINISHED,64,0.1,20,"['ETH_D_AvgPrc', 'ETH_YF_Vol', 'ETH_ES_AvgTransFee', 'ETH_ES_BlkTm', 'ETH_ES_GasUsd', 'ETH_ES_AvgGasPrc']",7,2,0.01,7,04/03/2023,32,0.466165414,0.485499463,67.79688608,0.036972831,7982.219063,0.490708081,87.71821498,4.77611883,81.3395902,0.04434785,11121.86329,0.472972973,105.4602451,5.768527943,0
15/08/2025 18:22,27.6s,2b8bc10ec717466c95206396b5cf49fb,ETH_base_BTC_blk_LTC_blk,LOCAL,/home/ec2-user/ETH_Price_Predition/.venv/lib/python3.11/site-packages/ipykernel_launcher.py,ec2-user,FINISHED,64,0.1,56,"['ETH_D_AvgPrc', 'BTC_D_AvgPrc', 'LTC_D_AvgPrc']",7,3,0.001,7,04/03/2023,32,0.45112782,0.469387755,66.33485644,0.036567004,7998.199215,0.476392933,87.72065042,4.863440044,82.70920442,0.045406211,11852.58713,0.457142857,108.8695877,6.024028576,0
15/08/2025 17:12,15.7s,31082590285a4451bb14334d661a01a3,ETH_base_LTC_blk,LOCAL,/home/ec2-user/ETH_Price_Predition/.venv/lib/python3.11/site-packages/ipykernel_launcher.py,ec2-user,FINISHED,64,0.1,7,"['ETH_D_AvgPrc', 'LTC_D_AvgPrc', 'LTC_YF_Vol', 'LTC_OL_MinDif', 'LTC_BIC_HshRt']",14,3,0.01,7,04/03/2023,64,0.436090226,0.472610097,68.31542707,0.037964938,7754.562946,0.479773778,87.73733614,5.003760424,76.32328785,0.041689554,10108.47406,0.444444444,100.5409074,5.570936703,0
15/08/2025 21:41,29.0s,625c03458dcb4ad183c3a99b3af1ecef,ETH_base_sent_finbert,LOCAL,/home/ec2-user/ETH_Price_Predition/.venv/lib/python3.11/site-packages/ipykernel_launcher.py,ec2-user,FINISHED,64,0.1,84,"['ETH_D_AvgPrc', 'D_FINBERT_AvgScr_Ex', 'D_FINBERT_Sent_AvgEx']",7,2,0.001,7,04/03/2023,32,0.458646617,0.511278195,68.00142164,0.037409786,8105.510402,0.51680563,87.78425808,4.885395718,87.51454082,0.048119333,12868.64184,0.463768116,113.4400363,6.304002894,0
15/08/2025 19:11,18.4s,9f7a18440f92493cb63aaed1981f8a07,ETH_base_BTC_blk_LTC_blk,LOCAL,/home/ec2-user/ETH_Price_Predition/.venv/lib/python3.11/site-packages/ipykernel_launcher.py,ec2-user,FINISHED,32,0.1,3,"['ETH_D_AvgPrc', 'BTC_D_AvgPrc', 'LTC_D_AvgPrc']",21,3,0.01,7,04/03/2023,32,0.45112782,0.464017186,68.09658974,0.037548781,7974.28984,0.470534176,87.79800825,4.871762156,85.62105176,0.047005145,12046.76008,0.457142857,109.7577336,6.061223311,0
15/08/2025 17:52,28.3s,233ed0b3556a4c07b1ddf942fd8b4b95,ETH_base_LTC_blk,LOCAL,/home/ec2-user/ETH_Price_Predition/.venv/lib/python3.11/site-packages/ipykernel_launcher.py,ec2-user,FINISHED,64,0.05,48,"['ETH_D_AvgPrc', 'LTC_D_AvgPrc', 'LTC_YF_Vol', 'LTC_OL_MinDif', 'LTC_BIC_HshRt']",28,3,0.01,7,04/03/2023,32,0.390977444,0.472610097,67.98956155,0.037895435,7766.817899,0.476209185,87.82971663,5.047615606,76.320924,0.041807478,9701.480198,0.387096774,98.4960923,5.524135392,0
15/08/2025 12:35,40.1s,941b3456083141aeae1ea9effe675dbd,ETH_base_ETH_blk,LOCAL,/home/ec2-user/ETH_Price_Predition/.venv/lib/python3.11/site-packages/ipykernel_launcher.py,ec2-user,FINISHED,64,0.1,92,"['ETH_D_AvgPrc', 'ETH_YF_Vol', 'ETH_ES_AvgTransFee', 'ETH_ES_BlkTm', 'ETH_ES_GasUsd', 'ETH_ES_AvgGasPrc']",14,3,0.001,7,04/03/2023,32,0.45112782,0.475832438,68.14683892,0.037357765,8022.465012,0.479698516,87.85014297,4.826207378,84.25828449,0.046299964,11983.97174,0.453125,109.4713284,6.082451544,0
16/08/2025 00:42,18.6s,2ac6654727a34c94915188937373b63d,ETH_base_sent_cryptobert,LOCAL,/home/ec2-user/ETH_Price_Predition/.venv/lib/python3.11/site-packages/ipykernel_launcher.py,ec2-user,FINISHED,64,0.05,31,"['ETH_D_AvgPrc', 'D_CRYPTOBERT_AvgScr_Ex', 'D_CRYPTOBERT_Sent_AvgEx']",28,2,0.01,7,04/03/2023,64,0.496240602,0.482277121,68.84634304,0.037936895,8611.735921,0.488075242,87.85459127,4.884573254,110.4597381,0.060870602,18696.3698,0.5,136.7346693,7.644519483,0
15/08/2025 16:54,14.0s,1e9d514042a340caa276fee8923f28b1,ETH_base_LTC_blk,LOCAL,/home/ec2-user/ETH_Price_Predition/.venv/lib/python3.11/site-packages/ipykernel_launcher.py,ec2-user,FINISHED,64,0,16,"['ETH_D_AvgPrc', 'LTC_D_AvgPrc', 'LTC_YF_Vol', 'LTC_OL_MinDif', 'LTC_BIC_HshRt']",14,2,0.01,7,04/03/2023,64,0.390977444,0.468313641,69.77788592,0.038341763,8012.157574,0.472600181,87.8929701,4.873256533,92.64264536,0.050183746,13514.80541,0.393939394,116.2531952,6.308902936,0
15/08/2025 12:38,32.7s,9437b1a239574081b04258d717220f2b,ETH_base_ETH_blk,LOCAL,/home/ec2-user/ETH_Price_Predition/.venv/lib/python3.11/site-packages/ipykernel_launcher.py,ec2-user,FINISHED,64,0,89,"['ETH_D_AvgPrc', 'ETH_YF_Vol', 'ETH_ES_AvgTransFee', 'ETH_ES_BlkTm', 'ETH_ES_GasUsd', 'ETH_ES_AvgGasPrc']",21,2,0.001,7,04/03/2023,32,0.488721805,0.471535983,68.22906901,0.037426271,8261.483714,0.475444301,87.89784356,4.840536447,92.31748767,0.05079144,14269.20457,0.492307692,119.4537759,6.644775186,0
15/08/2025 20:30,30.8s,36f05176e8c44708be4819e8a0f697fc,ETH_base_sent_vader,LOCAL,/home/ec2-user/ETH_Price_Predition/.venv/lib/python3.11/site-packages/ipykernel_launcher.py,ec2-user,FINISHED,32,0.1,32,"['ETH_D_AvgPrc', 'D_VADER_AvgScr_Ex', 'D_VADER_Sent_AvgEx']",14,3,0.001,7,04/03/2023,32,0.421052632,0.505907626,67.05151629,0.03692411,8139.57036,0.510754101,87.91033445,4.873082294,92.16897537,0.050718232,14229.36881,0.426470588,119.286918,6.641611114,0
16/08/2025 00:23,28.2s,18fcfd3546774065aa5245706d852236,ETH_base_sent_cryptobert,LOCAL,/home/ec2-user/ETH_Price_Predition/.venv/lib/python3.11/site-packages/ipykernel_launcher.py,ec2-user,FINISHED,64,0,56,"['ETH_D_AvgPrc', 'D_CRYPTOBERT_AvgScr_Ex', 'D_CRYPTOBERT_Sent_AvgEx']",21,3,0.001,7,04/03/2023,64,0.443609023,0.487647691,67.9356774,0.037062732,8084.817466,0.492187531,87.92595646,4.806372459,88.31505269,0.048001117,13492.47712,0.446153846,116.1571225,6.328357924,0
15/08/2025 18:19,18.7s,cad7a1169b24448f9680563c71c412c6,ETH_base_BTC_blk_LTC_blk,LOCAL,/home/ec2-user/ETH_Price_Predition/.venv/lib/python3.11/site-packages/ipykernel_launcher.py,ec2-user,FINISHED,64,0.05,23,"['ETH_D_AvgPrc', 'BTC_D_AvgPrc', 'LTC_D_AvgPrc']",7,3,0.001,7,04/03/2023,64,0.473684211,0.480128894,66.45851071,0.036535675,8070.56877,0.485539746,87.94205615,4.852872305,84.57306206,0.04642142,12407.97801,0.47761194,111.3911038,6.149829186,0
15/08/2025 16:34,23.4s,7f8eebde57fb44bc98df8261e3dad233,ETH_base_LTC_blk,LOCAL,/home/ec2-user/ETH_Price_Predition/.venv/lib/python3.11/site-packages/ipykernel_launcher.py,ec2-user,FINISHED,64,0.05,56,"['ETH_D_AvgPrc', 'LTC_D_AvgPrc', 'LTC_YF_Vol', 'LTC_OL_MinDif', 'LTC_BIC_HshRt']",7,2,0.001,7,04/03/2023,64,0.443609023,0.470461869,70.66028717,0.038706856,8172.194719,0.477067773,87.94293572,4.838690708,97.87849117,0.052908882,14268.93378,0.452054795,119.4526424,6.439051052,0
15/08/2025 17:58,38.5s,7a35a4b9ed11490cb0b75a4c45da5b09,ETH_base_LTC_blk,LOCAL,/home/ec2-user/ETH_Price_Predition/.venv/lib/python3.11/site-packages/ipykernel_launcher.py,ec2-user,FINISHED,32,0.1,37,"['ETH_D_AvgPrc', 'LTC_D_AvgPrc', 'LTC_YF_Vol', 'LTC_OL_MinDif', 'LTC_BIC_HshRt']",28,3,0.01,7,04/03/2023,64,0.421052632,0.489795918,69.67176663,0.038258392,8068.466938,0.493951504,87.94976924,4.872644592,82.85273708,0.045115578,11466.64771,0.424242424,107.0824342,5.886529418,0
15/08/2025 19:57,11.8s,f3a809cf91514f908ffe99909b7fbd51,ETH_base_sent_vader,LOCAL,/home/ec2-user/ETH_Price_Predition/.venv/lib/python3.11/site-packages/ipykernel_launcher.py,ec2-user,FINISHED,64,0.1,9,"['ETH_D_AvgPrc', 'D_VADER_AvgScr_Ex', 'D_VADER_Sent_AvgEx']",7,2,0.01,7,04/03/2023,32,0.421052632,0.497314715,67.25433396,0.036865636,7957.208349,0.502380893,87.96437445,4.830286543,78.46328552,0.042868086,10652.13798,0.419354839,103.2091952,5.647127191,0
15/08/2025 12:00,23.1s,4e92de78c2984e429e8c43c13d444209,ETH_base_ETH_blk,LOCAL,/home/ec2-user/ETH_Price_Predition/.venv/lib/python3.11/site-packages/ipykernel_launcher.py,ec2-user,FINISHED,64,0,60,"['ETH_D_AvgPrc', 'ETH_YF_Vol', 'ETH_ES_AvgTransFee', 'ETH_ES_BlkTm', 'ETH_ES_GasUsd', 'ETH_ES_AvgGasPrc']",7,2,0.001,7,04/03/2023,32,0.413533835,0.4650913,66.43945542,0.036360335,8120.637844,0.468815737,87.98301708,4.817574997,82.82506888,0.045438257,12535.24578,0.412698413,111.9609118,6.177660347,0
15/08/2025 12:46,21.7s,89d9139a07264a81885655092356461d,ETH_base_ETH_blk,LOCAL,/home/ec2-user/ETH_Price_Predition/.venv/lib/python3.11/site-packages/ipykernel_launcher.py,ec2-user,FINISHED,64,0.1,45,"['ETH_D_AvgPrc', 'ETH_YF_Vol', 'ETH_ES_AvgTransFee', 'ETH_ES_BlkTm', 'ETH_ES_GasUsd', 'ETH_ES_AvgGasPrc']",21,2,0.01,7,04/03/2023,64,0.511278195,0.483351235,68.60929325,0.037597892,8164.053229,0.48848318,88.0002386,4.83128915,87.92296744,0.048141946,12560.0188,0.514285714,112.0714897,6.171598455,0
15/08/2025 12:37,26.5s,a986b7188e6c4adaa5ccc7c448e49ff9,ETH_base_ETH_blk,LOCAL,/home/ec2-user/ETH_Price_Predition/.venv/lib/python3.11/site-packages/ipykernel_launcher.py,ec2-user,FINISHED,32,0,32,"['ETH_D_AvgPrc', 'ETH_YF_Vol', 'ETH_ES_AvgTransFee', 'ETH_ES_BlkTm', 'ETH_ES_GasUsd', 'ETH_ES_AvgGasPrc']",21,2,0.01,7,04/03/2023,32,0.511278195,0.476906552,68.30023161,0.037783077,8060.478648,0.481983771,88.006365,4.956835078,85.5870896,0.046850368,12209.22434,0.515625,110.4953589,6.13075891,0
15/08/2025 13:37,16.6s,4473bec9a0314712a79d7a422445ff6e,ETH_base_BTC_blk,LOCAL,/home/ec2-user/ETH_Price_Predition/.venv/lib/python3.11/site-packages/ipykernel_launcher.py,ec2-user,FINISHED,64,0.05,14,"['ETH_D_AvgPrc', 'BTC_D_AvgPrc', 'BTC_OL_MinDif', 'BTC_OL_AvgTransFee', 'BTC_BIC_HshRt']",7,3,0.01,7,04/03/2023,64,0.458646617,0.497314715,68.86567703,0.038077336,7879.263496,0.501827423,88.04892565,4.926180768,85.71755936,0.046562819,11590.74484,0.464788732,107.6603216,5.844346245,0
15/08/2025 21:01,19.4s,6e34acf2fef5448ba4ec1bd2c4b803ef,ETH_base_sent_vader,LOCAL,/home/ec2-user/ETH_Price_Predition/.venv/lib/python3.11/site-packages/ipykernel_launcher.py,ec2-user,FINISHED,64,0,36,"['ETH_D_AvgPrc', 'D_VADER_AvgScr_Ex', 'D_VADER_Sent_AvgEx']",28,2,0.01,7,04/03/2023,64,0.398496241,0.484425349,67.23014056,0.036785427,8372.614364,0.489975801,88.05550675,4.825147543,92.8065477,0.050651088,14904.10019,0.405797101,122.08235,6.661398743,0
15/08/2025 22:40,29.7s,7ff56ff2baec4994a5991779b4d5af40,ETH_base_sent_finbert,LOCAL,/home/ec2-user/ETH_Price_Predition/.venv/lib/python3.11/site-packages/ipykernel_launcher.py,ec2-user,FINISHED,32,0.05,25,"['ETH_D_AvgPrc', 'D_FINBERT_AvgScr_Ex', 'D_FINBERT_Sent_AvgEx']",21,3,0.001,7,04/03/2023,64,0.413533835,0.495166488,68.48267664,0.03799162,8191.852478,0.49958494,88.05662833,4.986093867,86.56489161,0.047487841,12465.20957,0.420289855,111.6477029,6.203890938,0
15/08/2025 19:59,37.9s,afd5875d40f6442f858e989abee4268b,ETH_base_sent_vader,LOCAL,/home/ec2-user/ETH_Price_Predition/.venv/lib/python3.11/site-packages/ipykernel_launcher.py,ec2-user,FINISHED,32,0.1,69,"['ETH_D_AvgPrc', 'D_VADER_AvgScr_Ex', 'D_VADER_Sent_AvgEx']",7,2,0.001,7,04/03/2023,64,0.421052632,0.502685285,67.74073708,0.036935663,8228.1326,0.506221579,88.12535758,4.799480047,91.34772256,0.049950351,14605.15798,0.424242424,120.8518017,6.611339275,0
15/08/2025 13:02,27.4s,daf15141da5244e7911ed4304f20998a,ETH_base_ETH_blk,LOCAL,/home/ec2-user/ETH_Price_Predition/.venv/lib/python3.11/site-packages/ipykernel_launcher.py,ec2-user,FINISHED,64,0.05,62,"['ETH_D_AvgPrc', 'ETH_YF_Vol', 'ETH_ES_AvgTransFee', 'ETH_ES_BlkTm', 'ETH_ES_GasUsd', 'ETH_ES_AvgGasPrc']",28,2,0.001,7,04/03/2023,32,0.466165414,0.481203008,68.87070381,0.037720495,8279.172425,0.487842141,88.13713517,4.828872686,89.1732717,0.048909908,13575.71791,0.472222222,116.5148828,6.421457201,0
15/08/2025 13:02,33.4s,93ef5f1ce3a541f99f60d3064a1d25a0,ETH_base_ETH_blk,LOCAL,/home/ec2-user/ETH_Price_Predition/.venv/lib/python3.11/site-packages/ipykernel_launcher.py,ec2-user,FINISHED,32,0.05,42,"['ETH_D_AvgPrc', 'ETH_YF_Vol', 'ETH_ES_AvgTransFee', 'ETH_ES_BlkTm', 'ETH_ES_GasUsd', 'ETH_ES_AvgGasPrc']",28,2,0.001,7,04/03/2023,64,0.488721805,0.469387755,68.86378055,0.037727134,8064.252035,0.476631297,88.16617735,4.839415123,85.49421061,0.047008771,12370.86606,0.492957746,111.2243951,6.168552785,0
15/08/2025 12:41,36.1s,649ad1c1bac94a1ead140fbd4a8e6111,ETH_base_ETH_blk,LOCAL,/home/ec2-user/ETH_Price_Predition/.venv/lib/python3.11/site-packages/ipykernel_launcher.py,ec2-user,FINISHED,64,0.05,100,"['ETH_D_AvgPrc', 'ETH_YF_Vol', 'ETH_ES_AvgTransFee', 'ETH_ES_BlkTm', 'ETH_ES_GasUsd', 'ETH_ES_AvgGasPrc']",21,2,0.001,7,04/03/2023,32,0.45112782,0.485499463,69.50749126,0.03819404,8327.83935,0.490498545,88.18589692,4.865705963,92.59644725,0.050794073,13578.95425,0.455882353,116.52877,6.438623947,0
15/08/2025 20:33,27.4s,bc9b13d721924c679af21929a013c7e6,ETH_base_sent_vader,LOCAL,/home/ec2-user/ETH_Price_Predition/.venv/lib/python3.11/site-packages/ipykernel_launcher.py,ec2-user,FINISHED,64,0.1,45,"['ETH_D_AvgPrc', 'D_VADER_AvgScr_Ex', 'D_VADER_Sent_AvgEx']",14,3,0.001,7,04/03/2023,64,0.413533835,0.497314715,66.51211735,0.036530416,8185.955916,0.50194642,88.21637202,4.882568739,87.82047794,0.048167681,13528.71425,0.415384615,116.3130012,6.417971348,0
15/08/2025 17:55,34.4s,7198e2ba66c14178b9d1f6e59c81da04,ETH_base_LTC_blk,LOCAL,/home/ec2-user/ETH_Price_Predition/.venv/lib/python3.11/site-packages/ipykernel_launcher.py,ec2-user,FINISHED,32,0.1,30,"['ETH_D_AvgPrc', 'LTC_D_AvgPrc', 'LTC_YF_Vol', 'LTC_OL_MinDif', 'LTC_BIC_HshRt']",28,3,0.01,7,04/03/2023,32,0.428571429,0.491944146,70.07858162,0.038630829,8146.093446,0.497091351,88.22920481,4.955636016,105.6934753,0.057043545,15242.90427,0.432835821,123.4621572,6.644458836,0
15/08/2025 21:15,38.6s,0b7d961eea834432913bdd9e996be246,ETH_base_sent_vader,LOCAL,/home/ec2-user/ETH_Price_Predition/.venv/lib/python3.11/site-packages/ipykernel_launcher.py,ec2-user,FINISHED,32,0.05,42,"['ETH_D_AvgPrc', 'D_VADER_AvgScr_Ex', 'D_VADER_Sent_AvgEx']",28,3,0.001,7,04/03/2023,32,0.413533835,0.487647691,66.53779368,0.036394707,8164.067852,0.491487552,88.23325171,4.829247337,83.75402258,0.045752197,12329.31798,0.412698413,111.0374621,6.078252346,0
15/08/2025 21:17,35.6s,47af05eb64764431921d12057cce7762,ETH_base_sent_vader,LOCAL,/home/ec2-user/ETH_Price_Predition/.venv/lib/python3.11/site-packages/ipykernel_launcher.py,ec2-user,FINISHED,32,0.05,36,"['ETH_D_AvgPrc', 'D_VADER_AvgScr_Ex', 'D_VADER_Sent_AvgEx']",28,3,0.001,7,04/03/2023,64,0.390977444,0.474758324,67.13728288,0.036680646,8200.245295,0.479124004,88.25952497,4.820615262,86.65080158,0.047376625,12956.62932,0.393939394,113.8271906,6.236141596,0
15/08/2025 23:21,15.2s,39feb11602e34093a5c2829a11502f19,ETH_base_sent_cryptobert,LOCAL,/home/ec2-user/ETH_Price_Predition/.venv/lib/python3.11/site-packages/ipykernel_launcher.py,ec2-user,FINISHED,64,0.05,23,"['ETH_D_AvgPrc', 'D_CRYPTOBERT_AvgScr_Ex', 'D_CRYPTOBERT_Sent_AvgEx']",7,2,0.01,7,04/03/2023,64,0.533834586,0.499462943,68.24857908,0.037697841,8168.477325,0.504426888,88.30738128,4.912384628,85.62759767,0.047213019,12872.09018,0.534246575,113.4552343,6.312737992,0
15/08/2025 20:36,12.8s,db8e39a5076d4282a55e76f15fd651e0,ETH_base_sent_vader,LOCAL,/home/ec2-user/ETH_Price_Predition/.venv/lib/python3.11/site-packages/ipykernel_launcher.py,ec2-user,FINISHED,64,0,10,"['ETH_D_AvgPrc', 'D_VADER_AvgScr_Ex', 'D_VADER_Sent_AvgEx']",21,2,0.01,7,04/03/2023,64,0.406015038,0.52094522,67.43940966,0.037052483,8228.314285,0.524701165,88.31841401,4.882258287,98.29898117,0.053927604,15278.97094,0.414285714,123.6081346,6.847969276,0
15/08/2025 20:42,39.8s,3f3091d4296f4b1da27884c1c8754536,ETH_base_sent_vader,LOCAL,/home/ec2-user/ETH_Price_Predition/.venv/lib/python3.11/site-packages/ipykernel_launcher.py,ec2-user,FINISHED,64,0.1,116,"['ETH_D_AvgPrc', 'D_VADER_AvgScr_Ex', 'D_VADER_Sent_AvgEx']",21,2,0.001,7,04/03/2023,32,0.428571429,0.495166488,68.36199663,0.037673755,8226.11159,0.499858962,88.33483873,4.917702726,87.16681161,0.047668493,13202.19465,0.432835821,114.9008035,6.314070885,0
15/08/2025 12:13,21.4s,955aa2fd0ece4a2180dd248d3db29558,ETH_base_ETH_blk,LOCAL,/home/ec2-user/ETH_Price_Predition/.venv/lib/python3.11/site-packages/ipykernel_launcher.py,ec2-user,FINISHED,64,0.05,31,"['ETH_D_AvgPrc', 'ETH_YF_Vol', 'ETH_ES_AvgTransFee', 'ETH_ES_BlkTm', 'ETH_ES_GasUsd', 'ETH_ES_AvgGasPrc']",7,3,0.01,7,04/03/2023,32,0.45112782,0.472610097,69.23684886,0.037621271,8237.182593,0.472849834,88.40020536,4.778899132,89.90657422,0.048614384,13416.21646,0.448275862,115.8283923,6.23537942,0
15/08/2025 21:37,21.7s,daf0edc3713647a2b0a870eef876c373,ETH_base_sent_finbert,LOCAL,/home/ec2-user/ETH_Price_Predition/.venv/lib/python3.11/site-packages/ipykernel_launcher.py,ec2-user,FINISHED,64,0,56,"['ETH_D_AvgPrc', 'D_FINBERT_AvgScr_Ex', 'D_FINBERT_Sent_AvgEx']",7,2,0.01,7,04/03/2023,64,0.406015038,0.503759398,69.74174308,0.038058126,8020.915149,0.509078034,88.42538435,4.829563399,84.04104064,0.045614738,12174.76471,0.414285714,110.3393163,5.99038887,0
15/08/2025 12:01,29.6s,2ded112c25da4627a691b9f4e2fe36de,ETH_base_ETH_blk,LOCAL,/home/ec2-user/ETH_Price_Predition/.venv/lib/python3.11/site-packages/ipykernel_launcher.py,ec2-user,FINISHED,32,0,48,"['ETH_D_AvgPrc', 'ETH_YF_Vol', 'ETH_ES_AvgTransFee', 'ETH_ES_BlkTm', 'ETH_ES_GasUsd', 'ETH_ES_AvgGasPrc']",7,2,0.001,7,04/03/2023,64,0.413533835,0.468313641,66.64668682,0.036568183,8155.190986,0.470895549,88.44622978,4.862551302,82.04635712,0.04500696,12417.29222,0.412698413,111.4329046,6.156580701,0
15/08/2025 20:08,25.1s,1d87a50e94aa4cf5ae255bd1e28ce30c,ETH_base_sent_vader,LOCAL,/home/ec2-user/ETH_Price_Predition/.venv/lib/python3.11/site-packages/ipykernel_launcher.py,ec2-user,FINISHED,64,0.05,40,"['ETH_D_AvgPrc', 'D_VADER_AvgScr_Ex', 'D_VADER_Sent_AvgEx']",7,3,0.001,7,04/03/2023,64,0.443609023,0.504833512,66.80772097,0.036516712,8218.162433,0.508743551,88.45065738,4.834197437,86.72787934,0.047382963,13019.02921,0.447761194,114.1009606,6.237693706,0
15/08/2025 13:49,30.0s,786e03adba6745a3be909c67293e6a5a,ETH_base_BTC_blk,LOCAL,/home/ec2-user/ETH_Price_Predition/.venv/lib/python3.11/site-packages/ipykernel_launcher.py,ec2-user,FINISHED,32,0,28,"['ETH_D_AvgPrc', 'BTC_D_AvgPrc', 'BTC_OL_MinDif', 'BTC_OL_AvgTransFee', 'BTC_BIC_HshRt']",14,3,0.001,7,04/03/2023,32,0.428571429,0.484425349,71.76292536,0.039162058,8307.637039,0.489552313,88.4804718,4.827004501,104.6092458,0.056406767,15444.00794,0.434782609,124.273923,6.656244065,0
15/08/2025 12:39,14.2s,76671393b97146fe9bc5826728262757,ETH_base_ETH_blk,LOCAL,/home/ec2-user/ETH_Price_Predition/.venv/lib/python3.11/site-packages/ipykernel_launcher.py,ec2-user,FINISHED,64,0,16,"['ETH_D_AvgPrc', 'ETH_YF_Vol', 'ETH_ES_AvgTransFee', 'ETH_ES_BlkTm', 'ETH_ES_GasUsd', 'ETH_ES_AvgGasPrc']",21,2,0.01,7,04/03/2023,64,0.443609023,0.489795918,69.63937716,0.038225799,8379.577273,0.494284355,88.48296838,4.87748477,92.33810792,0.050598691,13604.76993,0.446153846,116.639487,6.435621395,0
15/08/2025 16:57,28.6s,2487d9a0dae048f6a3a868a17cceaa0e,ETH_base_LTC_blk,LOCAL,/home/ec2-user/ETH_Price_Predition/.venv/lib/python3.11/site-packages/ipykernel_launcher.py,ec2-user,FINISHED,32,0.05,36,"['ETH_D_AvgPrc', 'LTC_D_AvgPrc', 'LTC_YF_Vol', 'LTC_OL_MinDif', 'LTC_BIC_HshRt']",14,2,0.001,7,04/03/2023,64,0.428571429,0.462943072,69.96033849,0.038351314,8517.799223,0.467742483,88.50642854,4.89473426,102.4670656,0.055426241,16136.79302,0.432835821,127.0306775,6.871382367,0
15/08/2025 12:42,29.0s,d22cca0b89ed49a9868a2e49e0ea73d5,ETH_base_ETH_blk,LOCAL,/home/ec2-user/ETH_Price_Predition/.venv/lib/python3.11/site-packages/ipykernel_launcher.py,ec2-user,FINISHED,32,0.05,36,"['ETH_D_AvgPrc', 'ETH_YF_Vol', 'ETH_ES_AvgTransFee', 'ETH_ES_BlkTm', 'ETH_ES_GasUsd', 'ETH_ES_AvgGasPrc']",21,2,0.01,7,04/03/2023,64,0.458646617,0.485499463,70.03846867,0.038396602,8300.824967,0.489059792,88.51182813,4.8831109,94.02121752,0.051052581,13059.65582,0.459016393,114.2788512,6.208405197,0
15/08/2025 13:24,11.1s,ae19eb99264c448b85c5ca5d96a96ed1,ETH_base_BTC_blk,LOCAL,/home/ec2-user/ETH_Price_Predition/.venv/lib/python3.11/site-packages/ipykernel_launcher.py,ec2-user,FINISHED,64,0,4,"['ETH_D_AvgPrc', 'BTC_D_AvgPrc', 'BTC_OL_MinDif', 'BTC_OL_AvgTransFee', 'BTC_BIC_HshRt']",7,2,0.01,7,04/03/2023,32,0.488721805,0.491944146,68.99166801,0.037943427,8050.696053,0.497165639,88.52195418,4.899340633,78.95696999,0.04294495,10697.84844,0.492957746,103.4304038,5.631895616,0
15/08/2025 22:22,30.3s,3f7063ff92b94ad1909a86bea583c661,ETH_base_sent_finbert,LOCAL,/home/ec2-user/ETH_Price_Predition/.venv/lib/python3.11/site-packages/ipykernel_launcher.py,ec2-user,FINISHED,32,0,44,"['ETH_D_AvgPrc', 'D_FINBERT_AvgScr_Ex', 'D_FINBERT_Sent_AvgEx']",21,2,0.001,7,04/03/2023,32,0.37593985,0.483351235,69.60157424,0.038751346,8452.062167,0.488710239,88.53755472,5.042134572,92.61963418,0.051258932,13867.45386,0.382352941,117.7601539,6.640134994,0
15/08/2025 20:47,27.1s,d21087c202574a9eb676518f32eed7f5,ETH_base_sent_vader,LOCAL,/home/ec2-user/ETH_Price_Predition/.venv/lib/python3.11/site-packages/ipykernel_launcher.py,ec2-user,FINISHED,32,0,23,"['ETH_D_AvgPrc', 'D_VADER_AvgScr_Ex', 'D_VADER_Sent_AvgEx']",21,3,0.001,7,04/03/2023,64,0.413533835,0.494092374,68.20981894,0.037402,8326.967743,0.498543322,88.61865917,4.876245496,86.37834615,0.047264875,13001.07725,0.417910448,114.0222665,6.276635874,0
16/08/2025 00:12,11.8s,918671ec8ae64c8b8b4b7738c978df5d,ETH_base_sent_cryptobert,LOCAL,/home/ec2-user/ETH_Price_Predition/.venv/lib/python3.11/site-packages/ipykernel_launcher.py,ec2-user,FINISHED,64,0.05,5,"['ETH_D_AvgPrc', 'D_CRYPTOBERT_AvgScr_Ex', 'D_CRYPTOBERT_Sent_AvgEx']",21,2,0.01,7,04/03/2023,32,0.458646617,0.476906552,70.57203676,0.038655588,8020.127313,0.483251094,88.6685755,4.871518175,78.81987631,0.043243598,10448.35072,0.466666667,102.2171743,5.661395618,0
15/08/2025 17:45,28.2s,dbcb00692f8f40c69043aa6ab5d330ef,ETH_base_LTC_blk,LOCAL,/home/ec2-user/ETH_Price_Predition/.venv/lib/python3.11/site-packages/ipykernel_launcher.py,ec2-user,FINISHED,32,0.1,31,"['ETH_D_AvgPrc', 'LTC_D_AvgPrc', 'LTC_YF_Vol', 'LTC_OL_MinDif', 'LTC_BIC_HshRt']",28,2,0.01,7,04/03/2023,64,0.428571429,0.498388829,71.8463616,0.039198194,8513.267354,0.502780584,88.7044369,4.84765872,96.61913489,0.052131367,13482.65635,0.434782609,116.1148412,6.235545083,0
15/08/2025 22:31,25.2s,5c92ae1614e1491caea7bcbc3c45be37,ETH_base_sent_finbert,LOCAL,/home/ec2-user/ETH_Price_Predition/.venv/lib/python3.11/site-packages/ipykernel_launcher.py,ec2-user,FINISHED,64,0.1,60,"['ETH_D_AvgPrc', 'D_FINBERT_AvgScr_Ex', 'D_FINBERT_Sent_AvgEx']",21,2,0.001,7,04/03/2023,32,0.383458647,0.501611171,66.97549357,0.037005142,8218.340898,0.506101248,88.70804109,4.982146335,90.55393557,0.049721617,13377.23926,0.394366197,115.6600158,6.416674734,0
15/08/2025 17:03,16.6s,40d158297fec48c3a8f5134e6bc328a9,ETH_base_LTC_blk,LOCAL,/home/ec2-user/ETH_Price_Predition/.venv/lib/python3.11/site-packages/ipykernel_launcher.py,ec2-user,FINISHED,64,0,15,"['ETH_D_AvgPrc', 'LTC_D_AvgPrc', 'LTC_YF_Vol', 'LTC_OL_MinDif', 'LTC_BIC_HshRt']",14,3,0.01,7,04/03/2023,32,0.436090226,0.470461869,70.32796405,0.038641324,8074.627082,0.475109413,88.72483798,4.917401844,88.53339977,0.04796026,12411.54738,0.441176471,111.4071245,6.051958996,0
15/08/2025 21:14,20.0s,93e04f0db5aa4d998e9de58eb5ccdfac,ETH_base_sent_vader,LOCAL,/home/ec2-user/ETH_Price_Predition/.venv/lib/python3.11/site-packages/ipykernel_launcher.py,ec2-user,FINISHED,64,0,25,"['ETH_D_AvgPrc', 'D_VADER_AvgScr_Ex', 'D_VADER_Sent_AvgEx']",28,3,0.01,7,04/03/2023,64,0.383458647,0.497314715,67.38820864,0.036863889,8553.270825,0.502019508,88.76689944,4.862533527,91.88003632,0.050246573,14114.41879,0.394366197,118.8041194,6.505760475,0
15/08/2025 17:10,18.6s,8cf7f1c5c80944698837f7c6bb9b7349,ETH_base_LTC_blk,LOCAL,/home/ec2-user/ETH_Price_Predition/.venv/lib/python3.11/site-packages/ipykernel_launcher.py,ec2-user,FINISHED,64,0.1,18,"['ETH_D_AvgPrc', 'LTC_D_AvgPrc', 'LTC_YF_Vol', 'LTC_OL_MinDif', 'LTC_BIC_HshRt']",14,3,0.01,7,04/03/2023,32,0.443609023,0.489795918,69.93055904,0.038234337,8571.333099,0.495227454,88.78784817,4.9022267,118.0433958,0.0634463,19039.42699,0.454545455,137.9834301,7.354403632,0
15/08/2025 21:11,23.6s,ae26ff6f85fd4518b4c8cf3e41aa325b,ETH_base_sent_vader,LOCAL,/home/ec2-user/ETH_Price_Predition/.venv/lib/python3.11/site-packages/ipykernel_launcher.py,ec2-user,FINISHED,64,0,37,"['ETH_D_AvgPrc', 'D_VADER_AvgScr_Ex', 'D_VADER_Sent_AvgEx']",28,3,0.01,7,04/03/2023,32,0.37593985,0.481203008,68.42684147,0.037422289,8432.10571,0.486288579,88.79376882,4.861834202,96.04707027,0.052596938,15162.94042,0.385714286,123.1378919,6.76932875,0
15/08/2025 16:48,29.6s,c33c2eae1f75449a90c9b7527d2ba155,ETH_base_LTC_blk,LOCAL,/home/ec2-user/ETH_Price_Predition/.venv/lib/python3.11/site-packages/ipykernel_launcher.py,ec2-user,FINISHED,32,0.1,29,"['ETH_D_AvgPrc', 'LTC_D_AvgPrc', 'LTC_YF_Vol', 'LTC_OL_MinDif', 'LTC_BIC_HshRt']",7,3,0.001,7,04/03/2023,32,0.466165414,0.481203008,70.04491243,0.038532185,8327.236568,0.488281667,88.85883279,4.936562525,106.0265804,0.057274554,16181.46929,0.475609756,127.2064043,6.841068635,0
15/08/2025 12:59,35.6s,800860a901e14b89bca2f26a15090b16,ETH_base_ETH_blk,LOCAL,/home/ec2-user/ETH_Price_Predition/.venv/lib/python3.11/site-packages/ipykernel_launcher.py,ec2-user,FINISHED,32,0,49,"['ETH_D_AvgPrc', 'ETH_YF_Vol', 'ETH_ES_AvgTransFee', 'ETH_ES_BlkTm', 'ETH_ES_GasUsd', 'ETH_ES_AvgGasPrc']",28,2,0.001,7,04/03/2023,64,0.413533835,0.464017186,69.84555824,0.038264676,8403.441712,0.470640561,88.86642619,4.874789666,94.91112249,0.051534946,14431.62104,0.426666667,120.1316821,6.482191959,0
15/08/2025 21:34,35.7s,91f8002b09f3481abdbc78bdd47b49e2,ETH_base_sent_finbert,LOCAL,/home/ec2-user/ETH_Price_Predition/.venv/lib/python3.11/site-packages/ipykernel_launcher.py,ec2-user,FINISHED,32,0,70,"['ETH_D_AvgPrc', 'D_FINBERT_AvgScr_Ex', 'D_FINBERT_Sent_AvgEx']",7,2,0.001,7,04/03/2023,32,0.436090226,0.515574651,69.30989896,0.037846188,8197.71254,0.521942274,88.88477819,4.867126767,88.68316352,0.048218188,13079.92895,0.441176471,114.367517,6.233685492,0
15/08/2025 20:14,13.1s,acc57b8f34ea4f7c945dd6811941233a,ETH_base_sent_vader,LOCAL,/home/ec2-user/ETH_Price_Predition/.venv/lib/python3.11/site-packages/ipykernel_launcher.py,ec2-user,FINISHED,64,0,14,"['ETH_D_AvgPrc', 'D_VADER_AvgScr_Ex', 'D_VADER_Sent_AvgEx']",14,2,0.01,7,04/03/2023,64,0.398496241,0.510204082,68.26841459,0.037453035,8439.969918,0.513350942,88.91414256,4.895979392,87.32742814,0.047842946,13630.63639,0.4,116.7503164,6.421137788,0
15/08/2025 12:55,32.4s,9fe7428d5bbd412c848343243d8502cb,ETH_base_ETH_blk,LOCAL,/home/ec2-user/ETH_Price_Predition/.venv/lib/python3.11/site-packages/ipykernel_launcher.py,ec2-user,FINISHED,32,0.1,30,"['ETH_D_AvgPrc', 'ETH_YF_Vol', 'ETH_ES_AvgTransFee', 'ETH_ES_BlkTm', 'ETH_ES_GasUsd', 'ETH_ES_AvgGasPrc']",21,3,0.01,7,04/03/2023,64,0.473684211,0.471535983,69.88363992,0.038335517,8403.64358,0.474699773,88.93851977,4.901411606,92.48387823,0.05053738,13439.81021,0.476923077,115.9301954,6.381719212,0
15/08/2025 20:12,20.0s,eb715d6a57c24218b83f6cce08bf8f9f,ETH_base_sent_vader,LOCAL,/home/ec2-user/ETH_Price_Predition/.venv/lib/python3.11/site-packages/ipykernel_launcher.py,ec2-user,FINISHED,64,0.1,27,"['ETH_D_AvgPrc', 'D_VADER_AvgScr_Ex', 'D_VADER_Sent_AvgEx']",7,3,0.001,7,04/03/2023,64,0.443609023,0.501611171,66.27611531,0.036295534,8289.149549,0.505647178,88.95200858,4.876997131,88.00710325,0.048219871,13308.37715,0.447761194,115.3619398,6.343185335,0
15/08/2025 12:05,31.0s,d8047b30f794489e9b0f67e564ba7af9,ETH_base_ETH_blk,LOCAL,/home/ec2-user/ETH_Price_Predition/.venv/lib/python3.11/site-packages/ipykernel_launcher.py,ec2-user,FINISHED,32,0.1,47,"['ETH_D_AvgPrc', 'ETH_YF_Vol', 'ETH_ES_AvgTransFee', 'ETH_ES_BlkTm', 'ETH_ES_GasUsd', 'ETH_ES_AvgGasPrc']",7,2,0.001,7,04/03/2023,32,0.473684211,0.4650913,66.78490601,0.036526676,8267.690336,0.469412068,88.95327308,4.866037458,83.9157763,0.046090159,12591.88946,0.478873239,112.2135886,6.20694833,0
15/08/2025 12:25,20.0s,f0ea7166c7244aaa9379ddec77f03e57,ETH_base_ETH_blk,LOCAL,/home/ec2-user/ETH_Price_Predition/.venv/lib/python3.11/site-packages/ipykernel_launcher.py,ec2-user,FINISHED,32,0.1,16,"['ETH_D_AvgPrc', 'ETH_YF_Vol', 'ETH_ES_AvgTransFee', 'ETH_ES_BlkTm', 'ETH_ES_GasUsd', 'ETH_ES_AvgGasPrc']",14,2,0.001,7,04/03/2023,32,0.481203008,0.490870032,67.60794333,0.037443336,8219.809116,0.496243514,88.95671358,4.982808238,85.32621754,0.047138662,12584.72643,0.485714286,112.1816671,6.295794876,0
15/08/2025 17:08,24.9s,08530eec1e494524b24498bab06604c9,ETH_base_LTC_blk,LOCAL,/home/ec2-user/ETH_Price_Predition/.venv/lib/python3.11/site-packages/ipykernel_launcher.py,ec2-user,FINISHED,64,0.05,33,"['ETH_D_AvgPrc', 'LTC_D_AvgPrc', 'LTC_YF_Vol', 'LTC_OL_MinDif', 'LTC_BIC_HshRt']",14,3,0.01,7,04/03/2023,64,0.406015038,0.469387755,69.22475662,0.038274192,8127.249131,0.476115802,88.9743821,5.035749824,83.02169708,0.045190876,11393.4441,0.416666667,106.7400773,5.910656433,0
15/08/2025 12:40,31.9s,f2f4934e8de7452899faf45876ec5d89,ETH_base_ETH_blk,LOCAL,/home/ec2-user/ETH_Price_Predition/.venv/lib/python3.11/site-packages/ipykernel_launcher.py,ec2-user,FINISHED,32,0.05,43,"['ETH_D_AvgPrc', 'ETH_YF_Vol', 'ETH_ES_AvgTransFee', 'ETH_ES_BlkTm', 'ETH_ES_GasUsd', 'ETH_ES_AvgGasPrc']",21,2,0.001,7,04/03/2023,32,0.443609023,0.471535983,70.0604368,0.038388359,8315.559413,0.47737757,88.98962257,4.886839316,88.34833291,0.048473935,12683.17241,0.449275362,112.6195916,6.22560531,0
15/08/2025 16:33,35.5s,40c3ad307ff24ab0b1d4304f514c60d0,ETH_base_LTC_blk,LOCAL,/home/ec2-user/ETH_Price_Predition/.venv/lib/python3.11/site-packages/ipykernel_launcher.py,ec2-user,FINISHED,32,0.05,60,"['ETH_D_AvgPrc', 'LTC_D_AvgPrc', 'LTC_YF_Vol', 'LTC_OL_MinDif', 'LTC_BIC_HshRt']",7,2,0.001,7,04/03/2023,64,0.406015038,0.488721805,72.21568828,0.039324181,8953.302866,0.49336837,89.08277133,4.839991166,125.0678475,0.067323956,21090.93648,0.409090909,145.2271892,7.752863195,0
15/08/2025 20:44,19.8s,40e4b4083c5b4c7796fc953fccd21eed,ETH_base_sent_vader,LOCAL,/home/ec2-user/ETH_Price_Predition/.venv/lib/python3.11/site-packages/ipykernel_launcher.py,ec2-user,FINISHED,64,0.1,40,"['ETH_D_AvgPrc', 'D_VADER_AvgScr_Ex', 'D_VADER_Sent_AvgEx']",21,2,0.001,7,04/03/2023,64,0.406015038,0.500537057,68.64996253,0.037633263,8287.566012,0.505225992,89.09477022,4.8978536,84.79648699,0.046209668,12757.61913,0.409090909,112.9496309,6.144285668,0
15/08/2025 21:41,27.6s,a0a50249c1df4c9887aaa64156d0248c,ETH_base_sent_finbert,LOCAL,/home/ec2-user/ETH_Price_Predition/.venv/lib/python3.11/site-packages/ipykernel_launcher.py,ec2-user,FINISHED,32,0.1,40,"['ETH_D_AvgPrc', 'D_FINBERT_AvgScr_Ex', 'D_FINBERT_Sent_AvgEx']",7,2,0.001,7,04/03/2023,32,0.398496241,0.514500537,69.88286901,0.038483353,8241.088991,0.517762861,89.1547283,4.964988764,87.9480304,0.048470514,12468.55734,0.405797101,111.6626945,6.239482344,0
15/08/2025 12:24,15.9s,de5dc7a9363f42dda897b0de4b80a657,ETH_base_ETH_blk,LOCAL,/home/ec2-user/ETH_Price_Predition/.venv/lib/python3.11/site-packages/ipykernel_launcher.py,ec2-user,FINISHED,64,0.05,21,"['ETH_D_AvgPrc', 'ETH_YF_Vol', 'ETH_ES_AvgTransFee', 'ETH_ES_BlkTm', 'ETH_ES_GasUsd', 'ETH_ES_AvgGasPrc']",14,2,0.001,7,04/03/2023,64,0.488721805,0.484425349,68.19586536,0.037668766,8336.50945,0.490111027,89.20617826,4.971448144,87.36170833,0.048287361,13063.37838,0.492753623,114.2951372,6.407245953,0
15/08/2025 20:54,30.1s,9f20523626204cbcbc7c2fd88bc7d89c,ETH_base_sent_vader,LOCAL,/home/ec2-user/ETH_Price_Predition/.venv/lib/python3.11/site-packages/ipykernel_launcher.py,ec2-user,FINISHED,32,0.1,28,"['ETH_D_AvgPrc', 'D_VADER_AvgScr_Ex', 'D_VADER_Sent_AvgEx']",21,3,0.001,7,04/03/2023,32,0.421052632,0.514500537,67.94843591,0.037292472,8281.774607,0.518041399,89.21046032,4.910440759,85.10593064,0.04654226,12876.12481,0.426470588,113.4730136,6.216563768,0
15/08/2025 16:37,29.5s,f58c226de2b346d4b0f539b3c5d28ed5,ETH_base_LTC_blk,LOCAL,/home/ec2-user/ETH_Price_Predition/.venv/lib/python3.11/site-packages/ipykernel_launcher.py,ec2-user,FINISHED,32,0.1,41,"['ETH_D_AvgPrc', 'LTC_D_AvgPrc', 'LTC_YF_Vol', 'LTC_OL_MinDif', 'LTC_BIC_HshRt']",7,2,0.001,7,04/03/2023,64,0.443609023,0.467239527,71.83964871,0.03934758,8516.505266,0.474236026,89.21578891,4.909994889,105.4518311,0.056935076,16206.25209,0.452054795,127.3037788,6.842365541,0
15/08/2025 13:08,42.0s,7e1baa9864984e77895c5f53a4ff9f27,ETH_base_ETH_blk,LOCAL,/home/ec2-user/ETH_Price_Predition/.venv/lib/python3.11/site-packages/ipykernel_launcher.py,ec2-user,FINISHED,32,0,46,"['ETH_D_AvgPrc', 'ETH_YF_Vol', 'ETH_ES_AvgTransFee', 'ETH_ES_BlkTm', 'ETH_ES_GasUsd', 'ETH_ES_AvgGasPrc']",28,3,0.001,7,04/03/2023,32,0.473684211,0.466165414,68.01642868,0.037380999,8381.991891,0.472847041,89.22380662,4.918986272,84.6204024,0.046342495,11887.57338,0.479452055,109.030149,5.99261481,0
15/08/2025 12:36,19.3s,0be66d588f4f43b3a32215bc6bfb2bc1,ETH_base_ETH_blk,LOCAL,/home/ec2-user/ETH_Price_Predition/.venv/lib/python3.11/site-packages/ipykernel_launcher.py,ec2-user,FINISHED,32,0.1,5,"['ETH_D_AvgPrc', 'ETH_YF_Vol', 'ETH_ES_AvgTransFee', 'ETH_ES_BlkTm', 'ETH_ES_GasUsd', 'ETH_ES_AvgGasPrc']",14,3,0.001,7,04/03/2023,64,0.488721805,0.495166488,67.67092604,0.037598428,8132.291312,0.500004947,89.25928365,5.042228946,78.77391362,0.043493437,10613.62782,0.493150685,103.0224627,5.795855819,0
15/08/2025 17:21,24.2s,b268133ec2694693a4c12d506fd95221,ETH_base_LTC_blk,LOCAL,/home/ec2-user/ETH_Price_Predition/.venv/lib/python3.11/site-packages/ipykernel_launcher.py,ec2-user,FINISHED,32,0.1,24,"['ETH_D_AvgPrc', 'LTC_D_AvgPrc', 'LTC_YF_Vol', 'LTC_OL_MinDif', 'LTC_BIC_HshRt']",21,2,0.01,7,04/03/2023,64,0.45112782,0.494092374,71.38598862,0.039326209,8283.29242,0.498927204,89.28330722,5.012134385,78.41400858,0.042762187,9915.737949,0.451612903,99.57779848,5.5269012,0
15/08/2025 13:03,24.8s,1e3abdd03de44441a39fb24672d01769,ETH_base_ETH_blk,LOCAL,/home/ec2-user/ETH_Price_Predition/.venv/lib/python3.11/site-packages/ipykernel_launcher.py,ec2-user,FINISHED,64,0.05,53,"['ETH_D_AvgPrc', 'ETH_YF_Vol', 'ETH_ES_AvgTransFee', 'ETH_ES_BlkTm', 'ETH_ES_GasUsd', 'ETH_ES_AvgGasPrc']",28,2,0.01,7,04/03/2023,64,0.398496241,0.448979592,71.26849477,0.039182501,8390.646811,0.450429952,89.30807295,4.949155592,94.53425839,0.051398319,13669.70377,0.396825397,116.9175084,6.358462341,0
15/08/2025 12:31,24.3s,062f2afe8b414bbdb10ef2f3b3682e53,ETH_base_ETH_blk,LOCAL,/home/ec2-user/ETH_Price_Predition/.venv/lib/python3.11/site-packages/ipykernel_launcher.py,ec2-user,FINISHED,64,0.05,39,"['ETH_D_AvgPrc', 'ETH_YF_Vol', 'ETH_ES_AvgTransFee', 'ETH_ES_BlkTm', 'ETH_ES_GasUsd', 'ETH_ES_AvgGasPrc']",14,3,0.001,7,04/03/2023,32,0.473684211,0.476906552,67.9614069,0.037419287,8241.314159,0.483053399,89.30941306,4.943417248,83.72759253,0.045942579,11922.31904,0.47826087,109.1893724,6.038950937,0
15/08/2025 13:14,40.7s,5e1597b6b423460794ba8e9bdbcb7875,ETH_base_ETH_blk,LOCAL,/home/ec2-user/ETH_Price_Predition/.venv/lib/python3.11/site-packages/ipykernel_launcher.py,ec2-user,FINISHED,32,0.05,42,"['ETH_D_AvgPrc', 'ETH_YF_Vol', 'ETH_ES_AvgTransFee', 'ETH_ES_BlkTm', 'ETH_ES_GasUsd', 'ETH_ES_AvgGasPrc']",28,3,0.001,7,04/03/2023,64,0.458646617,0.457572503,70.05804935,0.038349917,8446.350213,0.464087462,89.33422729,4.893948487,92.71017181,0.050979703,14617.94528,0.464788732,120.904695,6.724455884,0
15/08/2025 16:47,18.6s,861edfb43d2d4f0f9af3f6049958fb67,ETH_base_LTC_blk,LOCAL,/home/ec2-user/ETH_Price_Predition/.venv/lib/python3.11/site-packages/ipykernel_launcher.py,ec2-user,FINISHED,64,0.05,22,"['ETH_D_AvgPrc', 'LTC_D_AvgPrc', 'LTC_YF_Vol', 'LTC_OL_MinDif', 'LTC_BIC_HshRt']",7,3,0.001,7,04/03/2023,64,0.45112782,0.489795918,70.80302762,0.038890159,8425.181594,0.494834079,89.39451922,4.956150442,92.97608959,0.050424279,13197.56474,0.460526316,114.8806543,6.235626211,0
15/08/2025 17:39,27.3s,4074bea87fe84ab388afc2f6700329df,ETH_base_LTC_blk,LOCAL,/home/ec2-user/ETH_Price_Predition/.venv/lib/python3.11/site-packages/ipykernel_launcher.py,ec2-user,FINISHED,32,0.05,28,"['ETH_D_AvgPrc', 'LTC_D_AvgPrc', 'LTC_YF_Vol', 'LTC_OL_MinDif', 'LTC_BIC_HshRt']",28,2,0.01,7,04/03/2023,32,0.428571429,0.501611171,70.0711784,0.039001766,8039.241706,0.506371311,89.41209822,5.110468796,71.13244835,0.039281755,9529.631733,0.438356164,97.61983268,5.56152717,0
15/08/2025 13:54,15.4s,e8080b0e66ed4872ae7994d8e999b2d7,ETH_base_BTC_blk,LOCAL,/home/ec2-user/ETH_Price_Predition/.venv/lib/python3.11/site-packages/ipykernel_launcher.py,ec2-user,FINISHED,64,0.05,8,"['ETH_D_AvgPrc', 'BTC_D_AvgPrc', 'BTC_OL_MinDif', 'BTC_OL_AvgTransFee', 'BTC_BIC_HshRt']",14,3,0.01,7,04/03/2023,64,0.443609023,0.49301826,69.4372023,0.038358732,8208.072026,0.497906709,89.42464965,5.006422248,96.11971036,0.051868725,13914.76296,0.452054795,117.9608535,6.3362054,0
15/08/2025 12:11,35.5s,337fb9c2932841d4a64e25afc9d4b847,ETH_base_ETH_blk,LOCAL,/home/ec2-user/ETH_Price_Predition/.venv/lib/python3.11/site-packages/ipykernel_launcher.py,ec2-user,FINISHED,32,0,46,"['ETH_D_AvgPrc', 'ETH_YF_Vol', 'ETH_ES_AvgTransFee', 'ETH_ES_BlkTm', 'ETH_ES_GasUsd', 'ETH_ES_AvgGasPrc']",7,3,0.001,7,04/03/2023,64,0.413533835,0.45972073,67.37367709,0.036898463,8309.548602,0.462623328,89.45465641,4.90453747,80.33755493,0.043942128,12200.02199,0.412698413,110.4537097,6.092323934,0
15/08/2025 13:32,13.7s,ca2a42fbe0404e298e468cbf9eae35c7,ETH_base_BTC_blk,LOCAL,/home/ec2-user/ETH_Price_Predition/.venv/lib/python3.11/site-packages/ipykernel_launcher.py,ec2-user,FINISHED,64,0.1,13,"['ETH_D_AvgPrc', 'BTC_D_AvgPrc', 'BTC_OL_MinDif', 'BTC_OL_AvgTransFee', 'BTC_BIC_HshRt']",7,2,0.01,7,04/03/2023,64,0.45112782,0.500537057,70.91403844,0.039059721,8287.457751,0.506026983,89.46581592,4.971379443,97.76934883,0.052978289,14451.22693,0.458333333,120.213256,6.503321543,0
15/08/2025 23:56,17.6s,63e19c4d67dc4edc8487019c8bd2fc7a,ETH_base_sent_cryptobert,LOCAL,/home/ec2-user/ETH_Price_Predition/.venv/lib/python3.11/site-packages/ipykernel_launcher.py,ec2-user,FINISHED,32,0,4,"['ETH_D_AvgPrc', 'D_CRYPTOBERT_AvgScr_Ex', 'D_CRYPTOBERT_Sent_AvgEx']",14,3,0.001,7,04/03/2023,64,0.488721805,0.502685285,71.07132722,0.03914869,8171.991102,0.507669879,89.49641257,4.969103341,84.16480387,0.046193867,10758.8094,0.492753623,103.7246808,5.751490686,0
15/08/2025 23:29,48.0s,796b03352f514a5d9f9d5e48021aacc3,ETH_base_sent_cryptobert,LOCAL,/home/ec2-user/ETH_Price_Predition/.venv/lib/python3.11/site-packages/ipykernel_launcher.py,ec2-user,FINISHED,32,0,70,"['ETH_D_AvgPrc', 'D_CRYPTOBERT_AvgScr_Ex', 'D_CRYPTOBERT_Sent_AvgEx']",7,3,0.001,7,04/03/2023,64,0.496240602,0.512352309,71.21485608,0.039286013,8346.174694,0.517438615,89.53469636,4.975408699,89.5676125,0.049324068,14171.79949,0.5,119.0453674,6.608376358,0
15/08/2025 13:13,39.6s,5b00850aee19418aa7e46a6fed15e5f9,ETH_base_ETH_blk,LOCAL,/home/ec2-user/ETH_Price_Predition/.venv/lib/python3.11/site-packages/ipykernel_launcher.py,ec2-user,FINISHED,32,0.05,40,"['ETH_D_AvgPrc', 'ETH_YF_Vol', 'ETH_ES_AvgTransFee', 'ETH_ES_BlkTm', 'ETH_ES_GasUsd', 'ETH_ES_AvgGasPrc']",28,3,0.01,7,04/03/2023,64,0.413533835,0.461868958,72.20029109,0.039401024,8343.757268,0.464806052,89.53745498,4.873011675,91.10618855,0.049744885,13010.87159,0.417910448,114.0652076,6.227534507,0
15/08/2025 21:39,18.9s,9cc8b1f988954b73a6177e40b613d0ae,ETH_base_sent_finbert,LOCAL,/home/ec2-user/ETH_Price_Predition/.venv/lib/python3.11/site-packages/ipykernel_launcher.py,ec2-user,FINISHED,32,0.05,15,"['ETH_D_AvgPrc', 'D_FINBERT_AvgScr_Ex', 'D_FINBERT_Sent_AvgEx']",7,2,0.01,7,04/03/2023,64,0.481203008,0.509129968,67.62677199,0.036990101,8625.9595,0.514761352,89.55245642,4.936934257,90.71990347,0.049268213,14348.15353,0.484375,119.7837782,6.526604161,0
15/08/2025 13:40,17.6s,2fab4eefa66c4a09a8f2939dd2db9e78,ETH_base_BTC_blk,LOCAL,/home/ec2-user/ETH_Price_Predition/.venv/lib/python3.11/site-packages/ipykernel_launcher.py,ec2-user,FINISHED,64,0.1,18,"['ETH_D_AvgPrc', 'BTC_D_AvgPrc', 'BTC_OL_MinDif', 'BTC_OL_AvgTransFee', 'BTC_BIC_HshRt']",7,3,0.001,7,04/03/2023,64,0.481203008,0.49301826,71.33943237,0.039100659,8223.909259,0.498010209,89.61278995,4.919289443,88.63975238,0.048120507,12235.37251,0.486111111,110.6136181,5.98677404,0
16/08/2025 00:18,14.2s,fc2383d973044d0ba853c630bb087b20,ETH_base_sent_cryptobert,LOCAL,/home/ec2-user/ETH_Price_Predition/.venv/lib/python3.11/site-packages/ipykernel_launcher.py,ec2-user,FINISHED,64,0.1,14,"['ETH_D_AvgPrc', 'D_CRYPTOBERT_AvgScr_Ex', 'D_CRYPTOBERT_Sent_AvgEx']",21,2,0.01,7,04/03/2023,64,0.473684211,0.475832438,67.58909795,0.037224658,8390.839389,0.481495741,89.64070749,4.970891865,82.79846398,0.045446993,12549.89076,0.47826087,112.0262949,6.20099777,0
15/08/2025 23:44,22.6s,6618aca2ce0641c88354e0927c29124d,ETH_base_sent_cryptobert,LOCAL,/home/ec2-user/ETH_Price_Predition/.venv/lib/python3.11/site-packages/ipykernel_launcher.py,ec2-user,FINISHED,32,0,26,"['ETH_D_AvgPrc', 'D_CRYPTOBERT_AvgScr_Ex', 'D_CRYPTOBERT_Sent_AvgEx']",14,2,0.001,7,04/03/2023,64,0.45112782,0.481203008,71.19216221,0.039399046,8489.64296,0.486902815,89.64262475,5.017417756,82.4190309,0.045401106,12434.58413,0.458333333,111.5104664,6.199944418,0
15/08/2025 12:12,20.1s,cef8d2fcc64c49eeb381f0bc475f9e83,ETH_base_ETH_blk,LOCAL,/home/ec2-user/ETH_Price_Predition/.venv/lib/python3.11/site-packages/ipykernel_launcher.py,ec2-user,FINISHED,64,0,30,"['ETH_D_AvgPrc', 'ETH_YF_Vol', 'ETH_ES_AvgTransFee', 'ETH_ES_BlkTm', 'ETH_ES_GasUsd', 'ETH_ES_AvgGasPrc']",7,3,0.001,7,04/03/2023,64,0.45112782,0.475832438,66.79159766,0.036728319,8428.629947,0.481294411,89.67793316,4.946931455,84.3231387,0.046402656,13152.18177,0.455882353,114.682962,6.360310453,0
15/08/2025 23:12,30.6s,7bb511d7f2e24343b873d628d969b022,ETH_base_sent_finbert,LOCAL,/home/ec2-user/ETH_Price_Predition/.venv/lib/python3.11/site-packages/ipykernel_launcher.py,ec2-user,FINISHED,64,0.1,53,"['ETH_D_AvgPrc', 'D_FINBERT_AvgScr_Ex', 'D_FINBERT_Sent_AvgEx']",28,3,0.01,7,04/03/2023,64,0.413533835,0.502685285,71.15696367,0.039293851,8726.403511,0.508306672,89.70883547,5.028546862,100.929059,0.055663202,15795.2064,0.424657534,125.6789815,7.042266237,0
15/08/2025 22:31,22.2s,c0f6ed3213684111818f589339bfe9f0,ETH_base_sent_finbert,LOCAL,/home/ec2-user/ETH_Price_Predition/.venv/lib/python3.11/site-packages/ipykernel_launcher.py,ec2-user,FINISHED,32,0.1,21,"['ETH_D_AvgPrc', 'D_FINBERT_AvgScr_Ex', 'D_FINBERT_Sent_AvgEx']",21,2,0.01,7,04/03/2023,64,0.390977444,0.508055854,70.6261244,0.038917991,8666.870443,0.511584069,89.71591042,4.994585944,97.34995287,0.05356024,15323.96403,0.405405405,123.7899997,6.877754428,0
15/08/2025 12:50,43.9s,8fba05b0e0864024a9718ab676321257,ETH_base_ETH_blk,LOCAL,/home/ec2-user/ETH_Price_Predition/.venv/lib/python3.11/site-packages/ipykernel_launcher.py,ec2-user,FINISHED,32,0.05,53,"['ETH_D_AvgPrc', 'ETH_YF_Vol', 'ETH_ES_AvgTransFee', 'ETH_ES_BlkTm', 'ETH_ES_GasUsd', 'ETH_ES_AvgGasPrc']",21,3,0.001,7,04/03/2023,32,0.443609023,0.464017186,70.31742274,0.038469265,8377.8856,0.467643468,89.72694051,4.912082961,90.66326377,0.049870814,13656.1271,0.446153846,116.8594331,6.512384774,0
15/08/2025 12:52,21.5s,d6de57363ea94c27951d1a2d35002229,ETH_base_ETH_blk,LOCAL,/home/ec2-user/ETH_Price_Predition/.venv/lib/python3.11/site-packages/ipykernel_launcher.py,ec2-user,FINISHED,64,0.05,29,"['ETH_D_AvgPrc', 'ETH_YF_Vol', 'ETH_ES_AvgTransFee', 'ETH_ES_BlkTm', 'ETH_ES_GasUsd', 'ETH_ES_AvgGasPrc']",21,3,0.001,7,04/03/2023,32,0.473684211,0.488721805,70.35641516,0.038767198,8416.218986,0.4941368,89.72978527,4.980598015,87.98864494,0.048464574,12917.66735,0.47826087,113.6559165,6.343789806,0
15/08/2025 12:00,14.9s,3fd66a632b2e4427b395a60ffd45c16f,ETH_base_ETH_blk,LOCAL,/home/ec2-user/ETH_Price_Predition/.venv/lib/python3.11/site-packages/ipykernel_launcher.py,ec2-user,FINISHED,32,0,7,"['ETH_D_AvgPrc', 'ETH_YF_Vol', 'ETH_ES_AvgTransFee', 'ETH_ES_BlkTm', 'ETH_ES_GasUsd', 'ETH_ES_AvgGasPrc']",7,2,0.01,7,04/03/2023,64,0.443609023,0.471535983,67.20902437,0.036796084,8401.739543,0.477300316,89.75774132,4.926543341,81.84567169,0.044774464,12059.95245,0.449275362,109.8178148,6.035759551,0
15/08/2025 22:45,26.5s,fab0468559ee46f18e6e627a20d0931c,ETH_base_sent_finbert,LOCAL,/home/ec2-user/ETH_Price_Predition/.venv/lib/python3.11/site-packages/ipykernel_launcher.py,ec2-user,FINISHED,32,0.1,20,"['ETH_D_AvgPrc', 'D_FINBERT_AvgScr_Ex', 'D_FINBERT_Sent_AvgEx']",21,3,0.001,7,04/03/2023,64,0.37593985,0.487647691,70.73684086,0.03933365,8487.917789,0.492967289,89.78939501,5.102827095,94.73816446,0.052355564,14143.77561,0.388888889,118.9276066,6.678576931,0
15/08/2025 11:59,26.5s,4a3e280b3c954491a259635ed72ef93e,ETH_base_ETH_blk,LOCAL,/home/ec2-user/ETH_Price_Predition/.venv/lib/python3.11/site-packages/ipykernel_launcher.py,ec2-user,FINISHED,32,0,39,"['ETH_D_AvgPrc', 'ETH_YF_Vol', 'ETH_ES_AvgTransFee', 'ETH_ES_BlkTm', 'ETH_ES_GasUsd', 'ETH_ES_AvgGasPrc']",7,2,0.001,7,04/03/2023,32,0.458646617,0.464017186,67.70594284,0.037126966,8610.727434,0.468179906,89.79774562,4.9335573,88.01559494,0.048177127,13989.20866,0.46031746,118.2759851,6.497049016,0
15/08/2025 12:49,31.9s,32a2a37f769b4e6387fc6ce7a295450a,ETH_base_ETH_blk,LOCAL,/home/ec2-user/ETH_Price_Predition/.venv/lib/python3.11/site-packages/ipykernel_launcher.py,ec2-user,FINISHED,32,0,30,"['ETH_D_AvgPrc', 'ETH_YF_Vol', 'ETH_ES_AvgTransFee', 'ETH_ES_BlkTm', 'ETH_ES_GasUsd', 'ETH_ES_AvgGasPrc']",21,3,0.001,7,04/03/2023,64,0.458646617,0.482277121,69.74441945,0.038281695,8674.76038,0.487096136,89.79971356,4.950499282,97.34815164,0.053636669,15589.14595,0.462686567,124.8565014,6.981918299,0
15/08/2025 12:02,20.6s,c17e5d1392a94ae4958994b2403be99a,ETH_base_ETH_blk,LOCAL,/home/ec2-user/ETH_Price_Predition/.venv/lib/python3.11/site-packages/ipykernel_launcher.py,ec2-user,FINISHED,64,0,47,"['ETH_D_AvgPrc', 'ETH_YF_Vol', 'ETH_ES_AvgTransFee', 'ETH_ES_BlkTm', 'ETH_ES_GasUsd', 'ETH_ES_AvgGasPrc']",7,2,0.001,7,04/03/2023,64,0.45112782,0.483351235,67.39073894,0.036903154,8490.26079,0.488481363,89.80093098,4.917954595,85.5330822,0.046922277,13130.0052,0.454545455,114.5862348,6.320576259,0
15/08/2025 13:57,48.2s,03df499756f243438b80db2df832cf36,ETH_base_BTC_blk,LOCAL,/home/ec2-user/ETH_Price_Predition/.venv/lib/python3.11/site-packages/ipykernel_launcher.py,ec2-user,FINISHED,32,0.1,34,"['ETH_D_AvgPrc', 'BTC_D_AvgPrc', 'BTC_OL_MinDif', 'BTC_OL_AvgTransFee', 'BTC_BIC_HshRt']",14,3,0.001,7,04/03/2023,64,0.398496241,0.477980666,72.17601562,0.039672614,8429.078432,0.484572524,89.82295304,4.985803068,102.7067336,0.055602057,15356.82399,0.413333333,123.9226533,6.704347979,0
15/08/2025 18:13,21.2s,9d33805517c941aa8f0e644af473d164,ETH_base_BTC_blk_LTC_blk,LOCAL,/home/ec2-user/ETH_Price_Predition/.venv/lib/python3.11/site-packages/ipykernel_launcher.py,ec2-user,FINISHED,64,0,35,"['ETH_D_AvgPrc', 'BTC_D_AvgPrc', 'LTC_D_AvgPrc']",7,3,0.001,7,04/03/2023,32,0.466165414,0.4650913,68.4984578,0.037662673,8382.679565,0.471471922,89.87385406,4.961669026,89.28524643,0.049161499,13256.42329,0.471428571,115.1365419,6.395827112,0
15/08/2025 17:04,15.1s,eb07dda13edd4c8b9dd4b0cf5fb5a3d6,ETH_base_LTC_blk,LOCAL,/home/ec2-user/ETH_Price_Predition/.venv/lib/python3.11/site-packages/ipykernel_launcher.py,ec2-user,FINISHED,64,0,9,"['ETH_D_AvgPrc', 'LTC_D_AvgPrc', 'LTC_YF_Vol', 'LTC_OL_MinDif', 'LTC_BIC_HshRt']",14,3,0.01,7,04/03/2023,64,0.458646617,0.475832438,69.22487935,0.038331223,8415.511424,0.479902638,89.87789074,5.090734179,85.9374626,0.046548917,11734.58787,0.461538462,108.3263028,5.898129377,0
15/08/2025 12:39,24.7s,2f065b7567f54ca69998d8fd1ee9bb5c,ETH_base_ETH_blk,LOCAL,/home/ec2-user/ETH_Price_Predition/.venv/lib/python3.11/site-packages/ipykernel_launcher.py,ec2-user,FINISHED,64,0,41,"['ETH_D_AvgPrc', 'ETH_YF_Vol', 'ETH_ES_AvgTransFee', 'ETH_ES_BlkTm', 'ETH_ES_GasUsd', 'ETH_ES_AvgGasPrc']",21,2,0.001,7,04/03/2023,64,0.45112782,0.473684211,71.25605841,0.038965221,8584.452998,0.478523027,90.03939538,4.926038177,93.31742159,0.05109929,13601.2188,0.457142857,116.6242633,6.41554277,0
15/08/2025 17:16,21.3s,ccc1f7adc90f435ebb74a541cd53c5ff,ETH_base_LTC_blk,LOCAL,/home/ec2-user/ETH_Price_Predition/.venv/lib/python3.11/site-packages/ipykernel_launcher.py,ec2-user,FINISHED,64,0,43,"['ETH_D_AvgPrc', 'LTC_D_AvgPrc', 'LTC_YF_Vol', 'LTC_OL_MinDif', 'LTC_BIC_HshRt']",21,2,0.01,7,04/03/2023,64,0.473684211,0.488721805,73.50520189,0.040235304,8514.382171,0.493618705,90.0534516,4.958783491,107.8982216,0.058063012,16047.97453,0.47761194,126.6806005,6.773067383,0
15/08/2025 12:21,14.1s,ca48d2eb8e124f84b877e8e9dc89a113,ETH_base_ETH_blk,LOCAL,/home/ec2-user/ETH_Price_Predition/.venv/lib/python3.11/site-packages/ipykernel_launcher.py,ec2-user,FINISHED,32,0,3,"['ETH_D_AvgPrc', 'ETH_YF_Vol', 'ETH_ES_AvgTransFee', 'ETH_ES_BlkTm', 'ETH_ES_GasUsd', 'ETH_ES_AvgGasPrc']",14,2,0.001,7,04/03/2023,64,0.45112782,0.473684211,71.80832207,0.039686707,8267.69351,0.480650624,90.08587726,5.039060657,85.71945374,0.047391143,11615.02161,0.458333333,107.7730096,6.086897861,0
15/08/2025 20:57,20.7s,4fa5ec5649934d67bd966c966d132031,ETH_base_sent_vader,LOCAL,/home/ec2-user/ETH_Price_Predition/.venv/lib/python3.11/site-packages/ipykernel_launcher.py,ec2-user,FINISHED,64,0.1,28,"['ETH_D_AvgPrc', 'D_VADER_AvgScr_Ex', 'D_VADER_Sent_AvgEx']",21,3,0.001,7,04/03/2023,64,0.406015038,0.511278195,68.98139503,0.037852269,8438.781695,0.515662833,90.09976528,4.964264941,89.69508649,0.049151766,13302.93114,0.414285714,115.3383334,6.376059514,0
15/08/2025 13:33,15.4s,22139218c81d4bf5b3e71eea3058c694,ETH_base_BTC_blk,LOCAL,/home/ec2-user/ETH_Price_Predition/.venv/lib/python3.11/site-packages/ipykernel_launcher.py,ec2-user,FINISHED,64,0,12,"['ETH_D_AvgPrc', 'BTC_D_AvgPrc', 'BTC_OL_MinDif', 'BTC_OL_AvgTransFee', 'BTC_BIC_HshRt']",7,3,0.01,7,04/03/2023,32,0.481203008,0.497314715,71.45356962,0.039556888,8235.260656,0.50193015,90.1120795,5.052752532,78.93447142,0.043131994,10044.65223,0.486111111,100.2230125,5.503760683,0
15/08/2025 21:59,14.3s,4167a587b87b41c69b46fb5471a909b5,ETH_base_sent_finbert,LOCAL,/home/ec2-user/ETH_Price_Predition/.venv/lib/python3.11/site-packages/ipykernel_launcher.py,ec2-user,FINISHED,64,0,19,"['ETH_D_AvgPrc', 'D_FINBERT_AvgScr_Ex', 'D_FINBERT_Sent_AvgEx']",14,2,0.01,7,04/03/2023,64,0.368421053,0.495166488,71.3716369,0.039441317,8410.077597,0.499486851,90.14023145,5.046633027,85.00959285,0.046650823,12002.19332,0.376811594,109.5545221,6.087812195,0
15/08/2025 23:12,45.3s,56e4ebdab40e468cbaa7a86d7df29943,ETH_base_sent_finbert,LOCAL,/home/ec2-user/ETH_Price_Predition/.venv/lib/python3.11/site-packages/ipykernel_launcher.py,ec2-user,FINISHED,64,0.1,97,"['ETH_D_AvgPrc', 'D_FINBERT_AvgScr_Ex', 'D_FINBERT_Sent_AvgEx']",28,3,0.001,7,04/03/2023,64,0.428571429,0.487647691,72.12641318,0.039847753,8859.139959,0.493488652,90.14310661,5.052940154,99.14755249,0.05461948,15315.93219,0.436619718,123.7575541,6.921495808,0
15/08/2025 20:14,21.7s,038444101f104d02b37a8480f54570b4,ETH_base_sent_vader,LOCAL,/home/ec2-user/ETH_Price_Predition/.venv/lib/python3.11/site-packages/ipykernel_launcher.py,ec2-user,FINISHED,64,0,51,"['ETH_D_AvgPrc', 'D_VADER_AvgScr_Ex', 'D_VADER_Sent_AvgEx']",14,2,0.001,7,04/03/2023,64,0.413533835,0.496240602,68.11044066,0.037286961,8787.047361,0.501204848,90.15275274,4.949882909,92.78299455,0.050734045,15363.70024,0.422535211,123.9503943,6.795533897,0
15/08/2025 13:45,22.1s,ef62f78a4c0f4660b025420fdb22e03b,ETH_base_BTC_blk,LOCAL,/home/ec2-user/ETH_Price_Predition/.venv/lib/python3.11/site-packages/ipykernel_launcher.py,ec2-user,FINISHED,32,0.05,20,"['ETH_D_AvgPrc', 'BTC_D_AvgPrc', 'BTC_OL_MinDif', 'BTC_OL_AvgTransFee', 'BTC_BIC_HshRt']",14,2,0.001,7,04/03/2023,64,0.428571429,0.483351235,70.94799955,0.038983259,8394.702082,0.486465314,90.21048547,4.980985679,94.03197439,0.051113507,13458.25093,0.428571429,116.0097019,6.300424013,0
16/08/2025 00:46,19.7s,0a9ab1f0db4648b6baa89338f29c2c10,ETH_base_sent_cryptobert,LOCAL,/home/ec2-user/ETH_Price_Predition/.venv/lib/python3.11/site-packages/ipykernel_launcher.py,ec2-user,FINISHED,32,0.1,13,"['ETH_D_AvgPrc', 'D_CRYPTOBERT_AvgScr_Ex', 'D_CRYPTOBERT_Sent_AvgEx']",28,2,0.01,7,04/03/2023,64,0.458646617,0.485499463,71.27976057,0.038981422,8300.184045,0.491669077,90.21243148,4.940691878,87.94736498,0.047945454,12427.18209,0.465753425,111.4772716,6.091203741,0
15/08/2025 20:59,18.7s,29646884230b4e15b62d796f5460d254,ETH_base_sent_vader,LOCAL,/home/ec2-user/ETH_Price_Predition/.venv/lib/python3.11/site-packages/ipykernel_launcher.py,ec2-user,FINISHED,64,0,35,"['ETH_D_AvgPrc', 'D_VADER_AvgScr_Ex', 'D_VADER_Sent_AvgEx']",28,2,0.01,7,04/03/2023,32,0.413533835,0.486573577,69.64411233,0.038087913,8905.886838,0.492173656,90.22328704,4.939117115,102.6875131,0.05622671,17211.62416,0.420289855,131.1930797,7.213658409,0
15/08/2025 20:55,32.5s,c92cfabb55974e3c8899108109e8fe0e,ETH_base_sent_vader,LOCAL,/home/ec2-user/ETH_Price_Predition/.venv/lib/python3.11/site-packages/ipykernel_launcher.py,ec2-user,FINISHED,64,0.1,68,"['ETH_D_AvgPrc', 'D_VADER_AvgScr_Ex', 'D_VADER_Sent_AvgEx']",21,3,0.001,7,04/03/2023,32,0.436090226,0.49301826,70.16104568,0.038807392,8516.16526,0.497807819,90.26157541,5.070073697,87.57391656,0.048031703,12982.44969,0.441176471,113.9405533,6.307889382,0
15/08/2025 22:58,36.5s,10605d00527e4901a24a611b7e6b13b2,ETH_base_sent_finbert,LOCAL,/home/ec2-user/ETH_Price_Predition/.venv/lib/python3.11/site-packages/ipykernel_launcher.py,ec2-user,FINISHED,64,0.1,101,"['ETH_D_AvgPrc', 'D_FINBERT_AvgScr_Ex', 'D_FINBERT_Sent_AvgEx']",28,2,0.001,7,04/03/2023,64,0.421052632,0.480128894,71.99634877,0.039839631,8916.520377,0.485849028,90.26224215,5.070939657,100.5276079,0.055340769,15746.05297,0.421875,125.4832777,6.997650083,0
15/08/2025 20:53,21.5s,268e86a925a74adb8923e4f347f65437,ETH_base_sent_vader,LOCAL,/home/ec2-user/ETH_Price_Predition/.venv/lib/python3.11/site-packages/ipykernel_launcher.py,ec2-user,FINISHED,64,0.05,29,"['ETH_D_AvgPrc', 'D_VADER_AvgScr_Ex', 'D_VADER_Sent_AvgEx']",21,3,0.001,7,04/03/2023,64,0.406015038,0.503759398,69.84223743,0.038447506,8527.042525,0.507828111,90.29050453,5.010515113,88.75382433,0.048599665,13234.84796,0.40625,115.0428092,6.340110979,0
15/08/2025 20:48,16.5s,7a49ec87fb2c4437a584c6f396a734b4,ETH_base_sent_vader,LOCAL,/home/ec2-user/ETH_Price_Predition/.venv/lib/python3.11/site-packages/ipykernel_launcher.py,ec2-user,FINISHED,64,0,15,"['ETH_D_AvgPrc', 'D_VADER_AvgScr_Ex', 'D_VADER_Sent_AvgEx']",21,3,0.001,7,04/03/2023,64,0.421052632,0.499462943,67.27699642,0.036890544,8478.982881,0.504295334,90.29906143,4.955717391,88.09037035,0.048267058,13451.24337,0.426470588,115.9794955,6.380684515,0
15/08/2025 12:33,19.9s,fb69269cdca0456ca8bca17a95b87fc9,ETH_base_ETH_blk,LOCAL,/home/ec2-user/ETH_Price_Predition/.venv/lib/python3.11/site-packages/ipykernel_launcher.py,ec2-user,FINISHED,64,0.05,10,"['ETH_D_AvgPrc', 'ETH_YF_Vol', 'ETH_ES_AvgTransFee', 'ETH_ES_BlkTm', 'ETH_ES_GasUsd', 'ETH_ES_AvgGasPrc']",14,3,0.001,7,04/03/2023,64,0.481203008,0.485499463,68.57154605,0.037704136,8435.597097,0.491122143,90.30450353,4.995547712,84.26880778,0.046074325,12279.20443,0.485294118,110.8115717,6.091973119,0
15/08/2025 21:43,16.7s,d9a82a150f4846238a1572a6a6020716,ETH_base_sent_finbert,LOCAL,/home/ec2-user/ETH_Price_Predition/.venv/lib/python3.11/site-packages/ipykernel_launcher.py,ec2-user,FINISHED,64,0.1,31,"['ETH_D_AvgPrc', 'D_FINBERT_AvgScr_Ex', 'D_FINBERT_Sent_AvgEx']",7,2,0.01,7,04/03/2023,64,0.458646617,0.503759398,71.43064689,0.039117694,8422.676584,0.508246294,90.36278303,4.966630937,89.62536873,0.049146661,13155.79587,0.465753425,114.6987178,6.341713288,0
15/08/2025 13:52,24.1s,394b392cf34b46f4a86d8546b5aee9e7,ETH_base_BTC_blk,LOCAL,/home/ec2-user/ETH_Price_Predition/.venv/lib/python3.11/site-packages/ipykernel_launcher.py,ec2-user,FINISHED,32,0.05,15,"['ETH_D_AvgPrc', 'BTC_D_AvgPrc', 'BTC_OL_MinDif', 'BTC_OL_AvgTransFee', 'BTC_BIC_HshRt']",14,3,0.01,7,04/03/2023,32,0.45112782,0.498388829,71.82559699,0.039530531,8372.217106,0.502170686,90.38652587,5.040403216,89.88910807,0.048753155,12786.64231,0.457142857,113.0780364,6.16402679,0
15/08/2025 12:44,12.2s,a61c83f0c4004a4da47c6d52762bc2fe,ETH_base_ETH_blk,LOCAL,/home/ec2-user/ETH_Price_Predition/.venv/lib/python3.11/site-packages/ipykernel_launcher.py,ec2-user,FINISHED,64,0.1,7,"['ETH_D_AvgPrc', 'ETH_YF_Vol', 'ETH_ES_AvgTransFee', 'ETH_ES_BlkTm', 'ETH_ES_GasUsd', 'ETH_ES_AvgGasPrc']",21,2,0.01,7,04/03/2023,32,0.443609023,0.471535983,70.46453044,0.038724752,8452.159035,0.478548919,90.40402227,4.988599692,86.17468101,0.047339536,12248.56873,0.452054795,110.6732521,6.1333992,0
15/08/2025 16:57,16.6s,b483fd336bea4b79894e8afa0d9d5da4,ETH_base_LTC_blk,LOCAL,/home/ec2-user/ETH_Price_Predition/.venv/lib/python3.11/site-packages/ipykernel_launcher.py,ec2-user,FINISHED,64,0.05,24,"['ETH_D_AvgPrc', 'LTC_D_AvgPrc', 'LTC_YF_Vol', 'LTC_OL_MinDif', 'LTC_BIC_HshRt']",14,2,0.01,7,04/03/2023,64,0.390977444,0.482277121,71.85291458,0.039328143,8864.764657,0.486639034,90.41618078,4.984614096,113.3889502,0.061063395,18407.44812,0.393939394,135.674051,7.261131922,0
15/08/2025 18:12,25.4s,2a636468b0fd41ae951d2a3d7ff05b51,ETH_base_BTC_blk_LTC_blk,LOCAL,/home/ec2-user/ETH_Price_Predition/.venv/lib/python3.11/site-packages/ipykernel_launcher.py,ec2-user,FINISHED,32,0,24,"['ETH_D_AvgPrc', 'BTC_D_AvgPrc', 'LTC_D_AvgPrc']",7,3,0.001,7,04/03/2023,32,0.45112782,0.4650913,68.93113399,0.037914386,8472.940878,0.472461605,90.43281212,4.998049203,85.09057778,0.046531133,12484.95702,0.458333333,111.7361044,6.141706171,0
15/08/2025 21:35,19.9s,4d231411ac1f42348988c6e76ea03307,ETH_base_sent_finbert,LOCAL,/home/ec2-user/ETH_Price_Predition/.venv/lib/python3.11/site-packages/ipykernel_launcher.py,ec2-user,FINISHED,32,0,22,"['ETH_D_AvgPrc', 'D_FINBERT_AvgScr_Ex', 'D_FINBERT_Sent_AvgEx']",7,2,0.01,7,04/03/2023,64,0.443609023,0.488721805,68.02308007,0.037143066,8808.882449,0.493507059,90.5185865,4.960094095,90.9343186,0.049356755,14748.15367,0.442622951,121.4419766,6.596900803,0
15/08/2025 13:28,36.6s,1dc444d851fd47ab83442de6defd721a,ETH_base_BTC_blk,LOCAL,/home/ec2-user/ETH_Price_Predition/.venv/lib/python3.11/site-packages/ipykernel_launcher.py,ec2-user,FINISHED,32,0.05,60,"['ETH_D_AvgPrc', 'BTC_D_AvgPrc', 'BTC_OL_MinDif', 'BTC_OL_AvgTransFee', 'BTC_BIC_HshRt']",7,2,0.001,7,04/03/2023,64,0.466165414,0.491944146,69.93574453,0.038346234,8591.104839,0.49720054,90.5189272,4.98173365,101.9695988,0.055049749,15781.16078,0.472222222,125.6230901,6.758374595,0
15/08/2025 12:23,20.8s,9790a951a4b348159a8605a8eaae05e2,ETH_base_ETH_blk,LOCAL,/home/ec2-user/ETH_Price_Predition/.venv/lib/python3.11/site-packages/ipykernel_launcher.py,ec2-user,FINISHED,64,0.05,42,"['ETH_D_AvgPrc', 'ETH_YF_Vol', 'ETH_ES_AvgTransFee', 'ETH_ES_BlkTm', 'ETH_ES_GasUsd', 'ETH_ES_AvgGasPrc']",14,2,0.001,7,04/03/2023,32,0.466165414,0.474758324,69.6735044,0.038551528,8699.400987,0.479703889,90.53037342,5.058745686,93.74997545,0.051813557,14623.72861,0.46969697,120.9286096,6.774060609,0
15/08/2025 16:36,29.4s,960bec19e8ff428c91461569eb1b054a,ETH_base_LTC_blk,LOCAL,/home/ec2-user/ETH_Price_Predition/.venv/lib/python3.11/site-packages/ipykernel_launcher.py,ec2-user,FINISHED,64,0.1,83,"['ETH_D_AvgPrc', 'LTC_D_AvgPrc', 'LTC_YF_Vol', 'LTC_OL_MinDif', 'LTC_BIC_HshRt']",7,2,0.001,7,04/03/2023,32,0.458646617,0.475832438,72.48088787,0.039908453,8429.40114,0.483174449,90.53263144,5.03766068,98.38704435,0.053180985,14490.52342,0.466666667,120.37659,6.486302815,0
15/08/2025 20:58,38.6s,cd81b6f8d3b74fc78244be34a77fcca3,ETH_base_sent_vader,LOCAL,/home/ec2-user/ETH_Price_Predition/.venv/lib/python3.11/site-packages/ipykernel_launcher.py,ec2-user,FINISHED,32,0,61,"['ETH_D_AvgPrc', 'D_VADER_AvgScr_Ex', 'D_VADER_Sent_AvgEx']",28,2,0.001,7,04/03/2023,32,0.428571429,0.502685285,70.25492982,0.038421848,8539.939051,0.506796365,90.57238154,4.957110308,87.66393469,0.047693613,13409.27239,0.432835821,115.7984127,6.283243039,0
15/08/2025 22:14,32.9s,6147c7ecd99f47a4a19397cf36655277,ETH_base_sent_finbert,LOCAL,/home/ec2-user/ETH_Price_Predition/.venv/lib/python3.11/site-packages/ipykernel_launcher.py,ec2-user,FINISHED,32,0.05,34,"['ETH_D_AvgPrc', 'D_FINBERT_AvgScr_Ex', 'D_FINBERT_Sent_AvgEx']",14,3,0.01,7,04/03/2023,64,0.428571429,0.523093448,70.89860015,0.038939018,8795.197985,0.527831426,90.58728055,5.016710047,97.48829754,0.053732279,15081.08042,0.430769231,122.8050505,6.856318114,0
15/08/2025 13:01,12.1s,2f6d3982a0684ed4a29bfc69628da3bf,ETH_base_ETH_blk,LOCAL,/home/ec2-user/ETH_Price_Predition/.venv/lib/python3.11/site-packages/ipykernel_launcher.py,ec2-user,FINISHED,64,0.05,5,"['ETH_D_AvgPrc', 'ETH_YF_Vol', 'ETH_ES_AvgTransFee', 'ETH_ES_BlkTm', 'ETH_ES_GasUsd', 'ETH_ES_AvgGasPrc']",28,2,0.01,7,04/03/2023,32,0.45112782,0.467239527,68.95519436,0.038013093,8591.027544,0.474363682,90.71605233,5.043636417,78.29167256,0.043090717,11460.1268,0.458333333,107.0519818,5.950854176,0
15/08/2025 12:08,13.4s,b7e6227b988343d9940549600499cb93,ETH_base_ETH_blk,LOCAL,/home/ec2-user/ETH_Price_Predition/.venv/lib/python3.11/site-packages/ipykernel_launcher.py,ec2-user,FINISHED,64,0.1,8,"['ETH_D_AvgPrc', 'ETH_YF_Vol', 'ETH_ES_AvgTransFee', 'ETH_ES_BlkTm', 'ETH_ES_GasUsd', 'ETH_ES_AvgGasPrc']",7,2,0.01,7,04/03/2023,64,0.458646617,0.469387755,66.7085191,0.036860744,8646.975047,0.477482313,90.71940749,5.048849917,86.10899296,0.047552775,13641.04114,0.46835443,116.7948678,6.521345715,0
15/08/2025 17:00,22.3s,7c9f5ae56cd24682b9d193fbe444835c,ETH_base_LTC_blk,LOCAL,/home/ec2-user/ETH_Price_Predition/.venv/lib/python3.11/site-packages/ipykernel_launcher.py,ec2-user,FINISHED,32,0.1,22,"['ETH_D_AvgPrc', 'LTC_D_AvgPrc', 'LTC_YF_Vol', 'LTC_OL_MinDif', 'LTC_BIC_HshRt']",14,2,0.01,7,04/03/2023,64,0.390977444,0.477980666,72.19892793,0.03994843,8368.244691,0.482935568,90.76036155,5.134901633,85.53931467,0.046364393,11950.58578,0.393939394,109.3187348,5.968203536,0
16/08/2025 00:55,53.0s,db99d2c27a814c009ce0936b8c6a30cc,ETH_base_sent_cryptobert,LOCAL,/home/ec2-user/ETH_Price_Predition/.venv/lib/python3.11/site-packages/ipykernel_launcher.py,ec2-user,FINISHED,32,0.05,68,"['ETH_D_AvgPrc', 'D_CRYPTOBERT_AvgScr_Ex', 'D_CRYPTOBERT_Sent_AvgEx']",28,3,0.01,7,04/03/2023,64,0.436090226,0.477980666,72.14061359,0.039610331,9399.905019,0.484208524,90.76996313,5.012245121,103.3951496,0.056344056,16734.62265,0.442857143,129.3623695,7.052811821,0
15/08/2025 20:26,23.7s,f74c1e0e13a94d4c84fb79f2b5d1978f,ETH_base_sent_vader,LOCAL,/home/ec2-user/ETH_Price_Predition/.venv/lib/python3.11/site-packages/ipykernel_launcher.py,ec2-user,FINISHED,64,0.05,40,"['ETH_D_AvgPrc', 'D_VADER_AvgScr_Ex', 'D_VADER_Sent_AvgEx']",14,3,0.001,7,04/03/2023,32,0.413533835,0.508055854,67.86622392,0.03717963,8597.820475,0.512322775,90.78492201,4.99144036,88.12301682,0.048117415,13894.98942,0.420289855,117.8770097,6.448581361,0
15/08/2025 20:23,14.1s,79eecfbedec047e2947b0567cc88a162,ETH_base_sent_vader,LOCAL,/home/ec2-user/ETH_Price_Predition/.venv/lib/python3.11/site-packages/ipykernel_launcher.py,ec2-user,FINISHED,64,0,8,"['ETH_D_AvgPrc', 'D_VADER_AvgScr_Ex', 'D_VADER_Sent_AvgEx']",14,3,0.01,7,04/03/2023,32,0.413533835,0.513426423,67.78786979,0.037182624,8567.550235,0.518056029,90.81231508,4.997809184,85.10209461,0.046572209,13156.95419,0.415384615,114.7037671,6.289430759,0
15/08/2025 20:10,29.5s,d53d8c51441048d0b21456ce91cbdc33,ETH_base_sent_vader,LOCAL,/home/ec2-user/ETH_Price_Predition/.venv/lib/python3.11/site-packages/ipykernel_launcher.py,ec2-user,FINISHED,32,0.1,30,"['ETH_D_AvgPrc', 'D_VADER_AvgScr_Ex', 'D_VADER_Sent_AvgEx']",7,3,0.01,7,04/03/2023,64,0.398496241,0.495166488,68.25236241,0.037312551,8961.675092,0.500011869,90.83370726,4.969799423,94.35353926,0.0515443,15667.32598,0.396825397,125.1691894,6.83674415,0
15/08/2025 22:56,35.0s,f4cec94ca0ec46d0ac454bbf56b85f65,ETH_base_sent_finbert,LOCAL,/home/ec2-user/ETH_Price_Predition/.venv/lib/python3.11/site-packages/ipykernel_launcher.py,ec2-user,FINISHED,32,0.1,48,"['ETH_D_AvgPrc', 'D_FINBERT_AvgScr_Ex', 'D_FINBERT_Sent_AvgEx']",28,2,0.01,7,04/03/2023,64,0.443609023,0.525241676,74.25019451,0.04077364,9197.995549,0.529884611,90.83833033,5.021893506,106.0913093,0.057616147,16672.2139,0.447761194,129.1209274,6.99606691,0
15/08/2025 23:35,17.3s,b639da1c1469423091488e80c203b37b,ETH_base_sent_cryptobert,LOCAL,/home/ec2-user/ETH_Price_Predition/.venv/lib/python3.11/site-packages/ipykernel_launcher.py,ec2-user,FINISHED,64,0.05,19,"['ETH_D_AvgPrc', 'D_CRYPTOBERT_AvgScr_Ex', 'D_CRYPTOBERT_Sent_AvgEx']",7,3,0.01,7,04/03/2023,64,0.45112782,0.476906552,67.73354522,0.037437634,8651.118125,0.482023113,90.86868704,5.063460453,86.92976666,0.048012381,13460.59897,0.454545455,116.0198215,6.487100829,0
15/08/2025 12:23,15.4s,89c23aa25eb84c44a74a7911c583d03e,ETH_base_ETH_blk,LOCAL,/home/ec2-user/ETH_Price_Predition/.venv/lib/python3.11/site-packages/ipykernel_launcher.py,ec2-user,FINISHED,32,0.05,4,"['ETH_D_AvgPrc', 'ETH_YF_Vol', 'ETH_ES_AvgTransFee', 'ETH_ES_BlkTm', 'ETH_ES_GasUsd', 'ETH_ES_AvgGasPrc']",14,2,0.001,7,04/03/2023,64,0.45112782,0.485499463,71.3555153,0.039275247,8413.821085,0.490989228,90.89472295,5.032594527,85.45899103,0.047013796,11201.98157,0.457142857,105.8394141,5.901845941,0
15/08/2025 20:24,19.2s,8e48105b2214472b8832318adfd37760,ETH_base_sent_vader,LOCAL,/home/ec2-user/ETH_Price_Predition/.venv/lib/python3.11/site-packages/ipykernel_launcher.py,ec2-user,FINISHED,64,0,26,"['ETH_D_AvgPrc', 'D_VADER_AvgScr_Ex', 'D_VADER_Sent_AvgEx']",14,3,0.001,7,04/03/2023,64,0.436090226,0.503759398,67.92799078,0.037137826,8710.887887,0.508495967,90.93253816,4.980914314,88.06880888,0.048091804,14108.84026,0.439393939,118.7806392,6.490590406,0
15/08/2025 18:15,17.3s,9a87dd0bb87f44dda0e52653aa0eb062,ETH_base_BTC_blk_LTC_blk,LOCAL,/home/ec2-user/ETH_Price_Predition/.venv/lib/python3.11/site-packages/ipykernel_launcher.py,ec2-user,FINISHED,64,0,21,"['ETH_D_AvgPrc', 'BTC_D_AvgPrc', 'LTC_D_AvgPrc']",7,3,0.001,7,04/03/2023,64,0.466165414,0.470461869,69.13687085,0.037891802,8495.905276,0.476568656,90.93261477,4.996775967,83.62906205,0.045862161,12445.89831,0.471428571,111.5611864,6.1499133,0
15/08/2025 21:53,18.6s,d438f5ab5db541e5ad13b553f0e5e93f,ETH_base_sent_finbert,LOCAL,/home/ec2-user/ETH_Price_Predition/.venv/lib/python3.11/site-packages/ipykernel_launcher.py,ec2-user,FINISHED,32,0.1,7,"['ETH_D_AvgPrc', 'D_FINBERT_AvgScr_Ex', 'D_FINBERT_Sent_AvgEx']",7,3,0.01,7,04/03/2023,32,0.398496241,0.494092374,69.965693,0.038510523,8549.88586,0.499359375,90.9354429,5.053435929,86.07438924,0.047105082,11955.93823,0.413333333,109.343213,6.023554658,0
15/08/2025 12:55,22.3s,fdd4e57e25f84acb9fc011466db8a3ce,ETH_base_ETH_blk,LOCAL,/home/ec2-user/ETH_Price_Predition/.venv/lib/python3.11/site-packages/ipykernel_launcher.py,ec2-user,FINISHED,64,0.1,32,"['ETH_D_AvgPrc', 'ETH_YF_Vol', 'ETH_ES_AvgTransFee', 'ETH_ES_BlkTm', 'ETH_ES_GasUsd', 'ETH_ES_AvgGasPrc']",21,3,0.001,7,04/03/2023,32,0.473684211,0.477980666,71.18972729,0.039099769,8564.653849,0.484151484,90.99975982,5.014011753,87.72972784,0.048118065,12498.54182,0.479452055,111.7968775,6.175294324,0
15/08/2025 23:08,38.0s,e5712b1bfe764ebb99fecdd59ae2f4d0,ETH_base_sent_finbert,LOCAL,/home/ec2-user/ETH_Price_Predition/.venv/lib/python3.11/site-packages/ipykernel_launcher.py,ec2-user,FINISHED,32,0.1,34,"['ETH_D_AvgPrc', 'D_FINBERT_AvgScr_Ex', 'D_FINBERT_Sent_AvgEx']",28,3,0.01,7,04/03/2023,32,0.421052632,0.484425349,73.50651109,0.040727085,8929.17934,0.489063274,91.0175118,5.132965564,103.0275041,0.056429258,15665.55546,0.424242424,125.1621167,6.908985637,0
15/08/2025 20:46,21.0s,c69a893cf3af4f6ba3979cdb6430e262,ETH_base_sent_vader,LOCAL,/home/ec2-user/ETH_Price_Predition/.venv/lib/python3.11/site-packages/ipykernel_launcher.py,ec2-user,FINISHED,64,0,31,"['ETH_D_AvgPrc', 'D_VADER_AvgScr_Ex', 'D_VADER_Sent_AvgEx']",21,3,0.001,7,04/03/2023,32,0.436090226,0.50698174,69.06080872,0.037814432,8644.93647,0.510483686,91.02246694,4.998245247,87.78140396,0.047866311,13730.74392,0.439393939,117.178257,6.396791516,0
15/08/2025 17:40,23.1s,99186533c64e4041928cc123f2cfa84c,ETH_base_LTC_blk,LOCAL,/home/ec2-user/ETH_Price_Predition/.venv/lib/python3.11/site-packages/ipykernel_launcher.py,ec2-user,FINISHED,64,0.05,45,"['ETH_D_AvgPrc', 'LTC_D_AvgPrc', 'LTC_YF_Vol', 'LTC_OL_MinDif', 'LTC_BIC_HshRt']",28,2,0.01,7,04/03/2023,32,0.443609023,0.481203008,73.73783126,0.040501886,8883.445535,0.486420697,91.03718542,5.067857449,109.4691311,0.059026628,16627.357,0.449275362,128.9471093,6.952659687,0
15/08/2025 12:16,24.4s,bc79ef07064f437786ae1ec79a921924,ETH_base_ETH_blk,LOCAL,/home/ec2-user/ETH_Price_Predition/.venv/lib/python3.11/site-packages/ipykernel_launcher.py,ec2-user,FINISHED,32,0.1,14,"['ETH_D_AvgPrc', 'ETH_YF_Vol', 'ETH_ES_AvgTransFee', 'ETH_ES_BlkTm', 'ETH_ES_GasUsd', 'ETH_ES_AvgGasPrc']",7,3,0.01,7,04/03/2023,32,0.511278195,0.470461869,69.91127671,0.038157978,8624.258691,0.476448984,91.09862453,4.975735619,80.34963714,0.044073056,11306.45533,0.514705882,106.3318171,5.877725614,0
15/08/2025 20:50,25.3s,cdfbd63029664acdab15efbaacdb1928,ETH_base_sent_vader,LOCAL,/home/ec2-user/ETH_Price_Predition/.venv/lib/python3.11/site-packages/ipykernel_launcher.py,ec2-user,FINISHED,64,0.05,43,"['ETH_D_AvgPrc', 'D_VADER_AvgScr_Ex', 'D_VADER_Sent_AvgEx']",21,3,0.001,7,04/03/2023,32,0.436090226,0.498388829,70.57407229,0.038821183,8667.027451,0.503133682,91.10554367,5.044208354,89.63430144,0.049101695,13686.54835,0.439393939,116.9895224,6.455812617,0
15/08/2025 16:40,22.3s,c03abd1324b84f98aba57ca20445f208,ETH_base_LTC_blk,LOCAL,/home/ec2-user/ETH_Price_Predition/.venv/lib/python3.11/site-packages/ipykernel_launcher.py,ec2-user,FINISHED,64,0,36,"['ETH_D_AvgPrc', 'LTC_D_AvgPrc', 'LTC_YF_Vol', 'LTC_OL_MinDif', 'LTC_BIC_HshRt']",7,3,0.001,7,04/03/2023,32,0.45112782,0.490870032,73.02911344,0.039932359,8971.916231,0.49588659,91.12114667,5.010032132,112.2838688,0.060542958,17863.25563,0.460526316,133.6534909,7.166831533,0
15/08/2025 13:10,36.4s,882ff624d10941afa922b5dd8a9f4ff2,ETH_base_ETH_blk,LOCAL,/home/ec2-user/ETH_Price_Predition/.venv/lib/python3.11/site-packages/ipykernel_launcher.py,ec2-user,FINISHED,32,0,37,"['ETH_D_AvgPrc', 'ETH_YF_Vol', 'ETH_ES_AvgTransFee', 'ETH_ES_BlkTm', 'ETH_ES_GasUsd', 'ETH_ES_AvgGasPrc']",28,3,0.001,7,04/03/2023,64,0.45112782,0.460794844,72.00735051,0.039490675,8678.994133,0.467325886,91.13690951,5.010629796,87.20070539,0.047738874,12487.39322,0.455882353,111.7470054,6.153168803,0
15/08/2025 22:39,35.4s,4a10a0f2f2bc49238921cb261354dbbe,ETH_base_sent_finbert,LOCAL,/home/ec2-user/ETH_Price_Predition/.venv/lib/python3.11/site-packages/ipykernel_launcher.py,ec2-user,FINISHED,32,0.05,36,"['ETH_D_AvgPrc', 'D_FINBERT_AvgScr_Ex', 'D_FINBERT_Sent_AvgEx']",21,3,0.01,7,04/03/2023,64,0.436090226,0.516648765,73.80609223,0.040784328,8840.568507,0.519824623,91.16702641,5.10478507,92.78966436,0.051134434,13456.59682,0.444444444,116.0025725,6.484550186,0
15/08/2025 13:36,14.0s,b9030967523740858e8f0912681e4a55,ETH_base_BTC_blk,LOCAL,/home/ec2-user/ETH_Price_Predition/.venv/lib/python3.11/site-packages/ipykernel_launcher.py,ec2-user,FINISHED,64,0.05,5,"['ETH_D_AvgPrc', 'BTC_D_AvgPrc', 'BTC_OL_MinDif', 'BTC_OL_AvgTransFee', 'BTC_BIC_HshRt']",7,3,0.01,7,04/03/2023,32,0.488721805,0.50698174,72.16013796,0.03961856,8615.997595,0.511848781,91.17900819,5.026525858,101.9010944,0.055072801,16003.82847,0.492537313,126.5062388,6.803548922,0
15/08/2025 19:53,13.1s,1d6b0c06bfaa494f8ae8b697722c85f8,ETH_base_sent_vader,LOCAL,/home/ec2-user/ETH_Price_Predition/.venv/lib/python3.11/site-packages/ipykernel_launcher.py,ec2-user,FINISHED,64,0,17,"['ETH_D_AvgPrc', 'D_VADER_AvgScr_Ex', 'D_VADER_Sent_AvgEx']",7,2,0.01,7,04/03/2023,64,0.443609023,0.512352309,69.92837613,0.038185548,8674.125204,0.517410125,91.18239225,4.974152283,87.11253024,0.047618376,13189.98693,0.444444444,114.8476684,6.27622581,0
15/08/2025 20:16,18.3s,8ae170aeac7f407bacad7d1344a56430,ETH_base_sent_vader,LOCAL,/home/ec2-user/ETH_Price_Predition/.venv/lib/python3.11/site-packages/ipykernel_launcher.py,ec2-user,FINISHED,64,0.05,35,"['ETH_D_AvgPrc', 'D_VADER_AvgScr_Ex', 'D_VADER_Sent_AvgEx']",14,2,0.001,7,04/03/2023,32,0.398496241,0.488721805,69.03237859,0.037821585,8617.974054,0.493352358,91.2087022,5.006303037,86.39449018,0.047239508,13185.38172,0.405797101,114.8276174,6.287359718,0
15/08/2025 13:36,19.9s,a282f9fc9a2347f19eb845853eb3c0a9,ETH_base_BTC_blk,LOCAL,/home/ec2-user/ETH_Price_Predition/.venv/lib/python3.11/site-packages/ipykernel_launcher.py,ec2-user,FINISHED,64,0.05,26,"['ETH_D_AvgPrc', 'BTC_D_AvgPrc', 'BTC_OL_MinDif', 'BTC_OL_AvgTransFee', 'BTC_BIC_HshRt']",7,3,0.001,7,04/03/2023,32,0.45112782,0.510204082,72.30419686,0.03985902,8484.837579,0.513971128,91.22421871,5.06397543,91.79310069,0.049773924,13154.76316,0.457142857,114.6942159,6.200360024,0
15/08/2025 13:16,16.0s,26ca7737e14a4318a158d11c1b55b4ab,ETH_base_ETH_blk,LOCAL,/home/ec2-user/ETH_Price_Predition/.venv/lib/python3.11/site-packages/ipykernel_launcher.py,ec2-user,FINISHED,64,0.1,9,"['ETH_D_AvgPrc', 'ETH_YF_Vol', 'ETH_ES_AvgTransFee', 'ETH_ES_BlkTm', 'ETH_ES_GasUsd', 'ETH_ES_AvgGasPrc']",28,3,0.001,7,04/03/2023,32,0.556390977,0.484425349,72.08774318,0.039731743,8485.303561,0.489106247,91.23396663,5.053547568,82.42233047,0.045289344,11399.12451,0.557142857,106.7666826,5.92121218,0
15/08/2025 12:39,25.8s,df62f0b4f68c473c93260511aa30478d,ETH_base_ETH_blk,LOCAL,/home/ec2-user/ETH_Price_Predition/.venv/lib/python3.11/site-packages/ipykernel_launcher.py,ec2-user,FINISHED,32,0,30,"['ETH_D_AvgPrc', 'ETH_YF_Vol', 'ETH_ES_AvgTransFee', 'ETH_ES_BlkTm', 'ETH_ES_GasUsd', 'ETH_ES_AvgGasPrc']",21,2,0.001,7,04/03/2023,64,0.458646617,0.487647691,72.19837953,0.039569175,8745.025298,0.492129738,91.25069751,5.018323803,93.99958583,0.051642003,14360.03782,0.46031746,119.8333752,6.65279594,0
15/08/2025 20:59,14.8s,fc178c2af0e74b62ac1a19d8ede8430b,ETH_base_sent_vader,LOCAL,/home/ec2-user/ETH_Price_Predition/.venv/lib/python3.11/site-packages/ipykernel_launcher.py,ec2-user,FINISHED,64,0,18,"['ETH_D_AvgPrc', 'D_VADER_AvgScr_Ex', 'D_VADER_Sent_AvgEx']",28,2,0.001,7,04/03/2023,32,0.45112782,0.499462943,68.42447821,0.037415712,8611.101479,0.504917063,91.30962374,5.002187384,84.47439942,0.045942588,12383.30943,0.457142857,111.2803192,6.029855105,0
15/08/2025 17:05,18.0s,5787f460a2714bb8b7dbcff667c95265,ETH_base_LTC_blk,LOCAL,/home/ec2-user/ETH_Price_Predition/.venv/lib/python3.11/site-packages/ipykernel_launcher.py,ec2-user,FINISHED,32,0.05,3,"['ETH_D_AvgPrc', 'LTC_D_AvgPrc', 'LTC_YF_Vol', 'LTC_OL_MinDif', 'LTC_BIC_HshRt']",14,3,0.01,7,04/03/2023,32,0.458646617,0.481203008,71.34707691,0.039382009,8857.984857,0.486465161,91.34404101,5.135612402,116.2085477,0.062546307,19256.54874,0.462686567,138.7679673,7.416250486,0
15/08/2025 22:00,14.8s,ac1b5afbadba47e28d405f0526f0da2d,ETH_base_sent_finbert,LOCAL,/home/ec2-user/ETH_Price_Predition/.venv/lib/python3.11/site-packages/ipykernel_launcher.py,ec2-user,FINISHED,64,0,21,"['ETH_D_AvgPrc', 'D_FINBERT_AvgScr_Ex', 'D_FINBERT_Sent_AvgEx']",14,2,0.001,7,04/03/2023,64,0.37593985,0.477980666,71.11207097,0.039184647,8728.026076,0.483866029,91.35419573,5.096073359,96.47990039,0.053006495,14432.27513,0.382352941,120.1344045,6.677907142,0
15/08/2025 13:05,14.6s,57abba6e5a3145259b81129163828702,ETH_base_ETH_blk,LOCAL,/home/ec2-user/ETH_Price_Predition/.venv/lib/python3.11/site-packages/ipykernel_launcher.py,ec2-user,FINISHED,64,0.1,14,"['ETH_D_AvgPrc', 'ETH_YF_Vol', 'ETH_ES_AvgTransFee', 'ETH_ES_BlkTm', 'ETH_ES_GasUsd', 'ETH_ES_AvgGasPrc']",28,2,0.001,7,04/03/2023,32,0.488721805,0.49301826,70.6630367,0.038807654,8596.070783,0.497597363,91.42137318,5.032172273,82.65838187,0.045403011,11881.84491,0.493333333,109.0038756,6.039296491,0
15/08/2025 13:09,31.8s,a0bae38e2f4e4d0d8d7d1fca3311d155,ETH_base_ETH_blk,LOCAL,/home/ec2-user/ETH_Price_Predition/.venv/lib/python3.11/site-packages/ipykernel_launcher.py,ec2-user,FINISHED,32,0,28,"['ETH_D_AvgPrc', 'ETH_YF_Vol', 'ETH_ES_AvgTransFee', 'ETH_ES_BlkTm', 'ETH_ES_GasUsd', 'ETH_ES_AvgGasPrc']",28,3,0.01,7,04/03/2023,64,0.428571429,0.487647691,73.44562351,0.04015407,8959.219486,0.494855379,91.43423728,5.006616117,118.292812,0.063514343,19801.86088,0.430769231,140.719085,7.443880911,0
15/08/2025 12:48,22.1s,b36c4a955c9746678a9fbc11f5d2ffaf,ETH_base_ETH_blk,LOCAL,/home/ec2-user/ETH_Price_Predition/.venv/lib/python3.11/site-packages/ipykernel_launcher.py,ec2-user,FINISHED,64,0,33,"['ETH_D_AvgPrc', 'ETH_YF_Vol', 'ETH_ES_AvgTransFee', 'ETH_ES_BlkTm', 'ETH_ES_GasUsd', 'ETH_ES_AvgGasPrc']",21,3,0.001,7,04/03/2023,32,0.443609023,0.484425349,72.64164241,0.039727935,8811.709903,0.489151137,91.52306513,5.009373739,91.68640848,0.050201011,13141.92469,0.447761194,114.638234,6.306716068,0
15/08/2025 20:13,22.4s,9f7cf11d1dab42c3aaa920caa04b8453,ETH_base_sent_vader,LOCAL,/home/ec2-user/ETH_Price_Predition/.venv/lib/python3.11/site-packages/ipykernel_launcher.py,ec2-user,FINISHED,64,0,54,"['ETH_D_AvgPrc', 'D_VADER_AvgScr_Ex', 'D_VADER_Sent_AvgEx']",14,2,0.001,7,04/03/2023,32,0.421052632,0.497314715,68.36015023,0.03741209,8925.128153,0.501278635,91.5313939,5.025154375,93.01491116,0.050901961,15533.99181,0.424242424,124.6354356,6.840426981,0
15/08/2025 13:26,42.5s,973d1a8cc1f6484fb2fe0ad875993cc0,ETH_base_BTC_blk,LOCAL,/home/ec2-user/ETH_Price_Predition/.venv/lib/python3.11/site-packages/ipykernel_launcher.py,ec2-user,FINISHED,32,0.05,78,"['ETH_D_AvgPrc', 'BTC_D_AvgPrc', 'BTC_OL_MinDif', 'BTC_OL_AvgTransFee', 'BTC_BIC_HshRt']",7,2,0.01,7,04/03/2023,32,0.436090226,0.473684211,71.17942527,0.039091652,8786.229114,0.47966748,91.58871331,5.071017676,93.24382237,0.051141462,13919.02218,0.444444444,117.9789056,6.502823771,0
15/08/2025 16:39,50.7s,46069cd3d07c47cdb708d913f838c6b6,ETH_base_LTC_blk,LOCAL,/home/ec2-user/ETH_Price_Predition/.venv/lib/python3.11/site-packages/ipykernel_launcher.py,ec2-user,FINISHED,32,0,80,"['ETH_D_AvgPrc', 'LTC_D_AvgPrc', 'LTC_YF_Vol', 'LTC_OL_MinDif', 'LTC_BIC_HshRt']",7,3,0.001,7,04/03/2023,32,0.413533835,0.462943072,75.06849351,0.040759957,9384.383481,0.469382971,91.62317712,4.949787394,109.6414504,0.059058329,16783.0471,0.420289855,129.5494002,6.925551846,0
15/08/2025 12:38,15.3s,62d22bb7d9df415c90f888b55e5e42a1,ETH_base_ETH_blk,LOCAL,/home/ec2-user/ETH_Price_Predition/.venv/lib/python3.11/site-packages/ipykernel_launcher.py,ec2-user,FINISHED,32,0,5,"['ETH_D_AvgPrc', 'ETH_YF_Vol', 'ETH_ES_AvgTransFee', 'ETH_ES_BlkTm', 'ETH_ES_GasUsd', 'ETH_ES_AvgGasPrc']",21,2,0.01,7,04/03/2023,64,0.481203008,0.487647691,71.98881247,0.039711235,8874.479482,0.492089907,91.63140067,5.103013564,85.9337289,0.047049668,12403.1275,0.485714286,111.3693293,6.142537658,0
15/08/2025 17:07,31.2s,184aa2c0123247ea973ac862bd0dbca7,ETH_base_LTC_blk,LOCAL,/home/ec2-user/ETH_Price_Predition/.venv/lib/python3.11/site-packages/ipykernel_launcher.py,ec2-user,FINISHED,32,0.05,25,"['ETH_D_AvgPrc', 'LTC_D_AvgPrc', 'LTC_YF_Vol', 'LTC_OL_MinDif', 'LTC_BIC_HshRt']",14,3,0.001,7,04/03/2023,64,0.413533835,0.45112782,72.70715148,0.040029568,8845.557584,0.455202685,91.64895058,5.116518708,108.6071541,0.058560763,17375.21965,0.417910448,131.8150965,7.078226053,0
15/08/2025 17:11,38.0s,1040dabece57435da038864133513b91,ETH_base_LTC_blk,LOCAL,/home/ec2-user/ETH_Price_Predition/.venv/lib/python3.11/site-packages/ipykernel_launcher.py,ec2-user,FINISHED,32,0.1,40,"['ETH_D_AvgPrc', 'LTC_D_AvgPrc', 'LTC_YF_Vol', 'LTC_OL_MinDif', 'LTC_BIC_HshRt']",14,3,0.001,7,04/03/2023,64,0.413533835,0.47905478,72.70302725,0.03985815,8975.41529,0.483632548,91.6510061,5.066054925,98.77200134,0.053417617,15079.50094,0.417910448,122.7986195,6.637405198,0
15/08/2025 16:33,20.4s,66c370c16ecd496d9bd9ff238c2a196f,ETH_base_LTC_blk,LOCAL,/home/ec2-user/ETH_Price_Predition/.venv/lib/python3.11/site-packages/ipykernel_launcher.py,ec2-user,FINISHED,64,0.05,43,"['ETH_D_AvgPrc', 'LTC_D_AvgPrc', 'LTC_YF_Vol', 'LTC_OL_MinDif', 'LTC_BIC_HshRt']",7,2,0.001,7,04/03/2023,32,0.458646617,0.487647691,73.08129522,0.040246165,8691.531964,0.491981888,91.70120932,5.105550938,105.3906082,0.056869107,16231.25857,0.465753425,127.4019567,6.841573656,0
15/08/2025 20:14,14.0s,f482c2832d974bb3b7b2945f9051a643,ETH_base_sent_vader,LOCAL,/home/ec2-user/ETH_Price_Predition/.venv/lib/python3.11/site-packages/ipykernel_launcher.py,ec2-user,FINISHED,32,0,4,"['ETH_D_AvgPrc', 'D_VADER_AvgScr_Ex', 'D_VADER_Sent_AvgEx']",14,2,0.001,7,04/03/2023,64,0.428571429,0.484425349,71.74423614,0.03956544,8614.615525,0.489289056,91.71493419,5.096502556,88.74669837,0.048757143,12518.32071,0.434782609,111.8853016,6.207052385,0
15/08/2025 12:17,26.6s,5d8f96781e834a67b78af1b21a44c899,ETH_base_ETH_blk,LOCAL,/home/ec2-user/ETH_Price_Predition/.venv/lib/python3.11/site-packages/ipykernel_launcher.py,ec2-user,FINISHED,32,0.1,23,"['ETH_D_AvgPrc', 'ETH_YF_Vol', 'ETH_ES_AvgTransFee', 'ETH_ES_BlkTm', 'ETH_ES_GasUsd', 'ETH_ES_AvgGasPrc']",7,3,0.01,7,04/03/2023,64,0.488721805,0.467239527,71.79457527,0.039117059,8798.116076,0.472580459,91.74856913,4.986881768,87.67698383,0.047635942,12538.78031,0.492307692,111.9766954,6.08392424,0
15/08/2025 13:11,39.4s,747dd28014dc41c2bc78acae562c8d4e,ETH_base_ETH_blk,LOCAL,/home/ec2-user/ETH_Price_Predition/.venv/lib/python3.11/site-packages/ipykernel_launcher.py,ec2-user,FINISHED,32,0.05,39,"['ETH_D_AvgPrc', 'ETH_YF_Vol', 'ETH_ES_AvgTransFee', 'ETH_ES_BlkTm', 'ETH_ES_GasUsd', 'ETH_ES_AvgGasPrc']",28,3,0.001,7,04/03/2023,32,0.481203008,0.473684211,70.74889186,0.038826334,8838.578665,0.4803747,91.78610144,5.044941249,88.90773756,0.048850516,13481.59907,0.486111111,116.1102884,6.427470099,0
15/08/2025 12:16,23.1s,ff9e50899ed04a4c84eb128b6e0a86d8,ETH_base_ETH_blk,LOCAL,/home/ec2-user/ETH_Price_Predition/.venv/lib/python3.11/site-packages/ipykernel_launcher.py,ec2-user,FINISHED,32,0.1,16,"['ETH_D_AvgPrc', 'ETH_YF_Vol', 'ETH_ES_AvgTransFee', 'ETH_ES_BlkTm', 'ETH_ES_GasUsd', 'ETH_ES_AvgGasPrc']",7,3,0.001,7,04/03/2023,32,0.503759398,0.488721805,67.96123015,0.037493672,8671.636573,0.494190127,91.7955992,5.102945684,82.97299745,0.045699629,12468.73654,0.506849315,111.6634969,6.22176935,0
15/08/2025 13:42,19.8s,a9e38ff5ebb0472b98e422cbe4fff81c,ETH_base_BTC_blk,LOCAL,/home/ec2-user/ETH_Price_Predition/.venv/lib/python3.11/site-packages/ipykernel_launcher.py,ec2-user,FINISHED,32,0,15,"['ETH_D_AvgPrc', 'BTC_D_AvgPrc', 'BTC_OL_MinDif', 'BTC_OL_AvgTransFee', 'BTC_BIC_HshRt']",14,2,0.001,7,04/03/2023,64,0.421052632,0.487647691,73.7653945,0.040304137,8805.305764,0.492535601,91.83715426,5.023261657,106.0544652,0.057281956,16736.83653,0.426470588,129.3709261,6.956624446,0
15/08/2025 12:20,19.3s,7d3bd16c8dbe4623bc1a4b351e010640,ETH_base_ETH_blk,LOCAL,/home/ec2-user/ETH_Price_Predition/.venv/lib/python3.11/site-packages/ipykernel_launcher.py,ec2-user,FINISHED,64,0,37,"['ETH_D_AvgPrc', 'ETH_YF_Vol', 'ETH_ES_AvgTransFee', 'ETH_ES_BlkTm', 'ETH_ES_GasUsd', 'ETH_ES_AvgGasPrc']",14,2,0.001,7,04/03/2023,32,0.443609023,0.480128894,70.80973506,0.038956873,8894.259902,0.484877602,91.93600538,5.0860746,90.8693983,0.050164436,14080.43435,0.446153846,118.661006,6.629817309,0
15/08/2025 13:33,16.5s,6880ba2e412b46ca8b9ba0a66ddbc4f0,ETH_base_BTC_blk,LOCAL,/home/ec2-user/ETH_Price_Predition/.venv/lib/python3.11/site-packages/ipykernel_launcher.py,ec2-user,FINISHED,64,0,16,"['ETH_D_AvgPrc', 'BTC_D_AvgPrc', 'BTC_OL_MinDif', 'BTC_OL_AvgTransFee', 'BTC_BIC_HshRt']",7,3,0.001,7,04/03/2023,32,0.481203008,0.49301826,72.96345489,0.040141773,8882.337226,0.497792978,92.11003908,5.100785177,107.8645256,0.05811539,17181.41863,0.485714286,131.0779105,7.010069805,0
15/08/2025 22:23,28.2s,d07eccee1c294845abc13f7ee8275cbd,ETH_base_sent_finbert,LOCAL,/home/ec2-user/ETH_Price_Predition/.venv/lib/python3.11/site-packages/ipykernel_launcher.py,ec2-user,FINISHED,64,0,75,"['ETH_D_AvgPrc', 'D_FINBERT_AvgScr_Ex', 'D_FINBERT_Sent_AvgEx']",21,2,0.001,7,04/03/2023,32,0.360902256,0.488721805,72.99671171,0.040427074,9141.509829,0.495042434,92.11670615,5.182584318,107.1717146,0.059158121,17885.47745,0.375,133.7365973,7.461930492,0
16/08/2025 00:39,11.7s,e79ba4252979435595b01b52725e4ab2,ETH_base_sent_cryptobert,LOCAL,/home/ec2-user/ETH_Price_Predition/.venv/lib/python3.11/site-packages/ipykernel_launcher.py,ec2-user,FINISHED,64,0,6,"['ETH_D_AvgPrc', 'D_CRYPTOBERT_AvgScr_Ex', 'D_CRYPTOBERT_Sent_AvgEx']",28,2,0.001,7,04/03/2023,64,0.511278195,0.481203008,73.62021107,0.040486257,8796.960337,0.487116899,92.17245423,5.090578263,89.56217945,0.048743434,12472.18002,0.515151515,111.6789148,6.065717949,0
15/08/2025 21:11,34.8s,d3724f931da14a3cb8e9210c5c4583c1,ETH_base_sent_vader,LOCAL,/home/ec2-user/ETH_Price_Predition/.venv/lib/python3.11/site-packages/ipykernel_launcher.py,ec2-user,FINISHED,32,0,36,"['ETH_D_AvgPrc', 'D_VADER_AvgScr_Ex', 'D_VADER_Sent_AvgEx']",28,3,0.001,7,04/03/2023,32,0.443609023,0.491944146,70.15159494,0.038300826,8988.923063,0.49699829,92.22624848,5.03087292,91.68976954,0.050119672,14388.29845,0.447761194,119.9512336,6.558660696,0
15/08/2025 16:30,21.9s,36b2366cc536454a8d80eed0de427861,ETH_base_LTC_blk,LOCAL,/home/ec2-user/ETH_Price_Predition/.venv/lib/python3.11/site-packages/ipykernel_launcher.py,ec2-user,FINISHED,64,0,53,"['ETH_D_AvgPrc', 'LTC_D_AvgPrc', 'LTC_YF_Vol', 'LTC_OL_MinDif', 'LTC_BIC_HshRt']",7,2,0.001,7,04/03/2023,32,0.466165414,0.487647691,74.33142418,0.040538301,9235.178766,0.493650031,92.23715828,5.026823751,112.0659522,0.06039483,17845.03707,0.474358974,133.5853176,7.155941179,0
15/08/2025 16:51,35.7s,073007e708d947a4b68191bde84afbed,ETH_base_LTC_blk,LOCAL,/home/ec2-user/ETH_Price_Predition/.venv/lib/python3.11/site-packages/ipykernel_launcher.py,ec2-user,FINISHED,32,0.1,44,"['ETH_D_AvgPrc', 'LTC_D_AvgPrc', 'LTC_YF_Vol', 'LTC_OL_MinDif', 'LTC_BIC_HshRt']",7,3,0.001,7,04/03/2023,64,0.458646617,0.472610097,74.43006774,0.040918412,8827.013298,0.479504945,92.25467694,5.116814843,109.8519051,0.059175297,17219.03107,0.465753425,131.2213057,7.020956396,0
15/08/2025 12:44,17.0s,1b97575dfc8844e996be468b09eabc27,ETH_base_ETH_blk,LOCAL,/home/ec2-user/ETH_Price_Predition/.venv/lib/python3.11/site-packages/ipykernel_launcher.py,ec2-user,FINISHED,32,0.1,8,"['ETH_D_AvgPrc', 'ETH_YF_Vol', 'ETH_ES_AvgTransFee', 'ETH_ES_BlkTm', 'ETH_ES_GasUsd', 'ETH_ES_AvgGasPrc']",21,2,0.001,7,04/03/2023,32,0.473684211,0.489795918,72.61045901,0.040122699,8689.035942,0.495019342,92.29940315,5.157497089,82.10695585,0.045215351,11311.24058,0.479452055,106.3543162,5.934000538,0
15/08/2025 21:44,26.9s,631739ed72bb49e6a2426d6dc4fbc7f6,ETH_base_sent_finbert,LOCAL,/home/ec2-user/ETH_Price_Predition/.venv/lib/python3.11/site-packages/ipykernel_launcher.py,ec2-user,FINISHED,32,0,29,"['ETH_D_AvgPrc', 'D_FINBERT_AvgScr_Ex', 'D_FINBERT_Sent_AvgEx']",7,3,0.01,7,04/03/2023,32,0.45112782,0.495166488,68.39359035,0.037473638,9042.504973,0.499538445,92.35136953,5.097910341,90.72497352,0.049682274,14651.31652,0.45,121.0426227,6.666283931,0
15/08/2025 12:29,17.5s,99c3248cdd62441d93159fa0b06485e7,ETH_base_ETH_blk,LOCAL,/home/ec2-user/ETH_Price_Predition/.venv/lib/python3.11/site-packages/ipykernel_launcher.py,ec2-user,FINISHED,32,0,3,"['ETH_D_AvgPrc', 'ETH_YF_Vol', 'ETH_ES_AvgTransFee', 'ETH_ES_BlkTm', 'ETH_ES_GasUsd', 'ETH_ES_AvgGasPrc']",14,3,0.001,7,04/03/2023,64,0.518796992,0.482277121,72.85022058,0.040426367,8711.692806,0.488323942,92.41983151,5.210655204,87.7750251,0.048469978,12157.19858,0.520547945,110.259687,6.206287984,0
15/08/2025 13:29,24.9s,4c14f15afb5e4b1695df1ed1c70ec19a,ETH_base_BTC_blk,LOCAL,/home/ec2-user/ETH_Price_Predition/.venv/lib/python3.11/site-packages/ipykernel_launcher.py,ec2-user,FINISHED,64,0.05,24,"['ETH_D_AvgPrc', 'BTC_D_AvgPrc', 'BTC_OL_MinDif', 'BTC_OL_AvgTransFee', 'BTC_BIC_HshRt']",7,2,0.01,7,04/03/2023,64,0.458646617,0.487647691,74.4112556,0.040799582,8957.202186,0.49329932,92.46710131,5.101397352,96.32414418,0.052074363,14305.16417,0.464788732,119.604198,6.464824253,0
15/08/2025 16:55,22.7s,452b044740364f828c1d21254b4edd74,ETH_base_LTC_blk,LOCAL,/home/ec2-user/ETH_Price_Predition/.venv/lib/python3.11/site-packages/ipykernel_launcher.py,ec2-user,FINISHED,32,0.05,23,"['ETH_D_AvgPrc', 'LTC_D_AvgPrc', 'LTC_YF_Vol', 'LTC_OL_MinDif', 'LTC_BIC_HshRt']",14,2,0.001,7,04/03/2023,32,0.428571429,0.490870032,74.03925773,0.04054643,8841.669882,0.496138797,92.47351066,5.082669255,94.49415279,0.051163639,13459.4831,0.44,116.0150124,6.27473768,0
15/08/2025 17:05,34.0s,3533e2fcbea34cf9b3f9799eebc9daa0,ETH_base_LTC_blk,LOCAL,/home/ec2-user/ETH_Price_Predition/.venv/lib/python3.11/site-packages/ipykernel_launcher.py,ec2-user,FINISHED,32,0.05,36,"['ETH_D_AvgPrc', 'LTC_D_AvgPrc', 'LTC_YF_Vol', 'LTC_OL_MinDif', 'LTC_BIC_HshRt']",14,3,0.001,7,04/03/2023,32,0.428571429,0.472610097,74.65347628,0.041039608,8856.008841,0.479234829,92.49630058,5.139725778,101.5512877,0.054834437,15078.28723,0.436619718,122.7936775,6.613031719,0
15/08/2025 23:54,29.8s,691e10cc99b24d47a9d1f6290e8f577e,ETH_base_sent_cryptobert,LOCAL,/home/ec2-user/ETH_Price_Predition/.venv/lib/python3.11/site-packages/ipykernel_launcher.py,ec2-user,FINISHED,32,0,30,"['ETH_D_AvgPrc', 'D_CRYPTOBERT_AvgScr_Ex', 'D_CRYPTOBERT_Sent_AvgEx']",14,3,0.001,7,04/03/2023,32,0.45112782,0.489795918,73.73803862,0.04082286,9016.284468,0.494593627,92.51895153,5.180019413,94.00799033,0.051938534,14569.82402,0.455882353,120.705526,6.767848586,0
15/08/2025 20:23,16.7s,c2d007ab692e4b39af0051a5b7f28b19,ETH_base_sent_vader,LOCAL,/home/ec2-user/ETH_Price_Predition/.venv/lib/python3.11/site-packages/ipykernel_launcher.py,ec2-user,FINISHED,64,0,18,"['ETH_D_AvgPrc', 'D_VADER_AvgScr_Ex', 'D_VADER_Sent_AvgEx']",14,3,0.001,7,04/03/2023,32,0.473684211,0.487647691,72.11888849,0.039669137,8906.458312,0.493120887,92.5280132,5.118873477,94.43208324,0.052108064,13851.59412,0.478873239,117.6927955,6.601549936,0
15/08/2025 13:26,12.5s,8e75721d934a405f9edf29001e2cb659,ETH_base_BTC_blk,LOCAL,/home/ec2-user/ETH_Price_Predition/.venv/lib/python3.11/site-packages/ipykernel_launcher.py,ec2-user,FINISHED,64,0,11,"['ETH_D_AvgPrc', 'BTC_D_AvgPrc', 'BTC_OL_MinDif', 'BTC_OL_AvgTransFee', 'BTC_BIC_HshRt']",7,2,0.01,7,04/03/2023,64,0.466165414,0.497314715,73.50581375,0.04033204,8707.380414,0.501491645,92.56497373,5.097018186,85.62490753,0.046512974,11289.67235,0.471428571,106.2528698,5.768461765,0
15/08/2025 12:45,25.1s,8d019441b6c64d3ab003d464f700b431,ETH_base_ETH_blk,LOCAL,/home/ec2-user/ETH_Price_Predition/.venv/lib/python3.11/site-packages/ipykernel_launcher.py,ec2-user,FINISHED,32,0.1,27,"['ETH_D_AvgPrc', 'ETH_YF_Vol', 'ETH_ES_AvgTransFee', 'ETH_ES_BlkTm', 'ETH_ES_GasUsd', 'ETH_ES_AvgGasPrc']",21,2,0.001,7,04/03/2023,64,0.466165414,0.481203008,72.47799017,0.039517755,8905.176984,0.48635563,92.56654592,5.030101395,94.27796305,0.05122825,14226.89887,0.46969697,119.2765646,6.449299587,0
15/08/2025 16:44,32.0s,1b03c1bfbb124e3bbdcdd59655cca809,ETH_base_LTC_blk,LOCAL,/home/ec2-user/ETH_Price_Predition/.venv/lib/python3.11/site-packages/ipykernel_launcher.py,ec2-user,FINISHED,32,0.05,36,"['ETH_D_AvgPrc', 'LTC_D_AvgPrc', 'LTC_YF_Vol', 'LTC_OL_MinDif', 'LTC_BIC_HshRt']",7,3,0.001,7,04/03/2023,32,0.466165414,0.467239527,74.62925469,0.040939897,9035.456925,0.47419166,92.58085053,5.11857174,107.9244364,0.058197013,16575.13087,0.471428571,128.7444401,6.902169945,0
15/08/2025 12:08,18.8s,fb0c45820b3d4c799991cf36fe336406,ETH_base_ETH_blk,LOCAL,/home/ec2-user/ETH_Price_Predition/.venv/lib/python3.11/site-packages/ipykernel_launcher.py,ec2-user,FINISHED,32,0,8,"['ETH_D_AvgPrc', 'ETH_YF_Vol', 'ETH_ES_AvgTransFee', 'ETH_ES_BlkTm', 'ETH_ES_GasUsd', 'ETH_ES_AvgGasPrc']",7,3,0.01,7,04/03/2023,32,0.466165414,0.473684211,70.35518757,0.038358798,8939.460235,0.479763918,92.62429751,5.051326335,87.11061888,0.047447331,12941.47483,0.472222222,113.7606031,6.209391968,0
15/08/2025 12:21,12.6s,5f0f787a75c4497c8a85b22bb549a7dd,ETH_base_ETH_blk,LOCAL,/home/ec2-user/ETH_Price_Predition/.venv/lib/python3.11/site-packages/ipykernel_launcher.py,ec2-user,FINISHED,64,0,10,"['ETH_D_AvgPrc', 'ETH_YF_Vol', 'ETH_ES_AvgTransFee', 'ETH_ES_BlkTm', 'ETH_ES_GasUsd', 'ETH_ES_AvgGasPrc']",14,2,0.001,7,04/03/2023,64,0.511278195,0.49301826,70.11544141,0.038674921,8765.020513,0.498606304,92.62819507,5.147840212,83.96174266,0.046163917,12485.31728,0.514705882,111.7377165,6.203837972,0
15/08/2025 22:09,23.6s,fd46bc07e2d248fa9bc573848ae3cd93,ETH_base_sent_finbert,LOCAL,/home/ec2-user/ETH_Price_Predition/.venv/lib/python3.11/site-packages/ipykernel_launcher.py,ec2-user,FINISHED,64,0,39,"['ETH_D_AvgPrc', 'D_FINBERT_AvgScr_Ex', 'D_FINBERT_Sent_AvgEx']",14,3,0.001,7,04/03/2023,32,0.406015038,0.484425349,72.72631239,0.040203944,9016.210671,0.489679693,92.68236615,5.205720562,95.83699552,0.052879421,14319.6301,0.414285714,119.6646568,6.710996352,0
15/08/2025 21:48,22.9s,259bedd9c16c4577a42bbd2677892723,ETH_base_sent_finbert,LOCAL,/home/ec2-user/ETH_Price_Predition/.venv/lib/python3.11/site-packages/ipykernel_launcher.py,ec2-user,FINISHED,64,0,44,"['ETH_D_AvgPrc', 'D_FINBERT_AvgScr_Ex', 'D_FINBERT_Sent_AvgEx']",7,3,0.01,7,04/03/2023,64,0.428571429,0.499462943,71.66433686,0.03923565,9101.462862,0.50514319,92.69852688,5.080877896,91.46704354,0.050047902,14683.03155,0.434782609,121.1735596,6.658293064,0
15/08/2025 20:00,19.2s,8bf203d320434a0f8b7964b380404d9e,ETH_base_sent_vader,LOCAL,/home/ec2-user/ETH_Price_Predition/.venv/lib/python3.11/site-packages/ipykernel_launcher.py,ec2-user,FINISHED,32,0,11,"['ETH_D_AvgPrc', 'D_VADER_AvgScr_Ex', 'D_VADER_Sent_AvgEx']",7,3,0.01,7,04/03/2023,32,0.428571429,0.486573577,68.51857835,0.037608104,9208.658447,0.492019861,92.70672811,5.100650013,91.35060957,0.050021323,15079.24104,0.436619718,122.7975612,6.736928709,0
15/08/2025 12:53,18.8s,5ffbadb38d1a42fa8b42e9e53e388cfe,ETH_base_ETH_blk,LOCAL,/home/ec2-user/ETH_Price_Predition/.venv/lib/python3.11/site-packages/ipykernel_launcher.py,ec2-user,FINISHED,64,0.05,20,"['ETH_D_AvgPrc', 'ETH_YF_Vol', 'ETH_ES_AvgTransFee', 'ETH_ES_BlkTm', 'ETH_ES_GasUsd', 'ETH_ES_AvgGasPrc']",21,3,0.001,7,04/03/2023,64,0.496240602,0.486573577,72.52321532,0.039901506,8928.919786,0.491949063,92.71517684,5.132159558,90.08837133,0.049575358,13472.91805,0.5,116.0728997,6.464333394,0
15/08/2025 13:10,25.5s,117a2235b3094b45ab42161910d5c1f0,ETH_base_ETH_blk,LOCAL,/home/ec2-user/ETH_Price_Predition/.venv/lib/python3.11/site-packages/ipykernel_launcher.py,ec2-user,FINISHED,64,0,41,"['ETH_D_AvgPrc', 'ETH_YF_Vol', 'ETH_ES_AvgTransFee', 'ETH_ES_BlkTm', 'ETH_ES_GasUsd', 'ETH_ES_AvgGasPrc']",28,3,0.01,7,04/03/2023,64,0.390977444,0.475832438,73.06320285,0.040314709,9512.18973,0.478138955,92.72106374,5.179440472,108.7744597,0.059506517,18063.96933,0.379310345,134.4022668,7.420793204,0
15/08/2025 20:06,27.3s,2a55884539e74748946c416b23c4285d,ETH_base_sent_vader,LOCAL,/home/ec2-user/ETH_Price_Predition/.venv/lib/python3.11/site-packages/ipykernel_launcher.py,ec2-user,FINISHED,32,0.05,27,"['ETH_D_AvgPrc', 'D_VADER_AvgScr_Ex', 'D_VADER_Sent_AvgEx']",7,3,0.01,7,04/03/2023,64,0.383458647,0.47905478,71.73299643,0.0390082,9270.651746,0.483209958,92.74928347,5.036902272,93.18294141,0.050621745,14806.71161,0.384615385,121.682832,6.588225943,0
15/08/2025 21:39,26.2s,9d6cb1a0c4a346d395e4b7a6bd2513b4,ETH_base_sent_finbert,LOCAL,/home/ec2-user/ETH_Price_Predition/.venv/lib/python3.11/site-packages/ipykernel_launcher.py,ec2-user,FINISHED,32,0.05,35,"['ETH_D_AvgPrc', 'D_FINBERT_AvgScr_Ex', 'D_FINBERT_Sent_AvgEx']",7,2,0.001,7,04/03/2023,64,0.406015038,0.505907626,74.72917449,0.041330671,9200.444242,0.510153057,92.75295396,5.200888741,99.13968309,0.054724811,15182.50234,0.414285714,123.2172972,6.90636328,0
15/08/2025 20:24,24.9s,f35012da24b44446bf0928aaf315ae5a,ETH_base_sent_vader,LOCAL,/home/ec2-user/ETH_Price_Predition/.venv/lib/python3.11/site-packages/ipykernel_launcher.py,ec2-user,FINISHED,32,0,20,"['ETH_D_AvgPrc', 'D_VADER_AvgScr_Ex', 'D_VADER_Sent_AvgEx']",14,3,0.001,7,04/03/2023,64,0.390977444,0.50698174,70.82815273,0.038980984,9285.740721,0.510101833,92.80158267,5.140850309,97.92855606,0.053870878,15891.42777,0.393939394,126.0612064,7.016262217,0
15/08/2025 23:11,48.8s,d312a35ed6f84cf0b256cb2972adaceb,ETH_base_sent_finbert,LOCAL,/home/ec2-user/ETH_Price_Predition/.venv/lib/python3.11/site-packages/ipykernel_launcher.py,ec2-user,FINISHED,32,0.1,54,"['ETH_D_AvgPrc', 'D_FINBERT_AvgScr_Ex', 'D_FINBERT_Sent_AvgEx']",28,3,0.001,7,04/03/2023,64,0.413533835,0.476906552,73.97528496,0.04068151,9341.244548,0.481556486,92.81547645,5.155877868,103.6705242,0.056817531,16395.61226,0.420289855,128.0453523,7.070815415,0
15/08/2025 16:59,14.6s,38b2c1bf3aa14fb5a60eff39864c26b9,ETH_base_LTC_blk,LOCAL,/home/ec2-user/ETH_Price_Predition/.venv/lib/python3.11/site-packages/ipykernel_launcher.py,ec2-user,FINISHED,64,0.1,16,"['ETH_D_AvgPrc', 'LTC_D_AvgPrc', 'LTC_YF_Vol', 'LTC_OL_MinDif', 'LTC_BIC_HshRt']",14,2,0.01,7,04/03/2023,32,0.436090226,0.486573577,74.75380955,0.04102638,8886.769983,0.491516154,92.82547184,5.14684897,98.67994151,0.053257699,14650.93838,0.441176471,121.0410607,6.515841387,0
15/08/2025 18:06,14.7s,fb627a5197ea4703ade5358c68c691b9,ETH_base_BTC_blk_LTC_blk,LOCAL,/home/ec2-user/ETH_Price_Predition/.venv/lib/python3.11/site-packages/ipykernel_launcher.py,ec2-user,FINISHED,64,0.05,20,"['ETH_D_AvgPrc', 'BTC_D_AvgPrc', 'LTC_D_AvgPrc']",7,2,0.001,7,04/03/2023,32,0.458646617,0.468313641,72.26734428,0.039950229,8833.224424,0.47447289,92.92851119,5.172700256,86.27502189,0.047408464,12212.48639,0.463768116,110.5101189,6.11778324,0
15/08/2025 13:53,19.5s,7157aa80f927420a93204924c264e2d6,ETH_base_BTC_blk,LOCAL,/home/ec2-user/ETH_Price_Predition/.venv/lib/python3.11/site-packages/ipykernel_launcher.py,ec2-user,FINISHED,64,0.05,22,"['ETH_D_AvgPrc', 'BTC_D_AvgPrc', 'BTC_OL_MinDif', 'BTC_OL_AvgTransFee', 'BTC_BIC_HshRt']",14,3,0.01,7,04/03/2023,32,0.428571429,0.480128894,72.6570584,0.040027214,8980.339655,0.485243311,92.93483267,5.171174873,90.89239479,0.049615604,12697.93957,0.434782609,112.6851346,6.19314427,0
15/08/2025 21:41,16.0s,17bb3186e308444a8e78c39c26e46c70,ETH_base_sent_finbert,LOCAL,/home/ec2-user/ETH_Price_Predition/.venv/lib/python3.11/site-packages/ipykernel_launcher.py,ec2-user,FINISHED,64,0.1,25,"['ETH_D_AvgPrc', 'D_FINBERT_AvgScr_Ex', 'D_FINBERT_Sent_AvgEx']",7,2,0.01,7,04/03/2023,32,0.436090226,0.50698174,72.30227907,0.039544925,8769.634267,0.510507156,92.94295157,5.103441891,82.32567648,0.045029351,11820.68295,0.444444444,108.7229642,5.973255653,0
15/08/2025 20:08,19.1s,e545ca0dc71c4050a0f938dc5cb957ce,ETH_base_sent_vader,LOCAL,/home/ec2-user/ETH_Price_Predition/.venv/lib/python3.11/site-packages/ipykernel_launcher.py,ec2-user,FINISHED,32,0.1,6,"['ETH_D_AvgPrc', 'D_VADER_AvgScr_Ex', 'D_VADER_Sent_AvgEx']",7,3,0.01,7,04/03/2023,32,0.360902256,0.487647691,69.42472641,0.037988335,8920.358032,0.493199042,92.94569918,5.095282625,84.9044825,0.046397057,12451.42349,0.378378378,111.5859467,6.111433769,0
15/08/2025 13:38,23.7s,add358b6bcc34b598d2819ce432c3091,ETH_base_BTC_blk,LOCAL,/home/ec2-user/ETH_Price_Predition/.venv/lib/python3.11/site-packages/ipykernel_launcher.py,ec2-user,FINISHED,32,0.1,16,"['ETH_D_AvgPrc', 'BTC_D_AvgPrc', 'BTC_OL_MinDif', 'BTC_OL_AvgTransFee', 'BTC_BIC_HshRt']",7,3,0.001,7,04/03/2023,32,0.503759398,0.511278195,73.29935115,0.040153835,8951.623058,0.514869628,93.02306662,5.112938899,93.48367218,0.050468333,13524.23692,0.506849315,116.2937527,6.241773923,0
15/08/2025 13:07,13.7s,50fa33b710f347808c0035193d39d8db,ETH_base_ETH_blk,LOCAL,/home/ec2-user/ETH_Price_Predition/.venv/lib/python3.11/site-packages/ipykernel_launcher.py,ec2-user,FINISHED,64,0.1,11,"['ETH_D_AvgPrc', 'ETH_YF_Vol', 'ETH_ES_AvgTransFee', 'ETH_ES_BlkTm', 'ETH_ES_GasUsd', 'ETH_ES_AvgGasPrc']",28,2,0.001,7,04/03/2023,64,0.511278195,0.489795918,71.46286663,0.039188403,8942.546455,0.494839393,93.03710234,5.111124949,82.05621957,0.044999862,11902.89059,0.514285714,109.1003694,6.013784679,0
15/08/2025 12:46,12.2s,0b907d33e6a246e7a11d541ec6f49370,ETH_base_ETH_blk,LOCAL,/home/ec2-user/ETH_Price_Predition/.venv/lib/python3.11/site-packages/ipykernel_launcher.py,ec2-user,FINISHED,64,0.1,7,"['ETH_D_AvgPrc', 'ETH_YF_Vol', 'ETH_ES_AvgTransFee', 'ETH_ES_BlkTm', 'ETH_ES_GasUsd', 'ETH_ES_AvgGasPrc']",21,2,0.001,7,04/03/2023,64,0.496240602,0.496240602,72.89934273,0.040335338,8847.3521,0.500797656,93.05160986,5.203087376,82.28245487,0.045305303,11439.18131,0.5,106.9541084,5.964934469,0
15/08/2025 17:23,19.2s,b4381550423346a8ad5a891c417429d9,ETH_base_LTC_blk,LOCAL,/home/ec2-user/ETH_Price_Predition/.venv/lib/python3.11/site-packages/ipykernel_launcher.py,ec2-user,FINISHED,64,0.1,34,"['ETH_D_AvgPrc', 'LTC_D_AvgPrc', 'LTC_YF_Vol', 'LTC_OL_MinDif', 'LTC_BIC_HshRt']",21,2,0.01,7,04/03/2023,64,0.503759398,0.500537057,76.98479281,0.041803009,9384.165466,0.505721105,93.05713815,5.027520201,113.7095399,0.061253295,17379.6462,0.507936508,131.8318861,7.04774297,0
15/08/2025 16:57,15.2s,0bfc8a1e879940ca9c17d722a8bb4914,ETH_base_LTC_blk,LOCAL,/home/ec2-user/ETH_Price_Predition/.venv/lib/python3.11/site-packages/ipykernel_launcher.py,ec2-user,FINISHED,32,0.05,4,"['ETH_D_AvgPrc', 'LTC_D_AvgPrc', 'LTC_YF_Vol', 'LTC_OL_MinDif', 'LTC_BIC_HshRt']",14,2,0.01,7,04/03/2023,64,0.436090226,0.466165414,74.33407373,0.040708301,9161.270039,0.473178952,93.07780371,5.135677187,120.4827452,0.064848912,19848.14324,0.444444444,140.8834385,7.524488847,0
15/08/2025 20:18,12.5s,aff4861b27254137ad59f9d99ee60352,ETH_base_sent_vader,LOCAL,/home/ec2-user/ETH_Price_Predition/.venv/lib/python3.11/site-packages/ipykernel_launcher.py,ec2-user,FINISHED,64,0.05,10,"['ETH_D_AvgPrc', 'D_VADER_AvgScr_Ex', 'D_VADER_Sent_AvgEx']",14,2,0.001,7,04/03/2023,64,0.421052632,0.483351235,74.14783901,0.040844359,8788.285433,0.48691152,93.08219553,5.161996931,86.2299192,0.04726889,12197.82818,0.421875,110.4437783,6.075463819,0
15/08/2025 13:38,15.7s,44982ef4f0114709a904d632899e1f60,ETH_base_BTC_blk,LOCAL,/home/ec2-user/ETH_Price_Predition/.venv/lib/python3.11/site-packages/ipykernel_launcher.py,ec2-user,FINISHED,64,0.1,11,"['ETH_D_AvgPrc', 'BTC_D_AvgPrc', 'BTC_OL_MinDif', 'BTC_OL_AvgTransFee', 'BTC_BIC_HshRt']",7,3,0.01,7,04/03/2023,32,0.481203008,0.503759398,75.05605571,0.04116363,9041.841795,0.508435369,93.11708734,5.129989134,99.75513682,0.053996854,14884.15637,0.485714286,122.0006409,6.57652622,0
15/08/2025 17:40,16.9s,741403d15b4e47269981375e4ef979ea,ETH_base_LTC_blk,LOCAL,/home/ec2-user/ETH_Price_Predition/.venv/lib/python3.11/site-packages/ipykernel_launcher.py,ec2-user,FINISHED,32,0.05,5,"['ETH_D_AvgPrc', 'LTC_D_AvgPrc', 'LTC_YF_Vol', 'LTC_OL_MinDif', 'LTC_BIC_HshRt']",28,2,0.001,7,04/03/2023,32,0.488721805,0.4650913,72.58185267,0.040272285,8831.403915,0.472367107,93.12003706,5.280505172,80.17001067,0.043917299,10559.60907,0.493150685,102.7599585,5.715299716,0
15/08/2025 12:57,16.2s,335613bb06d544fc98405aa782b7f468,ETH_base_ETH_blk,LOCAL,/home/ec2-user/ETH_Price_Predition/.venv/lib/python3.11/site-packages/ipykernel_launcher.py,ec2-user,FINISHED,64,0.1,11,"['ETH_D_AvgPrc', 'ETH_YF_Vol', 'ETH_ES_AvgTransFee', 'ETH_ES_BlkTm', 'ETH_ES_GasUsd', 'ETH_ES_AvgGasPrc']",21,3,0.001,7,04/03/2023,64,0.488721805,0.491944146,72.43249682,0.0401395,8911.343069,0.497394615,93.12944009,5.224936107,86.17363882,0.047392805,12434.85075,0.493150685,111.511662,6.192959494,0
15/08/2025 16:40,28.2s,4e5b2ff04ba34420879279f8ec103cb7,ETH_base_LTC_blk,LOCAL,/home/ec2-user/ETH_Price_Predition/.venv/lib/python3.11/site-packages/ipykernel_launcher.py,ec2-user,FINISHED,64,0,59,"['ETH_D_AvgPrc', 'LTC_D_AvgPrc', 'LTC_YF_Vol', 'LTC_OL_MinDif', 'LTC_BIC_HshRt']",7,3,0.01,7,04/03/2023,32,0.45112782,0.504833512,76.53572019,0.041627308,9375.67913,0.509861527,93.12992814,5.040110211,116.9805456,0.063053587,18873.56818,0.457142857,137.3811056,7.34063548,0
15/08/2025 21:51,19.1s,4f976951dd67427fa7823c22ed943f45,ETH_base_sent_finbert,LOCAL,/home/ec2-user/ETH_Price_Predition/.venv/lib/python3.11/site-packages/ipykernel_launcher.py,ec2-user,FINISHED,32,0.05,8,"['ETH_D_AvgPrc', 'D_FINBERT_AvgScr_Ex', 'D_FINBERT_Sent_AvgEx']",7,3,0.01,7,04/03/2023,64,0.466165414,0.501611171,72.14384216,0.039729376,9063.199909,0.505972713,93.24204891,5.181211306,84.40320903,0.046115826,12813.26114,0.472222222,113.1956763,6.212196812,0
15/08/2025 19:57,19.5s,eb351eb4cfe14e3383ca54216969b07a,ETH_base_sent_vader,LOCAL,/home/ec2-user/ETH_Price_Predition/.venv/lib/python3.11/site-packages/ipykernel_launcher.py,ec2-user,FINISHED,32,0.1,19,"['ETH_D_AvgPrc', 'D_VADER_AvgScr_Ex', 'D_VADER_Sent_AvgEx']",7,2,0.001,7,04/03/2023,32,0.413533835,0.484425349,69.94612595,0.038369658,8965.901167,0.488664887,93.25364928,5.125608049,89.18579125,0.04889405,13674.20047,0.415384615,116.9367371,6.438280994,0
15/08/2025 16:47,17.3s,e5597a10aaf94eae96ae11afa4f1fd99,ETH_base_LTC_blk,LOCAL,/home/ec2-user/ETH_Price_Predition/.venv/lib/python3.11/site-packages/ipykernel_launcher.py,ec2-user,FINISHED,64,0.05,17,"['ETH_D_AvgPrc', 'LTC_D_AvgPrc', 'LTC_YF_Vol', 'LTC_OL_MinDif', 'LTC_BIC_HshRt']",7,3,0.01,7,04/03/2023,64,0.443609023,0.474758324,76.07060076,0.041523754,9225.707705,0.481949575,93.25758654,5.107360888,107.5468936,0.057917342,16266.33206,0.453333333,127.5395313,6.821163502,0
15/08/2025 19:56,15.2s,fa694ed03941448ab9c3a7f933bf64aa,ETH_base_sent_vader,LOCAL,/home/ec2-user/ETH_Price_Predition/.venv/lib/python3.11/site-packages/ipykernel_launcher.py,ec2-user,FINISHED,64,0.05,24,"['ETH_D_AvgPrc', 'D_VADER_AvgScr_Ex', 'D_VADER_Sent_AvgEx']",7,2,0.001,7,04/03/2023,64,0.436090226,0.499462943,70.25319264,0.038532836,9110.306372,0.505051783,93.30395293,5.132585251,95.22939146,0.05218857,15091.31891,0.439393939,122.8467293,6.76150166,0
15/08/2025 13:46,32.0s,dd78bdf8d2f04d7a81f9383e8ea91d7d,ETH_base_BTC_blk,LOCAL,/home/ec2-user/ETH_Price_Predition/.venv/lib/python3.11/site-packages/ipykernel_launcher.py,ec2-user,FINISHED,32,0.1,45,"['ETH_D_AvgPrc', 'BTC_D_AvgPrc', 'BTC_OL_MinDif', 'BTC_OL_AvgTransFee', 'BTC_BIC_HshRt']",14,2,0.001,7,04/03/2023,32,0.473684211,0.499462943,74.89967007,0.04101799,8966.909971,0.503276925,93.3558248,5.125252451,99.59777075,0.053883983,14013.86994,0.476190476,118.3801924,6.378986412,0
15/08/2025 13:51,19.0s,74c0741417ce432aa20848ee81df74c0,ETH_base_BTC_blk,LOCAL,/home/ec2-user/ETH_Price_Predition/.venv/lib/python3.11/site-packages/ipykernel_launcher.py,ec2-user,FINISHED,64,0,22,"['ETH_D_AvgPrc', 'BTC_D_AvgPrc', 'BTC_OL_MinDif', 'BTC_OL_AvgTransFee', 'BTC_BIC_HshRt']",14,3,0.01,7,04/03/2023,64,0.458646617,0.497314715,75.5439577,0.041311564,9036.901528,0.502031603,93.43203886,5.120444699,98.34153736,0.053058424,14519.5185,0.464788732,120.4969647,6.472866553,0
15/08/2025 13:50,17.6s,92c9c47052b14a09bb6d64cd6d358752,ETH_base_BTC_blk,LOCAL,/home/ec2-user/ETH_Price_Predition/.venv/lib/python3.11/site-packages/ipykernel_launcher.py,ec2-user,FINISHED,64,0,17,"['ETH_D_AvgPrc', 'BTC_D_AvgPrc', 'BTC_OL_MinDif', 'BTC_OL_AvgTransFee', 'BTC_BIC_HshRt']",14,3,0.01,7,04/03/2023,32,0.428571429,0.487647691,75.29426327,0.041353521,8981.367998,0.492846954,93.45901583,5.175708686,103.3939101,0.055628116,15435.40459,0.436619718,124.2393037,6.645457686,0
15/08/2025 13:29,14.4s,f78de9224daa473aa0f74a243be779d2,ETH_base_BTC_blk,LOCAL,/home/ec2-user/ETH_Price_Predition/.venv/lib/python3.11/site-packages/ipykernel_launcher.py,ec2-user,FINISHED,64,0.05,15,"['ETH_D_AvgPrc', 'BTC_D_AvgPrc', 'BTC_OL_MinDif', 'BTC_OL_AvgTransFee', 'BTC_BIC_HshRt']",7,2,0.001,7,04/03/2023,64,0.458646617,0.496240602,74.65010794,0.041118698,9024.61575,0.501063524,93.46903801,5.182809705,102.3660377,0.055279342,15727.34046,0.464788732,125.4086937,6.733269176,0
15/08/2025 17:05,20.5s,e581c7cea26e46deb436e7aac9876bab,ETH_base_LTC_blk,LOCAL,/home/ec2-user/ETH_Price_Predition/.venv/lib/python3.11/site-packages/ipykernel_launcher.py,ec2-user,FINISHED,64,0,28,"['ETH_D_AvgPrc', 'LTC_D_AvgPrc', 'LTC_YF_Vol', 'LTC_OL_MinDif', 'LTC_BIC_HshRt']",14,3,0.001,7,04/03/2023,64,0.421052632,0.471535983,74.92579056,0.041229822,9008.276071,0.476224386,93.49061992,5.198818306,102.6683127,0.05543689,15857.50686,0.426470588,125.9265931,6.782391162,0
15/08/2025 16:41,41.9s,b3c548a6b2dd4494ae25c7fdbd6ac498,ETH_base_LTC_blk,LOCAL,/home/ec2-user/ETH_Price_Predition/.venv/lib/python3.11/site-packages/ipykernel_launcher.py,ec2-user,FINISHED,32,0,55,"['ETH_D_AvgPrc', 'LTC_D_AvgPrc', 'LTC_YF_Vol', 'LTC_OL_MinDif', 'LTC_BIC_HshRt']",7,3,0.01,7,04/03/2023,64,0.511278195,0.500537057,75.77621607,0.041845518,9232.236088,0.505488031,93.54298407,5.248245116,87.15980862,0.047524087,11749.55795,0.513513514,108.3953779,5.961657912,0
15/08/2025 23:05,19.3s,3ddfe56933fb467292ec0ffdbbce3831,ETH_base_sent_finbert,LOCAL,/home/ec2-user/ETH_Price_Predition/.venv/lib/python3.11/site-packages/ipykernel_launcher.py,ec2-user,FINISHED,64,0.05,21,"['ETH_D_AvgPrc', 'D_FINBERT_AvgScr_Ex', 'D_FINBERT_Sent_AvgEx']",28,3,0.01,7,04/03/2023,32,0.398496241,0.495166488,71.69303906,0.03943258,9217.260691,0.499659709,93.56630896,5.201846668,93.86625843,0.051403235,14105.49424,0.410958904,118.7665535,6.55080345,0
15/08/2025 12:27,18.7s,ded6575cd2a14e5eb104ecc67fc3154c,ETH_base_ETH_blk,LOCAL,/home/ec2-user/ETH_Price_Predition/.venv/lib/python3.11/site-packages/ipykernel_launcher.py,ec2-user,FINISHED,32,0,6,"['ETH_D_AvgPrc', 'ETH_YF_Vol', 'ETH_ES_AvgTransFee', 'ETH_ES_BlkTm', 'ETH_ES_GasUsd', 'ETH_ES_AvgGasPrc']",14,3,0.001,7,04/03/2023,32,0.488721805,0.484425349,73.64792601,0.040866871,8887.940216,0.490449406,93.56705727,5.270975509,86.07080147,0.047579141,12331.91813,0.492957746,111.0491699,6.250148168,0
15/08/2025 18:09,15.7s,e824e7e0a76b4258ad0c5a23eb8937c4,ETH_base_BTC_blk_LTC_blk,LOCAL,/home/ec2-user/ETH_Price_Predition/.venv/lib/python3.11/site-packages/ipykernel_launcher.py,ec2-user,FINISHED,64,0.1,22,"['ETH_D_AvgPrc', 'BTC_D_AvgPrc', 'LTC_D_AvgPrc']",7,2,0.001,7,04/03/2023,32,0.533834586,0.475832438,72.53225252,0.040072813,8923.399837,0.481828512,93.60978923,5.204809345,85.43631073,0.04692496,11867.41289,0.536231884,108.937656,6.026377484,0
15/08/2025 19:56,13.3s,c9cf2fbf728046cfbd85106c89747648,ETH_base_sent_vader,LOCAL,/home/ec2-user/ETH_Price_Predition/.venv/lib/python3.11/site-packages/ipykernel_launcher.py,ec2-user,FINISHED,64,0.05,16,"['ETH_D_AvgPrc', 'D_VADER_AvgScr_Ex', 'D_VADER_Sent_AvgEx']",7,2,0.01,7,04/03/2023,64,0.398496241,0.497314715,72.65666499,0.03994495,9557.994356,0.501937364,93.61682958,5.176757874,100.8481246,0.055311462,16274.63764,0.4,127.572088,7.042471147,0
15/08/2025 13:50,18.7s,fe2f7b053d8e479885fcfcec8fb95c5b,ETH_base_BTC_blk,LOCAL,/home/ec2-user/ETH_Price_Predition/.venv/lib/python3.11/site-packages/ipykernel_launcher.py,ec2-user,FINISHED,32,0,5,"['ETH_D_AvgPrc', 'BTC_D_AvgPrc', 'BTC_OL_MinDif', 'BTC_OL_AvgTransFee', 'BTC_BIC_HshRt']",14,3,0.01,7,04/03/2023,64,0.45112782,0.498388829,73.82007249,0.040436771,9202.508251,0.503790562,93.66489857,5.152677622,110.8039769,0.059627044,17491.3678,0.461538462,132.2549349,7.060992493,0
15/08/2025 22:39,26.2s,18ea98a3b3104eb08d8023b371f144d4,ETH_base_sent_finbert,LOCAL,/home/ec2-user/ETH_Price_Predition/.venv/lib/python3.11/site-packages/ipykernel_launcher.py,ec2-user,FINISHED,64,0.05,45,"['ETH_D_AvgPrc', 'D_FINBERT_AvgScr_Ex', 'D_FINBERT_Sent_AvgEx']",21,3,0.001,7,04/03/2023,32,0.413533835,0.516648765,71.95259837,0.039703574,9126.92996,0.519169414,93.67193435,5.242330853,96.40081764,0.052914592,14450.53366,0.424657534,120.2103725,6.670872193,0
15/08/2025 12:45,18.8s,bc85b44d441d4cf9b5a7782236ef93ab,ETH_base_ETH_blk,LOCAL,/home/ec2-user/ETH_Price_Predition/.venv/lib/python3.11/site-packages/ipykernel_launcher.py,ec2-user,FINISHED,32,0.1,12,"['ETH_D_AvgPrc', 'ETH_YF_Vol', 'ETH_ES_AvgTransFee', 'ETH_ES_BlkTm', 'ETH_ES_GasUsd', 'ETH_ES_AvgGasPrc']",21,2,0.01,7,04/03/2023,64,0.481203008,0.482277121,73.59224484,0.040559682,9410.517861,0.48655578,93.68859047,5.21380092,83.71444519,0.046080525,12090.39367,0.485294118,109.9563262,6.133633753,0
15/08/2025 17:00,17.0s,8d86a69defb5432f9b7da5d6d5f7d178,ETH_base_LTC_blk,LOCAL,/home/ec2-user/ETH_Price_Predition/.venv/lib/python3.11/site-packages/ipykernel_launcher.py,ec2-user,FINISHED,64,0.1,27,"['ETH_D_AvgPrc', 'LTC_D_AvgPrc', 'LTC_YF_Vol', 'LTC_OL_MinDif', 'LTC_BIC_HshRt']",14,2,0.001,7,04/03/2023,32,0.481203008,0.468313641,73.99187629,0.041003516,8928.195458,0.473065676,93.71368204,5.296504632,86.68957129,0.047054294,12102.88787,0.485294118,110.0131259,5.986305559,0
15/08/2025 16:56,24.7s,6514736d44fa4b1eb441e3ebbc61d28c,ETH_base_LTC_blk,LOCAL,/home/ec2-user/ETH_Price_Predition/.venv/lib/python3.11/site-packages/ipykernel_launcher.py,ec2-user,FINISHED,64,0.05,57,"['ETH_D_AvgPrc', 'LTC_D_AvgPrc', 'LTC_YF_Vol', 'LTC_OL_MinDif', 'LTC_BIC_HshRt']",14,2,0.001,7,04/03/2023,32,0.413533835,0.475832438,76.1206271,0.041490441,9434.339905,0.480909848,93.72824098,5.107629949,104.8407398,0.056567477,16120.89263,0.420289855,126.9680772,6.819312848,0
15/08/2025 20:09,32.5s,fe17fd03d41944ee947e7b3cc4c20162,ETH_base_sent_vader,LOCAL,/home/ec2-user/ETH_Price_Predition/.venv/lib/python3.11/site-packages/ipykernel_launcher.py,ec2-user,FINISHED,32,0.1,36,"['ETH_D_AvgPrc', 'D_VADER_AvgScr_Ex', 'D_VADER_Sent_AvgEx']",7,3,0.001,7,04/03/2023,32,0.428571429,0.491944146,69.127564,0.037825478,9171.838594,0.496303412,93.77275495,5.134082705,92.59657666,0.05070562,14727.4983,0.430769231,121.3569046,6.659572887,0
15/08/2025 13:27,15.3s,c0ea35cd2b69486f92c0c4dc9440e93b,ETH_base_BTC_blk,LOCAL,/home/ec2-user/ETH_Price_Predition/.venv/lib/python3.11/site-packages/ipykernel_launcher.py,ec2-user,FINISHED,64,0.05,21,"['ETH_D_AvgPrc', 'BTC_D_AvgPrc', 'BTC_OL_MinDif', 'BTC_OL_AvgTransFee', 'BTC_BIC_HshRt']",7,2,0.001,7,04/03/2023,32,0.443609023,0.501611171,75.11781608,0.041459601,8965.258734,0.505573038,93.92910052,5.229290509,91.44464823,0.049936696,12931.61398,0.446153846,113.7172545,6.232691505,0
15/08/2025 12:47,15.5s,5c75134176d04e19a57d0dc1a95444ab,ETH_base_ETH_blk,LOCAL,/home/ec2-user/ETH_Price_Predition/.venv/lib/python3.11/site-packages/ipykernel_launcher.py,ec2-user,FINISHED,64,0,11,"['ETH_D_AvgPrc', 'ETH_YF_Vol', 'ETH_ES_AvgTransFee', 'ETH_ES_BlkTm', 'ETH_ES_GasUsd', 'ETH_ES_AvgGasPrc']",21,3,0.01,7,04/03/2023,32,0.466165414,0.496240602,73.12443659,0.039992112,9182.350462,0.500976876,94.02164476,5.151071633,91.05852836,0.049795338,13244.88402,0.471428571,115.0864198,6.324008837,0
15/08/2025 19:51,13.2s,1b3ea39e59bb4dea8d24a44a362b5447,ETH_base_sent_vader,LOCAL,/home/ec2-user/ETH_Price_Predition/.venv/lib/python3.11/site-packages/ipykernel_launcher.py,ec2-user,FINISHED,64,0,18,"['ETH_D_AvgPrc', 'D_VADER_AvgScr_Ex', 'D_VADER_Sent_AvgEx']",7,2,0.001,7,04/03/2023,32,0.421052632,0.498388829,70.85438159,0.038957342,9246.601184,0.503732209,94.05560355,5.192851502,95.02491634,0.052285284,14608.76772,0.428571429,120.8667354,6.713582258,0
15/08/2025 21:56,24.3s,7b92915769a342229869cca1defcf676,ETH_base_sent_finbert,LOCAL,/home/ec2-user/ETH_Price_Predition/.venv/lib/python3.11/site-packages/ipykernel_launcher.py,ec2-user,FINISHED,32,0.1,20,"['ETH_D_AvgPrc', 'D_FINBERT_AvgScr_Ex', 'D_FINBERT_Sent_AvgEx']",7,3,0.001,7,04/03/2023,64,0.37593985,0.498388829,72.30683186,0.039823324,9175.062226,0.502528332,94.09813669,5.245905083,90.57188129,0.049826711,13392.94821,0.388888889,115.7279059,6.446594107,0
15/08/2025 21:07,39.4s,407bd05966cf4fac83124135cfb9e5b9,ETH_base_sent_vader,LOCAL,/home/ec2-user/ETH_Price_Predition/.venv/lib/python3.11/site-packages/ipykernel_launcher.py,ec2-user,FINISHED,32,0.1,61,"['ETH_D_AvgPrc', 'D_VADER_AvgScr_Ex', 'D_VADER_Sent_AvgEx']",28,2,0.01,7,04/03/2023,64,0.413533835,0.481203008,75.1142843,0.040909997,9917.367626,0.486518431,94.10961104,5.121286654,112.6978661,0.061122757,19475.48487,0.422535211,139.5545946,7.567497542,0
15/08/2025 13:51,23.0s,c6fd1c4001c54ea581a5f549b23b0aaf,ETH_base_BTC_blk,LOCAL,/home/ec2-user/ETH_Price_Predition/.venv/lib/python3.11/site-packages/ipykernel_launcher.py,ec2-user,FINISHED,32,0,14,"['ETH_D_AvgPrc', 'BTC_D_AvgPrc', 'BTC_OL_MinDif', 'BTC_OL_AvgTransFee', 'BTC_BIC_HshRt']",14,3,0.001,7,04/03/2023,64,0.458646617,0.482277121,76.20132096,0.041905164,9127.332725,0.487870709,94.13593912,5.212478906,110.1445342,0.059417887,17592.8408,0.465753425,132.6380066,7.115973562,0
15/08/2025 16:44,13.5s,0d02e294f4934f6c824acc765e567157,ETH_base_LTC_blk,LOCAL,/home/ec2-user/ETH_Price_Predition/.venv/lib/python3.11/site-packages/ipykernel_launcher.py,ec2-user,FINISHED,64,0.05,4,"['ETH_D_AvgPrc', 'LTC_D_AvgPrc', 'LTC_YF_Vol', 'LTC_OL_MinDif', 'LTC_BIC_HshRt']",7,3,0.01,7,04/03/2023,32,0.45112782,0.489795918,74.00059082,0.04052869,8966.775117,0.495459852,94.14178959,5.191668983,79.83436596,0.043753732,10365.62558,0.460526316,101.8117163,5.682437506,0
15/08/2025 17:07,20.6s,1834ad9c812a468aa0f4f332d6cc54af,ETH_base_LTC_blk,LOCAL,/home/ec2-user/ETH_Price_Predition/.venv/lib/python3.11/site-packages/ipykernel_launcher.py,ec2-user,FINISHED,32,0.05,8,"['ETH_D_AvgPrc', 'LTC_D_AvgPrc', 'LTC_YF_Vol', 'LTC_OL_MinDif', 'LTC_BIC_HshRt']",14,3,0.01,7,04/03/2023,64,0.436090226,0.468313641,75.11966608,0.041527545,9252.220776,0.47304869,94.15754619,5.315465587,77.67976987,0.042337201,10231.63847,0.439393939,101.1515619,5.599140141,0
15/08/2025 12:12,32.7s,91e81662c5bb4c3b9a876bb296b80567,ETH_base_ETH_blk,LOCAL,/home/ec2-user/ETH_Price_Predition/.venv/lib/python3.11/site-packages/ipykernel_launcher.py,ec2-user,FINISHED,32,0.05,32,"['ETH_D_AvgPrc', 'ETH_YF_Vol', 'ETH_ES_AvgTransFee', 'ETH_ES_BlkTm', 'ETH_ES_GasUsd', 'ETH_ES_AvgGasPrc']",7,3,0.001,7,04/03/2023,32,0.473684211,0.477980666,70.86484968,0.038770447,9185.407553,0.482843654,94.18141006,5.147801357,88.2078566,0.048346881,13455.47161,0.47826087,115.9977224,6.396543793,0
15/08/2025 22:24,22.3s,e08b0e2d89014a009eb2a42e20d8ac7c,ETH_base_sent_finbert,LOCAL,/home/ec2-user/ETH_Price_Predition/.venv/lib/python3.11/site-packages/ipykernel_launcher.py,ec2-user,FINISHED,32,0,23,"['ETH_D_AvgPrc', 'D_FINBERT_AvgScr_Ex', 'D_FINBERT_Sent_AvgEx']",21,2,0.001,7,04/03/2023,64,0.345864662,0.471535983,75.49683286,0.042025855,9670.941536,0.477155879,94.23705862,5.357624213,103.1100452,0.057264148,16509.38335,0.352941176,128.4888452,7.279799399,0
15/08/2025 16:42,24.4s,5e532aebe48e430db32c868edf7c2ea9,ETH_base_LTC_blk,LOCAL,/home/ec2-user/ETH_Price_Predition/.venv/lib/python3.11/site-packages/ipykernel_launcher.py,ec2-user,FINISHED,64,0,45,"['ETH_D_AvgPrc', 'LTC_D_AvgPrc', 'LTC_YF_Vol', 'LTC_OL_MinDif', 'LTC_BIC_HshRt']",7,3,0.01,7,04/03/2023,64,0.466165414,0.482277121,76.64705362,0.042122036,9076.590568,0.487198371,94.24625456,5.218153046,100.7166383,0.05446493,14491.80289,0.471428571,120.3819043,6.500876798,0
15/08/2025 12:30,14.7s,ec13f573a36b499ab759a934038c3e52,ETH_base_ETH_blk,LOCAL,/home/ec2-user/ETH_Price_Predition/.venv/lib/python3.11/site-packages/ipykernel_launcher.py,ec2-user,FINISHED,64,0,8,"['ETH_D_AvgPrc', 'ETH_YF_Vol', 'ETH_ES_AvgTransFee', 'ETH_ES_BlkTm', 'ETH_ES_GasUsd', 'ETH_ES_AvgGasPrc']",14,3,0.001,7,04/03/2023,64,0.473684211,0.47905478,71.83720495,0.039822258,9157.50089,0.484990246,94.28212909,5.290784258,91.43690778,0.050597056,13835.94684,0.478873239,117.6263017,6.629287686,0
15/08/2025 13:46,20.5s,33f10dbb002c4885b1c39c442d0e29c9,ETH_base_BTC_blk,LOCAL,/home/ec2-user/ETH_Price_Predition/.venv/lib/python3.11/site-packages/ipykernel_launcher.py,ec2-user,FINISHED,32,0.1,16,"['ETH_D_AvgPrc', 'BTC_D_AvgPrc', 'BTC_OL_MinDif', 'BTC_OL_AvgTransFee', 'BTC_BIC_HshRt']",14,2,0.01,7,04/03/2023,32,0.428571429,0.471535983,76.02444848,0.041823582,9128.966797,0.477325741,94.29220085,5.225818116,95.88746471,0.051977654,13692.1518,0.438356164,117.0134685,6.325054967,0
15/08/2025 21:52,16.6s,1979716d2dad4d3b962aa6010ca303d6,ETH_base_sent_finbert,LOCAL,/home/ec2-user/ETH_Price_Predition/.venv/lib/python3.11/site-packages/ipykernel_launcher.py,ec2-user,FINISHED,64,0.05,16,"['ETH_D_AvgPrc', 'D_FINBERT_AvgScr_Ex', 'D_FINBERT_Sent_AvgEx']",7,3,0.01,7,04/03/2023,64,0.466165414,0.510204082,74.33750383,0.040852579,9115.032336,0.514018048,94.29755218,5.218852178,88.56789289,0.0486308,12675.29098,0.472972973,112.5845948,6.244068373,0
15/08/2025 17:53,32.2s,0a4467a79d404d45a2c4e72fae9ad2b8,ETH_base_LTC_blk,LOCAL,/home/ec2-user/ETH_Price_Predition/.venv/lib/python3.11/site-packages/ipykernel_launcher.py,ec2-user,FINISHED,32,0.05,27,"['ETH_D_AvgPrc', 'LTC_D_AvgPrc', 'LTC_YF_Vol', 'LTC_OL_MinDif', 'LTC_BIC_HshRt']",28,3,0.01,7,04/03/2023,64,0.421052632,0.498388829,76.17840498,0.041872086,9197.353241,0.503259188,94.32726834,5.233392877,93.40471334,0.05052913,13352.9224,0.428571429,115.5548459,6.245679242,0
15/08/2025 23:03,18.2s,7b0e64a3293b4158ba674a62df8838c0,ETH_base_sent_finbert,LOCAL,/home/ec2-user/ETH_Price_Predition/.venv/lib/python3.11/site-packages/ipykernel_launcher.py,ec2-user,FINISHED,64,0,19,"['ETH_D_AvgPrc', 'D_FINBERT_AvgScr_Ex', 'D_FINBERT_Sent_AvgEx']",28,3,0.01,7,04/03/2023,64,0.436090226,0.495166488,76.19019794,0.042114605,9693.423587,0.500209518,94.36781078,5.286744184,108.2963548,0.059373523,17548.78711,0.441176471,132.4718351,7.327760079,0
15/08/2025 13:41,36.2s,c8a7f60d57294095bcacc8d2ba57fb54,ETH_base_BTC_blk,LOCAL,/home/ec2-user/ETH_Price_Predition/.venv/lib/python3.11/site-packages/ipykernel_launcher.py,ec2-user,FINISHED,32,0,28,"['ETH_D_AvgPrc', 'BTC_D_AvgPrc', 'BTC_OL_MinDif', 'BTC_OL_AvgTransFee', 'BTC_BIC_HshRt']",14,2,0.001,7,04/03/2023,32,0.436090226,0.47905478,76.58154697,0.041725914,9220.543642,0.483987651,94.41223063,5.137406435,94.2702561,0.050978805,13079.55357,0.442857143,114.3658759,6.159943193,0
15/08/2025 13:29,20.4s,06e220dfe3eb4c3d85ffbf5f2dff3b79,ETH_base_BTC_blk,LOCAL,/home/ec2-user/ETH_Price_Predition/.venv/lib/python3.11/site-packages/ipykernel_launcher.py,ec2-user,FINISHED,32,0.1,17,"['ETH_D_AvgPrc', 'BTC_D_AvgPrc', 'BTC_OL_MinDif', 'BTC_OL_AvgTransFee', 'BTC_BIC_HshRt']",7,2,0.01,7,04/03/2023,32,0.473684211,0.500537057,75.51741515,0.041257582,9151.310009,0.504768195,94.4540657,5.175088617,100.124104,0.054046934,14562.68044,0.478873239,120.6759315,6.483839578,0
15/08/2025 22:10,26.6s,65f3c0c455f94f74b9e9bc90d24b0bce,ETH_base_sent_finbert,LOCAL,/home/ec2-user/ETH_Price_Predition/.venv/lib/python3.11/site-packages/ipykernel_launcher.py,ec2-user,FINISHED,32,0,23,"['ETH_D_AvgPrc', 'D_FINBERT_AvgScr_Ex', 'D_FINBERT_Sent_AvgEx']",14,3,0.001,7,04/03/2023,64,0.368421053,0.489795918,75.44968782,0.041722236,9552.348314,0.495441532,94.47084199,5.296480446,91.46840192,0.050380077,13722.35617,0.38028169,117.142461,6.538848211,0
15/08/2025 13:40,15.7s,7ab371899ce84ed3b01b625d0a4628e7,ETH_base_BTC_blk,LOCAL,/home/ec2-user/ETH_Price_Predition/.venv/lib/python3.11/site-packages/ipykernel_launcher.py,ec2-user,FINISHED,64,0.1,11,"['ETH_D_AvgPrc', 'BTC_D_AvgPrc', 'BTC_OL_MinDif', 'BTC_OL_AvgTransFee', 'BTC_BIC_HshRt']",7,3,0.01,7,04/03/2023,64,0.488721805,0.497314715,74.91284901,0.041413169,9039.725986,0.501975868,94.53428816,5.280713051,88.45547623,0.048198769,12141.45113,0.492957746,110.1882531,6.009809884,0
15/08/2025 21:13,29.0s,507fac87ec8d4e4bacf0da7884b75211,ETH_base_sent_vader,LOCAL,/home/ec2-user/ETH_Price_Predition/.venv/lib/python3.11/site-packages/ipykernel_launcher.py,ec2-user,FINISHED,32,0,24,"['ETH_D_AvgPrc', 'D_VADER_AvgScr_Ex', 'D_VADER_Sent_AvgEx']",28,3,0.001,7,04/03/2023,64,0.421052632,0.494092374,71.40651007,0.039011268,9627.135461,0.497892067,94.55350274,5.166956659,96.59671755,0.052649489,16265.81147,0.421875,127.5374904,6.947132573,0
15/08/2025 22:35,30.1s,e56056413e0745a992f23f2d5ca4baa3,ETH_base_sent_finbert,LOCAL,/home/ec2-user/ETH_Price_Predition/.venv/lib/python3.11/site-packages/ipykernel_launcher.py,ec2-user,FINISHED,64,0,63,"['ETH_D_AvgPrc', 'D_FINBERT_AvgScr_Ex', 'D_FINBERT_Sent_AvgEx']",21,3,0.001,7,04/03/2023,32,0.383458647,0.490870032,74.45238537,0.041280274,9407.986395,0.497062478,94.60591993,5.331631549,95.5426739,0.052808866,14515.48484,0.394366197,120.4802259,6.764755153,0
15/08/2025 16:33,11.0s,3fe4138d15a74da8bd6bb6577421a13d,ETH_base_LTC_blk,LOCAL,/home/ec2-user/ETH_Price_Predition/.venv/lib/python3.11/site-packages/ipykernel_launcher.py,ec2-user,FINISHED,64,0.05,4,"['ETH_D_AvgPrc', 'LTC_D_AvgPrc', 'LTC_YF_Vol', 'LTC_OL_MinDif', 'LTC_BIC_HshRt']",7,2,0.01,7,04/03/2023,32,0.496240602,0.486573577,74.32569907,0.04087268,9227.770486,0.492329074,94.67866187,5.271060546,104.2842905,0.056299986,16003.14284,0.5,126.503529,6.805581262,0
15/08/2025 13:45,16.8s,21184a9443d94645a9a708b6a85b0d48,ETH_base_BTC_blk,LOCAL,/home/ec2-user/ETH_Price_Predition/.venv/lib/python3.11/site-packages/ipykernel_launcher.py,ec2-user,FINISHED,64,0.05,24,"['ETH_D_AvgPrc', 'BTC_D_AvgPrc', 'BTC_OL_MinDif', 'BTC_OL_AvgTransFee', 'BTC_BIC_HshRt']",14,2,0.01,7,04/03/2023,64,0.413533835,0.477980666,77.9487778,0.04284823,9124.550132,0.483412172,94.68137449,5.245365501,96.33678671,0.05200792,13680.84236,0.420289855,116.9651331,6.297827686,0
15/08/2025 12:49,20.3s,e5a603cbc5eb4d6d9c48b1c945b3bda4,ETH_base_ETH_blk,LOCAL,/home/ec2-user/ETH_Price_Predition/.venv/lib/python3.11/site-packages/ipykernel_launcher.py,ec2-user,FINISHED,64,0,26,"['ETH_D_AvgPrc', 'ETH_YF_Vol', 'ETH_ES_AvgTransFee', 'ETH_ES_BlkTm', 'ETH_ES_GasUsd', 'ETH_ES_AvgGasPrc']",21,3,0.001,7,04/03/2023,64,0.481203008,0.486573577,75.22292996,0.041228886,9374.355451,0.491809767,94.7236306,5.20600533,96.40330448,0.052680341,14336.1448,0.485714286,119.7336411,6.561286719,0
15/08/2025 12:20,15.6s,d3d605c7345140858189632c3177542a,ETH_base_ETH_blk,LOCAL,/home/ec2-user/ETH_Price_Predition/.venv/lib/python3.11/site-packages/ipykernel_launcher.py,ec2-user,FINISHED,32,0,6,"['ETH_D_AvgPrc', 'ETH_YF_Vol', 'ETH_ES_AvgTransFee', 'ETH_ES_BlkTm', 'ETH_ES_GasUsd', 'ETH_ES_AvgGasPrc']",14,2,0.001,7,04/03/2023,32,0.458646617,0.482277121,74.89920454,0.041296372,9098.478495,0.487424164,94.75204707,5.265179015,87.90624931,0.048452212,12122.43986,0.463768116,110.1019521,6.160307967,0
15/08/2025 20:36,14.7s,d280b531fdea4c8f8933e6f953ea6f0d,ETH_base_sent_vader,LOCAL,/home/ec2-user/ETH_Price_Predition/.venv/lib/python3.11/site-packages/ipykernel_launcher.py,ec2-user,FINISHED,32,0,4,"['ETH_D_AvgPrc', 'D_VADER_AvgScr_Ex', 'D_VADER_Sent_AvgEx']",21,2,0.001,7,04/03/2023,64,0.413533835,0.49301826,75.46996782,0.041669401,9135.811402,0.497557903,94.76939257,5.274772843,92.3961138,0.050902199,13100.21682,0.424657534,114.4561786,6.391546632,0
15/08/2025 13:34,13.5s,3dd142c957ee4ea5a607dcf289023ec3,ETH_base_BTC_blk,LOCAL,/home/ec2-user/ETH_Price_Predition/.venv/lib/python3.11/site-packages/ipykernel_launcher.py,ec2-user,FINISHED,64,0,5,"['ETH_D_AvgPrc', 'BTC_D_AvgPrc', 'BTC_OL_MinDif', 'BTC_OL_AvgTransFee', 'BTC_BIC_HshRt']",7,3,0.01,7,04/03/2023,64,0.458646617,0.496240602,76.32331391,0.041767331,9271.071371,0.502181502,94.77343624,5.20081502,74.37783997,0.040944459,9310.736414,0.467532468,96.49215727,5.392574694,0
15/08/2025 13:26,14.0s,4dc306495ba3424db6fbc524a6b90feb,ETH_base_BTC_blk,LOCAL,/home/ec2-user/ETH_Price_Predition/.venv/lib/python3.11/site-packages/ipykernel_launcher.py,ec2-user,FINISHED,64,0,18,"['ETH_D_AvgPrc', 'BTC_D_AvgPrc', 'BTC_OL_MinDif', 'BTC_OL_AvgTransFee', 'BTC_BIC_HshRt']",7,2,0.001,7,04/03/2023,64,0.45112782,0.496240602,76.24379729,0.041459764,9324.068782,0.50090237,94.81522024,5.138256859,88.59292098,0.048054524,12303.66729,0.459459459,110.9218972,6.001039973,0
15/08/2025 17:04,25.0s,2298b7f39a134697bccbf725d870ddb6,ETH_base_LTC_blk,LOCAL,/home/ec2-user/ETH_Price_Predition/.venv/lib/python3.11/site-packages/ipykernel_launcher.py,ec2-user,FINISHED,32,0,19,"['ETH_D_AvgPrc', 'LTC_D_AvgPrc', 'LTC_YF_Vol', 'LTC_OL_MinDif', 'LTC_BIC_HshRt']",14,3,0.001,7,04/03/2023,64,0.428571429,0.453276047,76.71698778,0.041772461,9448.070385,0.460436453,94.83918643,5.157266852,102.418896,0.055232221,15366.41516,0.432835821,123.9613454,6.65690876,0
15/08/2025 20:02,16.5s,2a18b151a7034822979a02f75a1c920a,ETH_base_sent_vader,LOCAL,/home/ec2-user/ETH_Price_Predition/.venv/lib/python3.11/site-packages/ipykernel_launcher.py,ec2-user,FINISHED,32,0,4,"['ETH_D_AvgPrc', 'D_VADER_AvgScr_Ex', 'D_VADER_Sent_AvgEx']",7,3,0.01,7,04/03/2023,64,0.45112782,0.499462943,70.8919683,0.038819142,9363.687831,0.503152785,94.83978647,5.201509203,98.05465193,0.053312096,16008.16841,0.453125,126.5233907,6.864049174,0
15/08/2025 16:56,16.4s,ea9b119d703d48b68a9d708ffd68fdb7,ETH_base_LTC_blk,LOCAL,/home/ec2-user/ETH_Price_Predition/.venv/lib/python3.11/site-packages/ipykernel_launcher.py,ec2-user,FINISHED,64,0.05,24,"['ETH_D_AvgPrc', 'LTC_D_AvgPrc', 'LTC_YF_Vol', 'LTC_OL_MinDif', 'LTC_BIC_HshRt']",14,2,0.01,7,04/03/2023,32,0.37593985,0.477980666,76.3151312,0.041746465,9403.080729,0.483980071,94.94556963,5.217954176,103.3843648,0.055835464,16104.70314,0.385714286,126.904307,6.841571065,0
16/08/2025 00:16,18.9s,6d385546c3c7467f8bbf8856d8280d47,ETH_base_sent_cryptobert,LOCAL,/home/ec2-user/ETH_Price_Predition/.venv/lib/python3.11/site-packages/ipykernel_launcher.py,ec2-user,FINISHED,32,0.1,13,"['ETH_D_AvgPrc', 'D_CRYPTOBERT_AvgScr_Ex', 'D_CRYPTOBERT_Sent_AvgEx']",21,2,0.001,7,04/03/2023,32,0.458646617,0.4650913,73.75839446,0.040392056,9254.350398,0.471682525,95.01292296,5.215743979,92.22213103,0.050249037,14031.98134,0.464788732,118.4566644,6.471142388,0
15/08/2025 23:37,16.8s,f3ff26275c144297a3ba9f2561ab977e,ETH_base_sent_cryptobert,LOCAL,/home/ec2-user/ETH_Price_Predition/.venv/lib/python3.11/site-packages/ipykernel_launcher.py,ec2-user,FINISHED,32,0.1,3,"['ETH_D_AvgPrc', 'D_CRYPTOBERT_AvgScr_Ex', 'D_CRYPTOBERT_Sent_AvgEx']",7,3,0.001,7,04/03/2023,32,0.458646617,0.477980666,75.22554477,0.041428039,9251.43121,0.483564112,95.02363039,5.275647287,89.37940394,0.049455937,12627.95251,0.463768116,112.374163,6.352749748,0
15/08/2025 18:59,15.2s,747914780c4f4575a67d8692528b8ad5,ETH_base_BTC_blk_LTC_blk,LOCAL,/home/ec2-user/ETH_Price_Predition/.venv/lib/python3.11/site-packages/ipykernel_launcher.py,ec2-user,FINISHED,32,0.1,3,"['ETH_D_AvgPrc', 'BTC_D_AvgPrc', 'LTC_D_AvgPrc']",21,2,0.001,7,04/03/2023,64,0.458646617,0.483351235,74.72979887,0.040712077,9206.167159,0.489036926,95.08557528,5.156441247,80.52266859,0.043920627,10514.82027,0.463768116,102.5417977,5.585890004,0
15/08/2025 13:13,16.9s,8bbfb8a1b6714c4c9d44b487e9a01af9,ETH_base_ETH_blk,LOCAL,/home/ec2-user/ETH_Price_Predition/.venv/lib/python3.11/site-packages/ipykernel_launcher.py,ec2-user,FINISHED,64,0.05,11,"['ETH_D_AvgPrc', 'ETH_YF_Vol', 'ETH_ES_AvgTransFee', 'ETH_ES_BlkTm', 'ETH_ES_GasUsd', 'ETH_ES_AvgGasPrc']",28,3,0.001,7,04/03/2023,32,0.481203008,0.486573577,73.45242791,0.040599411,9212.270682,0.492145178,95.10334859,5.299879514,83.33977973,0.045764689,11473.2466,0.486486486,107.1132419,5.924550258,0
15/08/2025 20:55,14.0s,14c60740807849cf95e03a4ec70018e7,ETH_base_sent_vader,LOCAL,/home/ec2-user/ETH_Price_Predition/.venv/lib/python3.11/site-packages/ipykernel_launcher.py,ec2-user,FINISHED,64,0.1,4,"['ETH_D_AvgPrc', 'D_VADER_AvgScr_Ex', 'D_VADER_Sent_AvgEx']",21,3,0.01,7,04/03/2023,32,0.398496241,0.473684211,75.45577108,0.041745788,9375.332734,0.479927845,95.12149341,5.352128562,81.98461386,0.044704372,10879.8746,0.410958904,104.3066374,5.689797793,0
15/08/2025 22:54,21.1s,c74b605d7ffc472cbfea0ae5f9ee795c,ETH_base_sent_finbert,LOCAL,/home/ec2-user/ETH_Price_Predition/.venv/lib/python3.11/site-packages/ipykernel_launcher.py,ec2-user,FINISHED,64,0.05,42,"['ETH_D_AvgPrc', 'D_FINBERT_AvgScr_Ex', 'D_FINBERT_Sent_AvgEx']",28,2,0.001,7,04/03/2023,64,0.360902256,0.500537057,75.09576685,0.041428168,9557.159598,0.504838556,95.12309282,5.315642434,98.77576716,0.054071806,15055.24397,0.363636364,122.6998124,6.771042077,0
15/08/2025 13:35,24.8s,7a4a57a48f0841588afdb982cc8c6c4c,ETH_base_BTC_blk,LOCAL,/home/ec2-user/ETH_Price_Predition/.venv/lib/python3.11/site-packages/ipykernel_launcher.py,ec2-user,FINISHED,32,0.05,19,"['ETH_D_AvgPrc', 'BTC_D_AvgPrc', 'BTC_OL_MinDif', 'BTC_OL_AvgTransFee', 'BTC_BIC_HshRt']",7,3,0.001,7,04/03/2023,32,0.466165414,0.502685285,76.52451358,0.042059909,9209.058699,0.506829868,95.17048084,5.25475844,85.61547737,0.046411764,11665.23635,0.472222222,108.0057237,5.83714957,0
15/08/2025 22:56,22.7s,615be5538149404e8c6818bddc2f04ab,ETH_base_sent_finbert,LOCAL,/home/ec2-user/ETH_Price_Predition/.venv/lib/python3.11/site-packages/ipykernel_launcher.py,ec2-user,FINISHED,64,0.1,47,"['ETH_D_AvgPrc', 'D_FINBERT_AvgScr_Ex', 'D_FINBERT_Sent_AvgEx']",28,2,0.001,7,04/03/2023,32,0.406015038,0.494092374,74.90815894,0.041332158,9476.521055,0.498686457,95.18331722,5.323340684,98.06241395,0.053649922,14842.22829,0.411764706,121.8286842,6.722210103,0
15/08/2025 13:03,14.0s,774446a5e1a143ca8ac88e73c2f4b4c3,ETH_base_ETH_blk,LOCAL,/home/ec2-user/ETH_Price_Predition/.venv/lib/python3.11/site-packages/ipykernel_launcher.py,ec2-user,FINISHED,64,0.05,12,"['ETH_D_AvgPrc', 'ETH_YF_Vol', 'ETH_ES_AvgTransFee', 'ETH_ES_BlkTm', 'ETH_ES_GasUsd', 'ETH_ES_AvgGasPrc']",28,2,0.001,7,04/03/2023,64,0.541353383,0.513426423,72.64016983,0.040022728,9383.507263,0.516542949,95.18430912,5.275074255,88.27313944,0.048284357,13360.64971,0.540540541,115.5882767,6.339528166,0
15/08/2025 20:12,15.6s,389eb90f56074172a06c134981dd254f,ETH_base_sent_vader,LOCAL,/home/ec2-user/ETH_Price_Predition/.venv/lib/python3.11/site-packages/ipykernel_launcher.py,ec2-user,FINISHED,32,0,7,"['ETH_D_AvgPrc', 'D_VADER_AvgScr_Ex', 'D_VADER_Sent_AvgEx']",14,2,0.001,7,04/03/2023,32,0.443609023,0.471535983,75.27164611,0.041431354,9352.225586,0.477551918,95.26517469,5.275159918,92.41171999,0.050930817,13128.87336,0.450704225,114.5812959,6.416860244,0
15/08/2025 22:53,29.5s,1171503cf0db42809e8eed911ebeaf13,ETH_base_sent_finbert,LOCAL,/home/ec2-user/ETH_Price_Predition/.venv/lib/python3.11/site-packages/ipykernel_launcher.py,ec2-user,FINISHED,32,0.05,36,"['ETH_D_AvgPrc', 'D_FINBERT_AvgScr_Ex', 'D_FINBERT_Sent_AvgEx']",28,2,0.001,7,04/03/2023,64,0.413533835,0.488721805,75.91936561,0.041900529,9741.159325,0.493759425,95.26894441,5.331920124,108.8956168,0.059919495,17510.85616,0.417910448,132.3285916,7.386479264,0
15/08/2025 17:46,42.6s,72b6ab649a3745e991cf3bf2b7dc541e,ETH_base_LTC_blk,LOCAL,/home/ec2-user/ETH_Price_Predition/.venv/lib/python3.11/site-packages/ipykernel_launcher.py,ec2-user,FINISHED,32,0.1,64,"['ETH_D_AvgPrc', 'LTC_D_AvgPrc', 'LTC_YF_Vol', 'LTC_OL_MinDif', 'LTC_BIC_HshRt']",28,2,0.001,7,04/03/2023,64,0.398496241,0.470461869,77.58902394,0.042286666,9989.302597,0.475313809,95.28259828,5.191313117,119.8977379,0.064535731,19805.571,0.402985075,140.7322671,7.514756177,0
15/08/2025 22:22,13.2s,622e229f2bcd4b1faa8b8dc9d7dfbd6f,ETH_base_sent_finbert,LOCAL,/home/ec2-user/ETH_Price_Predition/.venv/lib/python3.11/site-packages/ipykernel_launcher.py,ec2-user,FINISHED,64,0,14,"['ETH_D_AvgPrc', 'D_FINBERT_AvgScr_Ex', 'D_FINBERT_Sent_AvgEx']",21,2,0.01,7,04/03/2023,32,0.398496241,0.496240602,76.23184371,0.042268323,9995.689304,0.50160641,95.30812405,5.364902224,97.86352929,0.054038411,15411.33388,0.410958904,124.1423936,6.945020848,0
15/08/2025 20:02,43.5s,5c39bdc1ba58424ebc30e827cda2059a,ETH_base_sent_vader,LOCAL,/home/ec2-user/ETH_Price_Predition/.venv/lib/python3.11/site-packages/ipykernel_launcher.py,ec2-user,FINISHED,32,0,67,"['ETH_D_AvgPrc', 'D_VADER_AvgScr_Ex', 'D_VADER_Sent_AvgEx']",7,3,0.001,7,04/03/2023,64,0.398496241,0.504833512,73.916534,0.040454102,9538.562692,0.50853876,95.34317574,5.218330023,98.23710713,0.053788586,16680.67344,0.405797101,129.1536815,7.090174723,0
15/08/2025 13:39,21.7s,848d71abfb424682b26e41be2c59f3a7,ETH_base_BTC_blk,LOCAL,/home/ec2-user/ETH_Price_Predition/.venv/lib/python3.11/site-packages/ipykernel_launcher.py,ec2-user,FINISHED,32,0.1,12,"['ETH_D_AvgPrc', 'BTC_D_AvgPrc', 'BTC_OL_MinDif', 'BTC_OL_AvgTransFee', 'BTC_BIC_HshRt']",7,3,0.001,7,04/03/2023,64,0.481203008,0.497314715,77.08222425,0.042232012,9588.571695,0.502126508,95.34703851,5.242601747,104.7497387,0.05650343,16030.49104,0.486486486,126.6115754,6.780429619,0
15/08/2025 13:27,20.0s,793ecdcac94341bba883e62d2e51f236,ETH_base_BTC_blk,LOCAL,/home/ec2-user/ETH_Price_Predition/.venv/lib/python3.11/site-packages/ipykernel_launcher.py,ec2-user,FINISHED,32,0.05,18,"['ETH_D_AvgPrc', 'BTC_D_AvgPrc', 'BTC_OL_MinDif', 'BTC_OL_AvgTransFee', 'BTC_BIC_HshRt']",7,2,0.001,7,04/03/2023,32,0.503759398,0.497314715,77.31803394,0.042293875,9878.67714,0.502012488,95.41673394,5.229607398,135.7857007,0.072887166,24977.96114,0.507042254,158.0441746,8.408047427,0
15/08/2025 20:11,17.1s,7c03a5b41a3445aeb2d35da25e52add3,ETH_base_sent_vader,LOCAL,/home/ec2-user/ETH_Price_Predition/.venv/lib/python3.11/site-packages/ipykernel_launcher.py,ec2-user,FINISHED,32,0.1,2,"['ETH_D_AvgPrc', 'D_VADER_AvgScr_Ex', 'D_VADER_Sent_AvgEx']",7,3,0.001,7,04/03/2023,64,0.533834586,0.47905478,73.17171654,0.040154457,9204.81545,0.484808908,95.51432705,5.253758283,82.37506585,0.045059597,11132.96382,0.535211268,105.5128609,5.801826234,0
15/08/2025 16:31,30.1s,f498331aa02c4ca5ac6b0f4c41665e72,ETH_base_LTC_blk,LOCAL,/home/ec2-user/ETH_Price_Predition/.venv/lib/python3.11/site-packages/ipykernel_launcher.py,ec2-user,FINISHED,32,0,49,"['ETH_D_AvgPrc', 'LTC_D_AvgPrc', 'LTC_YF_Vol', 'LTC_OL_MinDif', 'LTC_BIC_HshRt']",7,2,0.001,7,04/03/2023,64,0.428571429,0.477980666,78.55684458,0.042623984,9937.015143,0.483030754,95.51530599,5.152804895,116.0866614,0.062500451,18577.38008,0.434782609,136.2988631,7.277806982,0
15/08/2025 16:53,27.1s,e6a73d2a46ff4627b5bee6ee443c75f3,ETH_base_LTC_blk,LOCAL,/home/ec2-user/ETH_Price_Predition/.venv/lib/python3.11/site-packages/ipykernel_launcher.py,ec2-user,FINISHED,32,0,36,"['ETH_D_AvgPrc', 'LTC_D_AvgPrc', 'LTC_YF_Vol', 'LTC_OL_MinDif', 'LTC_BIC_HshRt']",14,2,0.001,7,04/03/2023,32,0.413533835,0.461868958,77.72761721,0.042198327,10116.83692,0.467945729,95.56574726,5.162258659,124.4659215,0.066857128,21564.77313,0.420289855,146.8494914,7.813064478,0
15/08/2025 22:48,13.2s,01137396d767414a9c967e05a30b3158,ETH_base_sent_finbert,LOCAL,/home/ec2-user/ETH_Price_Predition/.venv/lib/python3.11/site-packages/ipykernel_launcher.py,ec2-user,FINISHED,64,0,12,"['ETH_D_AvgPrc', 'D_FINBERT_AvgScr_Ex', 'D_FINBERT_Sent_AvgEx']",28,2,0.01,7,04/03/2023,32,0.428571429,0.482277121,74.67661942,0.041122149,9739.203818,0.487497319,95.69895745,5.333494938,96.76807352,0.052966016,15284.50219,0.434782609,123.6305067,6.822818937,0
15/08/2025 16:24,1.1min,9dad6ec9576c45a7891ce7b1a700e01b,ETH_base_BTC_blk,LOCAL,/home/ec2-user/ETH_Price_Predition/.venv/lib/python3.11/site-packages/ipykernel_launcher.py,ec2-user,FINISHED,32,0.1,87,"['ETH_D_AvgPrc', 'BTC_D_AvgPrc', 'BTC_OL_MinDif', 'BTC_OL_AvgTransFee', 'BTC_BIC_HshRt']",28,3,0.01,7,04/03/2023,32,0.398496241,0.470461869,77.62380021,0.042437998,9717.33993,0.478199798,95.73396623,5.270902546,95.38376084,0.051485423,13500.49632,0.415584416,116.1916362,6.269030134,0
15/08/2025 18:02,11.4s,1680bf0630ea41399874375528e2c7ba,ETH_base_BTC_blk_LTC_blk,LOCAL,/home/ec2-user/ETH_Price_Predition/.venv/lib/python3.11/site-packages/ipykernel_launcher.py,ec2-user,FINISHED,64,0,7,"['ETH_D_AvgPrc', 'BTC_D_AvgPrc', 'LTC_D_AvgPrc']",7,2,0.001,7,04/03/2023,32,0.503759398,0.483351235,72.98012791,0.040166263,9367.245431,0.489086031,95.75440125,5.293725802,89.18271516,0.049005068,12590.00841,0.507462687,112.2052067,6.211632858,0
15/08/2025 17:56,50.4s,2e097a4d82a34214ab099a48ebd23649,ETH_base_LTC_blk,LOCAL,/home/ec2-user/ETH_Price_Predition/.venv/lib/python3.11/site-packages/ipykernel_launcher.py,ec2-user,FINISHED,32,0.1,61,"['ETH_D_AvgPrc', 'LTC_D_AvgPrc', 'LTC_YF_Vol', 'LTC_OL_MinDif', 'LTC_BIC_HshRt']",28,3,0.001,7,04/03/2023,32,0.398496241,0.482277121,76.7063737,0.04249359,9253.491639,0.48795113,95.79168441,5.410277081,89.52396869,0.048592169,12122.42025,0.408450704,110.101863,5.997703374,0
15/08/2025 13:53,27.4s,002c2c00260a4d2297888a4ffc340da1,ETH_base_BTC_blk,LOCAL,/home/ec2-user/ETH_Price_Predition/.venv/lib/python3.11/site-packages/ipykernel_launcher.py,ec2-user,FINISHED,64,0.05,48,"['ETH_D_AvgPrc', 'BTC_D_AvgPrc', 'BTC_OL_MinDif', 'BTC_OL_AvgTransFee', 'BTC_BIC_HshRt']",14,3,0.001,7,04/03/2023,32,0.458646617,0.487647691,77.67695882,0.042516367,9544.934565,0.493602764,95.81875039,5.265036562,103.3169195,0.055635478,15437.6051,0.466666667,124.2481593,6.636478481,0
15/08/2025 13:54,24.8s,64aa65c19d5047ceb4a90718d57cc137,ETH_base_BTC_blk,LOCAL,/home/ec2-user/ETH_Price_Predition/.venv/lib/python3.11/site-packages/ipykernel_launcher.py,ec2-user,FINISHED,32,0.05,16,"['ETH_D_AvgPrc', 'BTC_D_AvgPrc', 'BTC_OL_MinDif', 'BTC_OL_AvgTransFee', 'BTC_BIC_HshRt']",14,3,0.001,7,04/03/2023,64,0.488721805,0.501611171,78.2185195,0.042992504,9519.194455,0.506166575,95.87301546,5.305012774,109.3056166,0.058947783,17328.56221,0.493150685,131.6379968,7.052118952,0
15/08/2025 13:11,22.1s,a7fa5936496c41d89d05667179faad15,ETH_base_ETH_blk,LOCAL,/home/ec2-user/ETH_Price_Predition/.venv/lib/python3.11/site-packages/ipykernel_launcher.py,ec2-user,FINISHED,64,0,6,"['ETH_D_AvgPrc', 'ETH_YF_Vol', 'ETH_ES_AvgTransFee', 'ETH_ES_BlkTm', 'ETH_ES_GasUsd', 'ETH_ES_AvgGasPrc']",28,3,0.001,7,04/03/2023,64,0.526315789,0.49301826,73.44571582,0.040693817,9400.930438,0.497015125,96.04217703,5.376345404,86.00871036,0.047273882,12559.49706,0.527777778,112.0691619,6.209935466,0
15/08/2025 23:26,16.4s,eda268a9aa16492aa70d05a2fa96afcb,ETH_base_sent_cryptobert,LOCAL,/home/ec2-user/ETH_Price_Predition/.venv/lib/python3.11/site-packages/ipykernel_launcher.py,ec2-user,FINISHED,32,0,3,"['ETH_D_AvgPrc', 'D_CRYPTOBERT_AvgScr_Ex', 'D_CRYPTOBERT_Sent_AvgEx']",7,3,0.01,7,04/03/2023,32,0.496240602,0.472610097,75.38783666,0.041168374,9537.385939,0.478134877,96.11691914,5.251028255,90.25214334,0.049253582,13071.28377,0.5,114.3297152,6.255710086,0
15/08/2025 13:42,16.3s,a8d964e33a864e76ba52e90f3f04f39b,ETH_base_BTC_blk,LOCAL,/home/ec2-user/ETH_Price_Predition/.venv/lib/python3.11/site-packages/ipykernel_launcher.py,ec2-user,FINISHED,32,0,6,"['ETH_D_AvgPrc', 'BTC_D_AvgPrc', 'BTC_OL_MinDif', 'BTC_OL_AvgTransFee', 'BTC_BIC_HshRt']",14,2,0.01,7,04/03/2023,64,0.428571429,0.505907626,76.76075582,0.042531175,9607.839499,0.509971271,96.35426354,5.426620743,95.20383975,0.051464682,14976.95281,0.44,122.3803612,6.61562499,0
15/08/2025 16:52,16.2s,a8f8227592114417b48ae6cdc31431c4,ETH_base_LTC_blk,LOCAL,/home/ec2-user/ETH_Price_Predition/.venv/lib/python3.11/site-packages/ipykernel_launcher.py,ec2-user,FINISHED,64,0.1,13,"['ETH_D_AvgPrc', 'LTC_D_AvgPrc', 'LTC_YF_Vol', 'LTC_OL_MinDif', 'LTC_BIC_HshRt']",7,3,0.001,7,04/03/2023,64,0.428571429,0.485499463,77.062575,0.04209658,10022.06997,0.491018117,96.38159452,5.274994163,115.0098677,0.062035425,18892.84753,0.438356164,137.4512551,7.377577598,0
15/08/2025 17:44,30.2s,d896838fc5104df78d5b4e323e040193,ETH_base_LTC_blk,LOCAL,/home/ec2-user/ETH_Price_Predition/.venv/lib/python3.11/site-packages/ipykernel_launcher.py,ec2-user,FINISHED,64,0.1,73,"['ETH_D_AvgPrc', 'LTC_D_AvgPrc', 'LTC_YF_Vol', 'LTC_OL_MinDif', 'LTC_BIC_HshRt']",28,2,0.01,7,04/03/2023,32,0.398496241,0.461868958,79.77008509,0.043146624,10135.27576,0.467624243,96.39647947,5.175275837,112.1346727,0.060158888,17701.77968,0.402985075,133.0480352,7.093202305,0
15/08/2025 22:02,20.7s,ac3879afd49445c29d9e88021facd844,ETH_base_sent_finbert,LOCAL,/home/ec2-user/ETH_Price_Predition/.venv/lib/python3.11/site-packages/ipykernel_launcher.py,ec2-user,FINISHED,32,0.05,20,"['ETH_D_AvgPrc', 'D_FINBERT_AvgScr_Ex', 'D_FINBERT_Sent_AvgEx']",14,2,0.01,7,04/03/2023,64,0.390977444,0.501611171,76.67273539,0.042082891,9679.797074,0.506363869,96.42536953,5.339999804,95.3025258,0.052293833,14540.59976,0.397058824,120.5844093,6.684808894,0
15/08/2025 22:49,24.5s,3036e0d9e3fa4c94a14d5ec500b33b02,ETH_base_sent_finbert,LOCAL,/home/ec2-user/ETH_Price_Predition/.venv/lib/python3.11/site-packages/ipykernel_launcher.py,ec2-user,FINISHED,32,0,27,"['ETH_D_AvgPrc', 'D_FINBERT_AvgScr_Ex', 'D_FINBERT_Sent_AvgEx']",28,2,0.001,7,04/03/2023,64,0.383458647,0.494092374,77.07347984,0.042448722,10079.20464,0.49838775,96.53848125,5.382709574,105.5415858,0.057444447,16920.87084,0.384615385,130.0802477,7.099155346,0
15/08/2025 13:00,12.6s,0692fc5bea6d40548d9d33e780efec13,ETH_base_ETH_blk,LOCAL,/home/ec2-user/ETH_Price_Predition/.venv/lib/python3.11/site-packages/ipykernel_launcher.py,ec2-user,FINISHED,64,0,8,"['ETH_D_AvgPrc', 'ETH_YF_Vol', 'ETH_ES_AvgTransFee', 'ETH_ES_BlkTm', 'ETH_ES_GasUsd', 'ETH_ES_AvgGasPrc']",28,2,0.001,7,04/03/2023,64,0.473684211,0.482277121,75.7151482,0.041508787,9655.600659,0.488031362,96.56395584,5.291199753,91.90523879,0.050233946,13281.21859,0.48,115.2441695,6.299891569,0
15/08/2025 12:58,27.1s,115c9e14bf3d4b1196922ad5cb296e0d,ETH_base_ETH_blk,LOCAL,/home/ec2-user/ETH_Price_Predition/.venv/lib/python3.11/site-packages/ipykernel_launcher.py,ec2-user,FINISHED,32,0,30,"['ETH_D_AvgPrc', 'ETH_YF_Vol', 'ETH_ES_AvgTransFee', 'ETH_ES_BlkTm', 'ETH_ES_GasUsd', 'ETH_ES_AvgGasPrc']",28,2,0.001,7,04/03/2023,32,0.458646617,0.466165414,75.0219918,0.04113259,9710.840091,0.472942099,96.59942782,5.311557386,97.53478063,0.053689507,16225.51978,0.465753425,127.3794323,7.075777778,0
15/08/2025 22:36,14.8s,43ea0c92a8014d72b95e5eae6ef6904b,ETH_base_sent_finbert,LOCAL,/home/ec2-user/ETH_Price_Predition/.venv/lib/python3.11/site-packages/ipykernel_launcher.py,ec2-user,FINISHED,64,0,10,"['ETH_D_AvgPrc', 'D_FINBERT_AvgScr_Ex', 'D_FINBERT_Sent_AvgEx']",21,3,0.01,7,04/03/2023,64,0.390977444,0.501611171,78.12501416,0.04326381,9801.444254,0.506151156,96.71941923,5.438930917,101.1223977,0.05585965,15478.34223,0.397058824,124.4119859,6.97588089,0
15/08/2025 17:09,31.8s,0a54e7f31df74701aa075f38d5afefbc,ETH_base_LTC_blk,LOCAL,/home/ec2-user/ETH_Price_Predition/.venv/lib/python3.11/site-packages/ipykernel_launcher.py,ec2-user,FINISHED,32,0.1,28,"['ETH_D_AvgPrc', 'LTC_D_AvgPrc', 'LTC_YF_Vol', 'LTC_OL_MinDif', 'LTC_BIC_HshRt']",14,3,0.001,7,04/03/2023,32,0.436090226,0.475832438,79.21870516,0.043255753,10139.39328,0.483679627,96.81752258,5.304266049,124.2593391,0.066765935,20822.5769,0.448717949,144.3003011,7.679457535,0
15/08/2025 23:26,31.4s,8fe62ffac83348a8b75fa554e58e0d67,ETH_base_sent_cryptobert,LOCAL,/home/ec2-user/ETH_Price_Predition/.venv/lib/python3.11/site-packages/ipykernel_launcher.py,ec2-user,FINISHED,32,0,40,"['ETH_D_AvgPrc', 'D_CRYPTOBERT_AvgScr_Ex', 'D_CRYPTOBERT_Sent_AvgEx']",7,3,0.001,7,04/03/2023,32,0.481203008,0.464017186,75.7572285,0.041890553,9627.036316,0.468979499,96.87627573,5.396326285,85.4983945,0.047124998,13232.9674,0.485294118,115.0346356,6.395316474,0
15/08/2025 13:48,21.6s,4e2f8f33f34446f79965d3f239de66c2,ETH_base_BTC_blk,LOCAL,/home/ec2-user/ETH_Price_Predition/.venv/lib/python3.11/site-packages/ipykernel_launcher.py,ec2-user,FINISHED,32,0.1,19,"['ETH_D_AvgPrc', 'BTC_D_AvgPrc', 'BTC_OL_MinDif', 'BTC_OL_AvgTransFee', 'BTC_BIC_HshRt']",14,2,0.001,7,04/03/2023,64,0.45112782,0.484425349,76.97218554,0.042237975,9759.659034,0.490370966,96.90069351,5.340059152,110.8621438,0.059857783,17397.28658,0.458333333,131.898774,7.074634594,0
15/08/2025 21:59,29.2s,bd254ddc164a4b57bccd0125c13950af,ETH_base_sent_finbert,LOCAL,/home/ec2-user/ETH_Price_Predition/.venv/lib/python3.11/site-packages/ipykernel_launcher.py,ec2-user,FINISHED,32,0,44,"['ETH_D_AvgPrc', 'D_FINBERT_AvgScr_Ex', 'D_FINBERT_Sent_AvgEx']",14,2,0.001,7,04/03/2023,64,0.406015038,0.504833512,77.62930052,0.04292654,9987.247415,0.512036283,96.90964986,5.432304888,97.39360264,0.053718577,15478.76122,0.411764706,124.4136698,6.955889103,0
15/08/2025 16:59,24.5s,e17c0fd8044642dba4f970cec7b3b61a,ETH_base_LTC_blk,LOCAL,/home/ec2-user/ETH_Price_Predition/.venv/lib/python3.11/site-packages/ipykernel_launcher.py,ec2-user,FINISHED,32,0.1,27,"['ETH_D_AvgPrc', 'LTC_D_AvgPrc', 'LTC_YF_Vol', 'LTC_OL_MinDif', 'LTC_BIC_HshRt']",14,2,0.001,7,04/03/2023,32,0.45112782,0.485499463,79.43295468,0.043644746,9606.087593,0.491469417,96.95217425,5.375581378,99.61151972,0.053889874,14539.90243,0.461538462,120.5815178,6.506487982,0
15/08/2025 16:35,26.3s,e4dca548dd1e40c583f6bd44d3a0deea,ETH_base_LTC_blk,LOCAL,/home/ec2-user/ETH_Price_Predition/.venv/lib/python3.11/site-packages/ipykernel_launcher.py,ec2-user,FINISHED,32,0.1,36,"['ETH_D_AvgPrc', 'LTC_D_AvgPrc', 'LTC_YF_Vol', 'LTC_OL_MinDif', 'LTC_BIC_HshRt']",7,2,0.001,7,04/03/2023,32,0.443609023,0.472610097,79.14056174,0.042975003,10546.50228,0.480493191,96.95652887,5.238950676,135.9621621,0.073117899,24712.83346,0.454545455,157.2031598,8.395614719,0
15/08/2025 22:51,23.5s,0e0a940e139d402ba914fdc177214f93,ETH_base_sent_finbert,LOCAL,/home/ec2-user/ETH_Price_Predition/.venv/lib/python3.11/site-packages/ipykernel_launcher.py,ec2-user,FINISHED,32,0.05,23,"['ETH_D_AvgPrc', 'D_FINBERT_AvgScr_Ex', 'D_FINBERT_Sent_AvgEx']",28,2,0.001,7,04/03/2023,32,0.421052632,0.511278195,77.46692943,0.042870972,9841.452253,0.51547984,97.03738731,5.453184316,104.146307,0.057552468,16247.89204,0.426470588,127.4672195,7.168839459,0
15/08/2025 16:45,15.7s,734137e4a7d54fa7b5693c0e64434b15,ETH_base_LTC_blk,LOCAL,/home/ec2-user/ETH_Price_Predition/.venv/lib/python3.11/site-packages/ipykernel_launcher.py,ec2-user,FINISHED,64,0.05,12,"['ETH_D_AvgPrc', 'LTC_D_AvgPrc', 'LTC_YF_Vol', 'LTC_OL_MinDif', 'LTC_BIC_HshRt']",7,3,0.001,7,04/03/2023,32,0.533834586,0.470461869,77.36663189,0.042907125,9598.11224,0.476631971,97.05538694,5.481878059,90.4157529,0.049115401,12884.01985,0.533333333,113.5077964,6.18508299,0
15/08/2025 13:43,18.2s,fe4ab34977c64a74bf972b661dc3e3f5,ETH_base_BTC_blk,LOCAL,/home/ec2-user/ETH_Price_Predition/.venv/lib/python3.11/site-packages/ipykernel_launcher.py,ec2-user,FINISHED,32,0.05,10,"['ETH_D_AvgPrc', 'BTC_D_AvgPrc', 'BTC_OL_MinDif', 'BTC_OL_AvgTransFee', 'BTC_BIC_HshRt']",14,2,0.01,7,04/03/2023,32,0.45112782,0.501611171,79.57615634,0.043865811,9722.020764,0.506305331,97.08688118,5.422189296,112.8182481,0.060770023,18222.47948,0.455882353,134.9906644,7.231612303,0
15/08/2025 17:34,23.4s,78d6cd9f45da4efda4d00fcdb2716879,ETH_base_LTC_blk,LOCAL,/home/ec2-user/ETH_Price_Predition/.venv/lib/python3.11/site-packages/ipykernel_launcher.py,ec2-user,FINISHED,64,0.1,36,"['ETH_D_AvgPrc', 'LTC_D_AvgPrc', 'LTC_YF_Vol', 'LTC_OL_MinDif', 'LTC_BIC_HshRt']",21,3,0.01,7,04/03/2023,64,0.473684211,0.481203008,78.76272252,0.04346333,9906.137975,0.48600906,97.11504409,5.473329699,129.598511,0.06962713,21816.17585,0.476923077,147.7029988,7.859411964,0
15/08/2025 12:59,14.1s,f3f79a81b82d4190a4675327cfb5501c,ETH_base_ETH_blk,LOCAL,/home/ec2-user/ETH_Price_Predition/.venv/lib/python3.11/site-packages/ipykernel_launcher.py,ec2-user,FINISHED,64,0,13,"['ETH_D_AvgPrc', 'ETH_YF_Vol', 'ETH_ES_AvgTransFee', 'ETH_ES_BlkTm', 'ETH_ES_GasUsd', 'ETH_ES_AvgGasPrc']",28,2,0.001,7,04/03/2023,32,0.518796992,0.488721805,76.14020293,0.041895015,9707.052392,0.493996521,97.14303825,5.361314333,93.73330275,0.051089807,13584.64758,0.52,116.5531964,6.34958698,0
15/08/2025 13:27,15.3s,c1ea8652f6b2449a818be8ecc88a3285,ETH_base_BTC_blk,LOCAL,/home/ec2-user/ETH_Price_Predition/.venv/lib/python3.11/site-packages/ipykernel_launcher.py,ec2-user,FINISHED,64,0.05,20,"['ETH_D_AvgPrc', 'BTC_D_AvgPrc', 'BTC_OL_MinDif', 'BTC_OL_AvgTransFee', 'BTC_BIC_HshRt']",7,2,0.01,7,04/03/2023,32,0.496240602,0.497314715,77.35350527,0.042618183,9663.087996,0.502251017,97.17716468,5.412389368,101.2951038,0.054935068,15322.70571,0.5,123.7849171,6.707489527,0
15/08/2025 21:00,14.8s,c7c36d8452df46c39eac5c458d8ea1b2,ETH_base_sent_vader,LOCAL,/home/ec2-user/ETH_Price_Predition/.venv/lib/python3.11/site-packages/ipykernel_launcher.py,ec2-user,FINISHED,32,0,3,"['ETH_D_AvgPrc', 'D_VADER_AvgScr_Ex', 'D_VADER_Sent_AvgEx']",28,2,0.001,7,04/03/2023,64,0.481203008,0.485499463,78.34908563,0.043459604,9908.22403,0.490191292,97.20561255,5.475429989,102.1783142,0.056514053,15813.09966,0.485294118,125.7501477,7.116100556,0
15/08/2025 16:31,14.8s,837e49458d364477a57c09bd2c877ec4,ETH_base_LTC_blk,LOCAL,/home/ec2-user/ETH_Price_Predition/.venv/lib/python3.11/site-packages/ipykernel_launcher.py,ec2-user,FINISHED,64,0,22,"['ETH_D_AvgPrc', 'LTC_D_AvgPrc', 'LTC_YF_Vol', 'LTC_OL_MinDif', 'LTC_BIC_HshRt']",7,2,0.001,7,04/03/2023,64,0.45112782,0.483351235,78.16122643,0.042561073,10790.08521,0.49007404,97.3112807,5.297922821,145.1951884,0.078049895,28209.3136,0.461538462,167.9562848,8.968049623,0
15/08/2025 12:47,39.5s,eecd2073e16b490e98d58ad465b6e488,ETH_base_ETH_blk,LOCAL,/home/ec2-user/ETH_Price_Predition/.venv/lib/python3.11/site-packages/ipykernel_launcher.py,ec2-user,FINISHED,32,0,47,"['ETH_D_AvgPrc', 'ETH_YF_Vol', 'ETH_ES_AvgTransFee', 'ETH_ES_BlkTm', 'ETH_ES_GasUsd', 'ETH_ES_AvgGasPrc']",21,3,0.001,7,04/03/2023,32,0.45112782,0.470461869,75.59548029,0.041286654,9992.102163,0.475259039,97.31626513,5.308203193,95.34837468,0.052470544,15668.61352,0.454545455,125.1743325,6.976928453,0
15/08/2025 17:48,14.1s,0344b59d8c924ddda32ae23fba56dcc0,ETH_base_LTC_blk,LOCAL,/home/ec2-user/ETH_Price_Predition/.venv/lib/python3.11/site-packages/ipykernel_launcher.py,ec2-user,FINISHED,64,0,4,"['ETH_D_AvgPrc', 'LTC_D_AvgPrc', 'LTC_YF_Vol', 'LTC_OL_MinDif', 'LTC_BIC_HshRt']",28,3,0.01,7,04/03/2023,32,0.503759398,0.481203008,76.19493829,0.042315729,9816.147341,0.487592098,97.47253513,5.544166185,100.8421271,0.056207843,15607.99,0.507462687,124.9319415,7.208754474,0
15/08/2025 13:44,16.4s,e66bc526434f442d9d33bae4893fffc6,ETH_base_BTC_blk,LOCAL,/home/ec2-user/ETH_Price_Predition/.venv/lib/python3.11/site-packages/ipykernel_launcher.py,ec2-user,FINISHED,32,0.05,6,"['ETH_D_AvgPrc', 'BTC_D_AvgPrc', 'BTC_OL_MinDif', 'BTC_OL_AvgTransFee', 'BTC_BIC_HshRt']",14,2,0.01,7,04/03/2023,64,0.413533835,0.501611171,78.43818732,0.04346104,9703.570819,0.505770881,97.47308649,5.498793101,78.76527783,0.042746911,10303.88968,0.424657534,101.5080769,5.520440719,0
15/08/2025 22:36,21.2s,09680ed793c943a4b3a3de734f888039,ETH_base_sent_finbert,LOCAL,/home/ec2-user/ETH_Price_Predition/.venv/lib/python3.11/site-packages/ipykernel_launcher.py,ec2-user,FINISHED,32,0,11,"['ETH_D_AvgPrc', 'D_FINBERT_AvgScr_Ex', 'D_FINBERT_Sent_AvgEx']",21,3,0.001,7,04/03/2023,64,0.390977444,0.497314715,77.84419541,0.043100545,9985.035214,0.502876029,97.52699602,5.487832619,99.65419752,0.05502366,15551.3096,0.405405405,124.70489,6.983372294,0
15/08/2025 13:51,26.0s,7429be6743f24932996568a322809388,ETH_base_BTC_blk,LOCAL,/home/ec2-user/ETH_Price_Predition/.venv/lib/python3.11/site-packages/ipykernel_launcher.py,ec2-user,FINISHED,64,0,46,"['ETH_D_AvgPrc', 'BTC_D_AvgPrc', 'BTC_OL_MinDif', 'BTC_OL_AvgTransFee', 'BTC_BIC_HshRt']",14,3,0.001,7,04/03/2023,64,0.428571429,0.477980666,77.2769127,0.042387767,10118.20874,0.483188734,97.53160243,5.366845797,99.47324297,0.054577721,17173.65705,0.432835821,131.0483004,7.229726223,0
16/08/2025 00:21,14.6s,5be3a4fcbef341e888373b082cc5e685,ETH_base_sent_cryptobert,LOCAL,/home/ec2-user/ETH_Price_Predition/.venv/lib/python3.11/site-packages/ipykernel_launcher.py,ec2-user,FINISHED,64,0,8,"['ETH_D_AvgPrc', 'D_CRYPTOBERT_AvgScr_Ex', 'D_CRYPTOBERT_Sent_AvgEx']",21,3,0.001,7,04/03/2023,32,0.473684211,0.464017186,77.78884445,0.042881358,9690.748221,0.469209451,97.54325393,5.414764505,91.26683217,0.050240018,12950.92306,0.476923077,113.8021224,6.338872282,0
15/08/2025 22:50,16.6s,b43bbc1217ad4fa6b79a3d40084e56b1,ETH_base_sent_finbert,LOCAL,/home/ec2-user/ETH_Price_Predition/.venv/lib/python3.11/site-packages/ipykernel_launcher.py,ec2-user,FINISHED,64,0,26,"['ETH_D_AvgPrc', 'D_FINBERT_AvgScr_Ex', 'D_FINBERT_Sent_AvgEx']",28,2,0.01,7,04/03/2023,64,0.37593985,0.490870032,78.09602954,0.043041559,10444.88176,0.499766857,97.60173292,5.45315043,112.5672031,0.062151236,19283.43148,0.382352941,138.8647957,7.81087341,0
15/08/2025 17:14,30.2s,115565c6961c468088d647c34936c025,ETH_base_LTC_blk,LOCAL,/home/ec2-user/ETH_Price_Predition/.venv/lib/python3.11/site-packages/ipykernel_launcher.py,ec2-user,FINISHED,64,0,73,"['ETH_D_AvgPrc', 'LTC_D_AvgPrc', 'LTC_YF_Vol', 'LTC_OL_MinDif', 'LTC_BIC_HshRt']",21,2,0.01,7,04/03/2023,32,0.503759398,0.49301826,78.98141273,0.043424181,10707.19135,0.498320947,97.63294,5.414043434,124.9638165,0.067603309,24072.95538,0.507462687,155.1546176,8.368953129,0
15/08/2025 13:49,19.0s,c505a5e010994b9db2273b082535124d,ETH_base_BTC_blk,LOCAL,/home/ec2-user/ETH_Price_Predition/.venv/lib/python3.11/site-packages/ipykernel_launcher.py,ec2-user,FINISHED,32,0,6,"['ETH_D_AvgPrc', 'BTC_D_AvgPrc', 'BTC_OL_MinDif', 'BTC_OL_AvgTransFee', 'BTC_BIC_HshRt']",14,3,0.01,7,04/03/2023,32,0.496240602,0.509129968,79.84300361,0.043550071,10077.60765,0.51356878,97.65946126,5.329171833,124.4390211,0.066894157,21278.50963,0.5,145.8715518,7.778445474,0
15/08/2025 13:58,21.8s,1c3f0632158946079c9c609b366b89c8,ETH_base_BTC_blk,LOCAL,/home/ec2-user/ETH_Price_Predition/.venv/lib/python3.11/site-packages/ipykernel_launcher.py,ec2-user,FINISHED,64,0.1,26,"['ETH_D_AvgPrc', 'BTC_D_AvgPrc', 'BTC_OL_MinDif', 'BTC_OL_AvgTransFee', 'BTC_BIC_HshRt']",14,3,0.001,7,04/03/2023,64,0.466165414,0.488721805,79.00709129,0.043571869,9702.034614,0.49407776,97.66336863,5.436237924,100.0131136,0.05395496,15019.504,0.472972973,122.554086,6.570842435,0
15/08/2025 22:11,15.7s,c22509d5054d4f8493d713f657e24704,ETH_base_sent_finbert,LOCAL,/home/ec2-user/ETH_Price_Predition/.venv/lib/python3.11/site-packages/ipykernel_launcher.py,ec2-user,FINISHED,64,0,13,"['ETH_D_AvgPrc', 'D_FINBERT_AvgScr_Ex', 'D_FINBERT_Sent_AvgEx']",14,3,0.001,7,04/03/2023,64,0.406015038,0.482277121,76.4291172,0.04207422,9827.698132,0.487619555,97.69633839,5.445494361,93.83883805,0.051582944,14293.69022,0.414285714,119.556222,6.659239991,0
15/08/2025 22:37,30.2s,9d26d48e1f5546b79c81f8b7964f9810,ETH_base_sent_finbert,LOCAL,/home/ec2-user/ETH_Price_Predition/.venv/lib/python3.11/site-packages/ipykernel_launcher.py,ec2-user,FINISHED,32,0.05,26,"['ETH_D_AvgPrc', 'D_FINBERT_AvgScr_Ex', 'D_FINBERT_Sent_AvgEx']",21,3,0.01,7,04/03/2023,32,0.390977444,0.50698174,77.46427404,0.042612214,9869.118818,0.511969359,97.76051595,5.429463641,98.80632421,0.054119668,15292.72473,0.402777778,123.6637567,6.817721919,0
15/08/2025 18:50,11.6s,e02969412b9b4c9ebd1d211421a079e3,ETH_base_BTC_blk_LTC_blk,LOCAL,/home/ec2-user/ETH_Price_Predition/.venv/lib/python3.11/site-packages/ipykernel_launcher.py,ec2-user,FINISHED,64,0,5,"['ETH_D_AvgPrc', 'BTC_D_AvgPrc', 'LTC_D_AvgPrc']",21,2,0.01,7,04/03/2023,32,0.443609023,0.470461869,78.57788217,0.042532109,10221.00263,0.47472776,97.81616803,5.271922076,128.2557586,0.068914203,23030.33313,0.446153846,151.7574813,8.09818918,0
15/08/2025 16:41,31.2s,e2f24512047c4210aed12487e0972275,ETH_base_LTC_blk,LOCAL,/home/ec2-user/ETH_Price_Predition/.venv/lib/python3.11/site-packages/ipykernel_launcher.py,ec2-user,FINISHED,32,0,33,"['ETH_D_AvgPrc', 'LTC_D_AvgPrc', 'LTC_YF_Vol', 'LTC_OL_MinDif', 'LTC_BIC_HshRt']",7,3,0.001,7,04/03/2023,64,0.458646617,0.470461869,80.39093811,0.043870973,10077.56156,0.47801837,97.82028048,5.336876526,113.8551643,0.061312246,18093.95581,0.466666667,134.5137755,7.19203025,0
15/08/2025 17:31,20.7s,6eaf5c49fd5d47729d00a4526bae4223,ETH_base_LTC_blk,LOCAL,/home/ec2-user/ETH_Price_Predition/.venv/lib/python3.11/site-packages/ipykernel_launcher.py,ec2-user,FINISHED,32,0.1,7,"['ETH_D_AvgPrc', 'LTC_D_AvgPrc', 'LTC_YF_Vol', 'LTC_OL_MinDif', 'LTC_BIC_HshRt']",21,3,0.01,7,04/03/2023,32,0.443609023,0.464017186,79.06053055,0.043410375,10160.27675,0.470420942,97.8718944,5.446412492,123.6490265,0.066474577,20864.8157,0.449275362,144.4465843,7.699077189,0
15/08/2025 17:32,23.0s,bc0c912c160e4f45a3470c7effd6a606,ETH_base_LTC_blk,LOCAL,/home/ec2-user/ETH_Price_Predition/.venv/lib/python3.11/site-packages/ipykernel_launcher.py,ec2-user,FINISHED,64,0.1,33,"['ETH_D_AvgPrc', 'LTC_D_AvgPrc', 'LTC_YF_Vol', 'LTC_OL_MinDif', 'LTC_BIC_HshRt']",21,3,0.01,7,04/03/2023,32,0.466165414,0.499462943,79.29420702,0.043936545,9712.970335,0.503719711,97.88647526,5.539061081,83.22863196,0.045291254,10469.60013,0.471428571,102.3210639,5.629053829,0
15/08/2025 13:48,19.4s,80bb1df13de84b718161b6904c6b05ab,ETH_base_BTC_blk,LOCAL,/home/ec2-user/ETH_Price_Predition/.venv/lib/python3.11/site-packages/ipykernel_launcher.py,ec2-user,FINISHED,64,0.1,34,"['ETH_D_AvgPrc', 'BTC_D_AvgPrc', 'BTC_OL_MinDif', 'BTC_OL_AvgTransFee', 'BTC_BIC_HshRt']",14,2,0.001,7,04/03/2023,64,0.458646617,0.504833512,77.06267386,0.042434948,9674.134927,0.508398268,97.92114547,5.423423047,91.21924448,0.04957232,12212.23805,0.467532468,110.5089953,5.991673035,0
15/08/2025 13:40,14.1s,d9dd88bbf7264b3dadbc5552bbf97baf,ETH_base_BTC_blk,LOCAL,/home/ec2-user/ETH_Price_Predition/.venv/lib/python3.11/site-packages/ipykernel_launcher.py,ec2-user,FINISHED,32,0,2,"['ETH_D_AvgPrc', 'BTC_D_AvgPrc', 'BTC_OL_MinDif', 'BTC_OL_AvgTransFee', 'BTC_BIC_HshRt']",14,2,0.01,7,04/03/2023,32,0.458646617,0.50698174,76.60827978,0.042192074,9829.582248,0.511527967,97.92653183,5.477473657,93.63146124,0.050651895,14074.34715,0.465753425,118.6353537,6.426756556,0
15/08/2025 20:05,13.8s,98608feccc79491791654a099d1be617,ETH_base_sent_vader,LOCAL,/home/ec2-user/ETH_Price_Predition/.venv/lib/python3.11/site-packages/ipykernel_launcher.py,ec2-user,FINISHED,64,0.05,6,"['ETH_D_AvgPrc', 'D_VADER_AvgScr_Ex', 'D_VADER_Sent_AvgEx']",7,3,0.01,7,04/03/2023,32,0.428571429,0.469387755,76.42134627,0.041669377,9754.032902,0.475617224,98.04112093,5.339188755,90.24959639,0.049088947,13216.49998,0.436619718,114.9630375,6.253276406,0
15/08/2025 23:06,27.7s,b2a1f7719b0a41a493a800fcce90778c,ETH_base_sent_finbert,LOCAL,/home/ec2-user/ETH_Price_Predition/.venv/lib/python3.11/site-packages/ipykernel_launcher.py,ec2-user,FINISHED,32,0.05,20,"['ETH_D_AvgPrc', 'D_FINBERT_AvgScr_Ex', 'D_FINBERT_Sent_AvgEx']",28,3,0.001,7,04/03/2023,64,0.428571429,0.498388829,77.74218717,0.042770279,9978.732578,0.503189209,98.15982542,5.463205529,97.31037272,0.053216207,14486.88983,0.436619718,120.3614965,6.630488321,0
15/08/2025 20:36,14.2s,88298b50112c4b5cb01199266dbd03e5,ETH_base_sent_vader,LOCAL,/home/ec2-user/ETH_Price_Predition/.venv/lib/python3.11/site-packages/ipykernel_launcher.py,ec2-user,FINISHED,32,0,3,"['ETH_D_AvgPrc', 'D_VADER_AvgScr_Ex', 'D_VADER_Sent_AvgEx']",21,2,0.01,7,04/03/2023,64,0.458646617,0.494092374,76.53695597,0.041828,9796.452088,0.497690444,98.17501819,5.363068998,89.08913634,0.048462619,13683.34669,0.461538462,116.9758381,6.33935726,0
15/08/2025 13:42,14.0s,f3d58a289e464f3fb02869edd9a332cb,ETH_base_BTC_blk,LOCAL,/home/ec2-user/ETH_Price_Predition/.venv/lib/python3.11/site-packages/ipykernel_launcher.py,ec2-user,FINISHED,64,0,13,"['ETH_D_AvgPrc', 'BTC_D_AvgPrc', 'BTC_OL_MinDif', 'BTC_OL_AvgTransFee', 'BTC_BIC_HshRt']",14,2,0.01,7,04/03/2023,64,0.413533835,0.499462943,79.30834627,0.043432307,10231.14275,0.503358051,98.17659746,5.411977253,127.2447714,0.068342844,22319.38706,0.415384615,149.3967438,7.962379817,0
15/08/2025 22:55,24.6s,2a6a38d8c751486580ee82aed61f2538,ETH_base_sent_finbert,LOCAL,/home/ec2-user/ETH_Price_Predition/.venv/lib/python3.11/site-packages/ipykernel_launcher.py,ec2-user,FINISHED,32,0.1,24,"['ETH_D_AvgPrc', 'D_FINBERT_AvgScr_Ex', 'D_FINBERT_Sent_AvgEx']",28,2,0.001,7,04/03/2023,32,0.413533835,0.483351235,80.44095167,0.044566762,10047.27055,0.488387897,98.2399838,5.536409164,103.3743674,0.056860629,15029.18701,0.417910448,122.5935847,6.843710503,0
15/08/2025 22:52,21.1s,d45fe12a4dd4449785b41456709d6a38,ETH_base_sent_finbert,LOCAL,/home/ec2-user/ETH_Price_Predition/.venv/lib/python3.11/site-packages/ipykernel_launcher.py,ec2-user,FINISHED,64,0.05,40,"['ETH_D_AvgPrc', 'D_FINBERT_AvgScr_Ex', 'D_FINBERT_Sent_AvgEx']",28,2,0.001,7,04/03/2023,32,0.406015038,0.497314715,78.69339733,0.043483355,10145.82339,0.502355379,98.31570586,5.509177397,103.3218005,0.056763803,15744.13054,0.421052632,125.4756173,6.966912001,0
15/08/2025 17:43,31.7s,020b69776869460d9986c60beb3696d2,ETH_base_LTC_blk,LOCAL,/home/ec2-user/ETH_Price_Predition/.venv/lib/python3.11/site-packages/ipykernel_launcher.py,ec2-user,FINISHED,64,0.05,77,"['ETH_D_AvgPrc', 'LTC_D_AvgPrc', 'LTC_YF_Vol', 'LTC_OL_MinDif', 'LTC_BIC_HshRt']",28,2,0.001,7,04/03/2023,64,0.428571429,0.461868958,81.25824447,0.044235535,11056.83713,0.467195816,98.31918741,5.35270099,137.7938997,0.073953284,25271.01683,0.434782609,158.9686033,8.438892428,0
15/08/2025 21:12,44.2s,b73fb3cb73dd440ebb8b88ead0b9edf5,ETH_base_sent_vader,LOCAL,/home/ec2-user/ETH_Price_Predition/.venv/lib/python3.11/site-packages/ipykernel_launcher.py,ec2-user,FINISHED,32,0,55,"['ETH_D_AvgPrc', 'D_VADER_AvgScr_Ex', 'D_VADER_Sent_AvgEx']",28,3,0.01,7,04/03/2023,64,0.406015038,0.500537057,78.69306246,0.043049667,10471.34513,0.505600179,98.34846302,5.391098422,112.9408067,0.06164356,20183.87525,0.414285714,142.0699661,7.7830558,0
15/08/2025 23:05,31.7s,54a1f4327c424f639d086df7ab16a11a,ETH_base_sent_finbert,LOCAL,/home/ec2-user/ETH_Price_Predition/.venv/lib/python3.11/site-packages/ipykernel_launcher.py,ec2-user,FINISHED,64,0.05,60,"['ETH_D_AvgPrc', 'D_FINBERT_AvgScr_Ex', 'D_FINBERT_Sent_AvgEx']",28,3,0.001,7,04/03/2023,32,0.398496241,0.501611171,78.93371031,0.04368643,10210.54956,0.505935315,98.40066959,5.535848875,103.3899906,0.056872111,15932.32053,0.408450704,126.2232963,7.031119012,0
15/08/2025 17:16,15.6s,67cacade28a94fa49ce4a1bb01128be9,ETH_base_LTC_blk,LOCAL,/home/ec2-user/ETH_Price_Predition/.venv/lib/python3.11/site-packages/ipykernel_launcher.py,ec2-user,FINISHED,32,0.05,3,"['ETH_D_AvgPrc', 'LTC_D_AvgPrc', 'LTC_YF_Vol', 'LTC_OL_MinDif', 'LTC_BIC_HshRt']",21,2,0.01,7,04/03/2023,32,0.458646617,0.458646617,80.63695968,0.04376074,10436.15538,0.465414792,98.46115195,5.324917236,98.33515712,0.053049983,14552.83447,0.46031746,120.6351295,6.477825261,0
15/08/2025 13:36,22.1s,f92ee8755bc5444381983da470d8974b,ETH_base_BTC_blk,LOCAL,/home/ec2-user/ETH_Price_Predition/.venv/lib/python3.11/site-packages/ipykernel_launcher.py,ec2-user,FINISHED,32,0.05,13,"['ETH_D_AvgPrc', 'BTC_D_AvgPrc', 'BTC_OL_MinDif', 'BTC_OL_AvgTransFee', 'BTC_BIC_HshRt']",7,3,0.01,7,04/03/2023,64,0.428571429,0.500537057,78.30033499,0.042934458,10311.80649,0.504369495,98.53384066,5.420545729,130.8711656,0.070236412,22927.61534,0.432835821,151.4186757,8.039979779,0
15/08/2025 23:04,27.2s,82cfa668729b42aa8b5ca85946ffaa3b,ETH_base_sent_finbert,LOCAL,/home/ec2-user/ETH_Price_Predition/.venv/lib/python3.11/site-packages/ipykernel_launcher.py,ec2-user,FINISHED,32,0.05,18,"['ETH_D_AvgPrc', 'D_FINBERT_AvgScr_Ex', 'D_FINBERT_Sent_AvgEx']",28,3,0.001,7,04/03/2023,32,0.45112782,0.484425349,76.95898693,0.042285196,10052.22021,0.489738439,98.57034421,5.468465004,99.19497635,0.054225119,15078.48069,0.457142857,122.7944652,6.748945997,0
15/08/2025 13:30,29.8s,4ce79191a7a14d98bb56c1bcea304a4e,ETH_base_BTC_blk,LOCAL,/home/ec2-user/ETH_Price_Predition/.venv/lib/python3.11/site-packages/ipykernel_launcher.py,ec2-user,FINISHED,32,0.1,42,"['ETH_D_AvgPrc', 'BTC_D_AvgPrc', 'BTC_OL_MinDif', 'BTC_OL_AvgTransFee', 'BTC_BIC_HshRt']",7,2,0.001,7,04/03/2023,32,0.45112782,0.490870032,80.87518265,0.044120155,10145.53901,0.496459145,98.57475964,5.371810094,105.3600205,0.056987413,15845.298,0.455882353,125.8781077,6.773965758,0
15/08/2025 14:00,27.6s,4b77fd15cee5492494f10f7039aff655,ETH_base_BTC_blk,LOCAL,/home/ec2-user/ETH_Price_Predition/.venv/lib/python3.11/site-packages/ipykernel_launcher.py,ec2-user,FINISHED,32,0,33,"['ETH_D_AvgPrc', 'BTC_D_AvgPrc', 'BTC_OL_MinDif', 'BTC_OL_AvgTransFee', 'BTC_BIC_HshRt']",21,2,0.001,7,04/03/2023,64,0.466165414,0.494092374,79.17157107,0.043562073,9983.789088,0.498814649,98.62617838,5.469526096,98.77947287,0.053922721,15181.50281,0.46969697,123.2132412,6.751310723,0
15/08/2025 13:37,17.0s,8729e7987beb4ff3861e7ab742c85e60,ETH_base_BTC_blk,LOCAL,/home/ec2-user/ETH_Price_Predition/.venv/lib/python3.11/site-packages/ipykernel_launcher.py,ec2-user,FINISHED,64,0.05,15,"['ETH_D_AvgPrc', 'BTC_D_AvgPrc', 'BTC_OL_MinDif', 'BTC_OL_AvgTransFee', 'BTC_BIC_HshRt']",7,3,0.001,7,04/03/2023,64,0.466165414,0.508055854,80.75347986,0.043994729,10305.27822,0.511738619,98.63028192,5.363050489,118.3764954,0.063784815,19824.61152,0.470588235,140.7998989,7.540295276,0
15/08/2025 21:46,22.6s,19e1c71f86eb4d53a6ee83ced0e84494,ETH_base_sent_finbert,LOCAL,/home/ec2-user/ETH_Price_Predition/.venv/lib/python3.11/site-packages/ipykernel_launcher.py,ec2-user,FINISHED,32,0,19,"['ETH_D_AvgPrc', 'D_FINBERT_AvgScr_Ex', 'D_FINBERT_Sent_AvgEx']",7,3,0.01,7,04/03/2023,64,0.428571429,0.501611171,75.5249599,0.041381581,10307.19737,0.50762507,98.6667142,5.441648769,95.1456012,0.052183928,15005.28006,0.426229508,122.496041,6.784699976,0
15/08/2025 13:18,22.1s,4faa72b4beca4badbe2bd4af16a16c0d,ETH_base_ETH_blk,LOCAL,/home/ec2-user/ETH_Price_Predition/.venv/lib/python3.11/site-packages/ipykernel_launcher.py,ec2-user,FINISHED,64,0.1,28,"['ETH_D_AvgPrc', 'ETH_YF_Vol', 'ETH_ES_AvgTransFee', 'ETH_ES_BlkTm', 'ETH_ES_GasUsd', 'ETH_ES_AvgGasPrc']",28,3,0.001,7,04/03/2023,64,0.496240602,0.482277121,76.98893795,0.042551781,10071.29807,0.488351425,98.67698032,5.501407134,97.43412402,0.053710342,15858.36602,0.5,125.9300044,7.045606708,0
15/08/2025 12:12,18.7s,ead9aa8e4d0e4aff870315ecb4fc9dce,ETH_base_ETH_blk,LOCAL,/home/ec2-user/ETH_Price_Predition/.venv/lib/python3.11/site-packages/ipykernel_launcher.py,ec2-user,FINISHED,32,0.05,6,"['ETH_D_AvgPrc', 'ETH_YF_Vol', 'ETH_ES_AvgTransFee', 'ETH_ES_BlkTm', 'ETH_ES_GasUsd', 'ETH_ES_AvgGasPrc']",7,3,0.01,7,04/03/2023,32,0.488721805,0.488721805,75.12806933,0.041041685,10111.17122,0.494530741,98.7507174,5.414511425,83.96365035,0.045831887,12049.27777,0.493506494,109.7692023,6.01489923,0
15/08/2025 13:35,15.4s,55a49166c62746f5afc3a9f48cdf0bbf,ETH_base_BTC_blk,LOCAL,/home/ec2-user/ETH_Price_Predition/.venv/lib/python3.11/site-packages/ipykernel_launcher.py,ec2-user,FINISHED,64,0,12,"['ETH_D_AvgPrc', 'BTC_D_AvgPrc', 'BTC_OL_MinDif', 'BTC_OL_AvgTransFee', 'BTC_BIC_HshRt']",7,3,0.001,7,04/03/2023,64,0.458646617,0.511278195,79.82914483,0.043461632,10280.71557,0.514647179,98.77518117,5.362730961,104.9060791,0.056656121,16572.23608,0.464788732,128.7331973,6.911103007,0
15/08/2025 16:55,14.2s,b2efc0b02a8243f6ba313413a6010604,ETH_base_LTC_blk,LOCAL,/home/ec2-user/ETH_Price_Predition/.venv/lib/python3.11/site-packages/ipykernel_launcher.py,ec2-user,FINISHED,64,0,17,"['ETH_D_AvgPrc', 'LTC_D_AvgPrc', 'LTC_YF_Vol', 'LTC_OL_MinDif', 'LTC_BIC_HshRt']",14,2,0.001,7,04/03/2023,64,0.473684211,0.461868958,80.07505115,0.043507544,10703.36802,0.467899554,98.81340337,5.354740603,115.4958682,0.06213422,18953.39296,0.478873239,137.6713222,7.350575514,0
15/08/2025 17:20,21.4s,ed8850a19cc04afd83ece6a8b41aab8e,ETH_base_LTC_blk,LOCAL,/home/ec2-user/ETH_Price_Predition/.venv/lib/python3.11/site-packages/ipykernel_launcher.py,ec2-user,FINISHED,64,0.1,44,"['ETH_D_AvgPrc', 'LTC_D_AvgPrc', 'LTC_YF_Vol', 'LTC_OL_MinDif', 'LTC_BIC_HshRt']",21,2,0.01,7,04/03/2023,32,0.466165414,0.500537057,82.85330892,0.044894618,10697.71317,0.505602855,98.8864593,5.319719677,116.0745893,0.062520507,18323.04471,0.46875,135.3626415,7.246263371,0
15/08/2025 16:58,16.1s,bb0ce29e30ab4a7fb00b69fe145d959e,ETH_base_LTC_blk,LOCAL,/home/ec2-user/ETH_Price_Predition/.venv/lib/python3.11/site-packages/ipykernel_launcher.py,ec2-user,FINISHED,64,0.05,23,"['ETH_D_AvgPrc', 'LTC_D_AvgPrc', 'LTC_YF_Vol', 'LTC_OL_MinDif', 'LTC_BIC_HshRt']",14,2,0.001,7,04/03/2023,64,0.436090226,0.466165414,80.82709206,0.044292572,10050.6619,0.47562753,98.96129815,5.448420946,107.8762044,0.058186298,16969.6611,0.45,130.2676518,6.988404939,0
15/08/2025 13:58,17.1s,38a782ab30e74e1cbc676d8d6c7c996b,ETH_base_BTC_blk,LOCAL,/home/ec2-user/ETH_Price_Predition/.venv/lib/python3.11/site-packages/ipykernel_launcher.py,ec2-user,FINISHED,64,0.1,11,"['ETH_D_AvgPrc', 'BTC_D_AvgPrc', 'BTC_OL_MinDif', 'BTC_OL_AvgTransFee', 'BTC_BIC_HshRt']",14,3,0.01,7,04/03/2023,64,0.458646617,0.502685285,80.59144482,0.04426259,10081.21668,0.506953425,98.96817776,5.469710782,108.1194497,0.058233165,16940.8882,0.467532468,130.1571673,6.968688049,0
15/08/2025 21:51,23.4s,d5372751668145aa9d1b53a1ada00413,ETH_base_sent_finbert,LOCAL,/home/ec2-user/ETH_Price_Predition/.venv/lib/python3.11/site-packages/ipykernel_launcher.py,ec2-user,FINISHED,32,0.05,18,"['ETH_D_AvgPrc', 'D_FINBERT_AvgScr_Ex', 'D_FINBERT_Sent_AvgEx']",7,3,0.001,7,04/03/2023,64,0.398496241,0.509129968,78.30795606,0.043207814,10085.69971,0.51215598,99.03614514,5.524398281,92.28771812,0.050720183,13771.64386,0.408450704,117.3526475,6.513677968,0
15/08/2025 12:54,18.5s,b551b026e1ef4e3895ef34bb83a0e69a,ETH_base_ETH_blk,LOCAL,/home/ec2-user/ETH_Price_Predition/.venv/lib/python3.11/site-packages/ipykernel_launcher.py,ec2-user,FINISHED,32,0.1,3,"['ETH_D_AvgPrc', 'ETH_YF_Vol', 'ETH_ES_AvgTransFee', 'ETH_ES_BlkTm', 'ETH_ES_GasUsd', 'ETH_ES_AvgGasPrc']",21,3,0.001,7,04/03/2023,32,0.488721805,0.481203008,79.92113576,0.043788785,9983.20656,0.487364275,99.06617008,5.412644987,95.04127468,0.051504125,13884.13396,0.493506494,117.830955,6.311401342,0
15/08/2025 21:57,23.8s,60ccffa564f9416ca1317ff4a5d5f9db,ETH_base_sent_finbert,LOCAL,/home/ec2-user/ETH_Price_Predition/.venv/lib/python3.11/site-packages/ipykernel_launcher.py,ec2-user,FINISHED,32,0,30,"['ETH_D_AvgPrc', 'D_FINBERT_AvgScr_Ex', 'D_FINBERT_Sent_AvgEx']",14,2,0.01,7,04/03/2023,32,0.428571429,0.502685285,79.76430858,0.043966569,10234.83131,0.507700637,99.09708296,5.519077338,99.25264218,0.054654052,15476.92367,0.428571429,124.4062847,6.935831248,0
15/08/2025 13:31,18.1s,37afa8c37e934067b02dde79955e8c7a,ETH_base_BTC_blk,LOCAL,/home/ec2-user/ETH_Price_Predition/.venv/lib/python3.11/site-packages/ipykernel_launcher.py,ec2-user,FINISHED,64,0.1,31,"['ETH_D_AvgPrc', 'BTC_D_AvgPrc', 'BTC_OL_MinDif', 'BTC_OL_AvgTransFee', 'BTC_BIC_HshRt']",7,2,0.001,7,04/03/2023,32,0.473684211,0.504833512,80.19361427,0.04386037,10134.60082,0.508672153,99.1064674,5.425769316,111.4471401,0.059991321,17622.21718,0.478873239,132.7486994,7.083978343,0
15/08/2025 17:15,15.0s,27a736ac60e449c4b124cd153bbd9d19,ETH_base_LTC_blk,LOCAL,/home/ec2-user/ETH_Price_Predition/.venv/lib/python3.11/site-packages/ipykernel_launcher.py,ec2-user,FINISHED,32,0,2,"['ETH_D_AvgPrc', 'LTC_D_AvgPrc', 'LTC_YF_Vol', 'LTC_OL_MinDif', 'LTC_BIC_HshRt']",21,2,0.01,7,04/03/2023,64,0.488721805,0.464017186,80.38962582,0.043946593,10245.24172,0.471036004,99.11724784,5.454218393,116.3318181,0.062505852,18671.85129,0.493150685,136.6449827,7.281102824,0
15/08/2025 20:08,21.0s,18aa3386447049059ddf7f5a5ae75bb6,ETH_base_sent_vader,LOCAL,/home/ec2-user/ETH_Price_Predition/.venv/lib/python3.11/site-packages/ipykernel_launcher.py,ec2-user,FINISHED,64,0.05,27,"['ETH_D_AvgPrc', 'D_VADER_AvgScr_Ex', 'D_VADER_Sent_AvgEx']",7,3,0.01,7,04/03/2023,64,0.443609023,0.50698174,76.99701203,0.042302531,10987.84939,0.5110713,99.14119969,5.466703244,132.8693868,0.072771915,26246.52208,0.447761194,162.007784,8.933063945,0
15/08/2025 22:34,27.3s,bfdcab99b8ba47d98c5a2c4149346e70,ETH_base_sent_finbert,LOCAL,/home/ec2-user/ETH_Price_Predition/.venv/lib/python3.11/site-packages/ipykernel_launcher.py,ec2-user,FINISHED,32,0,24,"['ETH_D_AvgPrc', 'D_FINBERT_AvgScr_Ex', 'D_FINBERT_Sent_AvgEx']",21,3,0.001,7,04/03/2023,32,0.390977444,0.494092374,79.51843878,0.044249248,10491.17428,0.49856065,99.29882063,5.642069273,92.71295648,0.051311429,13789.49141,0.397058824,117.4286652,6.616204792,0
15/08/2025 23:04,39.5s,185192e7f73b4a7099a090864ac7598c,ETH_base_sent_finbert,LOCAL,/home/ec2-user/ETH_Price_Predition/.venv/lib/python3.11/site-packages/ipykernel_launcher.py,ec2-user,FINISHED,32,0.05,43,"['ETH_D_AvgPrc', 'D_FINBERT_AvgScr_Ex', 'D_FINBERT_Sent_AvgEx']",28,3,0.01,7,04/03/2023,32,0.458646617,0.504833512,81.72483385,0.044880475,11069.88306,0.507182225,99.32488794,5.499151223,123.4649312,0.067486574,21941.67431,0.463768116,148.1272234,8.141646922,0
15/08/2025 23:02,27.0s,81360fc72acc4491bc29120db81f6446,ETH_base_sent_finbert,LOCAL,/home/ec2-user/ETH_Price_Predition/.venv/lib/python3.11/site-packages/ipykernel_launcher.py,ec2-user,FINISHED,32,0,20,"['ETH_D_AvgPrc', 'D_FINBERT_AvgScr_Ex', 'D_FINBERT_Sent_AvgEx']",28,3,0.001,7,04/03/2023,64,0.428571429,0.496240602,80.50239204,0.044543337,10493.42127,0.50101599,99.325036,5.592494492,111.4654874,0.061335784,17789.15674,0.432835821,133.3759976,7.446529663,0
15/08/2025 13:25,23.3s,46d22bd7be81491dbb3bb1cb64686eef,ETH_base_BTC_blk,LOCAL,/home/ec2-user/ETH_Price_Predition/.venv/lib/python3.11/site-packages/ipykernel_launcher.py,ec2-user,FINISHED,32,0,28,"['ETH_D_AvgPrc', 'BTC_D_AvgPrc', 'BTC_OL_MinDif', 'BTC_OL_AvgTransFee', 'BTC_BIC_HshRt']",7,2,0.001,7,04/03/2023,64,0.458646617,0.513426423,74.80203755,0.041125571,10320.54618,0.516613454,99.34488048,5.484339148,96.40024263,0.052557765,15947.01938,0.465753425,126.2815084,6.894631711,0
15/08/2025 13:56,17.9s,dc89d21215984ac78f5329a2d931796c,ETH_base_BTC_blk,LOCAL,/home/ec2-user/ETH_Price_Predition/.venv/lib/python3.11/site-packages/ipykernel_launcher.py,ec2-user,FINISHED,64,0.1,17,"['ETH_D_AvgPrc', 'BTC_D_AvgPrc', 'BTC_OL_MinDif', 'BTC_OL_AvgTransFee', 'BTC_BIC_HshRt']",14,3,0.01,7,04/03/2023,32,0.45112782,0.514500537,81.83372122,0.044718296,10400.65064,0.517879881,99.34909808,5.448338922,100.5742451,0.054391613,14974.06936,0.457142857,122.36858,6.613261423,0
16/08/2025 00:36,18.6s,b8357f9a4edb42efafe699c13dff6117,ETH_base_sent_cryptobert,LOCAL,/home/ec2-user/ETH_Price_Predition/.venv/lib/python3.11/site-packages/ipykernel_launcher.py,ec2-user,FINISHED,64,0,30,"['ETH_D_AvgPrc', 'D_CRYPTOBERT_AvgScr_Ex', 'D_CRYPTOBERT_Sent_AvgEx']",28,2,0.001,7,04/03/2023,32,0.481203008,0.47905478,75.45462649,0.041666198,10145.30598,0.484045689,99.37127651,5.513248511,94.53718854,0.052211743,16071.83316,0.484375,126.7747339,7.066723874,0
15/08/2025 20:00,32.8s,2d84544ae1344174ba438c064b28c4d7,ETH_base_sent_vader,LOCAL,/home/ec2-user/ETH_Price_Predition/.venv/lib/python3.11/site-packages/ipykernel_launcher.py,ec2-user,FINISHED,32,0,43,"['ETH_D_AvgPrc', 'D_VADER_AvgScr_Ex', 'D_VADER_Sent_AvgEx']",7,3,0.001,7,04/03/2023,32,0.421052632,0.50698174,74.81221757,0.041029555,10286.15365,0.511149447,99.40727659,5.454104828,96.68768012,0.052898699,16479.15866,0.424242424,128.3711754,7.023979103,0
15/08/2025 23:10,23.2s,fb925eb1cd274cc08300409ad9c486e7,ETH_base_sent_finbert,LOCAL,/home/ec2-user/ETH_Price_Predition/.venv/lib/python3.11/site-packages/ipykernel_launcher.py,ec2-user,FINISHED,64,0.1,30,"['ETH_D_AvgPrc', 'D_FINBERT_AvgScr_Ex', 'D_FINBERT_Sent_AvgEx']",28,3,0.001,7,04/03/2023,32,0.398496241,0.485499463,79.41504647,0.043881249,10146.13284,0.491742149,99.42432821,5.572674132,99.93614598,0.054929945,14838.13532,0.408450704,121.811885,6.770515865,0
15/08/2025 21:59,14.5s,8fc3505a02d34e09908f34bc1bbc0e46,ETH_base_sent_finbert,LOCAL,/home/ec2-user/ETH_Price_Predition/.venv/lib/python3.11/site-packages/ipykernel_launcher.py,ec2-user,FINISHED,32,0,5,"['ETH_D_AvgPrc', 'D_FINBERT_AvgScr_Ex', 'D_FINBERT_Sent_AvgEx']",14,2,0.01,7,04/03/2023,64,0.436090226,0.50698174,78.23667395,0.043152579,10426.31966,0.511023032,99.46585255,5.545883944,89.39453745,0.04904482,13830.01105,0.441176471,117.6010674,6.507640274,0
15/08/2025 22:08,19.8s,1a0d610c250c44b699ffa4a89f53eaad,ETH_base_sent_finbert,LOCAL,/home/ec2-user/ETH_Price_Predition/.venv/lib/python3.11/site-packages/ipykernel_launcher.py,ec2-user,FINISHED,32,0,7,"['ETH_D_AvgPrc', 'D_FINBERT_AvgScr_Ex', 'D_FINBERT_Sent_AvgEx']",14,3,0.01,7,04/03/2023,32,0.406015038,0.499462943,80.45645374,0.044261159,10400.74388,0.502488924,99.53753488,5.529197985,100.9581498,0.055457464,15654.45975,0.411764706,125.1177835,6.951165844,0
15/08/2025 23:28,26.1s,0874c073fcb64438b324a4cafcc174cb,ETH_base_sent_cryptobert,LOCAL,/home/ec2-user/ETH_Price_Predition/.venv/lib/python3.11/site-packages/ipykernel_launcher.py,ec2-user,FINISHED,32,0,23,"['ETH_D_AvgPrc', 'D_CRYPTOBERT_AvgScr_Ex', 'D_CRYPTOBERT_Sent_AvgEx']",7,3,0.01,7,04/03/2023,64,0.428571429,0.467239527,79.98090694,0.043428226,10604.26845,0.473185961,99.57599638,5.406418241,103.5512776,0.055936728,16434.54162,0.434782609,128.1972762,6.898209453,0
15/08/2025 13:52,23.4s,65d8f65048bb459381f97b07fb896c31,ETH_base_BTC_blk,LOCAL,/home/ec2-user/ETH_Price_Predition/.venv/lib/python3.11/site-packages/ipykernel_launcher.py,ec2-user,FINISHED,32,0.05,13,"['ETH_D_AvgPrc', 'BTC_D_AvgPrc', 'BTC_OL_MinDif', 'BTC_OL_AvgTransFee', 'BTC_BIC_HshRt']",14,3,0.001,7,04/03/2023,32,0.458646617,0.487647691,81.36048216,0.044250188,10231.96225,0.492906018,99.79480204,5.404482011,91.28549148,0.049450531,12582.77616,0.465753425,112.1729743,6.035967722,0
15/08/2025 20:04,16.2s,1ca47c5666a648729683ce45ce5d0af9,ETH_base_sent_vader,LOCAL,/home/ec2-user/ETH_Price_Predition/.venv/lib/python3.11/site-packages/ipykernel_launcher.py,ec2-user,FINISHED,32,0.05,2,"['ETH_D_AvgPrc', 'D_VADER_AvgScr_Ex', 'D_VADER_Sent_AvgEx']",7,3,0.01,7,04/03/2023,32,0.428571429,0.489795918,79.36843908,0.04389468,10127.39614,0.494246808,99.87083863,5.577378765,85.0079192,0.046954045,11966.20942,0.434782609,109.3901706,6.140724221,0
15/08/2025 13:44,19.7s,eb130bd3c76d4c33b409211c19ed0c82,ETH_base_BTC_blk,LOCAL,/home/ec2-user/ETH_Price_Predition/.venv/lib/python3.11/site-packages/ipykernel_launcher.py,ec2-user,FINISHED,64,0.05,35,"['ETH_D_AvgPrc', 'BTC_D_AvgPrc', 'BTC_OL_MinDif', 'BTC_OL_AvgTransFee', 'BTC_BIC_HshRt']",14,2,0.001,7,04/03/2023,32,0.481203008,0.504833512,79.98729269,0.043634307,10492.88742,0.509070906,99.89936254,5.454943909,100.4881085,0.054257378,15177.4426,0.486486486,123.1967638,6.613540829,0
15/08/2025 17:52,20.9s,765ae6ab36e145e1b83855dcdf5d9a54,ETH_base_LTC_blk,LOCAL,/home/ec2-user/ETH_Price_Predition/.venv/lib/python3.11/site-packages/ipykernel_launcher.py,ec2-user,FINISHED,32,0.05,6,"['ETH_D_AvgPrc', 'LTC_D_AvgPrc', 'LTC_YF_Vol', 'LTC_OL_MinDif', 'LTC_BIC_HshRt']",28,3,0.001,7,04/03/2023,32,0.458646617,0.468313641,80.39411226,0.044036132,10412.66481,0.475013551,99.9423804,5.514820602,76.99812007,0.042353656,10069.04705,0.466666667,100.3446414,5.64603109,0
15/08/2025 23:00,17.2s,a55ae0e91707437a852cb09882679a46,ETH_base_sent_finbert,LOCAL,/home/ec2-user/ETH_Price_Predition/.venv/lib/python3.11/site-packages/ipykernel_launcher.py,ec2-user,FINISHED,64,0,16,"['ETH_D_AvgPrc', 'D_FINBERT_AvgScr_Ex', 'D_FINBERT_Sent_AvgEx']",28,3,0.01,7,04/03/2023,32,0.398496241,0.500537057,79.0680386,0.043578391,10620.77202,0.505115744,99.94307806,5.580288419,109.6631321,0.059991266,18319.96364,0.408450704,135.3512602,7.456553883,0
15/08/2025 20:05,21.3s,db4e22e20a3842e2b406b6b22c62eb7a,ETH_base_sent_vader,LOCAL,/home/ec2-user/ETH_Price_Predition/.venv/lib/python3.11/site-packages/ipykernel_launcher.py,ec2-user,FINISHED,32,0.05,13,"['ETH_D_AvgPrc', 'D_VADER_AvgScr_Ex', 'D_VADER_Sent_AvgEx']",7,3,0.001,7,04/03/2023,32,0.473684211,0.468313641,75.92466229,0.041772301,10325.17384,0.474594949,99.95380668,5.516767552,93.31688604,0.051245505,14745.71519,0.47761194,121.4319364,6.710173379,0
15/08/2025 13:41,16.2s,3873463784a649dbbe9604ca26f1f254,ETH_base_BTC_blk,LOCAL,/home/ec2-user/ETH_Price_Predition/.venv/lib/python3.11/site-packages/ipykernel_launcher.py,ec2-user,FINISHED,64,0,20,"['ETH_D_AvgPrc', 'BTC_D_AvgPrc', 'BTC_OL_MinDif', 'BTC_OL_AvgTransFee', 'BTC_BIC_HshRt']",14,2,0.01,7,04/03/2023,32,0.458646617,0.485499463,78.17407043,0.042653155,10415.83653,0.49079006,99.96952947,5.461666233,96.65368033,0.052627752,14832.24529,0.462686567,121.7877058,6.648889361,0
15/08/2025 22:55,13.1s,127fbb48ac1440e585228225d124237f,ETH_base_sent_finbert,LOCAL,/home/ec2-user/ETH_Price_Predition/.venv/lib/python3.11/site-packages/ipykernel_launcher.py,ec2-user,FINISHED,64,0.1,10,"['ETH_D_AvgPrc', 'D_FINBERT_AvgScr_Ex', 'D_FINBERT_Sent_AvgEx']",28,2,0.01,7,04/03/2023,32,0.436090226,0.490870032,81.34722074,0.04499682,10389.28596,0.496334536,100.0339812,5.597696203,98.91528297,0.054481946,14962.44006,0.442857143,122.3210532,6.821300626,0
15/08/2025 23:09,32.7s,ce7c514460f94abd90dc789efd5652d9,ETH_base_sent_finbert,LOCAL,/home/ec2-user/ETH_Price_Predition/.venv/lib/python3.11/site-packages/ipykernel_launcher.py,ec2-user,FINISHED,32,0.1,28,"['ETH_D_AvgPrc', 'D_FINBERT_AvgScr_Ex', 'D_FINBERT_Sent_AvgEx']",28,3,0.001,7,04/03/2023,32,0.398496241,0.499462943,80.69942631,0.044655632,10480.38677,0.503604864,100.0408195,5.624068155,108.7167989,0.059892439,16891.27304,0.408450704,129.9664304,7.264815969,0
15/08/2025 20:22,17.3s,aa4d1518358446889be28551ed554ae0,ETH_base_sent_vader,LOCAL,/home/ec2-user/ETH_Price_Predition/.venv/lib/python3.11/site-packages/ipykernel_launcher.py,ec2-user,FINISHED,32,0,4,"['ETH_D_AvgPrc', 'D_VADER_AvgScr_Ex', 'D_VADER_Sent_AvgEx']",14,3,0.001,7,04/03/2023,32,0.413533835,0.498388829,79.8381604,0.043876791,10247.18432,0.503963472,100.0890598,5.527119404,94.60335294,0.052063602,13116.27075,0.417910448,114.5262885,6.378311482,0
15/08/2025 17:24,22.0s,13f88c3168634851a232301aa3fc49ff,ETH_base_LTC_blk,LOCAL,/home/ec2-user/ETH_Price_Predition/.venv/lib/python3.11/site-packages/ipykernel_launcher.py,ec2-user,FINISHED,64,0,32,"['ETH_D_AvgPrc', 'LTC_D_AvgPrc', 'LTC_YF_Vol', 'LTC_OL_MinDif', 'LTC_BIC_HshRt']",21,3,0.01,7,04/03/2023,32,0.413533835,0.47905478,84.01423732,0.045801389,11137.91375,0.480092844,100.1073439,5.472448938,144.4920702,0.077461441,27308.98825,0.406779661,165.2543139,8.780549131,0
15/08/2025 16:38,42.1s,9efb3df55be64bed84452c38058ee8cc,ETH_base_LTC_blk,LOCAL,/home/ec2-user/ETH_Price_Predition/.venv/lib/python3.11/site-packages/ipykernel_launcher.py,ec2-user,FINISHED,32,0,59,"['ETH_D_AvgPrc', 'LTC_D_AvgPrc', 'LTC_YF_Vol', 'LTC_OL_MinDif', 'LTC_BIC_HshRt']",7,3,0.01,7,04/03/2023,32,0.488721805,0.494092374,78.49512682,0.042968322,11036.11959,0.499059154,100.1514748,5.486010683,112.5604829,0.06143075,18841.46665,0.493333333,137.264222,7.512495657,0
15/08/2025 17:30,41.0s,fa1f1585a43349179d7ef24a7d42b481,ETH_base_LTC_blk,LOCAL,/home/ec2-user/ETH_Price_Predition/.venv/lib/python3.11/site-packages/ipykernel_launcher.py,ec2-user,FINISHED,32,0.05,47,"['ETH_D_AvgPrc', 'LTC_D_AvgPrc', 'LTC_YF_Vol', 'LTC_OL_MinDif', 'LTC_BIC_HshRt']",21,3,0.001,7,04/03/2023,64,0.45112782,0.469387755,81.91316769,0.045027437,10467.06704,0.473922999,100.1687964,5.583467527,122.5567097,0.066019628,19895.2354,0.454545455,141.0504711,7.554439418,0
15/08/2025 17:06,30.0s,3dafd3be58c94ceca9c8cfe486f02dc8,ETH_base_LTC_blk,LOCAL,/home/ec2-user/ETH_Price_Predition/.venv/lib/python3.11/site-packages/ipykernel_launcher.py,ec2-user,FINISHED,64,0.05,58,"['ETH_D_AvgPrc', 'LTC_D_AvgPrc', 'LTC_YF_Vol', 'LTC_OL_MinDif', 'LTC_BIC_HshRt']",14,3,0.001,7,04/03/2023,32,0.421052632,0.482277121,82.85473725,0.045082184,11170.27291,0.487815952,100.238814,5.451830778,130.8307676,0.070332427,22722.34065,0.435897436,150.7393136,8.034251813,0
15/08/2025 13:53,21.4s,f46c64f8c8e54416a3bb6dc8cfceaad3,ETH_base_BTC_blk,LOCAL,/home/ec2-user/ETH_Price_Predition/.venv/lib/python3.11/site-packages/ipykernel_launcher.py,ec2-user,FINISHED,32,0.05,9,"['ETH_D_AvgPrc', 'BTC_D_AvgPrc', 'BTC_OL_MinDif', 'BTC_OL_AvgTransFee', 'BTC_BIC_HshRt']",14,3,0.01,7,04/03/2023,64,0.421052632,0.494092374,78.69620279,0.043413452,10301.86508,0.498435242,100.2988779,5.588839102,112.3859365,0.060509259,18470.07766,0.432432432,135.9046639,7.281882981,0
15/08/2025 13:09,15.2s,284a8aa45c4245fcaf66f4fdb1fc3852,ETH_base_ETH_blk,LOCAL,/home/ec2-user/ETH_Price_Predition/.venv/lib/python3.11/site-packages/ipykernel_launcher.py,ec2-user,FINISHED,64,0,8,"['ETH_D_AvgPrc', 'ETH_YF_Vol', 'ETH_ES_AvgTransFee', 'ETH_ES_BlkTm', 'ETH_ES_GasUsd', 'ETH_ES_AvgGasPrc']",28,3,0.001,7,04/03/2023,32,0.518796992,0.480128894,79.31828188,0.043727744,10267.0567,0.485590937,100.2998148,5.552642998,84.58221458,0.04643148,12334.33185,0.520547945,111.0600371,6.13282753,0
15/08/2025 17:17,22.2s,072666f8e8ed404596bc1d5088f45ed0,ETH_base_LTC_blk,LOCAL,/home/ec2-user/ETH_Price_Predition/.venv/lib/python3.11/site-packages/ipykernel_launcher.py,ec2-user,FINISHED,64,0.05,44,"['ETH_D_AvgPrc', 'LTC_D_AvgPrc', 'LTC_YF_Vol', 'LTC_OL_MinDif', 'LTC_BIC_HshRt']",21,2,0.001,7,04/03/2023,32,0.473684211,0.47905478,82.72086578,0.045061808,11325.86472,0.485698424,100.3649937,5.477623103,147.9578181,0.079364875,28316.41467,0.48,168.2748189,8.936379659,0
15/08/2025 13:55,19.3s,47c90adc34e94d37abc33aab2cba05d4,ETH_base_BTC_blk,LOCAL,/home/ec2-user/ETH_Price_Predition/.venv/lib/python3.11/site-packages/ipykernel_launcher.py,ec2-user,FINISHED,32,0.1,5,"['ETH_D_AvgPrc', 'BTC_D_AvgPrc', 'BTC_OL_MinDif', 'BTC_OL_AvgTransFee', 'BTC_BIC_HshRt']",14,3,0.01,7,04/03/2023,32,0.466165414,0.504833512,81.12271076,0.045109083,10385.21781,0.508393191,100.4467151,5.718853713,102.5409617,0.055273675,15086.86258,0.471428571,122.8285902,6.56791913,0
15/08/2025 17:47,27.2s,fb0c744acc2c4adbafd98b532fca44ad,ETH_base_LTC_blk,LOCAL,/home/ec2-user/ETH_Price_Predition/.venv/lib/python3.11/site-packages/ipykernel_launcher.py,ec2-user,FINISHED,32,0,19,"['ETH_D_AvgPrc', 'LTC_D_AvgPrc', 'LTC_YF_Vol', 'LTC_OL_MinDif', 'LTC_BIC_HshRt']",28,3,0.01,7,04/03/2023,32,0.413533835,0.488721805,83.96383205,0.0460306,10427.41914,0.494411904,100.555408,5.545540941,103.3817196,0.05562945,15279.72426,0.424657534,123.6111818,6.599002151,0
15/08/2025 16:01,26.2s,ea018848a00e48679ab56aeb37b33884,ETH_base_BTC_blk,LOCAL,/home/ec2-user/ETH_Price_Predition/.venv/lib/python3.11/site-packages/ipykernel_launcher.py,ec2-user,FINISHED,64,0.05,46,"['ETH_D_AvgPrc', 'BTC_D_AvgPrc', 'BTC_OL_MinDif', 'BTC_OL_AvgTransFee', 'BTC_BIC_HshRt']",21,3,0.001,7,04/03/2023,64,0.496240602,0.495166488,82.45070837,0.045135523,10659.16736,0.499861357,100.6547977,5.519644769,107.6728656,0.058271942,16689.14589,0.5,129.1864772,6.957505446,0
15/08/2025 22:10,18.5s,8b9c84c89f0a471290329c58c4b31820,ETH_base_sent_finbert,LOCAL,/home/ec2-user/ETH_Price_Predition/.venv/lib/python3.11/site-packages/ipykernel_launcher.py,ec2-user,FINISHED,32,0,5,"['ETH_D_AvgPrc', 'D_FINBERT_AvgScr_Ex', 'D_FINBERT_Sent_AvgEx']",14,3,0.01,7,04/03/2023,64,0.390977444,0.502685285,78.23903052,0.042973424,10310.11788,0.507036635,100.7649075,5.589192757,88.47896834,0.048434141,13069.21738,0.405405405,114.3206778,6.297920706,0
15/08/2025 17:17,15.9s,e28607ce97be4dc0894d89029fbc3e34,ETH_base_LTC_blk,LOCAL,/home/ec2-user/ETH_Price_Predition/.venv/lib/python3.11/site-packages/ipykernel_launcher.py,ec2-user,FINISHED,64,0.05,20,"['ETH_D_AvgPrc', 'LTC_D_AvgPrc', 'LTC_YF_Vol', 'LTC_OL_MinDif', 'LTC_BIC_HshRt']",21,2,0.01,7,04/03/2023,32,0.45112782,0.491944146,84.76738302,0.046175181,11328.91124,0.497091213,100.8195713,5.494988394,139.1648539,0.074797908,24715.91183,0.455882353,157.2129506,8.371694337,0
15/08/2025 16:03,26.2s,6344fd8af2874daca9e9fcf458b0890e,ETH_base_BTC_blk,LOCAL,/home/ec2-user/ETH_Price_Predition/.venv/lib/python3.11/site-packages/ipykernel_launcher.py,ec2-user,FINISHED,32,0.1,18,"['ETH_D_AvgPrc', 'BTC_D_AvgPrc', 'BTC_OL_MinDif', 'BTC_OL_AvgTransFee', 'BTC_BIC_HshRt']",21,3,0.01,7,04/03/2023,64,0.458646617,0.50698174,83.45668038,0.045459844,11197.59315,0.5107011,100.8444551,5.493760901,119.2034694,0.064181259,20698.18885,0.464788732,143.8686514,7.699002672,0
15/08/2025 13:43,17.4s,b9d8cad0cf1b4a18b2b9936dd0837121,ETH_base_BTC_blk,LOCAL,/home/ec2-user/ETH_Price_Predition/.venv/lib/python3.11/site-packages/ipykernel_launcher.py,ec2-user,FINISHED,64,0,26,"['ETH_D_AvgPrc', 'BTC_D_AvgPrc', 'BTC_OL_MinDif', 'BTC_OL_AvgTransFee', 'BTC_BIC_HshRt']",14,2,0.001,7,04/03/2023,64,0.443609023,0.485499463,82.57239294,0.045173429,10435.42346,0.491179201,100.8543041,5.522749818,100.7255297,0.054446757,14791.06941,0.452054795,121.6185406,6.535776152,0
15/08/2025 16:11,1.1min,e94727184880445a9ae24049e8975a9b,ETH_base_BTC_blk,LOCAL,/home/ec2-user/ETH_Price_Predition/.venv/lib/python3.11/site-packages/ipykernel_launcher.py,ec2-user,FINISHED,32,0.05,110,"['ETH_D_AvgPrc', 'BTC_D_AvgPrc', 'BTC_OL_MinDif', 'BTC_OL_AvgTransFee', 'BTC_BIC_HshRt']",28,2,0.01,7,04/03/2023,64,0.488721805,0.496240602,80.64571839,0.044236188,10336.08794,0.50172073,100.860205,5.570242405,99.31359749,0.054199593,14463.0993,0.492753623,120.2626263,6.59314591,0
15/08/2025 13:28,29.9s,b75f43879f984c7cbaaf646b8e2fefd7,ETH_base_BTC_blk,LOCAL,/home/ec2-user/ETH_Price_Predition/.venv/lib/python3.11/site-packages/ipykernel_launcher.py,ec2-user,FINISHED,32,0.05,43,"['ETH_D_AvgPrc', 'BTC_D_AvgPrc', 'BTC_OL_MinDif', 'BTC_OL_AvgTransFee', 'BTC_BIC_HshRt']",7,2,0.01,7,04/03/2023,64,0.481203008,0.473684211,82.43907813,0.044803123,11281.39972,0.479030108,100.8732715,5.467103412,124.3790758,0.066924286,21330.67497,0.486842105,146.0502481,7.789048259,0
15/08/2025 12:37,15.1s,5e99c3c2a74147c29622546a0bc938a8,ETH_base_ETH_blk,LOCAL,/home/ec2-user/ETH_Price_Predition/.venv/lib/python3.11/site-packages/ipykernel_launcher.py,ec2-user,FINISHED,32,0,4,"['ETH_D_AvgPrc', 'ETH_YF_Vol', 'ETH_ES_AvgTransFee', 'ETH_ES_BlkTm', 'ETH_ES_GasUsd', 'ETH_ES_AvgGasPrc']",21,2,0.001,7,04/03/2023,32,0.473684211,0.482277121,80.75298109,0.044047489,10431.08238,0.487610364,100.8736201,5.475883201,106.0611295,0.057291821,16690.30738,0.47761194,129.1909725,6.914816581,0
15/08/2025 17:28,29.5s,fdd3ca2ea03245cebd08a20d3e45a98c,ETH_base_LTC_blk,LOCAL,/home/ec2-user/ETH_Price_Predition/.venv/lib/python3.11/site-packages/ipykernel_launcher.py,ec2-user,FINISHED,64,0.05,56,"['ETH_D_AvgPrc', 'LTC_D_AvgPrc', 'LTC_YF_Vol', 'LTC_OL_MinDif', 'LTC_BIC_HshRt']",21,3,0.01,7,04/03/2023,32,0.428571429,0.477980666,84.69839953,0.045838155,11318.37944,0.48310555,101.0175072,5.42971063,132.4801964,0.071039603,22960.50365,0.430769231,151.5272373,8.044274077,0
15/08/2025 21:47,46.8s,dfc3abd3ac0d4b948a8280e3b6335fdf,ETH_base_sent_finbert,LOCAL,/home/ec2-user/ETH_Price_Predition/.venv/lib/python3.11/site-packages/ipykernel_launcher.py,ec2-user,FINISHED,32,0,76,"['ETH_D_AvgPrc', 'D_FINBERT_AvgScr_Ex', 'D_FINBERT_Sent_AvgEx']",7,3,0.001,7,04/03/2023,64,0.436090226,0.503759398,82.95960187,0.045771728,10391.18173,0.50966292,101.103547,5.623913796,96.70805898,0.053300836,15252.25069,0.435483871,123.5000028,6.887999559,0
15/08/2025 16:14,23.6s,97862a52666f475f80442e83bcd2821f,ETH_base_BTC_blk,LOCAL,/home/ec2-user/ETH_Price_Predition/.venv/lib/python3.11/site-packages/ipykernel_launcher.py,ec2-user,FINISHED,64,0.1,49,"['ETH_D_AvgPrc', 'BTC_D_AvgPrc', 'BTC_OL_MinDif', 'BTC_OL_AvgTransFee', 'BTC_BIC_HshRt']",28,2,0.01,7,04/03/2023,32,0.443609023,0.483351235,76.11145859,0.04167308,11177.35774,0.489114311,101.2134018,5.566879559,110.5433549,0.059943026,20633.55317,0.452054795,143.6438414,7.804135967,0
15/08/2025 17:08,18.2s,0fd376e12fe44fe7af98c625dc64a3e8,ETH_base_LTC_blk,LOCAL,/home/ec2-user/ETH_Price_Predition/.venv/lib/python3.11/site-packages/ipykernel_launcher.py,ec2-user,FINISHED,64,0.05,15,"['ETH_D_AvgPrc', 'LTC_D_AvgPrc', 'LTC_YF_Vol', 'LTC_OL_MinDif', 'LTC_BIC_HshRt']",14,3,0.001,7,04/03/2023,64,0.458646617,0.474758324,82.37908844,0.045296642,10595.47964,0.481521224,101.2713241,5.632392708,103.8360759,0.056049095,15682.83371,0.467532468,125.2311212,6.732305504,0
15/08/2025 16:00,26.6s,f30c5999fe9c492dbbe72bdfc006d265,ETH_base_BTC_blk,LOCAL,/home/ec2-user/ETH_Price_Predition/.venv/lib/python3.11/site-packages/ipykernel_launcher.py,ec2-user,FINISHED,32,0.05,16,"['ETH_D_AvgPrc', 'BTC_D_AvgPrc', 'BTC_OL_MinDif', 'BTC_OL_AvgTransFee', 'BTC_BIC_HshRt']",21,3,0.01,7,04/03/2023,64,0.466165414,0.509129968,84.29784907,0.045877329,10795.0511,0.512042513,101.3113259,5.504303131,124.7052114,0.067168304,20077.40214,0.46969697,141.6947499,7.579626224,0
15/08/2025 22:52,12.3s,7063cad1b62d4b36bd9c0bd8ee00b6b4,ETH_base_sent_finbert,LOCAL,/home/ec2-user/ETH_Price_Predition/.venv/lib/python3.11/site-packages/ipykernel_launcher.py,ec2-user,FINISHED,64,0.05,7,"['ETH_D_AvgPrc', 'D_FINBERT_AvgScr_Ex', 'D_FINBERT_Sent_AvgEx']",28,2,0.01,7,04/03/2023,32,0.406015038,0.487647691,79.9851954,0.043751097,10479.42907,0.491931363,101.4049297,5.566457128,94.29851675,0.051391473,13991.39643,0.409090909,118.2852334,6.477176228,0
15/08/2025 15:55,36.9s,f316e47c32ae4ea19d1f803fd64dbd3b,ETH_base_BTC_blk,LOCAL,/home/ec2-user/ETH_Price_Predition/.venv/lib/python3.11/site-packages/ipykernel_launcher.py,ec2-user,FINISHED,32,0,42,"['ETH_D_AvgPrc', 'BTC_D_AvgPrc', 'BTC_OL_MinDif', 'BTC_OL_AvgTransFee', 'BTC_BIC_HshRt']",21,3,0.001,7,04/03/2023,32,0.473684211,0.476906552,82.60163258,0.045069854,11443.09498,0.482755931,101.4888144,5.558923936,113.6898232,0.061391356,19200.9711,0.478873239,138.5675687,7.472690013,0
15/08/2025 13:54,20.4s,f64556d03651444ebb18ec817a292f2f,ETH_base_BTC_blk,LOCAL,/home/ec2-user/ETH_Price_Predition/.venv/lib/python3.11/site-packages/ipykernel_launcher.py,ec2-user,FINISHED,64,0.05,25,"['ETH_D_AvgPrc', 'BTC_D_AvgPrc', 'BTC_OL_MinDif', 'BTC_OL_AvgTransFee', 'BTC_BIC_HshRt']",14,3,0.001,7,04/03/2023,64,0.458646617,0.487647691,84.19295258,0.046114303,10620.00027,0.49320814,101.6097998,5.581135152,102.1013723,0.055219188,14873.23072,0.465753425,121.9558556,6.568488188,0
15/08/2025 17:51,27.9s,07c4a1b657eb41a593408588f6a7c009,ETH_base_LTC_blk,LOCAL,/home/ec2-user/ETH_Price_Predition/.venv/lib/python3.11/site-packages/ipykernel_launcher.py,ec2-user,FINISHED,32,0.05,18,"['ETH_D_AvgPrc', 'LTC_D_AvgPrc', 'LTC_YF_Vol', 'LTC_OL_MinDif', 'LTC_BIC_HshRt']",28,3,0.01,7,04/03/2023,32,0.45112782,0.491944146,83.96045918,0.046199557,10737.02327,0.496181834,101.6666306,5.658956567,125.3690032,0.067399381,20709.93844,0.453125,143.90948,7.666501725,0
15/08/2025 13:33,22.8s,e81908e20d60458b92a318dace8dd3ac,ETH_base_BTC_blk,LOCAL,/home/ec2-user/ETH_Price_Predition/.venv/lib/python3.11/site-packages/ipykernel_launcher.py,ec2-user,FINISHED,32,0,16,"['ETH_D_AvgPrc', 'BTC_D_AvgPrc', 'BTC_OL_MinDif', 'BTC_OL_AvgTransFee', 'BTC_BIC_HshRt']",7,3,0.001,7,04/03/2023,32,0.473684211,0.500537057,82.79529497,0.045726496,10629.22216,0.505218729,101.7544994,5.674386763,99.51107742,0.053784578,14611.89286,0.47826087,120.8796627,6.49161548,0
16/08/2025 00:35,15.5s,98dd2fb4be1d43dda59e7d6ed6a2f797,ETH_base_sent_cryptobert,LOCAL,/home/ec2-user/ETH_Price_Predition/.venv/lib/python3.11/site-packages/ipykernel_launcher.py,ec2-user,FINISHED,32,0,4,"['ETH_D_AvgPrc', 'D_CRYPTOBERT_AvgScr_Ex', 'D_CRYPTOBERT_Sent_AvgEx']",28,2,0.001,7,04/03/2023,32,0.458646617,0.470461869,80.72005986,0.044559358,10836.5947,0.475384805,101.7633352,5.667358342,111.0724558,0.061401014,18686.78895,0.464788732,136.6996304,7.679251733,0
15/08/2025 13:50,22.7s,565feef85cce4ec8ae835b879a21c629,ETH_base_BTC_blk,LOCAL,/home/ec2-user/ETH_Price_Predition/.venv/lib/python3.11/site-packages/ipykernel_launcher.py,ec2-user,FINISHED,64,0,34,"['ETH_D_AvgPrc', 'BTC_D_AvgPrc', 'BTC_OL_MinDif', 'BTC_OL_AvgTransFee', 'BTC_BIC_HshRt']",14,3,0.001,7,04/03/2023,32,0.466165414,0.490870032,84.23372603,0.045626546,11171.4143,0.495895263,101.7973067,5.480316114,121.4956562,0.065181887,20758.65808,0.471428571,144.0786524,7.657076589,0
15/08/2025 13:47,14.9s,b29e538258cf4ef5a57df4cb628a1e38,ETH_base_BTC_blk,LOCAL,/home/ec2-user/ETH_Price_Predition/.venv/lib/python3.11/site-packages/ipykernel_launcher.py,ec2-user,FINISHED,64,0.1,17,"['ETH_D_AvgPrc', 'BTC_D_AvgPrc', 'BTC_OL_MinDif', 'BTC_OL_AvgTransFee', 'BTC_BIC_HshRt']",14,2,0.01,7,04/03/2023,32,0.436090226,0.496240602,82.66998947,0.045007421,10782.35651,0.500315273,101.8370529,5.537825139,110.9673781,0.059993527,17390.39695,0.441176471,131.8726543,7.099930167,0
15/08/2025 13:43,22.1s,e26608d90b5a4507b434634b656228fb,ETH_base_BTC_blk,LOCAL,/home/ec2-user/ETH_Price_Predition/.venv/lib/python3.11/site-packages/ipykernel_launcher.py,ec2-user,FINISHED,32,0.05,19,"['ETH_D_AvgPrc', 'BTC_D_AvgPrc', 'BTC_OL_MinDif', 'BTC_OL_AvgTransFee', 'BTC_BIC_HshRt']",14,2,0.001,7,04/03/2023,32,0.428571429,0.497314715,81.507909,0.044821503,10516.57432,0.50197206,101.8511493,5.621754021,80.93950246,0.044071503,10480.43922,0.438356164,102.3740163,5.567569719,0
15/08/2025 21:01,10.7s,490d2a72ff574241b2ee33b2758d2e19,ETH_base_sent_vader,LOCAL,/home/ec2-user/ETH_Price_Predition/.venv/lib/python3.11/site-packages/ipykernel_launcher.py,ec2-user,FINISHED,64,0,3,"['ETH_D_AvgPrc', 'D_VADER_AvgScr_Ex', 'D_VADER_Sent_AvgEx']",28,2,0.001,7,04/03/2023,64,0.518796992,0.508055854,82.34449527,0.04548819,10517.54184,0.510926253,101.9155622,5.694336388,80.14227501,0.043844755,10422.89848,0.52238806,102.0925976,5.600595591,0
15/08/2025 17:26,25.5s,f79abeddd2de4a4c97ed234ad2a951a1,ETH_base_LTC_blk,LOCAL,/home/ec2-user/ETH_Price_Predition/.venv/lib/python3.11/site-packages/ipykernel_launcher.py,ec2-user,FINISHED,32,0,18,"['ETH_D_AvgPrc', 'LTC_D_AvgPrc', 'LTC_YF_Vol', 'LTC_OL_MinDif', 'LTC_BIC_HshRt']",21,3,0.001,7,04/03/2023,64,0.443609023,0.476906552,85.52215793,0.046460453,12006.94012,0.482533514,102.2239766,5.546199625,151.6871414,0.081383111,29117.30958,0.447761194,170.6379488,9.06376297,0
15/08/2025 23:00,30.9s,c5f378d166cb45cf9ed117db910e667a,ETH_base_sent_finbert,LOCAL,/home/ec2-user/ETH_Price_Predition/.venv/lib/python3.11/site-packages/ipykernel_launcher.py,ec2-user,FINISHED,32,0,28,"['ETH_D_AvgPrc', 'D_FINBERT_AvgScr_Ex', 'D_FINBERT_Sent_AvgEx']",28,3,0.001,7,04/03/2023,32,0.390977444,0.497314715,81.58030443,0.044926328,10954.29175,0.500259697,102.259848,5.704633915,111.5925259,0.061388884,17884.38705,0.393939394,133.7325205,7.460579292,0
15/08/2025 23:25,13.3s,2f5070a6edec438c87297f0df2f82509,ETH_base_sent_cryptobert,LOCAL,/home/ec2-user/ETH_Price_Predition/.venv/lib/python3.11/site-packages/ipykernel_launcher.py,ec2-user,FINISHED,64,0.1,14,"['ETH_D_AvgPrc', 'D_CRYPTOBERT_AvgScr_Ex', 'D_CRYPTOBERT_Sent_AvgEx']",7,2,0.01,7,04/03/2023,64,0.436090226,0.457572503,80.39001314,0.044499879,10989.61865,0.465872158,102.268471,5.726635591,107.1809727,0.059270128,18482.25221,0.447368421,135.9494473,7.63935803,0
15/08/2025 17:01,22.4s,d561b0a4eb824abaac00b26a9236ae64,ETH_base_LTC_blk,LOCAL,/home/ec2-user/ETH_Price_Predition/.venv/lib/python3.11/site-packages/ipykernel_launcher.py,ec2-user,FINISHED,64,0.1,48,"['ETH_D_AvgPrc', 'LTC_D_AvgPrc', 'LTC_YF_Vol', 'LTC_OL_MinDif', 'LTC_BIC_HshRt']",14,2,0.001,7,04/03/2023,64,0.383458647,0.472610097,84.74295873,0.045997417,11823.63402,0.479036055,102.3779587,5.5440226,142.8487748,0.076640505,27125.41447,0.391304348,164.6979492,8.752672586,0
15/08/2025 13:47,22.4s,72633c3059884433a16cba0e8ada9c91,ETH_base_BTC_blk,LOCAL,/home/ec2-user/ETH_Price_Predition/.venv/lib/python3.11/site-packages/ipykernel_launcher.py,ec2-user,FINISHED,32,0.1,21,"['ETH_D_AvgPrc', 'BTC_D_AvgPrc', 'BTC_OL_MinDif', 'BTC_OL_AvgTransFee', 'BTC_BIC_HshRt']",14,2,0.01,7,04/03/2023,64,0.436090226,0.491944146,86.28297741,0.046966706,11200.41457,0.497336092,102.5244648,5.575817073,120.3350415,0.064788661,19407.00455,0.445945946,139.3090254,7.453219434,0
15/08/2025 14:03,21.5s,19de67376383438a8a266ca545ca00a0,ETH_base_BTC_blk,LOCAL,/home/ec2-user/ETH_Price_Predition/.venv/lib/python3.11/site-packages/ipykernel_launcher.py,ec2-user,FINISHED,32,0.05,17,"['ETH_D_AvgPrc', 'BTC_D_AvgPrc', 'BTC_OL_MinDif', 'BTC_OL_AvgTransFee', 'BTC_BIC_HshRt']",21,2,0.01,7,04/03/2023,64,0.458646617,0.505907626,82.96705249,0.045453582,11201.13343,0.50879563,102.5392697,5.655561464,135.4931675,0.07316461,24385.21297,0.466666667,156.1576542,8.407293464,0
15/08/2025 17:15,27.9s,5a99ee766ab74ddab6494555d76ee256,ETH_base_LTC_blk,LOCAL,/home/ec2-user/ETH_Price_Predition/.venv/lib/python3.11/site-packages/ipykernel_launcher.py,ec2-user,FINISHED,32,0,34,"['ETH_D_AvgPrc', 'LTC_D_AvgPrc', 'LTC_YF_Vol', 'LTC_OL_MinDif', 'LTC_BIC_HshRt']",21,2,0.001,7,04/03/2023,64,0.473684211,0.476906552,86.62947438,0.046899557,12196.83902,0.48038544,102.6042607,5.523219843,149.6147321,0.080278352,28140.97416,0.476923077,167.7527173,8.903315641,0
15/08/2025 17:13,16.2s,5446e3cfa0c14cb5af3420b3fffe6de1,ETH_base_LTC_blk,LOCAL,/home/ec2-user/ETH_Price_Predition/.venv/lib/python3.11/site-packages/ipykernel_launcher.py,ec2-user,FINISHED,32,0,6,"['ETH_D_AvgPrc', 'LTC_D_AvgPrc', 'LTC_YF_Vol', 'LTC_OL_MinDif', 'LTC_BIC_HshRt']",21,2,0.01,7,04/03/2023,32,0.488721805,0.488721805,85.58586958,0.046743646,11288.24304,0.494538838,102.6144183,5.622571941,137.5555418,0.073836564,24550.88264,0.492957746,156.6872128,8.325708612,0
15/08/2025 22:47,26.9s,27b74d3dbe66401cbca0a4ac57c84257,ETH_base_sent_finbert,LOCAL,/home/ec2-user/ETH_Price_Predition/.venv/lib/python3.11/site-packages/ipykernel_launcher.py,ec2-user,FINISHED,32,0,32,"['ETH_D_AvgPrc', 'D_FINBERT_AvgScr_Ex', 'D_FINBERT_Sent_AvgEx']",28,2,0.001,7,04/03/2023,32,0.406015038,0.485499463,80.83797946,0.044458145,10969.31488,0.490985744,102.6703923,5.711958695,104.1365822,0.057368019,16064.36981,0.414285714,126.745295,7.08791091,0
15/08/2025 13:45,20.6s,35d3b173798841ac8f5b7de18f48963f,ETH_base_BTC_blk,LOCAL,/home/ec2-user/ETH_Price_Predition/.venv/lib/python3.11/site-packages/ipykernel_launcher.py,ec2-user,FINISHED,64,0.05,39,"['ETH_D_AvgPrc', 'BTC_D_AvgPrc', 'BTC_OL_MinDif', 'BTC_OL_AvgTransFee', 'BTC_BIC_HshRt']",14,2,0.001,7,04/03/2023,64,0.436090226,0.497314715,83.10808775,0.045536625,10910.55008,0.502367565,102.719244,5.650768101,118.5879436,0.063813502,19813.90766,0.442857143,140.7618829,7.526187595,0
15/08/2025 16:38,11.8s,62342e4043524a2d82af278fc8afa500,ETH_base_LTC_blk,LOCAL,/home/ec2-user/ETH_Price_Predition/.venv/lib/python3.11/site-packages/ipykernel_launcher.py,ec2-user,FINISHED,64,0.1,4,"['ETH_D_AvgPrc', 'LTC_D_AvgPrc', 'LTC_YF_Vol', 'LTC_OL_MinDif', 'LTC_BIC_HshRt']",7,2,0.01,7,04/03/2023,64,0.473684211,0.481203008,82.06557077,0.045312238,11078.34327,0.487106259,102.7527465,5.7708512,125.2088717,0.067338964,22077.1232,0.47826087,148.5837245,7.934050953,0
15/08/2025 21:57,17.4s,19d1acf1f43a4958adf3b6a269c2dc96,ETH_base_sent_finbert,LOCAL,/home/ec2-user/ETH_Price_Predition/.venv/lib/python3.11/site-packages/ipykernel_launcher.py,ec2-user,FINISHED,32,0,12,"['ETH_D_AvgPrc', 'D_FINBERT_AvgScr_Ex', 'D_FINBERT_Sent_AvgEx']",14,2,0.001,7,04/03/2023,32,0.421052632,0.503759398,81.77718438,0.044969963,10822.86231,0.507706316,102.7606251,5.712220693,107.9261137,0.059416456,16998.10794,0.430555556,130.3767922,7.276969658,0
15/08/2025 17:23,12.9s,343bab67e6a649a695644a14cbaa8f08,ETH_base_LTC_blk,LOCAL,/home/ec2-user/ETH_Price_Predition/.venv/lib/python3.11/site-packages/ipykernel_launcher.py,ec2-user,FINISHED,64,0.1,10,"['ETH_D_AvgPrc', 'LTC_D_AvgPrc', 'LTC_YF_Vol', 'LTC_OL_MinDif', 'LTC_BIC_HshRt']",21,2,0.001,7,04/03/2023,64,0.503759398,0.473684211,84.03657986,0.046174163,10874.62512,0.479591583,102.8318862,5.696158412,120.199777,0.064683696,19916.86287,0.506849315,141.127116,7.533119189,0
15/08/2025 13:31,18.0s,bc59d50cf2a54a66b83a70af031a9038,ETH_base_BTC_blk,LOCAL,/home/ec2-user/ETH_Price_Predition/.venv/lib/python3.11/site-packages/ipykernel_launcher.py,ec2-user,FINISHED,32,0.1,12,"['ETH_D_AvgPrc', 'BTC_D_AvgPrc', 'BTC_OL_MinDif', 'BTC_OL_AvgTransFee', 'BTC_BIC_HshRt']",7,2,0.001,7,04/03/2023,64,0.503759398,0.515574651,84.14995866,0.046292292,10907.66763,0.518758736,102.8686468,5.690389682,106.2954342,0.057419254,16936.41043,0.506849315,130.1399648,7.000489796,0
15/08/2025 13:58,15.1s,deb8b4d1b0f14e68be857deac7961135,ETH_base_BTC_blk,LOCAL,/home/ec2-user/ETH_Price_Predition/.venv/lib/python3.11/site-packages/ipykernel_launcher.py,ec2-user,FINISHED,32,0,3,"['ETH_D_AvgPrc', 'BTC_D_AvgPrc', 'BTC_OL_MinDif', 'BTC_OL_AvgTransFee', 'BTC_BIC_HshRt']",21,2,0.01,7,04/03/2023,32,0.466165414,0.511278195,83.17567491,0.045747082,11161.59296,0.513637491,102.8927621,5.729441439,109.2456195,0.058576138,18106.92887,0.471428571,134.561989,7.159594979,0
16/08/2025 00:50,14.6s,254e6f4070a64ec1b29c47e331c92f48,ETH_base_sent_cryptobert,LOCAL,/home/ec2-user/ETH_Price_Predition/.venv/lib/python3.11/site-packages/ipykernel_launcher.py,ec2-user,FINISHED,64,0,7,"['ETH_D_AvgPrc', 'D_CRYPTOBERT_AvgScr_Ex', 'D_CRYPTOBERT_Sent_AvgEx']",28,3,0.001,7,04/03/2023,32,0.488721805,0.472610097,82.48665061,0.045562141,10736.72049,0.47658007,102.9305469,5.727445251,90.45222255,0.049814853,13168.8001,0.492063492,114.7553925,6.394905522,0
15/08/2025 17:14,21.1s,3d8260c8be9d4a8796740fcdf8e92f18,ETH_base_LTC_blk,LOCAL,/home/ec2-user/ETH_Price_Predition/.venv/lib/python3.11/site-packages/ipykernel_launcher.py,ec2-user,FINISHED,64,0,39,"['ETH_D_AvgPrc', 'LTC_D_AvgPrc', 'LTC_YF_Vol', 'LTC_OL_MinDif', 'LTC_BIC_HshRt']",21,2,0.001,7,04/03/2023,32,0.526315789,0.482277121,85.96740972,0.046716585,11800.44757,0.487430035,102.9355737,5.584847024,138.1452671,0.074182638,25022.499,0.53030303,158.1850151,8.408058814,0
15/08/2025 17:36,11.4s,b70da4964f954e1cb45ed7d7286085ac,ETH_base_LTC_blk,LOCAL,/home/ec2-user/ETH_Price_Predition/.venv/lib/python3.11/site-packages/ipykernel_launcher.py,ec2-user,FINISHED,64,0,4,"['ETH_D_AvgPrc', 'LTC_D_AvgPrc', 'LTC_YF_Vol', 'LTC_OL_MinDif', 'LTC_BIC_HshRt']",28,2,0.01,7,04/03/2023,32,0.458646617,0.487647691,84.06635407,0.046342699,10822.95784,0.493448946,102.9412991,5.744808678,80.54414333,0.043957695,10536.13646,0.46835443,102.6456841,5.659342548,0
15/08/2025 21:21,19.4s,1288f9dd30dc48048587a71a6481745f,ETH_base_sent_vader,LOCAL,/home/ec2-user/ETH_Price_Predition/.venv/lib/python3.11/site-packages/ipykernel_launcher.py,ec2-user,FINISHED,32,0.1,4,"['ETH_D_AvgPrc', 'D_VADER_AvgScr_Ex', 'D_VADER_Sent_AvgEx']",28,3,0.01,7,04/03/2023,64,0.436090226,0.529538131,79.36845954,0.0437397,11238.56152,0.535895001,103.1715273,5.718244098,115.0999579,0.063085643,19530.12323,0.442857143,139.7502173,7.710660852,0
15/08/2025 21:14,13.2s,b085cdcf2032438eaacf333984c0f3ed,ETH_base_sent_vader,LOCAL,/home/ec2-user/ETH_Price_Predition/.venv/lib/python3.11/site-packages/ipykernel_launcher.py,ec2-user,FINISHED,64,0,3,"['ETH_D_AvgPrc', 'D_VADER_AvgScr_Ex', 'D_VADER_Sent_AvgEx']",28,3,0.001,7,04/03/2023,64,0.488721805,0.474758324,84.77500363,0.046748846,11013.64439,0.478883971,103.1726227,5.73798047,110.6082931,0.059520242,18458.24956,0.491803279,135.8611407,7.243577175,0
15/08/2025 17:35,39.1s,c213ff6c3b30418db6b471d0c464a466,ETH_base_LTC_blk,LOCAL,/home/ec2-user/ETH_Price_Predition/.venv/lib/python3.11/site-packages/ipykernel_launcher.py,ec2-user,FINISHED,32,0,60,"['ETH_D_AvgPrc', 'LTC_D_AvgPrc', 'LTC_YF_Vol', 'LTC_OL_MinDif', 'LTC_BIC_HshRt']",28,2,0.01,7,04/03/2023,32,0.436090226,0.489795918,86.68081177,0.047181991,12210.70871,0.495033626,103.1952525,5.622781852,142.0104556,0.076283723,26620.69589,0.442857143,163.1584993,8.684773638,0
15/08/2025 23:07,20.0s,a9f8885a223f4bb9ba4da27e9a9bfafc,ETH_base_sent_finbert,LOCAL,/home/ec2-user/ETH_Price_Predition/.venv/lib/python3.11/site-packages/ipykernel_launcher.py,ec2-user,FINISHED,64,0.05,19,"['ETH_D_AvgPrc', 'D_FINBERT_AvgScr_Ex', 'D_FINBERT_Sent_AvgEx']",28,3,0.001,7,04/03/2023,64,0.421052632,0.510204082,84.74464156,0.046911058,10900.64634,0.514662856,103.2871804,5.792824514,97.95656018,0.053874276,14369.59626,0.430555556,119.8732508,6.673018624,0
15/08/2025 14:06,24.1s,ab859e0c4e80442a8e5a83f59ecd5528,ETH_base_BTC_blk,LOCAL,/home/ec2-user/ETH_Price_Predition/.venv/lib/python3.11/site-packages/ipykernel_launcher.py,ec2-user,FINISHED,64,0.1,53,"['ETH_D_AvgPrc', 'BTC_D_AvgPrc', 'BTC_OL_MinDif', 'BTC_OL_AvgTransFee', 'BTC_BIC_HshRt']",21,2,0.001,7,04/03/2023,64,0.473684211,0.494092374,84.39381784,0.046456012,10923.99291,0.49806821,103.4187866,5.738452857,110.460186,0.059704581,17760.50848,0.47761194,133.2685577,7.17662341,0
15/08/2025 22:50,28.0s,82e1aae49c714e989d0aa98e7d1c09e0,ETH_base_sent_finbert,LOCAL,/home/ec2-user/ETH_Price_Predition/.venv/lib/python3.11/site-packages/ipykernel_launcher.py,ec2-user,FINISHED,64,0,69,"['ETH_D_AvgPrc', 'D_FINBERT_AvgScr_Ex', 'D_FINBERT_Sent_AvgEx']",28,2,0.001,7,04/03/2023,64,0.398496241,0.491944146,85.43005876,0.047299841,11646.70544,0.496939943,103.4487141,5.820874735,119.8621998,0.066094066,20725.48266,0.402985075,143.9634768,8.076932382,0
15/08/2025 13:44,15.4s,d094232de8784d6d82d4b8ffff79d645,ETH_base_BTC_blk,LOCAL,/home/ec2-user/ETH_Price_Predition/.venv/lib/python3.11/site-packages/ipykernel_launcher.py,ec2-user,FINISHED,64,0.05,18,"['ETH_D_AvgPrc', 'BTC_D_AvgPrc', 'BTC_OL_MinDif', 'BTC_OL_AvgTransFee', 'BTC_BIC_HshRt']",14,2,0.01,7,04/03/2023,32,0.436090226,0.511278195,80.24829593,0.044282502,10830.45453,0.514487931,103.4724943,5.7678839,95.80732004,0.052048031,14266.6228,0.444444444,119.4429688,6.513637006,0
15/08/2025 18:49,14.6s,c2053290c4294885b3d56cead283f758,ETH_base_BTC_blk_LTC_blk,LOCAL,/home/ec2-user/ETH_Price_Predition/.venv/lib/python3.11/site-packages/ipykernel_launcher.py,ec2-user,FINISHED,32,0,3,"['ETH_D_AvgPrc', 'BTC_D_AvgPrc', 'LTC_D_AvgPrc']",21,2,0.001,7,04/03/2023,32,0.45112782,0.482277121,83.0048419,0.045335914,10803.48931,0.488384871,103.5152363,5.625989053,90.19059008,0.049196807,12687.78181,0.460526316,112.6400542,6.122621425,0
15/08/2025 22:48,18.8s,5848b7dc4c56403f895b59a619a1e661,ETH_base_sent_finbert,LOCAL,/home/ec2-user/ETH_Price_Predition/.venv/lib/python3.11/site-packages/ipykernel_launcher.py,ec2-user,FINISHED,64,0,35,"['ETH_D_AvgPrc', 'D_FINBERT_AvgScr_Ex', 'D_FINBERT_Sent_AvgEx']",28,2,0.001,7,04/03/2023,32,0.428571429,0.499462943,85.34456975,0.047212196,11014.82905,0.504987252,103.6907189,5.813802088,105.6834659,0.058130856,16041.1867,0.436619718,126.6538065,7.055204565,0
15/08/2025 16:42,13.5s,a3bf709b5056433c9fefa12c8bcd2a80,ETH_base_LTC_blk,LOCAL,/home/ec2-user/ETH_Price_Predition/.venv/lib/python3.11/site-packages/ipykernel_launcher.py,ec2-user,FINISHED,64,0,5,"['ETH_D_AvgPrc', 'LTC_D_AvgPrc', 'LTC_YF_Vol', 'LTC_OL_MinDif', 'LTC_BIC_HshRt']",7,3,0.001,7,04/03/2023,64,0.533834586,0.499462943,82.81030863,0.045189458,11242.19949,0.503464192,103.9114723,5.678241171,114.9574427,0.062070292,19231.79713,0.535211268,138.6787551,7.463927893,0
15/08/2025 13:48,21.2s,9623e0735f964d699f108a9e9b978b33,ETH_base_BTC_blk,LOCAL,/home/ec2-user/ETH_Price_Predition/.venv/lib/python3.11/site-packages/ipykernel_launcher.py,ec2-user,FINISHED,64,0.1,41,"['ETH_D_AvgPrc', 'BTC_D_AvgPrc', 'BTC_OL_MinDif', 'BTC_OL_AvgTransFee', 'BTC_BIC_HshRt']",14,2,0.01,7,04/03/2023,64,0.443609023,0.494092374,76.90952971,0.04252244,11622.89419,0.499123186,104.0627371,5.813953308,104.4688604,0.057187914,23331.05118,0.454545455,152.7450529,8.402506997,0
15/08/2025 13:56,24.5s,09184362017f4823adde8963028b1c1f,ETH_base_BTC_blk,LOCAL,/home/ec2-user/ETH_Price_Predition/.venv/lib/python3.11/site-packages/ipykernel_launcher.py,ec2-user,FINISHED,64,0.1,39,"['ETH_D_AvgPrc', 'BTC_D_AvgPrc', 'BTC_OL_MinDif', 'BTC_OL_AvgTransFee', 'BTC_BIC_HshRt']",14,3,0.001,7,04/03/2023,32,0.443609023,0.498388829,84.8811734,0.046784077,11195.92966,0.50287512,104.1243791,5.775750618,97.1487296,0.052595328,13686.27325,0.450704225,116.9883466,6.303375132,0
15/08/2025 21:57,12.4s,2021cbf498ed45cc82ce173503fe0c57,ETH_base_sent_finbert,LOCAL,/home/ec2-user/ETH_Price_Predition/.venv/lib/python3.11/site-packages/ipykernel_launcher.py,ec2-user,FINISHED,64,0.1,1,"['ETH_D_AvgPrc', 'D_FINBERT_AvgScr_Ex', 'D_FINBERT_Sent_AvgEx']",7,3,0.001,7,04/03/2023,64,0.436090226,0.488721805,84.55819653,0.046703665,11187.31228,0.493331243,104.124713,5.864150623,95.49827335,0.052893141,12991.96401,0.441176471,113.9822969,6.485104741,0
15/08/2025 15:59,33.1s,c942843fca854303950eb978da62e513,ETH_base_BTC_blk,LOCAL,/home/ec2-user/ETH_Price_Predition/.venv/lib/python3.11/site-packages/ipykernel_launcher.py,ec2-user,FINISHED,32,0.05,33,"['ETH_D_AvgPrc', 'BTC_D_AvgPrc', 'BTC_OL_MinDif', 'BTC_OL_AvgTransFee', 'BTC_BIC_HshRt']",21,3,0.001,7,04/03/2023,32,0.428571429,0.474758324,87.04192099,0.047439352,11545.72821,0.481165125,104.2826258,5.684570791,120.4537989,0.064701173,19930.2636,0.438356164,141.1745855,7.515167676,0
15/08/2025 13:36,31.5s,e54449afbf744b0080aa7165aa91ee5f,ETH_base_BTC_blk,LOCAL,/home/ec2-user/ETH_Price_Predition/.venv/lib/python3.11/site-packages/ipykernel_launcher.py,ec2-user,FINISHED,32,0.05,34,"['ETH_D_AvgPrc', 'BTC_D_AvgPrc', 'BTC_OL_MinDif', 'BTC_OL_AvgTransFee', 'BTC_BIC_HshRt']",7,3,0.001,7,04/03/2023,64,0.45112782,0.47905478,82.81108177,0.045590353,11076.54951,0.484846023,104.4126925,5.779881683,106.8836131,0.057863327,16952.74859,0.459459459,130.2027211,7.025970651,0
15/08/2025 13:34,19.8s,b46816cb450841f4900e8aabc29ac355,ETH_base_BTC_blk,LOCAL,/home/ec2-user/ETH_Price_Predition/.venv/lib/python3.11/site-packages/ipykernel_launcher.py,ec2-user,FINISHED,32,0,9,"['ETH_D_AvgPrc', 'BTC_D_AvgPrc', 'BTC_OL_MinDif', 'BTC_OL_AvgTransFee', 'BTC_BIC_HshRt']",7,3,0.01,7,04/03/2023,64,0.496240602,0.499462943,86.9372672,0.047197581,11921.74556,0.503907674,104.4532716,5.652667712,140.9454518,0.075753756,26011.55654,0.5,161.2809863,8.600223478,0
15/08/2025 17:34,24.4s,cb4e8b4810234865a524244bb5f04417,ETH_base_LTC_blk,LOCAL,/home/ec2-user/ETH_Price_Predition/.venv/lib/python3.11/site-packages/ipykernel_launcher.py,ec2-user,FINISHED,32,0.1,14,"['ETH_D_AvgPrc', 'LTC_D_AvgPrc', 'LTC_YF_Vol', 'LTC_OL_MinDif', 'LTC_BIC_HshRt']",21,3,0.001,7,04/03/2023,64,0.496240602,0.475832438,85.02672822,0.047304522,11146.89915,0.481543852,104.4875582,5.959154848,84.72234671,0.04602094,11202.51705,0.5,105.8419437,5.791751684,0
15/08/2025 14:02,18.8s,a6faa4d15336483fabc85491a484f578,ETH_base_BTC_blk,LOCAL,/home/ec2-user/ETH_Price_Predition/.venv/lib/python3.11/site-packages/ipykernel_launcher.py,ec2-user,FINISHED,64,0.05,32,"['ETH_D_AvgPrc', 'BTC_D_AvgPrc', 'BTC_OL_MinDif', 'BTC_OL_AvgTransFee', 'BTC_BIC_HshRt']",21,2,0.001,7,04/03/2023,32,0.458646617,0.509129968,80.82946502,0.044164018,12020.0199,0.512474123,104.5292359,5.727129624,116.7261598,0.062463503,24658.88208,0.461538462,157.0314684,8.329769404,0
15/08/2025 17:54,20.2s,66252da37a3c4591ada5304a416f38ef,ETH_base_LTC_blk,LOCAL,/home/ec2-user/ETH_Price_Predition/.venv/lib/python3.11/site-packages/ipykernel_launcher.py,ec2-user,FINISHED,64,0.05,22,"['ETH_D_AvgPrc', 'LTC_D_AvgPrc', 'LTC_YF_Vol', 'LTC_OL_MinDif', 'LTC_BIC_HshRt']",28,3,0.01,7,04/03/2023,64,0.383458647,0.469387755,86.96139956,0.047645412,12101.62474,0.47503897,104.7749392,5.788975212,154.7752234,0.082939353,30915.89051,0.394366197,175.8291515,9.310659391,0
15/08/2025 22:54,18.2s,7d40faa40a8f4f138b4ff09d16bbaa73,ETH_base_sent_finbert,LOCAL,/home/ec2-user/ETH_Price_Predition/.venv/lib/python3.11/site-packages/ipykernel_launcher.py,ec2-user,FINISHED,32,0.1,10,"['ETH_D_AvgPrc', 'D_FINBERT_AvgScr_Ex', 'D_FINBERT_Sent_AvgEx']",28,2,0.01,7,04/03/2023,32,0.436090226,0.486573577,83.96439553,0.046248946,11316.36177,0.490805571,104.794465,5.846714853,102.2212508,0.056172181,15581.09955,0.444444444,124.8242747,6.946266731,0
15/08/2025 13:56,26.2s,c76a43463fa74688bd32f4e20b227e68,ETH_base_BTC_blk,LOCAL,/home/ec2-user/ETH_Price_Predition/.venv/lib/python3.11/site-packages/ipykernel_launcher.py,ec2-user,FINISHED,32,0.1,19,"['ETH_D_AvgPrc', 'BTC_D_AvgPrc', 'BTC_OL_MinDif', 'BTC_OL_AvgTransFee', 'BTC_BIC_HshRt']",14,3,0.01,7,04/03/2023,64,0.428571429,0.491944146,86.09331502,0.04717668,11321.54828,0.497463319,104.9929992,5.780185041,111.9489583,0.060443838,17742.56694,0.44,133.2012273,7.158411706,0
15/08/2025 16:29,15.0s,56540726a06b4ab8bc28118c9a6cf994,ETH_base_LTC_blk,LOCAL,/home/ec2-user/ETH_Price_Predition/.venv/lib/python3.11/site-packages/ipykernel_launcher.py,ec2-user,FINISHED,32,0,8,"['ETH_D_AvgPrc', 'LTC_D_AvgPrc', 'LTC_YF_Vol', 'LTC_OL_MinDif', 'LTC_BIC_HshRt']",7,2,0.001,7,04/03/2023,32,0.511278195,0.480128894,85.01947212,0.046349938,11871.30717,0.486375581,105.0009355,5.734821231,136.4067468,0.073330912,25530.82939,0.513513514,159.7836956,8.528385318,0
15/08/2025 17:33,20.9s,8e3672ac71614ff4951f0e56d71d4503,ETH_base_LTC_blk,LOCAL,/home/ec2-user/ETH_Price_Predition/.venv/lib/python3.11/site-packages/ipykernel_launcher.py,ec2-user,FINISHED,32,0.1,7,"['ETH_D_AvgPrc', 'LTC_D_AvgPrc', 'LTC_YF_Vol', 'LTC_OL_MinDif', 'LTC_BIC_HshRt']",21,3,0.01,7,04/03/2023,64,0.458646617,0.481203008,86.5764503,0.047358975,11653.5617,0.486694474,105.2093006,5.778472514,115.8853725,0.062470545,19066.55801,0.467532468,138.0817077,7.399851102,0
15/08/2025 17:12,20.0s,c9bc71fbde2e457a9af503f7973cb20a,ETH_base_LTC_blk,LOCAL,/home/ec2-user/ETH_Price_Predition/.venv/lib/python3.11/site-packages/ipykernel_launcher.py,ec2-user,FINISHED,64,0.1,21,"['ETH_D_AvgPrc', 'LTC_D_AvgPrc', 'LTC_YF_Vol', 'LTC_OL_MinDif', 'LTC_BIC_HshRt']",14,3,0.001,7,04/03/2023,64,0.458646617,0.487647691,87.36948015,0.047385318,12727.17767,0.493404991,105.2916491,5.691014533,140.6237598,0.075528881,26466.6507,0.467532468,162.6857422,8.670256512,0
15/08/2025 21:49,25.0s,b89c00ab81314d9ebee4d030da7c1533,ETH_base_sent_finbert,LOCAL,/home/ec2-user/ETH_Price_Predition/.venv/lib/python3.11/site-packages/ipykernel_launcher.py,ec2-user,FINISHED,32,0.05,22,"['ETH_D_AvgPrc', 'D_FINBERT_AvgScr_Ex', 'D_FINBERT_Sent_AvgEx']",7,3,0.001,7,04/03/2023,32,0.390977444,0.503759398,84.82037753,0.046821997,11554.40523,0.508151299,105.4357542,5.888470174,109.7557811,0.060430639,17893.78591,0.402777778,133.7676564,7.459739603,0
15/08/2025 17:30,15.8s,0bbe3f1277c343589099d6dab2c014b5,ETH_base_LTC_blk,LOCAL,/home/ec2-user/ETH_Price_Predition/.venv/lib/python3.11/site-packages/ipykernel_launcher.py,ec2-user,FINISHED,64,0.05,10,"['ETH_D_AvgPrc', 'LTC_D_AvgPrc', 'LTC_YF_Vol', 'LTC_OL_MinDif', 'LTC_BIC_HshRt']",21,3,0.01,7,04/03/2023,64,0.436090226,0.477980666,87.97722576,0.048033485,11659.78116,0.483707546,105.4440981,5.769677998,129.2196818,0.069507272,22166.63169,0.441176471,148.8846254,7.939661761,0
15/08/2025 13:39,18.8s,37761ce8542e4f9e92dfa91fc3881ef5,ETH_base_BTC_blk,LOCAL,/home/ec2-user/ETH_Price_Predition/.venv/lib/python3.11/site-packages/ipykernel_launcher.py,ec2-user,FINISHED,32,0.1,6,"['ETH_D_AvgPrc', 'BTC_D_AvgPrc', 'BTC_OL_MinDif', 'BTC_OL_AvgTransFee', 'BTC_BIC_HshRt']",7,3,0.01,7,04/03/2023,64,0.503759398,0.509129968,88.23507995,0.04797997,12870.70517,0.51324054,105.6137454,5.733151356,182.9229427,0.098239269,40319.50308,0.507246377,200.797169,10.68365376,0
15/08/2025 15:58,26.9s,22729c9ca0fd472dbbfb6d81933dd5c2,ETH_base_BTC_blk,LOCAL,/home/ec2-user/ETH_Price_Predition/.venv/lib/python3.11/site-packages/ipykernel_launcher.py,ec2-user,FINISHED,64,0,50,"['ETH_D_AvgPrc', 'BTC_D_AvgPrc', 'BTC_OL_MinDif', 'BTC_OL_AvgTransFee', 'BTC_BIC_HshRt']",21,3,0.001,7,04/03/2023,64,0.503759398,0.497314715,89.52296259,0.048689492,12035.45989,0.501758275,105.6242483,5.736829206,136.2618447,0.073413779,22728.28479,0.507246377,150.7590289,8.069126597,0
16/08/2025 00:52,13.7s,ca2f9aa5d66c416d9bba285319258ef6,ETH_base_sent_cryptobert,LOCAL,/home/ec2-user/ETH_Price_Predition/.venv/lib/python3.11/site-packages/ipykernel_launcher.py,ec2-user,FINISHED,64,0,4,"['ETH_D_AvgPrc', 'D_CRYPTOBERT_AvgScr_Ex', 'D_CRYPTOBERT_Sent_AvgEx']",28,3,0.001,7,04/03/2023,64,0.458646617,0.456498389,86.11690678,0.04765378,11303.50342,0.461166707,105.6598049,5.903626529,95.48079435,0.052910139,14436.34163,0.462686567,120.151328,6.815723466,0
15/08/2025 22:23,15.4s,195889cf790e4cbd90fcc5b7275fed5d,ETH_base_sent_finbert,LOCAL,/home/ec2-user/ETH_Price_Predition/.venv/lib/python3.11/site-packages/ipykernel_launcher.py,ec2-user,FINISHED,32,0,6,"['ETH_D_AvgPrc', 'D_FINBERT_AvgScr_Ex', 'D_FINBERT_Sent_AvgEx']",21,2,0.01,7,04/03/2023,64,0.406015038,0.489795918,83.200115,0.045695121,11423.73305,0.494638386,105.8452565,5.858834128,101.638098,0.05601174,16183.26825,0.418918919,127.2134751,7.087227951,0
15/08/2025 16:37,26.6s,c2cc8ff636fa4504918aceb5a60cd703,ETH_base_LTC_blk,LOCAL,/home/ec2-user/ETH_Price_Predition/.venv/lib/python3.11/site-packages/ipykernel_launcher.py,ec2-user,FINISHED,32,0.1,37,"['ETH_D_AvgPrc', 'LTC_D_AvgPrc', 'LTC_YF_Vol', 'LTC_OL_MinDif', 'LTC_BIC_HshRt']",7,2,0.01,7,04/03/2023,64,0.443609023,0.494092374,88.77119329,0.047994384,12453.94865,0.499247232,105.9060875,5.679912083,135.3911557,0.072824239,23885.73733,0.452054795,154.5501127,8.240434084,0
15/08/2025 17:02,30.6s,2cd8536b98c04c91b2c049b226c3804b,ETH_base_LTC_blk,LOCAL,/home/ec2-user/ETH_Price_Predition/.venv/lib/python3.11/site-packages/ipykernel_launcher.py,ec2-user,FINISHED,32,0,31,"['ETH_D_AvgPrc', 'LTC_D_AvgPrc', 'LTC_YF_Vol', 'LTC_OL_MinDif', 'LTC_BIC_HshRt']",14,3,0.001,7,04/03/2023,32,0.466165414,0.477980666,88.1756715,0.047618536,12763.37784,0.482433629,105.9115677,5.676213333,139.9996271,0.075051075,25854.23167,0.46969697,160.7925112,8.527943593,0
15/08/2025 13:24,25.4s,22db0c5afed940dda6ce35b1b08b5631,ETH_base_BTC_blk,LOCAL,/home/ec2-user/ETH_Price_Predition/.venv/lib/python3.11/site-packages/ipykernel_launcher.py,ec2-user,FINISHED,32,0,35,"['ETH_D_AvgPrc', 'BTC_D_AvgPrc', 'BTC_OL_MinDif', 'BTC_OL_AvgTransFee', 'BTC_BIC_HshRt']",7,2,0.001,7,04/03/2023,32,0.436090226,0.47905478,80.87237037,0.044508791,11534.89781,0.48385062,106.022336,5.861456251,102.1000318,0.055810093,17716.53788,0.441176471,133.1034856,7.305728414,0
15/08/2025 17:48,20.0s,e3a7d3cc0eef40d0aa22368d83918b7f,ETH_base_LTC_blk,LOCAL,/home/ec2-user/ETH_Price_Predition/.venv/lib/python3.11/site-packages/ipykernel_launcher.py,ec2-user,FINISHED,32,0,5,"['ETH_D_AvgPrc', 'LTC_D_AvgPrc', 'LTC_YF_Vol', 'LTC_OL_MinDif', 'LTC_BIC_HshRt']",28,3,0.001,7,04/03/2023,32,0.496240602,0.472610097,86.2865796,0.047088403,12007.29176,0.479252633,106.1807471,5.803738705,126.306974,0.068042672,21882.90669,0.5,147.9287216,7.90866479,0
15/08/2025 16:32,17.9s,ba0a5cc650454b44aebfc3c3d5d1e2df,ETH_base_LTC_blk,LOCAL,/home/ec2-user/ETH_Price_Predition/.venv/lib/python3.11/site-packages/ipykernel_launcher.py,ec2-user,FINISHED,32,0.05,13,"['ETH_D_AvgPrc', 'LTC_D_AvgPrc', 'LTC_YF_Vol', 'LTC_OL_MinDif', 'LTC_BIC_HshRt']",7,2,0.001,7,04/03/2023,32,0.488721805,0.481203008,87.67489804,0.047692768,12644.63689,0.487523226,106.7109358,5.802943787,138.899138,0.074689643,26164.32336,0.493333333,161.7538975,8.638081662,0
15/08/2025 22:25,34.2s,bfaa25610a98412aa925a0037b55c850,ETH_base_sent_finbert,LOCAL,/home/ec2-user/ETH_Price_Predition/.venv/lib/python3.11/site-packages/ipykernel_launcher.py,ec2-user,FINISHED,32,0.05,52,"['ETH_D_AvgPrc', 'D_FINBERT_AvgScr_Ex', 'D_FINBERT_Sent_AvgEx']",21,2,0.01,7,04/03/2023,32,0.458646617,0.494092374,85.31091938,0.04665045,12263.44182,0.498780146,106.8299171,5.848122721,115.1452065,0.062817995,21425.57433,0.463768116,146.3747735,7.997948822,0
15/08/2025 14:04,39.7s,bf7489e62122413d903078b726a3d1c1,ETH_base_BTC_blk,LOCAL,/home/ec2-user/ETH_Price_Predition/.venv/lib/python3.11/site-packages/ipykernel_launcher.py,ec2-user,FINISHED,32,0.1,61,"['ETH_D_AvgPrc', 'BTC_D_AvgPrc', 'BTC_OL_MinDif', 'BTC_OL_AvgTransFee', 'BTC_BIC_HshRt']",21,2,0.001,7,04/03/2023,32,0.496240602,0.513426423,88.70845519,0.048755593,11858.23621,0.516491658,106.8412734,5.908815439,117.7718357,0.063531275,19716.62985,0.5,140.4159174,7.520627663,0
15/08/2025 23:19,14.1s,b33b83caef5b488485e7b856ba201127,ETH_base_sent_cryptobert,LOCAL,/home/ec2-user/ETH_Price_Predition/.venv/lib/python3.11/site-packages/ipykernel_launcher.py,ec2-user,FINISHED,32,0.05,4,"['ETH_D_AvgPrc', 'D_CRYPTOBERT_AvgScr_Ex', 'D_CRYPTOBERT_Sent_AvgEx']",7,2,0.001,7,04/03/2023,32,0.511278195,0.469387755,85.42410878,0.047540578,11509.9579,0.475699115,106.9229433,6.039501211,92.06078666,0.050898733,13675.66254,0.514285714,116.9429884,6.570991296,0
15/08/2025 13:34,19.9s,31a9787c45b844ef9c0acd65d4ea831f,ETH_base_BTC_blk,LOCAL,/home/ec2-user/ETH_Price_Predition/.venv/lib/python3.11/site-packages/ipykernel_launcher.py,ec2-user,FINISHED,32,0,9,"['ETH_D_AvgPrc', 'BTC_D_AvgPrc', 'BTC_OL_MinDif', 'BTC_OL_AvgTransFee', 'BTC_BIC_HshRt']",7,3,0.001,7,04/03/2023,64,0.466165414,0.486573577,88.28302907,0.04868625,11751.27253,0.491778414,106.9370925,5.943751027,107.9272293,0.058154995,16772.15788,0.471428571,129.5073661,6.919909479,0
15/08/2025 21:12,14.4s,b4b27d5f505d4f08a5f25374064b0335,ETH_base_sent_vader,LOCAL,/home/ec2-user/ETH_Price_Predition/.venv/lib/python3.11/site-packages/ipykernel_launcher.py,ec2-user,FINISHED,64,0,7,"['ETH_D_AvgPrc', 'D_VADER_AvgScr_Ex', 'D_VADER_Sent_AvgEx']",28,3,0.001,7,04/03/2023,32,0.466165414,0.498388829,87.8083993,0.048625477,11508.18402,0.503471397,106.9884924,5.987862622,89.37762749,0.049252322,12932.84342,0.472972973,113.7226601,6.336031521,0
15/08/2025 18:00,27.7s,95d04e2d19e24805a80206db40c24f69,ETH_base_LTC_blk,LOCAL,/home/ec2-user/ETH_Price_Predition/.venv/lib/python3.11/site-packages/ipykernel_launcher.py,ec2-user,FINISHED,64,0.1,46,"['ETH_D_AvgPrc', 'LTC_D_AvgPrc', 'LTC_YF_Vol', 'LTC_OL_MinDif', 'LTC_BIC_HshRt']",28,3,0.001,7,04/03/2023,64,0.421052632,0.460794844,88.56336905,0.048630568,12159.25598,0.466729775,106.9933721,5.932924703,142.1987091,0.076333501,26294.28101,0.426470588,162.155114,8.607557734,0
15/08/2025 17:39,27.5s,d202387804a5411e9da33999d1fe362e,ETH_base_LTC_blk,LOCAL,/home/ec2-user/ETH_Price_Predition/.venv/lib/python3.11/site-packages/ipykernel_launcher.py,ec2-user,FINISHED,64,0,61,"['ETH_D_AvgPrc', 'LTC_D_AvgPrc', 'LTC_YF_Vol', 'LTC_OL_MinDif', 'LTC_BIC_HshRt']",28,2,0.001,7,04/03/2023,64,0.436090226,0.455424275,90.09516613,0.048807761,13516.03207,0.459626158,107.1709332,5.772965471,140.3098073,0.075337371,26167.81001,0.439393939,161.7646748,8.59095802,0
15/08/2025 14:03,29.8s,41700a6209ae45e6b3163b21ec043254,ETH_base_BTC_blk,LOCAL,/home/ec2-user/ETH_Price_Predition/.venv/lib/python3.11/site-packages/ipykernel_launcher.py,ec2-user,FINISHED,32,0.05,36,"['ETH_D_AvgPrc', 'BTC_D_AvgPrc', 'BTC_OL_MinDif', 'BTC_OL_AvgTransFee', 'BTC_BIC_HshRt']",21,2,0.001,7,04/03/2023,64,0.481203008,0.495166488,87.91229176,0.048391065,11823.07745,0.499943748,107.2438322,5.959806451,123.4145423,0.066304,21178.45075,0.486486486,145.5281785,7.77135016,0
15/08/2025 17:38,13.0s,34884c32f8c54c6082ffe84d98089589,ETH_base_LTC_blk,LOCAL,/home/ec2-user/ETH_Price_Predition/.venv/lib/python3.11/site-packages/ipykernel_launcher.py,ec2-user,FINISHED,64,0,8,"['ETH_D_AvgPrc', 'LTC_D_AvgPrc', 'LTC_YF_Vol', 'LTC_OL_MinDif', 'LTC_BIC_HshRt']",28,2,0.01,7,04/03/2023,64,0.45112782,0.4650913,88.84774135,0.048913291,11931.04104,0.472209194,107.2691154,5.957029454,96.4001022,0.052139397,14035.95257,0.458333333,118.4734256,6.40112099,0
15/08/2025 13:31,27.9s,32d6f8ee107943adbcef688ecccb37cb,ETH_base_BTC_blk,LOCAL,/home/ec2-user/ETH_Price_Predition/.venv/lib/python3.11/site-packages/ipykernel_launcher.py,ec2-user,FINISHED,32,0.1,37,"['ETH_D_AvgPrc', 'BTC_D_AvgPrc', 'BTC_OL_MinDif', 'BTC_OL_AvgTransFee', 'BTC_BIC_HshRt']",7,2,0.01,7,04/03/2023,64,0.473684211,0.45972073,82.86492061,0.045212313,12517.41716,0.466042069,107.382252,5.864082014,127.3463367,0.068804161,25470.90907,0.47826087,159.596081,8.606949351,0
15/08/2025 15:58,26.9s,df14667a3163459f8b011a3f533543c8,ETH_base_BTC_blk,LOCAL,/home/ec2-user/ETH_Price_Predition/.venv/lib/python3.11/site-packages/ipykernel_launcher.py,ec2-user,FINISHED,32,0.05,20,"['ETH_D_AvgPrc', 'BTC_D_AvgPrc', 'BTC_OL_MinDif', 'BTC_OL_AvgTransFee', 'BTC_BIC_HshRt']",21,3,0.01,7,04/03/2023,32,0.488721805,0.525241676,89.55420237,0.049058549,12741.55208,0.527299865,107.6402773,5.927601024,166.8047878,0.090218086,33981.62705,0.493150685,184.3410618,9.935788217,0
15/08/2025 13:47,26.4s,08ef4de1a7eb4cd9a5def5df5fa2c8e8,ETH_base_BTC_blk,LOCAL,/home/ec2-user/ETH_Price_Predition/.venv/lib/python3.11/site-packages/ipykernel_launcher.py,ec2-user,FINISHED,64,0.1,61,"['ETH_D_AvgPrc', 'BTC_D_AvgPrc', 'BTC_OL_MinDif', 'BTC_OL_AvgTransFee', 'BTC_BIC_HshRt']",14,2,0.001,7,04/03/2023,32,0.421052632,0.505907626,87.97309346,0.04824354,12057.4298,0.509269356,107.7318905,5.947432819,126.2780975,0.067872693,22024.14517,0.432432432,148.4053408,7.930685213,0
15/08/2025 17:19,13.2s,490a0ac089c449d1bafd43652b056ebd,ETH_base_LTC_blk,LOCAL,/home/ec2-user/ETH_Price_Predition/.venv/lib/python3.11/site-packages/ipykernel_launcher.py,ec2-user,FINISHED,64,0.05,10,"['ETH_D_AvgPrc', 'LTC_D_AvgPrc', 'LTC_YF_Vol', 'LTC_OL_MinDif', 'LTC_BIC_HshRt']",21,2,0.001,7,04/03/2023,64,0.473684211,0.488721805,89.52117192,0.048831886,12514.49716,0.493730278,107.8388501,5.890122867,131.5619101,0.070659598,23482.97485,0.479452055,153.2415572,8.145784375,0
15/08/2025 21:38,14.4s,1bdafe8ac3c14dd9a1fc3c1bcc9ec1a3,ETH_base_sent_finbert,LOCAL,/home/ec2-user/ETH_Price_Predition/.venv/lib/python3.11/site-packages/ipykernel_launcher.py,ec2-user,FINISHED,32,0.05,2,"['ETH_D_AvgPrc', 'D_FINBERT_AvgScr_Ex', 'D_FINBERT_Sent_AvgEx']",7,2,0.001,7,04/03/2023,32,0.428571429,0.494092374,84.33803813,0.046436454,11766.19822,0.499565569,107.8642992,5.996527,94.43447188,0.051903609,13925.0914,0.438356164,118.0046245,6.551108861,0
15/08/2025 14:05,15.3s,8e9c1180e7844d0b81ec13853d270492,ETH_base_BTC_blk,LOCAL,/home/ec2-user/ETH_Price_Predition/.venv/lib/python3.11/site-packages/ipykernel_launcher.py,ec2-user,FINISHED,32,0.1,3,"['ETH_D_AvgPrc', 'BTC_D_AvgPrc', 'BTC_OL_MinDif', 'BTC_OL_AvgTransFee', 'BTC_BIC_HshRt']",21,2,0.01,7,04/03/2023,64,0.45112782,0.497314715,87.21893894,0.04782843,12401.84216,0.501903027,107.9377888,5.95928993,133.1406326,0.071349947,25194.72189,0.459459459,158.7284533,8.431700433,0
15/08/2025 13:38,27.6s,c113610284554712acbbe0ab1c7108ad,ETH_base_BTC_blk,LOCAL,/home/ec2-user/ETH_Price_Predition/.venv/lib/python3.11/site-packages/ipykernel_launcher.py,ec2-user,FINISHED,32,0.1,25,"['ETH_D_AvgPrc', 'BTC_D_AvgPrc', 'BTC_OL_MinDif', 'BTC_OL_AvgTransFee', 'BTC_BIC_HshRt']",7,3,0.01,7,04/03/2023,32,0.496240602,0.489795918,86.22437808,0.046813728,12538.891,0.495219064,107.9463453,5.849603695,124.9863651,0.067347403,22354.01559,0.5,149.5125934,8.017993306,0
15/08/2025 13:01,24.8s,543260dc42824d728f21b2fa2c539d89,ETH_base_ETH_blk,LOCAL,/home/ec2-user/ETH_Price_Predition/.venv/lib/python3.11/site-packages/ipykernel_launcher.py,ec2-user,FINISHED,32,0.05,23,"['ETH_D_AvgPrc', 'ETH_YF_Vol', 'ETH_ES_AvgTransFee', 'ETH_ES_BlkTm', 'ETH_ES_GasUsd', 'ETH_ES_AvgGasPrc']",28,2,0.001,7,04/03/2023,32,0.458646617,0.473684211,85.68704286,0.047467102,12142.52292,0.480640357,107.958503,6.051192,114.358021,0.063130541,20684.93629,0.466666667,143.8225862,8.072622765,0
15/08/2025 17:03,23.8s,9bf93f5019b049959287f18ff58a89bb,ETH_base_LTC_blk,LOCAL,/home/ec2-user/ETH_Price_Predition/.venv/lib/python3.11/site-packages/ipykernel_launcher.py,ec2-user,FINISHED,64,0,39,"['ETH_D_AvgPrc', 'LTC_D_AvgPrc', 'LTC_YF_Vol', 'LTC_OL_MinDif', 'LTC_BIC_HshRt']",14,3,0.001,7,04/03/2023,32,0.428571429,0.472610097,90.56069078,0.049041463,13250.54736,0.480630415,108.0150964,5.814168296,131.022407,0.070417767,23109.71302,0.443037975,152.0187917,8.105918782,0
15/08/2025 23:10,20.3s,857a999ba2e84f72ba2e2d8e12345871,ETH_base_sent_finbert,LOCAL,/home/ec2-user/ETH_Price_Predition/.venv/lib/python3.11/site-packages/ipykernel_launcher.py,ec2-user,FINISHED,32,0.1,4,"['ETH_D_AvgPrc', 'D_FINBERT_AvgScr_Ex', 'D_FINBERT_Sent_AvgEx']",28,3,0.01,7,04/03/2023,64,0.428571429,0.501611171,89.2044881,0.04917333,12065.91691,0.504708768,108.0723186,6.006915782,100.154712,0.054900517,14767.74673,0.436619718,121.5226182,6.706392632,0
15/08/2025 16:31,14.1s,d79d4a64e19745dfbb5a6ae6b6b969e8,ETH_base_LTC_blk,LOCAL,/home/ec2-user/ETH_Price_Predition/.venv/lib/python3.11/site-packages/ipykernel_launcher.py,ec2-user,FINISHED,64,0,19,"['ETH_D_AvgPrc', 'LTC_D_AvgPrc', 'LTC_YF_Vol', 'LTC_OL_MinDif', 'LTC_BIC_HshRt']",7,2,0.01,7,04/03/2023,64,0.466165414,0.474758324,91.02406699,0.049262417,13245.4889,0.481176518,108.1726755,5.818833244,136.5974614,0.073427532,24482.12592,0.470588235,156.4676514,8.338280652,0
15/08/2025 12:25,12.0s,187060f358574b8b9364fa192b20ad05,ETH_base_ETH_blk,LOCAL,/home/ec2-user/ETH_Price_Predition/.venv/lib/python3.11/site-packages/ipykernel_launcher.py,ec2-user,FINISHED,64,0.1,6,"['ETH_D_AvgPrc', 'ETH_YF_Vol', 'ETH_ES_AvgTransFee', 'ETH_ES_BlkTm', 'ETH_ES_GasUsd', 'ETH_ES_AvgGasPrc']",14,2,0.001,7,04/03/2023,32,0.458646617,0.472610097,89.40154236,0.049569883,11798.26369,0.479707195,108.3716755,6.100105738,90.8122437,0.049956989,12111.82957,0.467532468,110.0537576,6.151046761,0
15/08/2025 13:04,25.7s,f2712e414b274e81b91db0107246a07a,ETH_base_ETH_blk,LOCAL,/home/ec2-user/ETH_Price_Predition/.venv/lib/python3.11/site-packages/ipykernel_launcher.py,ec2-user,FINISHED,32,0.1,24,"['ETH_D_AvgPrc', 'ETH_YF_Vol', 'ETH_ES_AvgTransFee', 'ETH_ES_BlkTm', 'ETH_ES_GasUsd', 'ETH_ES_AvgGasPrc']",28,2,0.001,7,04/03/2023,32,0.481203008,0.474758324,85.80517545,0.04756064,11909.35701,0.481417731,108.4122403,6.08073663,99.0921881,0.054757888,16994.23994,0.485294118,130.3619574,7.328389358,0
16/08/2025 00:39,16.4s,85db344f4d074451857d6a5cae216704,ETH_base_sent_cryptobert,LOCAL,/home/ec2-user/ETH_Price_Predition/.venv/lib/python3.11/site-packages/ipykernel_launcher.py,ec2-user,FINISHED,32,0.05,6,"['ETH_D_AvgPrc', 'D_CRYPTOBERT_AvgScr_Ex', 'D_CRYPTOBERT_Sent_AvgEx']",28,2,0.01,7,04/03/2023,32,0.45112782,0.462943072,88.9891242,0.048308084,12039.1608,0.468728855,108.4279805,5.868909288,119.3025777,0.064359766,19934.94118,0.455882353,141.1911512,7.574723384,0
15/08/2025 13:16,15.4s,c3929237ef864d2e91d9c577386b0a9b,ETH_base_ETH_blk,LOCAL,/home/ec2-user/ETH_Price_Predition/.venv/lib/python3.11/site-packages/ipykernel_launcher.py,ec2-user,FINISHED,64,0.1,7,"['ETH_D_AvgPrc', 'ETH_YF_Vol', 'ETH_ES_AvgTransFee', 'ETH_ES_BlkTm', 'ETH_ES_GasUsd', 'ETH_ES_AvgGasPrc']",28,3,0.01,7,04/03/2023,32,0.511278195,0.500537057,84.28054669,0.046894997,12081.51395,0.50483165,108.4406735,6.136386486,96.39234798,0.053403637,16606.5278,0.514705882,128.8663176,7.287508177,0
15/08/2025 17:59,17.4s,2f5f914aff6945d8bb02186597f1454f,ETH_base_LTC_blk,LOCAL,/home/ec2-user/ETH_Price_Predition/.venv/lib/python3.11/site-packages/ipykernel_launcher.py,ec2-user,FINISHED,64,0.1,13,"['ETH_D_AvgPrc', 'LTC_D_AvgPrc', 'LTC_YF_Vol', 'LTC_OL_MinDif', 'LTC_BIC_HshRt']",28,3,0.01,7,04/03/2023,64,0.383458647,0.480128894,91.47124241,0.049885531,12601.47985,0.485796568,108.7311657,5.938484513,131.483054,0.07064268,22529.92176,0.394366197,150.0997061,7.97393337,0
15/08/2025 12:03,11.5s,9a4437d7a8d642828bfc005aeae6bd40,ETH_base_ETH_blk,LOCAL,/home/ec2-user/ETH_Price_Predition/.venv/lib/python3.11/site-packages/ipykernel_launcher.py,ec2-user,FINISHED,64,0.05,6,"['ETH_D_AvgPrc', 'ETH_YF_Vol', 'ETH_ES_AvgTransFee', 'ETH_ES_BlkTm', 'ETH_ES_GasUsd', 'ETH_ES_AvgGasPrc']",7,2,0.001,7,04/03/2023,32,0.571428571,0.495166488,86.42544572,0.047897328,12083.7994,0.499626533,109.0704686,6.116967932,88.19566288,0.048525978,12200.33878,0.575757576,110.4551437,6.155024631,0
15/08/2025 19:59,11.6s,b8295ad989794c6cbb158e7a0fccc66c,ETH_base_sent_vader,LOCAL,/home/ec2-user/ETH_Price_Predition/.venv/lib/python3.11/site-packages/ipykernel_launcher.py,ec2-user,FINISHED,64,0.1,8,"['ETH_D_AvgPrc', 'D_VADER_AvgScr_Ex', 'D_VADER_Sent_AvgEx']",7,2,0.01,7,04/03/2023,64,0.466165414,0.499462943,89.37347766,0.049405336,12209.84063,0.503612207,109.1931081,6.087263839,118.307527,0.065137145,20399.60905,0.466666667,142.8272,7.975369228,0
15/08/2025 21:01,15.9s,9043ce2366c04a4ba837dec4eb997830,ETH_base_sent_vader,LOCAL,/home/ec2-user/ETH_Price_Predition/.venv/lib/python3.11/site-packages/ipykernel_launcher.py,ec2-user,FINISHED,32,0.05,5,"['ETH_D_AvgPrc', 'D_VADER_AvgScr_Ex', 'D_VADER_Sent_AvgEx']",28,2,0.01,7,04/03/2023,32,0.406015038,0.489795918,89.28901497,0.048468386,11986.51019,0.49521571,109.224484,5.914140498,82.86658151,0.045108057,11912.93086,0.416666667,109.1463736,5.934728038,0
15/08/2025 17:33,31.7s,46aa46a339a74b3188aea65e0cd8e251,ETH_base_LTC_blk,LOCAL,/home/ec2-user/ETH_Price_Predition/.venv/lib/python3.11/site-packages/ipykernel_launcher.py,ec2-user,FINISHED,64,0.1,64,"['ETH_D_AvgPrc', 'LTC_D_AvgPrc', 'LTC_YF_Vol', 'LTC_OL_MinDif', 'LTC_BIC_HshRt']",21,3,0.001,7,04/03/2023,32,0.458646617,0.467239527,92.80767567,0.050231518,13208.29819,0.475059562,109.4231473,5.878805103,141.2325231,0.075813508,25764.46845,0.466666667,160.513141,8.528395941,0
15/08/2025 23:30,20.8s,5bff9eda721741699cad255ece175eb6,ETH_base_sent_cryptobert,LOCAL,/home/ec2-user/ETH_Price_Predition/.venv/lib/python3.11/site-packages/ipykernel_launcher.py,ec2-user,FINISHED,64,0,33,"['ETH_D_AvgPrc', 'D_CRYPTOBERT_AvgScr_Ex', 'D_CRYPTOBERT_Sent_AvgEx']",7,3,0.01,7,04/03/2023,64,0.428571429,0.482277121,91.90736148,0.050843926,12821.56479,0.485881092,110.0573932,6.153743514,105.5781922,0.058231889,17582.34314,0.426229508,132.5984281,7.396769164,0
15/08/2025 17:54,23.9s,f07981a7b699403396ab01e4a782361e,ETH_base_LTC_blk,LOCAL,/home/ec2-user/ETH_Price_Predition/.venv/lib/python3.11/site-packages/ipykernel_launcher.py,ec2-user,FINISHED,32,0.05,11,"['ETH_D_AvgPrc', 'LTC_D_AvgPrc', 'LTC_YF_Vol', 'LTC_OL_MinDif', 'LTC_BIC_HshRt']",28,3,0.001,7,04/03/2023,64,0.458646617,0.490870032,92.62431904,0.050809495,13003.22848,0.496683508,110.3274682,6.093802488,147.6796506,0.079320376,28153.36673,0.467532468,167.7896503,8.926385428,0
15/08/2025 16:01,15.8s,23ab8b39a66447119b68b440a548dd72,ETH_base_BTC_blk,LOCAL,/home/ec2-user/ETH_Price_Predition/.venv/lib/python3.11/site-packages/ipykernel_launcher.py,ec2-user,FINISHED,64,0.05,10,"['ETH_D_AvgPrc', 'BTC_D_AvgPrc', 'BTC_OL_MinDif', 'BTC_OL_AvgTransFee', 'BTC_BIC_HshRt']",21,3,0.01,7,04/03/2023,64,0.488721805,0.516648765,89.74644619,0.049176177,12326.36823,0.519534812,110.3356521,6.05514886,118.3608203,0.063846833,18615.8401,0.492957746,136.4398772,7.306577814,0
15/08/2025 16:00,18.0s,a781e7aeb01e4ba6931444eb2f65a0b1,ETH_base_BTC_blk,LOCAL,/home/ec2-user/ETH_Price_Predition/.venv/lib/python3.11/site-packages/ipykernel_launcher.py,ec2-user,FINISHED,64,0.05,18,"['ETH_D_AvgPrc', 'BTC_D_AvgPrc', 'BTC_OL_MinDif', 'BTC_OL_AvgTransFee', 'BTC_BIC_HshRt']",21,3,0.001,7,04/03/2023,32,0.488721805,0.49301826,90.10483172,0.049338275,13143.59619,0.498832163,110.3945221,6.074529059,150.2592225,0.080562548,30737.28937,0.492537313,175.3205332,9.312608203,0
15/08/2025 23:01,32.8s,31941c510ddf4a61aa6734c904ded470,ETH_base_sent_finbert,LOCAL,/home/ec2-user/ETH_Price_Predition/.venv/lib/python3.11/site-packages/ipykernel_launcher.py,ec2-user,FINISHED,64,0,69,"['ETH_D_AvgPrc', 'D_FINBERT_AvgScr_Ex', 'D_FINBERT_Sent_AvgEx']",28,3,0.001,7,04/03/2023,32,0.390977444,0.495166488,90.24480401,0.050000959,13319.01112,0.499184554,110.4798429,6.217506708,124.2393691,0.068673168,23119.90005,0.387096774,152.0522938,8.538153632,0
15/08/2025 13:15,15.2s,2a210c03cdfc491cb693e7739d50ca0b,ETH_base_ETH_blk,LOCAL,/home/ec2-user/ETH_Price_Predition/.venv/lib/python3.11/site-packages/ipykernel_launcher.py,ec2-user,FINISHED,64,0.05,6,"['ETH_D_AvgPrc', 'ETH_YF_Vol', 'ETH_ES_AvgTransFee', 'ETH_ES_BlkTm', 'ETH_ES_GasUsd', 'ETH_ES_AvgGasPrc']",28,3,0.001,7,04/03/2023,64,0.481203008,0.485499463,90.66872189,0.05014215,12361.32216,0.491163675,110.5950676,6.169992688,88.90539574,0.048650831,12354.92344,0.486842105,111.1527032,6.10013143,0
15/08/2025 23:03,24.5s,cda5424bf547463cb42991a81ce3bb34,ETH_base_sent_finbert,LOCAL,/home/ec2-user/ETH_Price_Predition/.venv/lib/python3.11/site-packages/ipykernel_launcher.py,ec2-user,FINISHED,64,0,40,"['ETH_D_AvgPrc', 'D_FINBERT_AvgScr_Ex', 'D_FINBERT_Sent_AvgEx']",28,3,0.001,7,04/03/2023,64,0.398496241,0.512352309,91.65374533,0.050891777,12946.44435,0.515435393,110.6027118,6.249039506,113.7895772,0.06264185,18751.30675,0.4,136.9354109,7.635722036,0
15/08/2025 14:01,20.0s,e105c57c7e1f4fc380ba87d1cf386a96,ETH_base_BTC_blk,LOCAL,/home/ec2-user/ETH_Price_Predition/.venv/lib/python3.11/site-packages/ipykernel_launcher.py,ec2-user,FINISHED,32,0.05,14,"['ETH_D_AvgPrc', 'BTC_D_AvgPrc', 'BTC_OL_MinDif', 'BTC_OL_AvgTransFee', 'BTC_BIC_HshRt']",21,2,0.01,7,04/03/2023,32,0.503759398,0.500537057,91.68556418,0.049884588,13208.39975,0.505903787,111.249735,6.037478461,146.1991121,0.078431338,29099.51457,0.508474576,170.5857983,9.075496342,0
15/08/2025 12:38,11.2s,27775770d3ce432b8c57ecc7dee85440,ETH_base_ETH_blk,LOCAL,/home/ec2-user/ETH_Price_Predition/.venv/lib/python3.11/site-packages/ipykernel_launcher.py,ec2-user,FINISHED,64,0,3,"['ETH_D_AvgPrc', 'ETH_YF_Vol', 'ETH_ES_AvgTransFee', 'ETH_ES_BlkTm', 'ETH_ES_GasUsd', 'ETH_ES_AvgGasPrc']",21,2,0.01,7,04/03/2023,32,0.443609023,0.484425349,91.299786,0.050211964,12829.11354,0.490315549,111.2971771,6.165915272,131.5981539,0.070894014,24893.72092,0.453333333,157.7774411,8.451499553,0
15/08/2025 23:02,31.5s,d8a54164bad04e41b7158831bf57b3b1,ETH_base_sent_finbert,LOCAL,/home/ec2-user/ETH_Price_Predition/.venv/lib/python3.11/site-packages/ipykernel_launcher.py,ec2-user,FINISHED,32,0,29,"['ETH_D_AvgPrc', 'D_FINBERT_AvgScr_Ex', 'D_FINBERT_Sent_AvgEx']",28,3,0.01,7,04/03/2023,64,0.473684211,0.503759398,91.64068558,0.050313331,13922.79556,0.510177754,111.4118069,6.159280264,137.3138435,0.075065239,27172.70679,0.47761194,164.8414596,9.059194595,0
15/08/2025 17:21,25.6s,f9b354b034cb48ba9952d33b4d89b404,ETH_base_LTC_blk,LOCAL,/home/ec2-user/ETH_Price_Predition/.venv/lib/python3.11/site-packages/ipykernel_launcher.py,ec2-user,FINISHED,64,0.1,60,"['ETH_D_AvgPrc', 'LTC_D_AvgPrc', 'LTC_YF_Vol', 'LTC_OL_MinDif', 'LTC_BIC_HshRt']",21,2,0.001,7,04/03/2023,32,0.458646617,0.483351235,94.55606463,0.051148463,13976.92873,0.489054185,111.4861797,5.991597013,148.7059177,0.079761872,28286.23476,0.466666667,168.1851205,8.928680166,0
15/08/2025 17:51,20.5s,f95b181efcad452b8a765143339c70d6,ETH_base_LTC_blk,LOCAL,/home/ec2-user/ETH_Price_Predition/.venv/lib/python3.11/site-packages/ipykernel_launcher.py,ec2-user,FINISHED,64,0,25,"['ETH_D_AvgPrc', 'LTC_D_AvgPrc', 'LTC_YF_Vol', 'LTC_OL_MinDif', 'LTC_BIC_HshRt']",28,3,0.001,7,04/03/2023,64,0.398496241,0.4650913,94.70561027,0.05172463,13364.17032,0.471832313,111.524582,6.100336783,146.6821778,0.078873182,27278.2416,0.410958904,165.1612594,8.806359219,0
15/08/2025 23:18,15.6s,9800a18bf0bb48e78e2eb8c6e202f093,ETH_base_sent_cryptobert,LOCAL,/home/ec2-user/ETH_Price_Predition/.venv/lib/python3.11/site-packages/ipykernel_launcher.py,ec2-user,FINISHED,64,0,27,"['ETH_D_AvgPrc', 'D_CRYPTOBERT_AvgScr_Ex', 'D_CRYPTOBERT_Sent_AvgEx']",7,2,0.01,7,04/03/2023,64,0.436090226,0.470461869,93.99089586,0.052081895,12840.73466,0.475511274,111.5508747,6.259055029,113.2734272,0.062512402,19226.08229,0.439393939,138.658149,7.754827778,0
15/08/2025 23:27,20.1s,225000e3b711473081a0860b7264214f,ETH_base_sent_cryptobert,LOCAL,/home/ec2-user/ETH_Price_Predition/.venv/lib/python3.11/site-packages/ipykernel_launcher.py,ec2-user,FINISHED,64,0,33,"['ETH_D_AvgPrc', 'D_CRYPTOBERT_AvgScr_Ex', 'D_CRYPTOBERT_Sent_AvgEx']",7,3,0.01,7,04/03/2023,32,0.458646617,0.489795918,94.15287425,0.052115061,12834.62522,0.494207111,111.7371836,6.254878413,101.5377631,0.05610371,16249.95476,0.462686567,127.4753104,7.148529749,0
15/08/2025 13:24,26.5s,5ccd9741e2a5495abbfe3a5b9fc800f1,ETH_base_BTC_blk,LOCAL,/home/ec2-user/ETH_Price_Predition/.venv/lib/python3.11/site-packages/ipykernel_launcher.py,ec2-user,FINISHED,32,0,38,"['ETH_D_AvgPrc', 'BTC_D_AvgPrc', 'BTC_OL_MinDif', 'BTC_OL_AvgTransFee', 'BTC_BIC_HshRt']",7,2,0.01,7,04/03/2023,32,0.436090226,0.470461869,88.17068917,0.048186244,13238.93048,0.477370122,111.97069,6.130881252,115.1673641,0.062582502,20510.94902,0.444444444,143.2164412,7.782025684,0
15/08/2025 17:29,20.4s,a67919852c6043beb35a333d7bd012cb,ETH_base_LTC_blk,LOCAL,/home/ec2-user/ETH_Price_Predition/.venv/lib/python3.11/site-packages/ipykernel_launcher.py,ec2-user,FINISHED,64,0.05,26,"['ETH_D_AvgPrc', 'LTC_D_AvgPrc', 'LTC_YF_Vol', 'LTC_OL_MinDif', 'LTC_BIC_HshRt']",21,3,0.001,7,04/03/2023,32,0.428571429,0.481203008,94.40793302,0.051317565,13506.90282,0.487076002,112.1576479,6.090666137,133.8601017,0.071922031,24029.13774,0.438356164,155.013347,8.258616232,0
15/08/2025 22:47,30.3s,aa21be82bf1f4023808611d3cf08a9dc,ETH_base_sent_finbert,LOCAL,/home/ec2-user/ETH_Price_Predition/.venv/lib/python3.11/site-packages/ipykernel_launcher.py,ec2-user,FINISHED,32,0,40,"['ETH_D_AvgPrc', 'D_FINBERT_AvgScr_Ex', 'D_FINBERT_Sent_AvgEx']",28,2,0.01,7,04/03/2023,32,0.481203008,0.512352309,88.6884822,0.049016992,14422.55827,0.517806996,112.8486562,6.317137832,126.0579056,0.069620814,27390.48254,0.485714286,165.5007025,9.281428391,0
15/08/2025 15:57,27.4s,7bd5a3745b1e4b8b9ee237b54415525d,ETH_base_BTC_blk,LOCAL,/home/ec2-user/ETH_Price_Predition/.venv/lib/python3.11/site-packages/ipykernel_launcher.py,ec2-user,FINISHED,32,0,23,"['ETH_D_AvgPrc', 'BTC_D_AvgPrc', 'BTC_OL_MinDif', 'BTC_OL_AvgTransFee', 'BTC_BIC_HshRt']",21,3,0.001,7,04/03/2023,64,0.458646617,0.491944146,94.84522678,0.051930385,13908.53687,0.496955446,113.1250513,6.236338818,156.557946,0.084030491,32730.50064,0.465753425,180.915728,9.632599001,0
15/08/2025 14:04,15.5s,0daee8a09d5b435d80f6c8048e700bc3,ETH_base_BTC_blk,LOCAL,/home/ec2-user/ETH_Price_Predition/.venv/lib/python3.11/site-packages/ipykernel_launcher.py,ec2-user,FINISHED,32,0.1,3,"['ETH_D_AvgPrc', 'BTC_D_AvgPrc', 'BTC_OL_MinDif', 'BTC_OL_AvgTransFee', 'BTC_BIC_HshRt']",21,2,0.01,7,04/03/2023,32,0.496240602,0.504833512,92.16183645,0.050703967,13869.09825,0.509968597,113.4450957,6.337141256,120.8810152,0.064760441,21971.58429,0.5,148.2281495,7.89492917,0
15/08/2025 16:00,37.6s,98b20fd50cbc4937b1a4218ea68a88c8,ETH_base_BTC_blk,LOCAL,/home/ec2-user/ETH_Price_Predition/.venv/lib/python3.11/site-packages/ipykernel_launcher.py,ec2-user,FINISHED,32,0.05,41,"['ETH_D_AvgPrc', 'BTC_D_AvgPrc', 'BTC_OL_MinDif', 'BTC_OL_AvgTransFee', 'BTC_BIC_HshRt']",21,3,0.001,7,04/03/2023,64,0.518796992,0.510204082,93.72468313,0.051292794,13796.95725,0.514335291,113.9464673,6.278702036,152.1356438,0.081757064,30591.44198,0.521126761,174.9040937,9.317541965,0
15/08/2025 17:47,19.7s,1f2db394988648a9beb96ba5a0a99610,ETH_base_LTC_blk,LOCAL,/home/ec2-user/ETH_Price_Predition/.venv/lib/python3.11/site-packages/ipykernel_launcher.py,ec2-user,FINISHED,64,0.1,34,"['ETH_D_AvgPrc', 'LTC_D_AvgPrc', 'LTC_YF_Vol', 'LTC_OL_MinDif', 'LTC_BIC_HshRt']",28,2,0.001,7,04/03/2023,64,0.458646617,0.468313641,95.62998731,0.052444837,13893.42089,0.474394679,113.996803,6.29608744,152.8227693,0.082054178,29762.30972,0.46031746,172.5175635,9.16513875,0
15/08/2025 22:35,18.8s,7d6ea91b99a1481ea27dcd5ec5fb5356,ETH_base_sent_finbert,LOCAL,/home/ec2-user/ETH_Price_Predition/.venv/lib/python3.11/site-packages/ipykernel_launcher.py,ec2-user,FINISHED,32,0,6,"['ETH_D_AvgPrc', 'D_FINBERT_AvgScr_Ex', 'D_FINBERT_Sent_AvgEx']",21,3,0.01,7,04/03/2023,64,0.421052632,0.517722879,92.93187388,0.051085489,13433.21982,0.519304498,114.1601425,6.309338709,104.1117037,0.057316057,16773.31696,0.432432432,129.511841,7.204167304,0
15/08/2025 15:57,21.5s,36a42a1fd27b4c278a74daee84e0580d,ETH_base_BTC_blk,LOCAL,/home/ec2-user/ETH_Price_Predition/.venv/lib/python3.11/site-packages/ipykernel_launcher.py,ec2-user,FINISHED,64,0,27,"['ETH_D_AvgPrc', 'BTC_D_AvgPrc', 'BTC_OL_MinDif', 'BTC_OL_AvgTransFee', 'BTC_BIC_HshRt']",21,3,0.01,7,04/03/2023,64,0.436090226,0.49301826,96.50285489,0.052795043,14158.56066,0.497815305,114.2126295,6.279820791,156.6910458,0.084276994,30850.82129,0.439393939,175.6440187,9.384043987,0
15/08/2025 22:33,16.9s,1bc8d4f2a8dc4240b8c429417d794a68,ETH_base_sent_finbert,LOCAL,/home/ec2-user/ETH_Price_Predition/.venv/lib/python3.11/site-packages/ipykernel_launcher.py,ec2-user,FINISHED,32,0,2,"['ETH_D_AvgPrc', 'D_FINBERT_AvgScr_Ex', 'D_FINBERT_Sent_AvgEx']",21,3,0.01,7,04/03/2023,32,0.406015038,0.50698174,92.03849286,0.050665383,13370.34518,0.510332032,114.2939161,6.343045753,111.893817,0.061675827,19198.97176,0.416666667,138.5603542,7.73663399,0
15/08/2025 17:25,35.3s,a5d259242da9468d9af6e1a2881c1800,ETH_base_LTC_blk,LOCAL,/home/ec2-user/ETH_Price_Predition/.venv/lib/python3.11/site-packages/ipykernel_launcher.py,ec2-user,FINISHED,32,0,39,"['ETH_D_AvgPrc', 'LTC_D_AvgPrc', 'LTC_YF_Vol', 'LTC_OL_MinDif', 'LTC_BIC_HshRt']",21,3,0.01,7,04/03/2023,64,0.436090226,0.484425349,96.01270587,0.051668394,14281.7587,0.487786414,114.3157268,6.085208976,138.0489394,0.074001333,26406.99362,0.4375,162.5022881,8.626121862,0
15/08/2025 17:31,15.0s,198a5417e0194ab79d2dda9342a59f12,ETH_base_LTC_blk,LOCAL,/home/ec2-user/ETH_Price_Predition/.venv/lib/python3.11/site-packages/ipykernel_launcher.py,ec2-user,FINISHED,64,0.05,7,"['ETH_D_AvgPrc', 'LTC_D_AvgPrc', 'LTC_YF_Vol', 'LTC_OL_MinDif', 'LTC_BIC_HshRt']",21,3,0.001,7,04/03/2023,64,0.458646617,0.487647691,94.90304084,0.05176054,14868.14652,0.493103099,114.3313661,6.260940888,179.3037263,0.096106143,40713.76249,0.466666667,201.7765162,10.71224653,0
15/08/2025 17:55,19.5s,a6feb0c8c63b46a4a6f33e52ed691172,ETH_base_LTC_blk,LOCAL,/home/ec2-user/ETH_Price_Predition/.venv/lib/python3.11/site-packages/ipykernel_launcher.py,ec2-user,FINISHED,64,0.05,20,"['ETH_D_AvgPrc', 'LTC_D_AvgPrc', 'LTC_YF_Vol', 'LTC_OL_MinDif', 'LTC_BIC_HshRt']",28,3,0.001,7,04/03/2023,64,0.390977444,0.466165414,96.35671364,0.05275152,14159.15122,0.472312435,114.5257343,6.303905814,165.064843,0.088492793,34780.62255,0.397058824,186.4956368,9.89648941,0
15/08/2025 16:05,23.9s,4c81c68e5b804b61b7066edab2c0a267,ETH_base_BTC_blk,LOCAL,/home/ec2-user/ETH_Price_Predition/.venv/lib/python3.11/site-packages/ipykernel_launcher.py,ec2-user,FINISHED,64,0.1,38,"['ETH_D_AvgPrc', 'BTC_D_AvgPrc', 'BTC_OL_MinDif', 'BTC_OL_AvgTransFee', 'BTC_BIC_HshRt']",21,3,0.001,7,04/03/2023,64,0.466165414,0.499462943,93.98361472,0.051708491,13535.61351,0.503695326,115.0686346,6.370599858,118.5670765,0.063836709,19933.08693,0.471428571,141.1845846,7.551420938,0
16/08/2025 00:37,49.0s,2939888b56214f74bcaffb2f7be2a088,ETH_base_sent_cryptobert,LOCAL,/home/ec2-user/ETH_Price_Predition/.venv/lib/python3.11/site-packages/ipykernel_launcher.py,ec2-user,FINISHED,32,0,73,"['ETH_D_AvgPrc', 'D_CRYPTOBERT_AvgScr_Ex', 'D_CRYPTOBERT_Sent_AvgEx']",28,2,0.01,7,04/03/2023,64,0.45112782,0.485499463,96.90031667,0.052596036,13471.34231,0.491103272,115.2153863,6.230070378,110.3807839,0.059940387,18389.79206,0.458333333,135.6089675,7.349862823,0
15/08/2025 17:44,20.0s,231609df1b304d1d99c04b053d8a93d1,ETH_base_LTC_blk,LOCAL,/home/ec2-user/ETH_Price_Predition/.venv/lib/python3.11/site-packages/ipykernel_launcher.py,ec2-user,FINISHED,32,0.1,13,"['ETH_D_AvgPrc', 'LTC_D_AvgPrc', 'LTC_YF_Vol', 'LTC_OL_MinDif', 'LTC_BIC_HshRt']",28,2,0.001,7,04/03/2023,32,0.473684211,0.467239527,97.57608311,0.053071154,14192.91698,0.473772704,115.6446947,6.281462599,136.3721903,0.073128979,24738.92314,0.478873239,157.2861187,8.331724498,0
15/08/2025 22:51,21.4s,7d460980c37c4e6aafb679366ad276e3,ETH_base_sent_finbert,LOCAL,/home/ec2-user/ETH_Price_Predition/.venv/lib/python3.11/site-packages/ipykernel_launcher.py,ec2-user,FINISHED,32,0.05,18,"['ETH_D_AvgPrc', 'D_FINBERT_AvgScr_Ex', 'D_FINBERT_Sent_AvgEx']",28,2,0.01,7,04/03/2023,32,0.413533835,0.495166488,94.4716869,0.051533025,13708.46738,0.499735574,115.8532982,6.329291048,117.5212538,0.063887262,21698.48769,0.424657534,147.3040654,8.007900236,0
15/08/2025 17:35,22.0s,0fa4f43e685246aa93c0d509f7cdc087,ETH_base_LTC_blk,LOCAL,/home/ec2-user/ETH_Price_Predition/.venv/lib/python3.11/site-packages/ipykernel_launcher.py,ec2-user,FINISHED,64,0.1,31,"['ETH_D_AvgPrc', 'LTC_D_AvgPrc', 'LTC_YF_Vol', 'LTC_OL_MinDif', 'LTC_BIC_HshRt']",21,3,0.001,7,04/03/2023,64,0.466165414,0.480128894,98.64764031,0.053445943,15247.2053,0.486962286,115.9110027,6.247057488,166.3380455,0.089347491,34925.67812,0.473684211,186.8841302,9.96235574,0
15/08/2025 13:59,23.9s,4fa8249ddd58443ca6f5e0a09aba37d8,ETH_base_BTC_blk,LOCAL,/home/ec2-user/ETH_Price_Predition/.venv/lib/python3.11/site-packages/ipykernel_launcher.py,ec2-user,FINISHED,64,0,52,"['ETH_D_AvgPrc', 'BTC_D_AvgPrc', 'BTC_OL_MinDif', 'BTC_OL_AvgTransFee', 'BTC_BIC_HshRt']",21,2,0.001,7,04/03/2023,32,0.45112782,0.485499463,95.26705149,0.051542601,14822.2564,0.490284864,116.2550972,6.260595629,137.5303889,0.07357514,27739.88358,0.453125,166.5529453,8.831134423,0
15/08/2025 16:53,21.3s,30a86b245dfa4fe687f8b4a2db3a437d,ETH_base_LTC_blk,LOCAL,/home/ec2-user/ETH_Price_Predition/.venv/lib/python3.11/site-packages/ipykernel_launcher.py,ec2-user,FINISHED,64,0,46,"['ETH_D_AvgPrc', 'LTC_D_AvgPrc', 'LTC_YF_Vol', 'LTC_OL_MinDif', 'LTC_BIC_HshRt']",14,2,0.001,7,04/03/2023,32,0.413533835,0.468313641,98.97529296,0.053396606,15491.48575,0.474977566,116.5789817,6.239547711,140.1420079,0.075260827,26095.19192,0.424657534,161.5400629,8.605524386,0
15/08/2025 21:38,11.7s,66d93b9eb07d40b0bb6cd0d341e8e958,ETH_base_sent_finbert,LOCAL,/home/ec2-user/ETH_Price_Predition/.venv/lib/python3.11/site-packages/ipykernel_launcher.py,ec2-user,FINISHED,64,0.05,6,"['ETH_D_AvgPrc', 'D_FINBERT_AvgScr_Ex', 'D_FINBERT_Sent_AvgEx']",7,2,0.001,7,04/03/2023,32,0.413533835,0.501611171,94.13111361,0.051738086,13828.06418,0.505967736,116.77141,6.450989075,106.586789,0.058491936,17085.78998,0.424657534,130.7126236,7.226589342,0
15/08/2025 16:20,53.8s,5cfda1fe56a74cbbb2fb733f60db0150,ETH_base_BTC_blk,LOCAL,/home/ec2-user/ETH_Price_Predition/.venv/lib/python3.11/site-packages/ipykernel_launcher.py,ec2-user,FINISHED,32,0.05,68,"['ETH_D_AvgPrc', 'BTC_D_AvgPrc', 'BTC_OL_MinDif', 'BTC_OL_AvgTransFee', 'BTC_BIC_HshRt']",28,3,0.01,7,04/03/2023,32,0.45112782,0.500537057,92.96385204,0.050706385,13914.5565,0.504672225,117.1110679,6.388698097,114.5372427,0.061915768,20245.20317,0.454545455,142.2856394,7.65573966,0
15/08/2025 16:04,35.3s,02ca5f5145a149e69377ff5b37c8da56,ETH_base_BTC_blk,LOCAL,/home/ec2-user/ETH_Price_Predition/.venv/lib/python3.11/site-packages/ipykernel_launcher.py,ec2-user,FINISHED,32,0.1,36,"['ETH_D_AvgPrc', 'BTC_D_AvgPrc', 'BTC_OL_MinDif', 'BTC_OL_AvgTransFee', 'BTC_BIC_HshRt']",21,3,0.001,7,04/03/2023,64,0.488721805,0.509129968,93.38368823,0.050878163,14379.49186,0.512771395,117.1969584,6.379305744,145.2901136,0.077905317,27588.38228,0.492537313,166.0975083,8.823131021,0
15/08/2025 16:21,23.7s,cf10bae485e64aaa9241b16e6b5f7e38,ETH_base_BTC_blk,LOCAL,/home/ec2-user/ETH_Price_Predition/.venv/lib/python3.11/site-packages/ipykernel_launcher.py,ec2-user,FINISHED,64,0.05,34,"['ETH_D_AvgPrc', 'BTC_D_AvgPrc', 'BTC_OL_MinDif', 'BTC_OL_AvgTransFee', 'BTC_BIC_HshRt']",28,3,0.01,7,04/03/2023,32,0.413533835,0.480128894,89.34749157,0.049317985,14029.32831,0.486171319,117.702769,6.552288902,91.49096106,0.050106528,19048.59891,0.424657534,138.0166617,7.614486617,0
15/08/2025 19:54,13.3s,d519e717cee54e139642191fd1ee374a,ETH_base_sent_vader,LOCAL,/home/ec2-user/ETH_Price_Predition/.venv/lib/python3.11/site-packages/ipykernel_launcher.py,ec2-user,FINISHED,32,0.05,2,"['ETH_D_AvgPrc', 'D_VADER_AvgScr_Ex', 'D_VADER_Sent_AvgEx']",7,2,0.001,7,04/03/2023,32,0.503759398,0.455424275,94.60561095,0.0518781,14269.34581,0.462318998,117.7511313,6.498879617,108.173279,0.059942281,17136.58622,0.507246377,130.9067845,7.418504896,0
15/08/2025 17:42,16.5s,afa06f53478e4965a53b6bacac9da079,ETH_base_LTC_blk,LOCAL,/home/ec2-user/ETH_Price_Predition/.venv/lib/python3.11/site-packages/ipykernel_launcher.py,ec2-user,FINISHED,32,0.05,4,"['ETH_D_AvgPrc', 'LTC_D_AvgPrc', 'LTC_YF_Vol', 'LTC_OL_MinDif', 'LTC_BIC_HshRt']",28,2,0.001,7,04/03/2023,64,0.518796992,0.484425349,97.76001403,0.05293338,15083.59054,0.490093993,117.8112627,6.336264532,151.5644648,0.08126049,31318.44896,0.52173913,176.9701923,9.389235273,0
15/08/2025 17:16,13.8s,bd2382b141c149d3a76c8224e54e25d8,ETH_base_LTC_blk,LOCAL,/home/ec2-user/ETH_Price_Predition/.venv/lib/python3.11/site-packages/ipykernel_launcher.py,ec2-user,FINISHED,64,0,14,"['ETH_D_AvgPrc', 'LTC_D_AvgPrc', 'LTC_YF_Vol', 'LTC_OL_MinDif', 'LTC_BIC_HshRt']",21,2,0.001,7,04/03/2023,64,0.496240602,0.469387755,99.60930787,0.054121877,15152.88528,0.474273514,118.4055143,6.423846941,145.6533554,0.078277996,28045.79733,0.5,167.4687951,8.92429628,0
15/08/2025 16:03,14.7s,90dda1dd14a94a36a79b80bdc73f1ba0,ETH_base_BTC_blk,LOCAL,/home/ec2-user/ETH_Price_Predition/.venv/lib/python3.11/site-packages/ipykernel_launcher.py,ec2-user,FINISHED,64,0.1,7,"['ETH_D_AvgPrc', 'BTC_D_AvgPrc', 'BTC_OL_MinDif', 'BTC_OL_AvgTransFee', 'BTC_BIC_HshRt']",21,3,0.01,7,04/03/2023,32,0.45112782,0.501611171,99.071261,0.05373896,15329.44454,0.505301569,118.5493432,6.409791026,139.2094935,0.074622162,26424.5781,0.455882353,162.5563844,8.620689109,0
16/08/2025 00:35,30.3s,a3e39bb9a85a48c3ab11756d921ca1d8,ETH_base_sent_cryptobert,LOCAL,/home/ec2-user/ETH_Price_Predition/.venv/lib/python3.11/site-packages/ipykernel_launcher.py,ec2-user,FINISHED,32,0,38,"['ETH_D_AvgPrc', 'D_CRYPTOBERT_AvgScr_Ex', 'D_CRYPTOBERT_Sent_AvgEx']",28,2,0.01,7,04/03/2023,32,0.466165414,0.496240602,99.81369776,0.054120186,14857.04813,0.503001271,118.7118417,6.414816798,126.5085617,0.068361757,23056.04351,0.471428571,151.8421665,8.172477188,0
15/08/2025 17:25,14.8s,0945757facc04b3d92d987f35f672ea2,ETH_base_LTC_blk,LOCAL,/home/ec2-user/ETH_Price_Predition/.venv/lib/python3.11/site-packages/ipykernel_launcher.py,ec2-user,FINISHED,64,0,8,"['ETH_D_AvgPrc', 'LTC_D_AvgPrc', 'LTC_YF_Vol', 'LTC_OL_MinDif', 'LTC_BIC_HshRt']",21,3,0.001,7,04/03/2023,32,0.511278195,0.482277121,97.86390419,0.053048345,14667.72282,0.489090782,118.8058927,6.400363544,90.07795773,0.048943016,12678.09929,0.515625,112.5970661,6.13725478,0
15/08/2025 22:27,17.5s,74544670e6374f9abe0509c8719e2fa5,ETH_base_sent_finbert,LOCAL,/home/ec2-user/ETH_Price_Predition/.venv/lib/python3.11/site-packages/ipykernel_launcher.py,ec2-user,FINISHED,32,0.05,10,"['ETH_D_AvgPrc', 'D_FINBERT_AvgScr_Ex', 'D_FINBERT_Sent_AvgEx']",21,2,0.01,7,04/03/2023,64,0.37593985,0.510204082,98.95798552,0.054548327,15056.56892,0.513704866,119.069187,6.621823063,123.6408093,0.068186046,23260.38447,0.391891892,152.5135551,8.486295084,0
15/08/2025 16:29,10.3s,839e567a91344e7db2e7793172fe9c26,ETH_base_LTC_blk,LOCAL,/home/ec2-user/ETH_Price_Predition/.venv/lib/python3.11/site-packages/ipykernel_launcher.py,ec2-user,FINISHED,64,0,3,"['ETH_D_AvgPrc', 'LTC_D_AvgPrc', 'LTC_YF_Vol', 'LTC_OL_MinDif', 'LTC_BIC_HshRt']",7,2,0.01,7,04/03/2023,32,0.481203008,0.474758324,99.27369646,0.054577566,15078.16933,0.482022211,119.0713113,6.639282584,81.20999191,0.044599119,10587.6991,0.486111111,102.8965456,5.752186949,0
15/08/2025 17:53,22.4s,90e486d546c044eeb31334490b963fce,ETH_base_LTC_blk,LOCAL,/home/ec2-user/ETH_Price_Predition/.venv/lib/python3.11/site-packages/ipykernel_launcher.py,ec2-user,FINISHED,64,0.05,30,"['ETH_D_AvgPrc', 'LTC_D_AvgPrc', 'LTC_YF_Vol', 'LTC_OL_MinDif', 'LTC_BIC_HshRt']",28,3,0.001,7,04/03/2023,32,0.428571429,0.473684211,101.201387,0.055300854,15954.76869,0.479855354,119.2507953,6.549848173,185.1390709,0.099361449,41922.97635,0.432835821,204.7510106,10.88325885,0
15/08/2025 16:16,26.6s,ce06c09d18ce471a9f424c53bfa05766,ETH_base_BTC_blk,LOCAL,/home/ec2-user/ETH_Price_Predition/.venv/lib/python3.11/site-packages/ipykernel_launcher.py,ec2-user,FINISHED,64,0.1,61,"['ETH_D_AvgPrc', 'BTC_D_AvgPrc', 'BTC_OL_MinDif', 'BTC_OL_AvgTransFee', 'BTC_BIC_HshRt']",28,2,0.01,7,04/03/2023,64,0.458646617,0.472610097,86.60126768,0.047326237,15495.10601,0.477904739,119.5513333,6.541638502,119.9605573,0.065298008,28352.53955,0.462686567,168.3821236,9.224220445,0
15/08/2025 16:34,11.3s,87990311106e4f25a55ca00d0b57d853,ETH_base_LTC_blk,LOCAL,/home/ec2-user/ETH_Price_Predition/.venv/lib/python3.11/site-packages/ipykernel_launcher.py,ec2-user,FINISHED,64,0.05,5,"['ETH_D_AvgPrc', 'LTC_D_AvgPrc', 'LTC_YF_Vol', 'LTC_OL_MinDif', 'LTC_BIC_HshRt']",7,2,0.01,7,04/03/2023,64,0.518796992,0.482277121,96.83164163,0.052590126,15155.73344,0.487279746,119.700208,6.492909955,123.605737,0.066721144,22255.31698,0.521126761,149.1821604,8.027189903,0
15/08/2025 19:51,12.5s,c49d1526012f4dc68ca40e8b84e7d373,ETH_base_sent_vader,LOCAL,/home/ec2-user/ETH_Price_Predition/.venv/lib/python3.11/site-packages/ipykernel_launcher.py,ec2-user,FINISHED,32,0,2,"['ETH_D_AvgPrc', 'D_VADER_AvgScr_Ex', 'D_VADER_Sent_AvgEx']",7,2,0.001,7,04/03/2023,32,0.488721805,0.4650913,96.05786428,0.052867176,14624.54471,0.471362998,119.7589648,6.626805623,128.4945897,0.070769113,23125.68201,0.493333333,152.0713057,8.498141389,0
15/08/2025 16:25,1.0min,7022ccaf9fc94c50806681405a48a89c,ETH_base_BTC_blk,LOCAL,/home/ec2-user/ETH_Price_Predition/.venv/lib/python3.11/site-packages/ipykernel_launcher.py,ec2-user,FINISHED,32,0.1,79,"['ETH_D_AvgPrc', 'BTC_D_AvgPrc', 'BTC_OL_MinDif', 'BTC_OL_AvgTransFee', 'BTC_BIC_HshRt']",28,3,0.001,7,04/03/2023,32,0.443609023,0.491944146,96.03802831,0.05280849,15135.09053,0.496244382,120.1685704,6.65249082,131.5757237,0.071319674,29417.18622,0.447761194,171.5143907,9.311836516,0
15/08/2025 22:52,32.8s,2d6035bf24e34139b369fd18ba274eb9,ETH_base_sent_finbert,LOCAL,/home/ec2-user/ETH_Price_Predition/.venv/lib/python3.11/site-packages/ipykernel_launcher.py,ec2-user,FINISHED,32,0.05,44,"['ETH_D_AvgPrc', 'D_FINBERT_AvgScr_Ex', 'D_FINBERT_Sent_AvgEx']",28,2,0.01,7,04/03/2023,64,0.473684211,0.524167562,102.5607546,0.056126533,16086.84865,0.528475634,120.1738445,6.579504853,151.3694488,0.082683319,31171.52237,0.47826087,176.5545875,9.654591508,0
15/08/2025 13:16,23.1s,00322b180d0f4d429c937d5eb31f3ce9,ETH_base_ETH_blk,LOCAL,/home/ec2-user/ETH_Price_Predition/.venv/lib/python3.11/site-packages/ipykernel_launcher.py,ec2-user,FINISHED,32,0.1,10,"['ETH_D_AvgPrc', 'ETH_YF_Vol', 'ETH_ES_AvgTransFee', 'ETH_ES_BlkTm', 'ETH_ES_GasUsd', 'ETH_ES_AvgGasPrc']",28,3,0.001,7,04/03/2023,32,0.503759398,0.499462943,97.28595233,0.054001999,15017.15143,0.50457703,120.345237,6.788646216,134.4934451,0.074215219,26157.23258,0.507462687,161.7319776,9.102120859,0
15/08/2025 17:42,12.4s,858cfad108ec42bd91e92c8b5d363f7e,ETH_base_LTC_blk,LOCAL,/home/ec2-user/ETH_Price_Predition/.venv/lib/python3.11/site-packages/ipykernel_launcher.py,ec2-user,FINISHED,64,0.05,5,"['ETH_D_AvgPrc', 'LTC_D_AvgPrc', 'LTC_YF_Vol', 'LTC_OL_MinDif', 'LTC_BIC_HshRt']",28,2,0.01,7,04/03/2023,64,0.443609023,0.469387755,101.7869344,0.055700405,15117.42692,0.474975077,120.5320295,6.621635633,117.1725599,0.063059446,19270.39611,0.449275362,138.8178523,7.41381344,0
15/08/2025 21:37,9.8s,40148bdcfdbe4be6b204f3e9762c64fb,ETH_base_sent_finbert,LOCAL,/home/ec2-user/ETH_Price_Predition/.venv/lib/python3.11/site-packages/ipykernel_launcher.py,ec2-user,FINISHED,64,0,1,"['ETH_D_AvgPrc', 'D_FINBERT_AvgScr_Ex', 'D_FINBERT_Sent_AvgEx']",7,2,0.001,7,04/03/2023,64,0.533834586,0.483351235,98.99554706,0.054916896,15251.797,0.4872636,120.8479302,6.871780797,98.60870109,0.054605168,14644.01563,0.537313433,121.0124606,6.851387915,0
15/08/2025 15:59,15.0s,d6f4c96922b5474ca240b13c37f19f5f,ETH_base_BTC_blk,LOCAL,/home/ec2-user/ETH_Price_Predition/.venv/lib/python3.11/site-packages/ipykernel_launcher.py,ec2-user,FINISHED,64,0.05,7,"['ETH_D_AvgPrc', 'BTC_D_AvgPrc', 'BTC_OL_MinDif', 'BTC_OL_AvgTransFee', 'BTC_BIC_HshRt']",21,3,0.01,7,04/03/2023,32,0.458646617,0.503759398,103.6078813,0.056551711,17084.6194,0.507703218,121.151854,6.658658014,193.3534374,0.103872759,43948.2061,0.464788732,209.6382744,11.16334692,0
15/08/2025 14:04,12.9s,42f783100dce4ff1be1c2fb91a31b86f,ETH_base_BTC_blk,LOCAL,/home/ec2-user/ETH_Price_Predition/.venv/lib/python3.11/site-packages/ipykernel_launcher.py,ec2-user,FINISHED,64,0.05,9,"['ETH_D_AvgPrc', 'BTC_D_AvgPrc', 'BTC_OL_MinDif', 'BTC_OL_AvgTransFee', 'BTC_BIC_HshRt']",21,2,0.001,7,04/03/2023,64,0.458646617,0.498388829,101.8372944,0.055406038,16077.11915,0.502952536,121.164417,6.586220504,168.0233817,0.090366146,36932.35519,0.466666667,192.1779259,10.24824467,0
15/08/2025 16:03,32.5s,076482a81790443da3397fb23b73609f,ETH_base_BTC_blk,LOCAL,/home/ec2-user/ETH_Price_Predition/.venv/lib/python3.11/site-packages/ipykernel_launcher.py,ec2-user,FINISHED,64,0.1,59,"['ETH_D_AvgPrc', 'BTC_D_AvgPrc', 'BTC_OL_MinDif', 'BTC_OL_AvgTransFee', 'BTC_BIC_HshRt']",21,3,0.001,7,04/03/2023,32,0.436090226,0.496240602,100.5593862,0.054866215,16677.31489,0.499879926,121.7811409,6.666878799,164.2753307,0.087999239,38713.95043,0.4375,196.7586095,10.4376883,0
15/08/2025 14:06,26.1s,b9edeb704dc143bca2c24dc934b0a103,ETH_base_BTC_blk,LOCAL,/home/ec2-user/ETH_Price_Predition/.venv/lib/python3.11/site-packages/ipykernel_launcher.py,ec2-user,FINISHED,32,0.1,28,"['ETH_D_AvgPrc', 'BTC_D_AvgPrc', 'BTC_OL_MinDif', 'BTC_OL_AvgTransFee', 'BTC_BIC_HshRt']",21,2,0.001,7,04/03/2023,64,0.511278195,0.509129968,101.4043236,0.055482944,16328.7264,0.515416337,122.4621472,6.731463663,165.462068,0.088569597,38603.52488,0.517241379,196.4777974,10.41337235,0
15/08/2025 16:26,17.8s,753875106b5a4c9dab74cd7c9345473c,ETH_base_BTC_blk,LOCAL,/home/ec2-user/ETH_Price_Predition/.venv/lib/python3.11/site-packages/ipykernel_launcher.py,ec2-user,FINISHED,64,0.1,3,"['ETH_D_AvgPrc', 'BTC_D_AvgPrc', 'BTC_OL_MinDif', 'BTC_OL_AvgTransFee', 'BTC_BIC_HshRt']",28,3,0.01,7,04/03/2023,32,0.496240602,0.499462943,100.2958811,0.054920767,17443.67079,0.503227042,122.4960408,6.79469681,91.70433354,0.04955847,13893.24496,0.5,117.86961,6.353529971,0
15/08/2025 16:09,31.4s,48305070e2c543688cb412c764527b26,ETH_base_BTC_blk,LOCAL,/home/ec2-user/ETH_Price_Predition/.venv/lib/python3.11/site-packages/ipykernel_launcher.py,ec2-user,FINISHED,32,0.05,36,"['ETH_D_AvgPrc', 'BTC_D_AvgPrc', 'BTC_OL_MinDif', 'BTC_OL_AvgTransFee', 'BTC_BIC_HshRt']",28,2,0.01,7,04/03/2023,32,0.473684211,0.484425349,94.7964056,0.052229699,15480.14394,0.489617059,122.5712116,6.805546837,111.6502569,0.060664266,23558.5576,0.47826087,153.4879722,8.363844007,0
15/08/2025 14:05,22.2s,32e376926d2a4aefaec1c5676dc98dd1,ETH_base_BTC_blk,LOCAL,/home/ec2-user/ETH_Price_Predition/.venv/lib/python3.11/site-packages/ipykernel_launcher.py,ec2-user,FINISHED,64,0.1,46,"['ETH_D_AvgPrc', 'BTC_D_AvgPrc', 'BTC_OL_MinDif', 'BTC_OL_AvgTransFee', 'BTC_BIC_HshRt']",21,2,0.001,7,04/03/2023,32,0.481203008,0.503759398,99.68864079,0.054348651,16116.34908,0.508158588,122.9088428,6.6961408,119.6831208,0.064261678,23449.45845,0.483870968,153.1321601,8.168000455,0
15/08/2025 13:32,25.5s,83c33f8c576046ca863423f7c593e3f0,ETH_base_BTC_blk,LOCAL,/home/ec2-user/ETH_Price_Predition/.venv/lib/python3.11/site-packages/ipykernel_launcher.py,ec2-user,FINISHED,32,0,23,"['ETH_D_AvgPrc', 'BTC_D_AvgPrc', 'BTC_OL_MinDif', 'BTC_OL_AvgTransFee', 'BTC_BIC_HshRt']",7,3,0.01,7,04/03/2023,32,0.488721805,0.482277121,97.24757997,0.05282605,15986.58253,0.487753511,122.9625931,6.674908362,142.0125983,0.07635105,26847.45481,0.492537313,163.8519295,8.746622385,0
15/08/2025 16:09,53.8s,ef16117490964606850578820df1c249,ETH_base_BTC_blk,LOCAL,/home/ec2-user/ETH_Price_Predition/.venv/lib/python3.11/site-packages/ipykernel_launcher.py,ec2-user,FINISHED,32,0.05,85,"['ETH_D_AvgPrc', 'BTC_D_AvgPrc', 'BTC_OL_MinDif', 'BTC_OL_AvgTransFee', 'BTC_BIC_HshRt']",28,2,0.001,7,04/03/2023,32,0.413533835,0.477980666,89.74186469,0.049163654,16222.56421,0.485071926,123.231963,6.760413757,117.0136556,0.063709538,27622.1423,0.426666667,166.1991044,9.079621731,0
15/08/2025 16:02,38.0s,00a067ba7dc947fabe2924287a5de1d9,ETH_base_BTC_blk,LOCAL,/home/ec2-user/ETH_Price_Predition/.venv/lib/python3.11/site-packages/ipykernel_launcher.py,ec2-user,FINISHED,32,0.1,41,"['ETH_D_AvgPrc', 'BTC_D_AvgPrc', 'BTC_OL_MinDif', 'BTC_OL_AvgTransFee', 'BTC_BIC_HshRt']",21,3,0.001,7,04/03/2023,32,0.466165414,0.487647691,104.9399025,0.05699682,17077.63743,0.492846661,123.6042318,6.704199711,178.7443767,0.09572224,41292.10894,0.471428571,203.2045987,10.77118976,0
15/08/2025 17:24,44.2s,2e72c34fc4e248729a3f72897beb8bd3,ETH_base_LTC_blk,LOCAL,/home/ec2-user/ETH_Price_Predition/.venv/lib/python3.11/site-packages/ipykernel_launcher.py,ec2-user,FINISHED,32,0,57,"['ETH_D_AvgPrc', 'LTC_D_AvgPrc', 'LTC_YF_Vol', 'LTC_OL_MinDif', 'LTC_BIC_HshRt']",21,3,0.001,7,04/03/2023,32,0.466165414,0.488721805,106.8843266,0.057557773,17637.17643,0.493247526,123.7896177,6.596620454,179.7465979,0.096300563,39571.12549,0.46875,198.9249243,10.53787323,0
15/08/2025 17:32,38.3s,db32777c859742f0b6207f1c09d9affb,ETH_base_LTC_blk,LOCAL,/home/ec2-user/ETH_Price_Predition/.venv/lib/python3.11/site-packages/ipykernel_launcher.py,ec2-user,FINISHED,32,0.1,42,"['ETH_D_AvgPrc', 'LTC_D_AvgPrc', 'LTC_YF_Vol', 'LTC_OL_MinDif', 'LTC_BIC_HshRt']",21,3,0.001,7,04/03/2023,32,0.473684211,0.481203008,107.2296807,0.057924705,17695.27382,0.487239088,123.8663822,6.636745133,177.7324831,0.095283011,38884.0907,0.479452055,197.1904934,10.45942145,0
15/08/2025 16:05,16.1s,cc311780aad5442bb8c0e775e87d7270,ETH_base_BTC_blk,LOCAL,/home/ec2-user/ETH_Price_Predition/.venv/lib/python3.11/site-packages/ipykernel_launcher.py,ec2-user,FINISHED,64,0.1,11,"['ETH_D_AvgPrc', 'BTC_D_AvgPrc', 'BTC_OL_MinDif', 'BTC_OL_AvgTransFee', 'BTC_BIC_HshRt']",21,3,0.01,7,04/03/2023,64,0.526315789,0.508055854,101.2188178,0.055962029,16087.02538,0.51419215,124.1632438,6.953753582,97.08523835,0.05249288,14786.17507,0.532258065,121.5984172,6.601829553,0
15/08/2025 17:27,22.6s,36d5e0b8ab684a9a90d778aa19404fd1,ETH_base_LTC_blk,LOCAL,/home/ec2-user/ETH_Price_Predition/.venv/lib/python3.11/site-packages/ipykernel_launcher.py,ec2-user,FINISHED,32,0.05,11,"['ETH_D_AvgPrc', 'LTC_D_AvgPrc', 'LTC_YF_Vol', 'LTC_OL_MinDif', 'LTC_BIC_HshRt']",21,3,0.01,7,04/03/2023,32,0.481203008,0.488721805,106.7312869,0.057672067,17853.21755,0.49344163,124.7916905,6.702801679,192.1431708,0.103199514,45329.12295,0.484375,212.9063713,11.34812081,0
15/08/2025 13:42,17.5s,3f933421a32043f7a3b9388d42656c0d,ETH_base_BTC_blk,LOCAL,/home/ec2-user/ETH_Price_Predition/.venv/lib/python3.11/site-packages/ipykernel_launcher.py,ec2-user,FINISHED,64,0,26,"['ETH_D_AvgPrc', 'BTC_D_AvgPrc', 'BTC_OL_MinDif', 'BTC_OL_AvgTransFee', 'BTC_BIC_HshRt']",14,2,0.001,7,04/03/2023,32,0.413533835,0.4650913,106.8557212,0.057906142,17085.98618,0.471781298,125.1296946,6.751534116,176.7798928,0.094951357,37573.27982,0.426666667,193.8382827,10.31606068,0
15/08/2025 17:19,20.9s,0f1c37834f9a4d159a909fe75a363da7,ETH_base_LTC_blk,LOCAL,/home/ec2-user/ETH_Price_Predition/.venv/lib/python3.11/site-packages/ipykernel_launcher.py,ec2-user,FINISHED,64,0.05,39,"['ETH_D_AvgPrc', 'LTC_D_AvgPrc', 'LTC_YF_Vol', 'LTC_OL_MinDif', 'LTC_BIC_HshRt']",21,2,0.01,7,04/03/2023,64,0.511278195,0.499462943,109.5431843,0.059039641,17072.8303,0.503658277,125.2609021,6.674333727,166.3522144,0.089237788,33985.22172,0.514705882,184.3508116,9.787389117,0
15/08/2025 13:35,19.1s,8593adf5360b482ea8a268357a12f524,ETH_base_BTC_blk,LOCAL,/home/ec2-user/ETH_Price_Predition/.venv/lib/python3.11/site-packages/ipykernel_launcher.py,ec2-user,FINISHED,32,0.05,6,"['ETH_D_AvgPrc', 'BTC_D_AvgPrc', 'BTC_OL_MinDif', 'BTC_OL_AvgTransFee', 'BTC_BIC_HshRt']",7,3,0.01,7,04/03/2023,32,0.503759398,0.504833512,108.4050836,0.058568979,17561.24119,0.509398419,125.3073906,6.715397218,170.545767,0.091581388,35979.56797,0.507042254,189.6828088,10.09767959,0
15/08/2025 17:36,16.7s,3f52d15ace3741d199487f6d54d04119,ETH_base_LTC_blk,LOCAL,/home/ec2-user/ETH_Price_Predition/.venv/lib/python3.11/site-packages/ipykernel_launcher.py,ec2-user,FINISHED,32,0,6,"['ETH_D_AvgPrc', 'LTC_D_AvgPrc', 'LTC_YF_Vol', 'LTC_OL_MinDif', 'LTC_BIC_HshRt']",28,2,0.001,7,04/03/2023,32,0.421052632,0.472610097,107.2216516,0.058014336,17905.05348,0.480235989,126.076421,6.782794594,127.1634313,0.068235663,22033.54453,0.432432432,148.4370053,7.866778756,0
15/08/2025 20:03,13.7s,2d0853a90b1347c384093430e2243ae9,ETH_base_sent_vader,LOCAL,/home/ec2-user/ETH_Price_Predition/.venv/lib/python3.11/site-packages/ipykernel_launcher.py,ec2-user,FINISHED,64,0,8,"['ETH_D_AvgPrc', 'D_VADER_AvgScr_Ex', 'D_VADER_Sent_AvgEx']",7,3,0.01,7,04/03/2023,64,0.436090226,0.489795918,103.1368105,0.056807597,16788.07364,0.494481661,126.1778067,6.980079563,109.0963137,0.059923382,18659.78544,0.441176471,136.6008252,7.56088095,0
15/08/2025 21:10,50.6s,f176716d6d354d84b0d2bcff9d027ffe,ETH_base_sent_vader,LOCAL,/home/ec2-user/ETH_Price_Predition/.venv/lib/python3.11/site-packages/ipykernel_launcher.py,ec2-user,FINISHED,32,0,67,"['ETH_D_AvgPrc', 'D_VADER_AvgScr_Ex', 'D_VADER_Sent_AvgEx']",28,3,0.01,7,04/03/2023,32,0.413533835,0.501611171,103.4677911,0.057283716,16381.78984,0.507173586,126.2862747,7.129941811,102.2311193,0.055870925,15867.42916,0.420289855,125.9659841,6.92803385,0
15/08/2025 17:50,14.1s,227fbc1023694a6c871037895abf6f5b,ETH_base_LTC_blk,LOCAL,/home/ec2-user/ETH_Price_Predition/.venv/lib/python3.11/site-packages/ipykernel_launcher.py,ec2-user,FINISHED,64,0,4,"['ETH_D_AvgPrc', 'LTC_D_AvgPrc', 'LTC_YF_Vol', 'LTC_OL_MinDif', 'LTC_BIC_HshRt']",28,3,0.01,7,04/03/2023,64,0.473684211,0.456498389,107.0164803,0.05819084,17019.98765,0.46411148,126.4421245,6.879589921,144.4666177,0.077558077,28149.13175,0.47826087,167.7770299,8.920838519,0
15/08/2025 16:27,30.4s,37e40fcaf256421a87a1872e2af4d9d3,ETH_base_BTC_blk,LOCAL,/home/ec2-user/ETH_Price_Predition/.venv/lib/python3.11/site-packages/ipykernel_launcher.py,ec2-user,FINISHED,64,0.1,54,"['ETH_D_AvgPrc', 'BTC_D_AvgPrc', 'BTC_OL_MinDif', 'BTC_OL_AvgTransFee', 'BTC_BIC_HshRt']",28,3,0.01,7,04/03/2023,64,0.428571429,0.487647691,104.0445387,0.056947802,17249.00007,0.494475422,126.5105667,6.945335968,162.7375339,0.088249117,36439.22544,0.441558442,190.8906112,10.33143883,0
15/08/2025 17:27,14.4s,26f2001bc4da4ef3a350a867facfb582,ETH_base_LTC_blk,LOCAL,/home/ec2-user/ETH_Price_Predition/.venv/lib/python3.11/site-packages/ipykernel_launcher.py,ec2-user,FINISHED,64,0,6,"['ETH_D_AvgPrc', 'LTC_D_AvgPrc', 'LTC_YF_Vol', 'LTC_OL_MinDif', 'LTC_BIC_HshRt']",21,3,0.001,7,04/03/2023,64,0.458646617,0.491944146,106.2423845,0.057488474,17106.89588,0.496934278,127.0714636,6.824674915,155.157129,0.083254171,32256.98353,0.467532468,179.6022927,9.550651811,0
15/08/2025 14:06,12.7s,0a12d5215eca417e8017bf28a7fa59a0,ETH_base_BTC_blk,LOCAL,/home/ec2-user/ETH_Price_Predition/.venv/lib/python3.11/site-packages/ipykernel_launcher.py,ec2-user,FINISHED,64,0.1,8,"['ETH_D_AvgPrc', 'BTC_D_AvgPrc', 'BTC_OL_MinDif', 'BTC_OL_AvgTransFee', 'BTC_BIC_HshRt']",21,2,0.01,7,04/03/2023,64,0.428571429,0.467239527,108.699316,0.058944379,20549.68393,0.473146602,127.6944721,6.912209219,246.3665517,0.132167471,72375.12397,0.434782609,269.0262514,14.30542638,0
15/08/2025 14:05,14.2s,27b04ba4279e43ab8c6073944685690f,ETH_base_BTC_blk,LOCAL,/home/ec2-user/ETH_Price_Predition/.venv/lib/python3.11/site-packages/ipykernel_launcher.py,ec2-user,FINISHED,64,0.1,14,"['ETH_D_AvgPrc', 'BTC_D_AvgPrc', 'BTC_OL_MinDif', 'BTC_OL_AvgTransFee', 'BTC_BIC_HshRt']",21,2,0.01,7,04/03/2023,32,0.488721805,0.473684211,106.0603757,0.057826762,17546.03904,0.479477159,127.7925894,6.983193938,161.2858173,0.086312571,36314.84904,0.493150685,190.5645535,10.09785044,0
16/08/2025 01:01,26.8s,a8dba320e2fd41a9ad9a2d3c4f91bf24,ETH_base_sent_cryptobert,LOCAL,/home/ec2-user/ETH_Price_Predition/.venv/lib/python3.11/site-packages/ipykernel_launcher.py,ec2-user,FINISHED,32,0.1,14,"['ETH_D_AvgPrc', 'D_CRYPTOBERT_AvgScr_Ex', 'D_CRYPTOBERT_Sent_AvgEx']",28,3,0.01,7,04/03/2023,64,0.488721805,0.4650913,109.28434,0.059234693,16859.94252,0.472420929,127.8185764,6.896041465,132.000975,0.07121644,24367.83816,0.493506494,156.102012,8.385134973,0
15/08/2025 16:02,18.7s,032d1837bf5a45bfa904eb34f468c5de,ETH_base_BTC_blk,LOCAL,/home/ec2-user/ETH_Price_Predition/.venv/lib/python3.11/site-packages/ipykernel_launcher.py,ec2-user,FINISHED,32,0.1,4,"['ETH_D_AvgPrc', 'BTC_D_AvgPrc', 'BTC_OL_MinDif', 'BTC_OL_AvgTransFee', 'BTC_BIC_HshRt']",21,3,0.01,7,04/03/2023,32,0.481203008,0.504833512,106.3135543,0.057579768,17557.42739,0.508959631,127.9175733,6.906555958,135.4085471,0.07247383,26795.36813,0.484848485,163.692908,8.678589844,0
15/08/2025 14:01,32.2s,7f25bedc7ac24c6eb8c00405cf1599ba,ETH_base_BTC_blk,LOCAL,/home/ec2-user/ETH_Price_Predition/.venv/lib/python3.11/site-packages/ipykernel_launcher.py,ec2-user,FINISHED,32,0.05,42,"['ETH_D_AvgPrc', 'BTC_D_AvgPrc', 'BTC_OL_MinDif', 'BTC_OL_AvgTransFee', 'BTC_BIC_HshRt']",21,2,0.001,7,04/03/2023,32,0.473684211,0.499462943,109.0119466,0.058934668,18955.07951,0.504498225,127.9461174,6.879959555,196.5126565,0.105411272,49374.10032,0.47761194,222.202836,11.82673881,0
15/08/2025 17:41,25.4s,47d0d40dfc0d4ca2b5a0f3daacf78371,ETH_base_LTC_blk,LOCAL,/home/ec2-user/ETH_Price_Predition/.venv/lib/python3.11/site-packages/ipykernel_launcher.py,ec2-user,FINISHED,64,0.05,52,"['ETH_D_AvgPrc', 'LTC_D_AvgPrc', 'LTC_YF_Vol', 'LTC_OL_MinDif', 'LTC_BIC_HshRt']",28,2,0.001,7,04/03/2023,32,0.413533835,0.45972073,110.8404683,0.059822524,19504.69027,0.466603076,127.963778,6.857903329,180.2738365,0.096613825,40301.01622,0.422535211,200.7511301,10.64977811,0
15/08/2025 20:01,12.3s,ca8068ba8b994b2b931b69a238401878,ETH_base_sent_vader,LOCAL,/home/ec2-user/ETH_Price_Predition/.venv/lib/python3.11/site-packages/ipykernel_launcher.py,ec2-user,FINISHED,64,0,3,"['ETH_D_AvgPrc', 'D_VADER_AvgScr_Ex', 'D_VADER_Sent_AvgEx']",7,3,0.01,7,04/03/2023,32,0.466165414,0.486573577,103.93724,0.057161715,16817.52859,0.491462708,127.9975482,7.088278615,117.5041754,0.063448928,21181.20367,0.46969697,145.5376366,7.842462934,0
15/08/2025 16:19,14.4s,6392b2ef770f455bbbd24f38592e105c,ETH_base_BTC_blk,LOCAL,/home/ec2-user/ETH_Price_Predition/.venv/lib/python3.11/site-packages/ipykernel_launcher.py,ec2-user,FINISHED,64,0,5,"['ETH_D_AvgPrc', 'BTC_D_AvgPrc', 'BTC_OL_MinDif', 'BTC_OL_AvgTransFee', 'BTC_BIC_HshRt']",28,3,0.01,7,04/03/2023,64,0.503759398,0.497314715,104.7127663,0.057217685,17631.817,0.502109793,128.6487488,7.056760623,103.9973284,0.05640179,18352.16131,0.506849315,135.4701491,7.37713999,0
15/08/2025 20:58,13.8s,e8c25eacf9b74ff582e4876a2c60733b,ETH_base_sent_vader,LOCAL,/home/ec2-user/ETH_Price_Predition/.venv/lib/python3.11/site-packages/ipykernel_launcher.py,ec2-user,FINISHED,32,0,1,"['ETH_D_AvgPrc', 'D_VADER_AvgScr_Ex', 'D_VADER_Sent_AvgEx']",28,2,0.01,7,04/03/2023,32,0.428571429,0.498388829,107.2835754,0.058595424,18530.27668,0.504326239,129.3466208,7.071868609,167.1258295,0.092356243,37126.38601,0.436619718,192.6820853,10.84894674,0
15/08/2025 17:59,27.7s,1b8c337bcce144aca96a89e5b537232b,ETH_base_LTC_blk,LOCAL,/home/ec2-user/ETH_Price_Predition/.venv/lib/python3.11/site-packages/ipykernel_launcher.py,ec2-user,FINISHED,32,0.1,18,"['ETH_D_AvgPrc', 'LTC_D_AvgPrc', 'LTC_YF_Vol', 'LTC_OL_MinDif', 'LTC_BIC_HshRt']",28,3,0.001,7,04/03/2023,64,0.398496241,0.457572503,112.8115421,0.061058647,18809.74303,0.466111,129.3877184,6.966487395,189.0138538,0.101280831,43940.43732,0.410958904,209.6197446,11.12046465,0
15/08/2025 17:37,29.9s,87f7e507382c41ea9abcf2a32ee6144c,ETH_base_LTC_blk,LOCAL,/home/ec2-user/ETH_Price_Predition/.venv/lib/python3.11/site-packages/ipykernel_launcher.py,ec2-user,FINISHED,64,0,74,"['ETH_D_AvgPrc', 'LTC_D_AvgPrc', 'LTC_YF_Vol', 'LTC_OL_MinDif', 'LTC_BIC_HshRt']",28,2,0.001,7,04/03/2023,32,0.413533835,0.469387755,113.3353367,0.061010038,19298.77638,0.473525701,130.8031327,6.972713589,185.3861513,0.099280588,42468.71482,0.417910448,206.0793896,10.91412625,0
16/08/2025 00:48,40.9s,49d59d7836a44c5bae36c01426ce38d4,ETH_base_sent_cryptobert,LOCAL,/home/ec2-user/ETH_Price_Predition/.venv/lib/python3.11/site-packages/ipykernel_launcher.py,ec2-user,FINISHED,32,0,45,"['ETH_D_AvgPrc', 'D_CRYPTOBERT_AvgScr_Ex', 'D_CRYPTOBERT_Sent_AvgEx']",28,3,0.01,7,04/03/2023,32,0.45112782,0.486573577,114.2598529,0.061937881,17429.02069,0.490550197,130.8264534,7.054965005,117.558147,0.063563861,18867.5187,0.455882353,137.3590867,7.391048562,0
15/08/2025 16:13,25.2s,a925f1c74113428babd95785e80c74d0,ETH_base_BTC_blk,LOCAL,/home/ec2-user/ETH_Price_Predition/.venv/lib/python3.11/site-packages/ipykernel_launcher.py,ec2-user,FINISHED,32,0.1,18,"['ETH_D_AvgPrc', 'BTC_D_AvgPrc', 'BTC_OL_MinDif', 'BTC_OL_AvgTransFee', 'BTC_BIC_HshRt']",28,2,0.01,7,04/03/2023,32,0.428571429,0.487647691,102.8030077,0.056613021,18313.68936,0.491862553,131.5677377,7.307826721,121.4374355,0.065967149,28758.99978,0.432835821,169.5847864,9.248587887,0
15/08/2025 15:56,34.6s,e51044bd0531464181c4c8c4008a7a23,ETH_base_BTC_blk,LOCAL,/home/ec2-user/ETH_Price_Predition/.venv/lib/python3.11/site-packages/ipykernel_launcher.py,ec2-user,FINISHED,32,0,38,"['ETH_D_AvgPrc', 'BTC_D_AvgPrc', 'BTC_OL_MinDif', 'BTC_OL_AvgTransFee', 'BTC_BIC_HshRt']",21,3,0.01,7,04/03/2023,64,0.443609023,0.501611171,103.6768557,0.056720496,18465.02337,0.507193617,132.7531579,7.289866846,134.8891618,0.073616184,28656.17574,0.450704225,169.2813508,9.266371154,0
15/08/2025 16:15,33.2s,96bad9139f9e4b8eaa31b6cc76dbac68,ETH_base_BTC_blk,LOCAL,/home/ec2-user/ETH_Price_Predition/.venv/lib/python3.11/site-packages/ipykernel_launcher.py,ec2-user,FINISHED,32,0.1,43,"['ETH_D_AvgPrc', 'BTC_D_AvgPrc', 'BTC_OL_MinDif', 'BTC_OL_AvgTransFee', 'BTC_BIC_HshRt']",28,2,0.01,7,04/03/2023,64,0.473684211,0.491944146,114.3773353,0.062616218,19369.83938,0.498174062,133.9496769,7.376974103,170.2925495,0.091978705,36865.58958,0.478873239,192.0041395,10.33594226,0
15/08/2025 16:06,18.3s,b345a82668eb4d44a0fc4a42e2b78116,ETH_base_BTC_blk,LOCAL,/home/ec2-user/ETH_Price_Predition/.venv/lib/python3.11/site-packages/ipykernel_launcher.py,ec2-user,FINISHED,64,0,31,"['ETH_D_AvgPrc', 'BTC_D_AvgPrc', 'BTC_OL_MinDif', 'BTC_OL_AvgTransFee', 'BTC_BIC_HshRt']",28,2,0.01,7,04/03/2023,32,0.45112782,0.471535983,110.0063259,0.059620906,19059.13254,0.477281837,134.5445398,7.267810998,153.2083463,0.082735069,31261.57607,0.455882353,176.8094343,9.517404241,0
15/08/2025 17:57,20.8s,12df741a06e54ca7921dbcb81c1d63fe,ETH_base_LTC_blk,LOCAL,/home/ec2-user/ETH_Price_Predition/.venv/lib/python3.11/site-packages/ipykernel_launcher.py,ec2-user,FINISHED,64,0.1,24,"['ETH_D_AvgPrc', 'LTC_D_AvgPrc', 'LTC_YF_Vol', 'LTC_OL_MinDif', 'LTC_BIC_HshRt']",28,3,0.001,7,04/03/2023,32,0.383458647,0.475832438,117.5450121,0.063744171,20163.67969,0.481683725,134.582361,7.274825949,196.168388,0.1050405,46550.94665,0.394366197,215.7566839,11.4358845,0
15/08/2025 21:17,18.1s,e848b56b415d45a287270a460a30ac6f,ETH_base_sent_vader,LOCAL,/home/ec2-user/ETH_Price_Predition/.venv/lib/python3.11/site-packages/ipykernel_launcher.py,ec2-user,FINISHED,32,0.05,2,"['ETH_D_AvgPrc', 'D_VADER_AvgScr_Ex', 'D_VADER_Sent_AvgEx']",28,3,0.01,7,04/03/2023,64,0.458646617,0.488721805,110.948713,0.06075414,21126.25173,0.493777813,134.6886712,7.40954764,95.32957493,0.051803868,15033.22398,0.456140351,122.6100484,6.648357783,0
15/08/2025 14:03,13.8s,e661383c9a18455fbc63c5bd8443ba87,ETH_base_BTC_blk,LOCAL,/home/ec2-user/ETH_Price_Predition/.venv/lib/python3.11/site-packages/ipykernel_launcher.py,ec2-user,FINISHED,64,0.05,12,"['ETH_D_AvgPrc', 'BTC_D_AvgPrc', 'BTC_OL_MinDif', 'BTC_OL_AvgTransFee', 'BTC_BIC_HshRt']",21,2,0.01,7,04/03/2023,64,0.488721805,0.500537057,113.6650157,0.061613693,21040.94061,0.506503999,134.8513169,7.287639845,200.0953826,0.107385662,51949.43749,0.492537313,227.9241924,12.13441205,0
15/08/2025 21:03,20.2s,0b3aff68f235487e8b5d7178224efeef,ETH_base_sent_vader,LOCAL,/home/ec2-user/ETH_Price_Predition/.venv/lib/python3.11/site-packages/ipykernel_launcher.py,ec2-user,FINISHED,32,0.05,15,"['ETH_D_AvgPrc', 'D_VADER_AvgScr_Ex', 'D_VADER_Sent_AvgEx']",28,2,0.01,7,04/03/2023,64,0.345864662,0.489795918,115.877578,0.062861282,20277.87894,0.495479355,135.6281506,7.336998442,125.2749953,0.067649837,23245.35425,0.361111111,152.464272,8.203798554,0
15/08/2025 17:49,22.4s,4c509bde92ba4685a9909aee66d42b1b,ETH_base_LTC_blk,LOCAL,/home/ec2-user/ETH_Price_Predition/.venv/lib/python3.11/site-packages/ipykernel_launcher.py,ec2-user,FINISHED,64,0,31,"['ETH_D_AvgPrc', 'LTC_D_AvgPrc', 'LTC_YF_Vol', 'LTC_OL_MinDif', 'LTC_BIC_HshRt']",28,3,0.001,7,04/03/2023,32,0.406015038,0.472610097,119.8184259,0.064902559,22550.63645,0.479870381,136.7576567,7.387092641,206.247389,0.110527341,50841.55956,0.418918919,225.4807299,11.96511981,0
15/08/2025 23:06,18.2s,97413ec854814076a6ee8f317c0f0874,ETH_base_sent_finbert,LOCAL,/home/ec2-user/ETH_Price_Predition/.venv/lib/python3.11/site-packages/ipykernel_launcher.py,ec2-user,FINISHED,32,0.05,2,"['ETH_D_AvgPrc', 'D_FINBERT_AvgScr_Ex', 'D_FINBERT_Sent_AvgEx']",28,3,0.01,7,04/03/2023,64,0.473684211,0.508055854,111.6710729,0.061309533,18989.16887,0.511912663,136.8731661,7.542724175,115.3655347,0.062644251,21199.51488,0.481012658,145.6005319,7.891127789,0
15/08/2025 22:59,44.6s,cd79421e9dd44730893c1b13621015a2,ETH_base_sent_finbert,LOCAL,/home/ec2-user/ETH_Price_Predition/.venv/lib/python3.11/site-packages/ipykernel_launcher.py,ec2-user,FINISHED,32,0,55,"['ETH_D_AvgPrc', 'D_FINBERT_AvgScr_Ex', 'D_FINBERT_Sent_AvgEx']",28,3,0.01,7,04/03/2023,32,0.466165414,0.505907626,109.6673079,0.059833056,21693.11332,0.511480754,137.2657112,7.488809747,162.9270981,0.088564058,41848.30022,0.472222222,204.568571,11.12707411,0
15/08/2025 15:56,14.6s,0177576f62ba488c91bd779749114804,ETH_base_BTC_blk,LOCAL,/home/ec2-user/ETH_Price_Predition/.venv/lib/python3.11/site-packages/ipykernel_launcher.py,ec2-user,FINISHED,64,0,8,"['ETH_D_AvgPrc', 'BTC_D_AvgPrc', 'BTC_OL_MinDif', 'BTC_OL_AvgTransFee', 'BTC_BIC_HshRt']",21,3,0.01,7,04/03/2023,32,0.496240602,0.50698174,117.9381949,0.063569676,21556.43755,0.510921742,137.3933197,7.345074815,196.2406554,0.104897421,49589.83978,0.5,222.687763,11.77361347,0
15/08/2025 17:22,45.0s,aac87679ffe34b19bdd58c487fde2c63,ETH_base_LTC_blk,LOCAL,/home/ec2-user/ETH_Price_Predition/.venv/lib/python3.11/site-packages/ipykernel_launcher.py,ec2-user,FINISHED,32,0.1,75,"['ETH_D_AvgPrc', 'LTC_D_AvgPrc', 'LTC_YF_Vol', 'LTC_OL_MinDif', 'LTC_BIC_HshRt']",21,2,0.001,7,04/03/2023,64,0.488721805,0.49301826,122.7215834,0.065990248,20476.31281,0.497633208,138.6768515,7.350135711,166.2503573,0.089138074,33866.99997,0.492537313,184.0298888,9.743365062,0
15/08/2025 17:29,24.0s,8ec95281b4124433b15e63c2e5276f93,ETH_base_LTC_blk,LOCAL,/home/ec2-user/ETH_Price_Predition/.venv/lib/python3.11/site-packages/ipykernel_launcher.py,ec2-user,FINISHED,32,0.05,13,"['ETH_D_AvgPrc', 'LTC_D_AvgPrc', 'LTC_YF_Vol', 'LTC_OL_MinDif', 'LTC_BIC_HshRt']",21,3,0.01,7,04/03/2023,64,0.518796992,0.499462943,123.4706262,0.066697906,19453.87866,0.50392091,138.8660963,7.443126907,145.3522144,0.078076028,26723.72831,0.521126761,163.4739377,8.699304059,0
15/08/2025 17:38,17.3s,dc064473d9f74ca799b5a00eecf08673,ETH_base_LTC_blk,LOCAL,/home/ec2-user/ETH_Price_Predition/.venv/lib/python3.11/site-packages/ipykernel_launcher.py,ec2-user,FINISHED,32,0,6,"['ETH_D_AvgPrc', 'LTC_D_AvgPrc', 'LTC_YF_Vol', 'LTC_OL_MinDif', 'LTC_BIC_HshRt']",28,2,0.001,7,04/03/2023,64,0.443609023,0.482277121,119.1054532,0.064289274,21533.47827,0.488524006,138.9055007,7.45188467,186.0689677,0.099904965,43530.94125,0.452054795,208.6406989,11.12695017,0
15/08/2025 16:10,17.8s,2a26daf607a54ed5bf5e54cc1b073c95,ETH_base_BTC_blk,LOCAL,/home/ec2-user/ETH_Price_Predition/.venv/lib/python3.11/site-packages/ipykernel_launcher.py,ec2-user,FINISHED,64,0.05,25,"['ETH_D_AvgPrc', 'BTC_D_AvgPrc', 'BTC_OL_MinDif', 'BTC_OL_AvgTransFee', 'BTC_BIC_HshRt']",28,2,0.01,7,04/03/2023,32,0.383458647,0.476906552,108.1371771,0.059223818,20699.41489,0.480941531,139.2406937,7.655215641,144.8295451,0.078404594,39607.14226,0.384615385,199.0154322,10.80620115,0
15/08/2025 15:56,18.8s,3e97a0bb7a2a448784ce8927cf06c1e3,ETH_base_BTC_blk,LOCAL,/home/ec2-user/ETH_Price_Predition/.venv/lib/python3.11/site-packages/ipykernel_launcher.py,ec2-user,FINISHED,64,0,22,"['ETH_D_AvgPrc', 'BTC_D_AvgPrc', 'BTC_OL_MinDif', 'BTC_OL_AvgTransFee', 'BTC_BIC_HshRt']",21,3,0.001,7,04/03/2023,32,0.466165414,0.496240602,122.4846473,0.066149115,23792.60278,0.501280367,140.0940835,7.522863039,233.1184314,0.125059286,62952.06207,0.471428571,250.9024951,13.33381206,0
15/08/2025 16:23,19.7s,be4f086427194090aa5e97d5cf65f6ea,ETH_base_BTC_blk,LOCAL,/home/ec2-user/ETH_Price_Predition/.venv/lib/python3.11/site-packages/ipykernel_launcher.py,ec2-user,FINISHED,32,0.05,4,"['ETH_D_AvgPrc', 'BTC_D_AvgPrc', 'BTC_OL_MinDif', 'BTC_OL_AvgTransFee', 'BTC_BIC_HshRt']",28,3,0.001,7,04/03/2023,64,0.466165414,0.474758324,119.2294737,0.064505816,22305.9483,0.480336821,142.9763319,7.6914117,142.7379079,0.076764732,30506.19775,0.46875,174.6602352,9.336404165,0
15/08/2025 17:50,19.2s,82918b83929c4d448bea1049a7cb1c50,ETH_base_LTC_blk,LOCAL,/home/ec2-user/ETH_Price_Predition/.venv/lib/python3.11/site-packages/ipykernel_launcher.py,ec2-user,FINISHED,32,0,4,"['ETH_D_AvgPrc', 'LTC_D_AvgPrc', 'LTC_YF_Vol', 'LTC_OL_MinDif', 'LTC_BIC_HshRt']",28,3,0.001,7,04/03/2023,64,0.481203008,0.482277121,124.3565764,0.067286576,23638.40324,0.488122036,144.1541574,7.7674055,228.5319652,0.122786801,61768.27788,0.486486486,248.5322472,13.26749101,0
15/08/2025 16:08,12.2s,51f14ffbc34b4cbe9b8a638c37ebda93,ETH_base_BTC_blk,LOCAL,/home/ec2-user/ETH_Price_Predition/.venv/lib/python3.11/site-packages/ipykernel_launcher.py,ec2-user,FINISHED,64,0,4,"['ETH_D_AvgPrc', 'BTC_D_AvgPrc', 'BTC_OL_MinDif', 'BTC_OL_AvgTransFee', 'BTC_BIC_HshRt']",28,2,0.01,7,04/03/2023,64,0.458646617,0.477980666,121.0435942,0.066006578,21637.74768,0.482308008,144.4399811,7.892177466,144.1470041,0.077669382,31971.47172,0.46031746,178.8056815,9.60182424,0
15/08/2025 16:29,14.0s,3989c622d6084c05a936b080555d180b,ETH_base_LTC_blk,LOCAL,/home/ec2-user/ETH_Price_Predition/.venv/lib/python3.11/site-packages/ipykernel_launcher.py,ec2-user,FINISHED,32,0,2,"['ETH_D_AvgPrc', 'LTC_D_AvgPrc', 'LTC_YF_Vol', 'LTC_OL_MinDif', 'LTC_BIC_HshRt']",7,2,0.01,7,04/03/2023,32,0.458646617,0.476906552,125.7004817,0.068147426,23501.04238,0.482755945,144.8462972,7.845078885,132.1188756,0.070996355,23863.25767,0.464788732,154.4773694,8.233603623,0
15/08/2025 16:18,21.0s,707f5d9f71fd40db8d8f4ad8255efdf9,ETH_base_BTC_blk,LOCAL,/home/ec2-user/ETH_Price_Predition/.venv/lib/python3.11/site-packages/ipykernel_launcher.py,ec2-user,FINISHED,64,0,27,"['ETH_D_AvgPrc', 'BTC_D_AvgPrc', 'BTC_OL_MinDif', 'BTC_OL_AvgTransFee', 'BTC_BIC_HshRt']",28,3,0.01,7,04/03/2023,32,0.443609023,0.468313641,111.7207387,0.060893721,23886.7013,0.47410873,144.8665086,7.911479135,184.5907375,0.099562704,51337.52253,0.447761194,226.5778509,12.19280099,0
15/08/2025 13:59,11.9s,6b59ccc0c39e4f168b266d03c8cb22c8,ETH_base_BTC_blk,LOCAL,/home/ec2-user/ETH_Price_Predition/.venv/lib/python3.11/site-packages/ipykernel_launcher.py,ec2-user,FINISHED,64,0,5,"['ETH_D_AvgPrc', 'BTC_D_AvgPrc', 'BTC_OL_MinDif', 'BTC_OL_AvgTransFee', 'BTC_BIC_HshRt']",21,2,0.01,7,04/03/2023,32,0.45112782,0.496240602,128.899096,0.069567127,23175.25454,0.500923179,145.3785111,7.791887887,178.1009661,0.095590612,38326.08908,0.455882353,195.770501,10.40930339,0
15/08/2025 16:13,27.1s,973bc1a0d9d94cb3bf0d1125796ab630,ETH_base_BTC_blk,LOCAL,/home/ec2-user/ETH_Price_Predition/.venv/lib/python3.11/site-packages/ipykernel_launcher.py,ec2-user,FINISHED,64,0.05,62,"['ETH_D_AvgPrc', 'BTC_D_AvgPrc', 'BTC_OL_MinDif', 'BTC_OL_AvgTransFee', 'BTC_BIC_HshRt']",28,2,0.001,7,04/03/2023,64,0.443609023,0.475832438,115.8721325,0.062954782,25198.27775,0.47992814,145.9797882,7.92727344,189.5868455,0.102404809,52639.38746,0.449275362,229.4327515,12.38688636,0
15/08/2025 21:00,33.4s,60dfe4bdd42b44dd9bbd9c1b3569d67d,ETH_base_sent_vader,LOCAL,/home/ec2-user/ETH_Price_Predition/.venv/lib/python3.11/site-packages/ipykernel_launcher.py,ec2-user,FINISHED,32,0,47,"['ETH_D_AvgPrc', 'D_VADER_AvgScr_Ex', 'D_VADER_Sent_AvgEx']",28,2,0.01,7,04/03/2023,64,0.428571429,0.497314715,121.8427401,0.066687904,22301.94343,0.502605972,146.4517259,8.04199616,156.3376123,0.085350766,37210.62294,0.44,192.9005519,10.57319464,0
15/08/2025 17:20,23.2s,ece937be01674f1ca663009d7b3d5655,ETH_base_LTC_blk,LOCAL,/home/ec2-user/ETH_Price_Predition/.venv/lib/python3.11/site-packages/ipykernel_launcher.py,ec2-user,FINISHED,32,0.1,23,"['ETH_D_AvgPrc', 'LTC_D_AvgPrc', 'LTC_YF_Vol', 'LTC_OL_MinDif', 'LTC_BIC_HshRt']",21,2,0.001,7,04/03/2023,32,0.458646617,0.483351235,129.4047827,0.069694856,23725.73103,0.489941487,147.7332271,7.882351634,179.5184397,0.096307916,40080.04845,0.467532468,200.2000211,10.65353358,0
15/08/2025 14:00,18.4s,3e867b3949394df7a1c94967ef4e9651,ETH_base_BTC_blk,LOCAL,/home/ec2-user/ETH_Price_Predition/.venv/lib/python3.11/site-packages/ipykernel_launcher.py,ec2-user,FINISHED,32,0,11,"['ETH_D_AvgPrc', 'BTC_D_AvgPrc', 'BTC_OL_MinDif', 'BTC_OL_AvgTransFee', 'BTC_BIC_HshRt']",21,2,0.01,7,04/03/2023,64,0.45112782,0.499462943,127.3478441,0.068913181,26572.17133,0.504142077,148.03046,7.985382757,258.6597848,0.139077929,78046.41678,0.457142857,279.3678879,14.92204292,0
15/08/2025 16:33,14.1s,6185d09ccbe74594905523d5ca8b2fea,ETH_base_LTC_blk,LOCAL,/home/ec2-user/ETH_Price_Predition/.venv/lib/python3.11/site-packages/ipykernel_launcher.py,ec2-user,FINISHED,32,0.05,3,"['ETH_D_AvgPrc', 'LTC_D_AvgPrc', 'LTC_YF_Vol', 'LTC_OL_MinDif', 'LTC_BIC_HshRt']",7,2,0.01,7,04/03/2023,64,0.473684211,0.466165414,129.6457034,0.070209868,22980.14193,0.47235367,148.4835935,7.995288553,146.0793078,0.078448708,28983.91816,0.48,170.2466392,9.079081285,0
15/08/2025 17:26,15.9s,cdf47e8509674564a908e2faba2a0f48,ETH_base_LTC_blk,LOCAL,/home/ec2-user/ETH_Price_Predition/.venv/lib/python3.11/site-packages/ipykernel_launcher.py,ec2-user,FINISHED,64,0,11,"['ETH_D_AvgPrc', 'LTC_D_AvgPrc', 'LTC_YF_Vol', 'LTC_OL_MinDif', 'LTC_BIC_HshRt']",21,3,0.01,7,04/03/2023,64,0.488721805,0.483351235,134.1146678,0.072248078,26753.76153,0.488073176,150.2770335,8.0324869,232.2742101,0.124561512,62160.36239,0.491803279,249.3197994,13.24625879,0
15/08/2025 16:12,20.6s,ff1d1f34df924d4789cf456a87827c30,ETH_base_BTC_blk,LOCAL,/home/ec2-user/ETH_Price_Predition/.venv/lib/python3.11/site-packages/ipykernel_launcher.py,ec2-user,FINISHED,64,0.05,38,"['ETH_D_AvgPrc', 'BTC_D_AvgPrc', 'BTC_OL_MinDif', 'BTC_OL_AvgTransFee', 'BTC_BIC_HshRt']",28,2,0.01,7,04/03/2023,64,0.368421053,0.469387755,110.3285668,0.060494055,25040.85036,0.474688277,151.2282684,8.320023064,168.6991336,0.091513268,52652.50986,0.373134328,229.4613472,12.48566566,0
15/08/2025 22:22,14.3s,d5ba894c9f0446669b86505223528f41,ETH_base_sent_finbert,LOCAL,/home/ec2-user/ETH_Price_Predition/.venv/lib/python3.11/site-packages/ipykernel_launcher.py,ec2-user,FINISHED,32,0,3,"['ETH_D_AvgPrc', 'D_FINBERT_AvgScr_Ex', 'D_FINBERT_Sent_AvgEx']",21,2,0.01,7,04/03/2023,32,0.428571429,0.502685285,123.6593791,0.067831559,23905.40774,0.506950863,152.7338066,8.409603031,150.2672567,0.082244672,33350.21859,0.44,182.6204222,10.03944657,0
15/08/2025 16:14,39.0s,97a43b4d9fe547fc8fdd111921940b6c,ETH_base_BTC_blk,LOCAL,/home/ec2-user/ETH_Price_Predition/.venv/lib/python3.11/site-packages/ipykernel_launcher.py,ec2-user,FINISHED,32,0.1,54,"['ETH_D_AvgPrc', 'BTC_D_AvgPrc', 'BTC_OL_MinDif', 'BTC_OL_AvgTransFee', 'BTC_BIC_HshRt']",28,2,0.001,7,04/03/2023,32,0.458646617,0.485499463,122.6174515,0.067173928,24390.65266,0.48982854,152.7938573,8.406360755,168.1654473,0.090798005,42435.15305,0.462686567,205.9979443,11.12816651,0
15/08/2025 16:18,19.9s,f0df7ae43df24a56bcb27fa691156fe2,ETH_base_BTC_blk,LOCAL,/home/ec2-user/ETH_Price_Predition/.venv/lib/python3.11/site-packages/ipykernel_launcher.py,ec2-user,FINISHED,32,0,6,"['ETH_D_AvgPrc', 'BTC_D_AvgPrc', 'BTC_OL_MinDif', 'BTC_OL_AvgTransFee', 'BTC_BIC_HshRt']",28,3,0.01,7,04/03/2023,64,0.473684211,0.483351235,125.0768945,0.068374161,27047.10778,0.485168907,153.5124394,8.465653965,232.2609769,0.124882885,73844.72994,0.474576271,271.7438683,14.56333062,0
15/08/2025 16:23,14.8s,105cff5030f940448e6d8c244adbfa3a,ETH_base_BTC_blk,LOCAL,/home/ec2-user/ETH_Price_Predition/.venv/lib/python3.11/site-packages/ipykernel_launcher.py,ec2-user,FINISHED,64,0.05,6,"['ETH_D_AvgPrc', 'BTC_D_AvgPrc', 'BTC_OL_MinDif', 'BTC_OL_AvgTransFee', 'BTC_BIC_HshRt']",28,3,0.01,7,04/03/2023,64,0.458646617,0.475832438,126.5482395,0.068572704,28180.74968,0.481105294,154.2510004,8.342916929,194.1249048,0.10458473,56904.83267,0.461538462,238.5473384,12.83052196,0
15/08/2025 17:13,41.2s,19ca332d74c44d43b3fa771cc87b9440,ETH_base_LTC_blk,LOCAL,/home/ec2-user/ETH_Price_Predition/.venv/lib/python3.11/site-packages/ipykernel_launcher.py,ec2-user,FINISHED,32,0,64,"['ETH_D_AvgPrc', 'LTC_D_AvgPrc', 'LTC_YF_Vol', 'LTC_OL_MinDif', 'LTC_BIC_HshRt']",21,2,0.001,7,04/03/2023,32,0.45112782,0.481203008,139.5200835,0.075152506,25049.05044,0.486256181,154.7526485,8.253538267,182.3546985,0.097758888,40698.07342,0.455882353,201.7376351,10.70198763,0
15/08/2025 16:27,18.2s,ea4744b6b9b84c1793659504bdda1baa,ETH_base_BTC_blk,LOCAL,/home/ec2-user/ETH_Price_Predition/.venv/lib/python3.11/site-packages/ipykernel_launcher.py,ec2-user,FINISHED,32,0.1,1,"['ETH_D_AvgPrc', 'BTC_D_AvgPrc', 'BTC_OL_MinDif', 'BTC_OL_AvgTransFee', 'BTC_BIC_HshRt']",28,3,0.001,7,04/03/2023,64,0.443609023,0.494092374,136.2043991,0.074070699,26922.03989,0.499526335,155.1939797,8.457658974,84.11637867,0.045757506,10263.17033,0.453333333,101.3073064,5.569584297,0
15/08/2025 16:18,22.1s,ba92b64ad4e0445995be5a3ab8ee6d72,ETH_base_BTC_blk,LOCAL,/home/ec2-user/ETH_Price_Predition/.venv/lib/python3.11/site-packages/ipykernel_launcher.py,ec2-user,FINISHED,64,0,31,"['ETH_D_AvgPrc', 'BTC_D_AvgPrc', 'BTC_OL_MinDif', 'BTC_OL_AvgTransFee', 'BTC_BIC_HshRt']",28,3,0.001,7,04/03/2023,32,0.443609023,0.476906552,123.9859502,0.067391775,28478.68434,0.480452393,157.0579303,8.542072109,160.3077725,0.086618758,41758.00677,0.444444444,204.3477594,11.05555941,0
15/08/2025 17:27,49.4s,edf7581f1bbb48f594c959761910f737,ETH_base_LTC_blk,LOCAL,/home/ec2-user/ETH_Price_Predition/.venv/lib/python3.11/site-packages/ipykernel_launcher.py,ec2-user,FINISHED,32,0.05,63,"['ETH_D_AvgPrc', 'LTC_D_AvgPrc', 'LTC_YF_Vol', 'LTC_OL_MinDif', 'LTC_BIC_HshRt']",21,3,0.001,7,04/03/2023,32,0.45112782,0.485499463,142.0538831,0.076372975,27176.44642,0.490773211,157.6878384,8.379174566,215.2009454,0.115370907,54223.88556,0.457142857,232.8602275,12.35962877,0
15/08/2025 22:49,23.4s,171a156132d34d849bcdb4ed5e390ed2,ETH_base_sent_finbert,LOCAL,/home/ec2-user/ETH_Price_Predition/.venv/lib/python3.11/site-packages/ipykernel_launcher.py,ec2-user,FINISHED,32,0,24,"['ETH_D_AvgPrc', 'D_FINBERT_AvgScr_Ex', 'D_FINBERT_Sent_AvgEx']",28,2,0.01,7,04/03/2023,64,0.458646617,0.500537057,135.0281194,0.073081495,27083.00718,0.505843363,158.7946225,8.557087605,179.7195708,0.096887376,46423.96216,0.461538462,215.4622059,11.55127435,0
15/08/2025 15:55,18.8s,426520ffc55e473fb279c0981a3e7fe4,ETH_base_BTC_blk,LOCAL,/home/ec2-user/ETH_Price_Predition/.venv/lib/python3.11/site-packages/ipykernel_launcher.py,ec2-user,FINISHED,32,0,3,"['ETH_D_AvgPrc', 'BTC_D_AvgPrc', 'BTC_OL_MinDif', 'BTC_OL_AvgTransFee', 'BTC_BIC_HshRt']",21,3,0.01,7,04/03/2023,32,0.511278195,0.513426423,142.5317842,0.077004193,28641.83849,0.516837832,159.3422602,8.547599592,205.745295,0.11057096,49354.4648,0.514705882,222.1586478,11.83350012,0
15/08/2025 17:45,20.3s,4223a8c509044dc0bc5563f2daf1789f,ETH_base_LTC_blk,LOCAL,/home/ec2-user/ETH_Price_Predition/.venv/lib/python3.11/site-packages/ipykernel_launcher.py,ec2-user,FINISHED,64,0.1,36,"['ETH_D_AvgPrc', 'LTC_D_AvgPrc', 'LTC_YF_Vol', 'LTC_OL_MinDif', 'LTC_BIC_HshRt']",28,2,0.001,7,04/03/2023,32,0.390977444,0.469387755,142.2661545,0.076565378,30688.83025,0.477421503,159.4251511,8.499363652,263.7424915,0.141428616,79487.4051,0.405405405,281.935108,14.99527628,0
15/08/2025 13:25,14.0s,4c57d49923054663ba343b5fa9a13541,ETH_base_BTC_blk,LOCAL,/home/ec2-user/ETH_Price_Predition/.venv/lib/python3.11/site-packages/ipykernel_launcher.py,ec2-user,FINISHED,32,0,3,"['ETH_D_AvgPrc', 'BTC_D_AvgPrc', 'BTC_OL_MinDif', 'BTC_OL_AvgTransFee', 'BTC_BIC_HshRt']",7,2,0.01,7,04/03/2023,64,0.481203008,0.487647691,142.8381264,0.077452513,29840.07748,0.492972472,160.3520666,8.681501768,215.9304615,0.116162201,54719.93295,0.486486486,233.922921,12.49585103,0
15/08/2025 16:12,46.1s,ff3cc5ea73e84e8390205861e7bb38ef,ETH_base_BTC_blk,LOCAL,/home/ec2-user/ETH_Price_Predition/.venv/lib/python3.11/site-packages/ipykernel_launcher.py,ec2-user,FINISHED,32,0.05,72,"['ETH_D_AvgPrc', 'BTC_D_AvgPrc', 'BTC_OL_MinDif', 'BTC_OL_AvgTransFee', 'BTC_BIC_HshRt']",28,2,0.001,7,04/03/2023,64,0.443609023,0.491944146,119.7148625,0.064987672,29426.86895,0.496600321,161.4170251,8.762001226,176.2589426,0.095493398,54059.67607,0.447761194,232.5073678,12.65378956,0
15/08/2025 14:02,16.4s,fbfbb60df6334315820748ffd74b509c,ETH_base_BTC_blk,LOCAL,/home/ec2-user/ETH_Price_Predition/.venv/lib/python3.11/site-packages/ipykernel_launcher.py,ec2-user,FINISHED,64,0.05,23,"['ETH_D_AvgPrc', 'BTC_D_AvgPrc', 'BTC_OL_MinDif', 'BTC_OL_AvgTransFee', 'BTC_BIC_HshRt']",21,2,0.01,7,04/03/2023,32,0.45112782,0.503759398,141.6921662,0.076423241,30181.90284,0.507242522,161.6094849,8.656660471,237.945499,0.127902667,67507.88194,0.451612903,259.8227895,13.85902385,0
15/08/2025 14:01,13.6s,fd9f796f859846d29af2e5196fe6cb42,ETH_base_BTC_blk,LOCAL,/home/ec2-user/ETH_Price_Predition/.venv/lib/python3.11/site-packages/ipykernel_launcher.py,ec2-user,FINISHED,64,0,12,"['ETH_D_AvgPrc', 'BTC_D_AvgPrc', 'BTC_OL_MinDif', 'BTC_OL_AvgTransFee', 'BTC_BIC_HshRt']",21,2,0.001,7,04/03/2023,64,0.466165414,0.481203008,143.9565626,0.077695307,29997.82566,0.486499444,162.9772862,8.747505234,244.1560254,0.131346001,67857.62109,0.472972973,260.4949541,13.91597076,0
15/08/2025 16:23,29.4s,04353278f13e4d5eb4997f2c165a4b82,ETH_base_BTC_blk,LOCAL,/home/ec2-user/ETH_Price_Predition/.venv/lib/python3.11/site-packages/ipykernel_launcher.py,ec2-user,FINISHED,64,0.05,52,"['ETH_D_AvgPrc', 'BTC_D_AvgPrc', 'BTC_OL_MinDif', 'BTC_OL_AvgTransFee', 'BTC_BIC_HshRt']",28,3,0.001,7,04/03/2023,64,0.45112782,0.495166488,127.6200495,0.069788123,28504.05461,0.499688407,162.98805,8.93018737,188.7874882,0.10226472,54199.21906,0.459459459,232.8072573,12.63888116,0
15/08/2025 16:28,22.1s,11b45ae4a8a84c108283a4d938200637,ETH_base_BTC_blk,LOCAL,/home/ec2-user/ETH_Price_Predition/.venv/lib/python3.11/site-packages/ipykernel_launcher.py,ec2-user,FINISHED,64,0.1,29,"['ETH_D_AvgPrc', 'BTC_D_AvgPrc', 'BTC_OL_MinDif', 'BTC_OL_AvgTransFee', 'BTC_BIC_HshRt']",28,3,0.001,7,04/03/2023,64,0.413533835,0.466165414,129.939156,0.070942486,29302.4723,0.469815883,163.2983262,8.942219447,202.6419547,0.109161103,62128.8069,0.415384615,249.2565082,13.43017276,0
15/08/2025 17:23,18.4s,70165d9156e1474da89755dde0e650ee,ETH_base_LTC_blk,LOCAL,/home/ec2-user/ETH_Price_Predition/.venv/lib/python3.11/site-packages/ipykernel_launcher.py,ec2-user,FINISHED,32,0,4,"['ETH_D_AvgPrc', 'LTC_D_AvgPrc', 'LTC_YF_Vol', 'LTC_OL_MinDif', 'LTC_BIC_HshRt']",21,3,0.01,7,04/03/2023,32,0.466165414,0.481203008,147.504066,0.079440557,29198.89371,0.487843635,164.855638,8.80781446,210.28161,0.112867726,53024.85953,0.473684211,230.2712738,12.26915029,0
15/08/2025 16:17,21.0s,cbc6a9b296554055a4d9d001dc398330,ETH_base_BTC_blk,LOCAL,/home/ec2-user/ETH_Price_Predition/.venv/lib/python3.11/site-packages/ipykernel_launcher.py,ec2-user,FINISHED,32,0,8,"['ETH_D_AvgPrc', 'BTC_D_AvgPrc', 'BTC_OL_MinDif', 'BTC_OL_AvgTransFee', 'BTC_BIC_HshRt']",28,3,0.001,7,04/03/2023,32,0.443609023,0.484425349,142.6659478,0.07694603,33333.8672,0.489124217,164.8650578,8.834062158,297.0808374,0.16008608,101802.5232,0.449275362,319.0650767,17.12126853,0
15/08/2025 16:22,32.6s,0a571183c25a4cb7b003cbbc48f8b8da,ETH_base_BTC_blk,LOCAL,/home/ec2-user/ETH_Price_Predition/.venv/lib/python3.11/site-packages/ipykernel_launcher.py,ec2-user,FINISHED,32,0.05,28,"['ETH_D_AvgPrc', 'BTC_D_AvgPrc', 'BTC_OL_MinDif', 'BTC_OL_AvgTransFee', 'BTC_BIC_HshRt']",28,3,0.01,7,04/03/2023,64,0.496240602,0.485499463,132.2407376,0.071408894,32377.94573,0.490064801,164.8878289,8.882488851,188.9511629,0.102038002,53651.45715,0.5,231.6278419,12.52489961,0
15/08/2025 13:59,32.3s,d6220d878204487e8c3c48b2af6d402c,ETH_base_BTC_blk,LOCAL,/home/ec2-user/ETH_Price_Predition/.venv/lib/python3.11/site-packages/ipykernel_launcher.py,ec2-user,FINISHED,32,0,44,"['ETH_D_AvgPrc', 'BTC_D_AvgPrc', 'BTC_OL_MinDif', 'BTC_OL_AvgTransFee', 'BTC_BIC_HshRt']",21,2,0.001,7,04/03/2023,32,0.436090226,0.498388829,146.4606999,0.07876282,31371.26387,0.504509418,165.8144784,8.840167098,242.1793683,0.129650274,71523.89921,0.439393939,267.4395244,14.1742801,0
15/08/2025 16:10,21.0s,76857074af1242b4919a64324ef71080,ETH_base_BTC_blk,LOCAL,/home/ec2-user/ETH_Price_Predition/.venv/lib/python3.11/site-packages/ipykernel_launcher.py,ec2-user,FINISHED,64,0.05,38,"['ETH_D_AvgPrc', 'BTC_D_AvgPrc', 'BTC_OL_MinDif', 'BTC_OL_AvgTransFee', 'BTC_BIC_HshRt']",28,2,0.001,7,04/03/2023,32,0.436090226,0.476906552,135.1230255,0.073181213,31534.92818,0.481319387,166.2009305,8.981679257,192.1263008,0.103264275,54469.38346,0.441176471,233.386768,12.50732336,0
15/08/2025 17:10,16.3s,876dce07ae1d421494e05c992dcc981d,ETH_base_LTC_blk,LOCAL,/home/ec2-user/ETH_Price_Predition/.venv/lib/python3.11/site-packages/ipykernel_launcher.py,ec2-user,FINISHED,64,0.1,9,"['ETH_D_AvgPrc', 'LTC_D_AvgPrc', 'LTC_YF_Vol', 'LTC_OL_MinDif', 'LTC_BIC_HshRt']",14,3,0.001,7,04/03/2023,32,0.466165414,0.470461869,146.3311605,0.078822466,29099.66632,0.477251425,167.4011674,8.933176735,194.221472,0.104166517,47008.32638,0.470588235,216.8140364,11.5180682,0
15/08/2025 16:19,20.8s,5f0e4c1426174f788cb04fde149c25eb,ETH_base_BTC_blk,LOCAL,/home/ec2-user/ETH_Price_Predition/.venv/lib/python3.11/site-packages/ipykernel_launcher.py,ec2-user,FINISHED,64,0,25,"['ETH_D_AvgPrc', 'BTC_D_AvgPrc', 'BTC_OL_MinDif', 'BTC_OL_AvgTransFee', 'BTC_BIC_HshRt']",28,3,0.001,7,04/03/2023,64,0.458646617,0.480128894,133.1815418,0.072606716,30272.10467,0.484173794,167.4267742,9.130466196,163.742146,0.088524955,43174.23808,0.462686567,207.7841141,11.25047319,0
15/08/2025 16:07,29.0s,aaac23814f32457cbee80536899b436b,ETH_base_BTC_blk,LOCAL,/home/ec2-user/ETH_Price_Predition/.venv/lib/python3.11/site-packages/ipykernel_launcher.py,ec2-user,FINISHED,64,0,73,"['ETH_D_AvgPrc', 'BTC_D_AvgPrc', 'BTC_OL_MinDif', 'BTC_OL_AvgTransFee', 'BTC_BIC_HshRt']",28,2,0.001,7,04/03/2023,32,0.436090226,0.473684211,137.3549754,0.074410562,30322.21872,0.477807332,168.2827141,9.098556716,152.9446863,0.082775863,39353.96933,0.439393939,198.3783489,10.76020233,0
15/08/2025 17:18,23.7s,34e49d741e114c04a04df1e257a013a3,ETH_base_LTC_blk,LOCAL,/home/ec2-user/ETH_Price_Predition/.venv/lib/python3.11/site-packages/ipykernel_launcher.py,ec2-user,FINISHED,32,0.05,23,"['ETH_D_AvgPrc', 'LTC_D_AvgPrc', 'LTC_YF_Vol', 'LTC_OL_MinDif', 'LTC_BIC_HshRt']",21,2,0.001,7,04/03/2023,64,0.436090226,0.472610097,151.9927883,0.081856568,32499.33899,0.478799263,168.7228302,9.025211112,248.8251983,0.133698518,71152.27902,0.447368421,266.7438453,14.23629997,0
15/08/2025 16:08,22.1s,a699e5417e26419893efad217bcf4bd8,ETH_base_BTC_blk,LOCAL,/home/ec2-user/ETH_Price_Predition/.venv/lib/python3.11/site-packages/ipykernel_launcher.py,ec2-user,FINISHED,64,0,43,"['ETH_D_AvgPrc', 'BTC_D_AvgPrc', 'BTC_OL_MinDif', 'BTC_OL_AvgTransFee', 'BTC_BIC_HshRt']",28,2,0.001,7,04/03/2023,64,0.473684211,0.489795918,136.7727558,0.074140716,33989.826,0.493339287,169.225513,9.169878081,202.0937016,0.10920731,62942.91787,0.476190476,250.8842719,13.57201555,0
16/08/2025 00:43,16.1s,28e1360994744b26bf660c891b97f577,ETH_base_sent_cryptobert,LOCAL,/home/ec2-user/ETH_Price_Predition/.venv/lib/python3.11/site-packages/ipykernel_launcher.py,ec2-user,FINISHED,32,0.1,5,"['ETH_D_AvgPrc', 'D_CRYPTOBERT_AvgScr_Ex', 'D_CRYPTOBERT_Sent_AvgEx']",28,2,0.01,7,04/03/2023,32,0.443609023,0.473684211,152.394707,0.082573757,29795.77969,0.480088638,170.7859708,9.215248465,134.3862266,0.0723951,24446.92075,0.452054795,156.355111,8.377325563,0
15/08/2025 16:19,23.8s,d436b2643dea48eb8edfc606b92cefe4,ETH_base_BTC_blk,LOCAL,/home/ec2-user/ETH_Price_Predition/.venv/lib/python3.11/site-packages/ipykernel_launcher.py,ec2-user,FINISHED,32,0,5,"['ETH_D_AvgPrc', 'BTC_D_AvgPrc', 'BTC_OL_MinDif', 'BTC_OL_AvgTransFee', 'BTC_BIC_HshRt']",28,3,0.001,7,04/03/2023,64,0.458646617,0.47905478,148.0038828,0.079950378,32711.08542,0.483348772,171.0443453,9.187299726,228.8853487,0.123170633,70685.24199,0.462686567,265.8669629,14.24519853,0
15/08/2025 16:27,28.7s,a6129b28c37d4b4ca989e284112f15c8,ETH_base_BTC_blk,LOCAL,/home/ec2-user/ETH_Price_Predition/.venv/lib/python3.11/site-packages/ipykernel_launcher.py,ec2-user,FINISHED,32,0.1,20,"['ETH_D_AvgPrc', 'BTC_D_AvgPrc', 'BTC_OL_MinDif', 'BTC_OL_AvgTransFee', 'BTC_BIC_HshRt']",28,3,0.01,7,04/03/2023,64,0.413533835,0.490870032,153.5334466,0.082956235,33689.81594,0.495041708,175.8252301,9.452102578,255.577078,0.137849392,78127.79362,0.424657534,279.5134945,15.02400635,0
15/08/2025 16:07,25.6s,cde90495b60b4bde9ee36fdbd0a26322,ETH_base_BTC_blk,LOCAL,/home/ec2-user/ETH_Price_Predition/.venv/lib/python3.11/site-packages/ipykernel_launcher.py,ec2-user,FINISHED,32,0,24,"['ETH_D_AvgPrc', 'BTC_D_AvgPrc', 'BTC_OL_MinDif', 'BTC_OL_AvgTransFee', 'BTC_BIC_HshRt']",28,2,0.001,7,04/03/2023,64,0.473684211,0.484425349,141.8800876,0.076783428,36481.30159,0.487829137,176.5408432,9.543762972,238.4627587,0.12855174,79090.3737,0.476190476,281.2301081,15.15815503,0
15/08/2025 16:26,22.7s,9c1beeb2627845f9aa288386ceffb00d,ETH_base_BTC_blk,LOCAL,/home/ec2-user/ETH_Price_Predition/.venv/lib/python3.11/site-packages/ipykernel_launcher.py,ec2-user,FINISHED,64,0.1,29,"['ETH_D_AvgPrc', 'BTC_D_AvgPrc', 'BTC_OL_MinDif', 'BTC_OL_AvgTransFee', 'BTC_BIC_HshRt']",28,3,0.001,7,04/03/2023,32,0.466165414,0.499462943,148.8910385,0.080572906,36659.74814,0.504370125,177.4081198,9.576215969,260.4211066,0.140041711,85941.88276,0.46969697,293.1584602,15.69789509,0
15/08/2025 16:22,34.4s,72207361ebc549a48a28715d7ec82de2,ETH_base_BTC_blk,LOCAL,/home/ec2-user/ETH_Price_Predition/.venv/lib/python3.11/site-packages/ipykernel_launcher.py,ec2-user,FINISHED,64,0.05,68,"['ETH_D_AvgPrc', 'BTC_D_AvgPrc', 'BTC_OL_MinDif', 'BTC_OL_AvgTransFee', 'BTC_BIC_HshRt']",28,3,0.001,7,04/03/2023,32,0.421052632,0.499462943,150.7612929,0.081530297,38568.15145,0.502721594,179.1289029,9.664955341,248.8176795,0.134352739,80884.75145,0.428571429,284.4024463,15.34522388,0
15/08/2025 16:15,21.1s,8c94189660544c88b628e75097e94fac,ETH_base_BTC_blk,LOCAL,/home/ec2-user/ETH_Price_Predition/.venv/lib/python3.11/site-packages/ipykernel_launcher.py,ec2-user,FINISHED,64,0.1,39,"['ETH_D_AvgPrc', 'BTC_D_AvgPrc', 'BTC_OL_MinDif', 'BTC_OL_AvgTransFee', 'BTC_BIC_HshRt']",28,2,0.001,7,04/03/2023,32,0.443609023,0.486573577,151.771823,0.082211145,39747.47565,0.489857535,182.6434984,9.88160497,240.4506467,0.129461468,77984.65198,0.444444444,279.2573222,15.0091914,0
15/08/2025 16:16,24.8s,8f4632a2ef134e418254e73553c2f0f9,ETH_base_BTC_blk,LOCAL,/home/ec2-user/ETH_Price_Predition/.venv/lib/python3.11/site-packages/ipykernel_launcher.py,ec2-user,FINISHED,64,0.1,54,"['ETH_D_AvgPrc', 'BTC_D_AvgPrc', 'BTC_OL_MinDif', 'BTC_OL_AvgTransFee', 'BTC_BIC_HshRt']",28,2,0.001,7,04/03/2023,64,0.443609023,0.495166488,151.9949143,0.082165996,38698.73462,0.498204432,182.9592187,9.861982324,233.4619308,0.125967858,74634.31625,0.446153846,273.1928188,14.73104892,0
15/08/2025 16:16,18.7s,b98a7c44b050488eab19b40c471fbb35,ETH_base_BTC_blk,LOCAL,/home/ec2-user/ETH_Price_Predition/.venv/lib/python3.11/site-packages/ipykernel_launcher.py,ec2-user,FINISHED,32,0.1,10,"['ETH_D_AvgPrc', 'BTC_D_AvgPrc', 'BTC_OL_MinDif', 'BTC_OL_AvgTransFee', 'BTC_BIC_HshRt']",28,2,0.001,7,04/03/2023,64,0.466165414,0.471535983,151.5436361,0.081665706,39861.9759,0.475824346,184.9994114,9.923221136,244.1471959,0.131333175,83406.41881,0.46969697,288.8016946,15.50661415,0
15/08/2025 17:17,15.1s,fa6279ad5da04c16bc932b108d8fbf02,ETH_base_LTC_blk,LOCAL,/home/ec2-user/ETH_Price_Predition/.venv/lib/python3.11/site-packages/ipykernel_launcher.py,ec2-user,FINISHED,32,0.05,2,"['ETH_D_AvgPrc', 'LTC_D_AvgPrc', 'LTC_YF_Vol', 'LTC_OL_MinDif', 'LTC_BIC_HshRt']",21,2,0.001,7,04/03/2023,32,0.526315789,0.505907626,167.1499478,0.090092225,42198.7654,0.510634421,187.1085682,10.01915952,299.0273839,0.160579506,100532.8879,0.53030303,317.0692163,16.89106657,0
16/08/2025 00:50,17.8s,bf2e0b037ff84cfaaaf27e63b63fc005,ETH_base_sent_cryptobert,LOCAL,/home/ec2-user/ETH_Price_Predition/.venv/lib/python3.11/site-packages/ipykernel_launcher.py,ec2-user,FINISHED,32,0,2,"['ETH_D_AvgPrc', 'D_CRYPTOBERT_AvgScr_Ex', 'D_CRYPTOBERT_Sent_AvgEx']",28,3,0.01,7,04/03/2023,64,0.496240602,0.473684211,166.6160032,0.090226577,35945.89116,0.479224615,187.4545241,10.12260736,165.2526917,0.088981037,36307.08461,0.5,190.5441802,10.23206995,0
15/08/2025 14:01,13.2s,f751036b2d544ed2b1bfed6df55c1930,ETH_base_BTC_blk,LOCAL,/home/ec2-user/ETH_Price_Predition/.venv/lib/python3.11/site-packages/ipykernel_launcher.py,ec2-user,FINISHED,64,0,10,"['ETH_D_AvgPrc', 'BTC_D_AvgPrc', 'BTC_OL_MinDif', 'BTC_OL_AvgTransFee', 'BTC_BIC_HshRt']",21,2,0.01,7,04/03/2023,64,0.413533835,0.498388829,166.4337772,0.089814476,38044.43439,0.502789535,188.2428362,10.10191885,245.539484,0.131981378,71673.21072,0.415384615,267.7185289,14.28684503,0
15/08/2025 16:06,17.3s,7ae8146b8934452eba06a83ef5a2b355,ETH_base_BTC_blk,LOCAL,/home/ec2-user/ETH_Price_Predition/.venv/lib/python3.11/site-packages/ipykernel_launcher.py,ec2-user,FINISHED,32,0,9,"['ETH_D_AvgPrc', 'BTC_D_AvgPrc', 'BTC_OL_MinDif', 'BTC_OL_AvgTransFee', 'BTC_BIC_HshRt']",28,2,0.001,7,04/03/2023,32,0.436090226,0.476906552,166.9517411,0.089963304,39514.10522,0.481577641,190.7341845,10.19901493,224.6447472,0.120831908,58832.49744,0.439393939,242.5541124,12.9488144,0
15/08/2025 16:07,25.7s,6b5fd03fa52a462c86e9be198d2e74c3,ETH_base_BTC_blk,LOCAL,/home/ec2-user/ETH_Price_Predition/.venv/lib/python3.11/site-packages/ipykernel_launcher.py,ec2-user,FINISHED,32,0,21,"['ETH_D_AvgPrc', 'BTC_D_AvgPrc', 'BTC_OL_MinDif', 'BTC_OL_AvgTransFee', 'BTC_BIC_HshRt']",28,2,0.01,7,04/03/2023,64,0.406015038,0.457572503,157.7743984,0.085353154,41152.77583,0.464583848,191.1220344,10.31223532,224.4677103,0.121308752,73137.31885,0.416666667,270.4391223,14.60457123,0
15/08/2025 16:17,26.6s,2094b4dd43234c189e8f04e791331615,ETH_base_BTC_blk,LOCAL,/home/ec2-user/ETH_Price_Predition/.venv/lib/python3.11/site-packages/ipykernel_launcher.py,ec2-user,FINISHED,32,0,19,"['ETH_D_AvgPrc', 'BTC_D_AvgPrc', 'BTC_OL_MinDif', 'BTC_OL_AvgTransFee', 'BTC_BIC_HshRt']",28,3,0.01,7,04/03/2023,32,0.488721805,0.480128894,172.8778968,0.093107147,44931.52224,0.48523346,196.3068324,10.50692078,247.6932958,0.133242455,79717.74882,0.492307692,282.3433173,15.1336845,0
15/08/2025 16:06,23.7s,17847e6fc2624e868e76eb1a0be2ef68,ETH_base_BTC_blk,LOCAL,/home/ec2-user/ETH_Price_Predition/.venv/lib/python3.11/site-packages/ipykernel_launcher.py,ec2-user,FINISHED,32,0,23,"['ETH_D_AvgPrc', 'BTC_D_AvgPrc', 'BTC_OL_MinDif', 'BTC_OL_AvgTransFee', 'BTC_BIC_HshRt']",28,2,0.01,7,04/03/2023,32,0.481203008,0.473684211,174.6201972,0.094361793,51997.77499,0.47906309,212.1777745,11.43480272,269.4813487,0.145619006,102522.8596,0.485714286,320.1919106,17.31679666,0
15/08/2025 16:21,21.2s,5594422eeba34fe1961fcdd4b3a7fdbb,ETH_base_BTC_blk,LOCAL,/home/ec2-user/ETH_Price_Predition/.venv/lib/python3.11/site-packages/ipykernel_launcher.py,ec2-user,FINISHED,32,0.05,7,"['ETH_D_AvgPrc', 'BTC_D_AvgPrc', 'BTC_OL_MinDif', 'BTC_OL_AvgTransFee', 'BTC_BIC_HshRt']",28,3,0.001,7,04/03/2023,32,0.466165414,0.4650913,195.1997038,0.10526893,50055.41373,0.470848391,220.030672,11.78773152,259.5169276,0.139843119,86046.76557,0.46969697,293.3372898,15.75242751,0
