Start Time,Duration,Run ID,Name,Source Type,Source Name,User,Status,batch_size,dropout,epoch,features,lags,layers,learning_rate,n_periods,prediction_start_date,units,accuracy_daily,avg_accuracy,avg_mae,avg_mape,avg_mse,avg_precision,avg_rmse,avg_rmspe,mae_daily,mape_daily,mse_daily,precision_daily,rmse_daily,rmspe_daily,model_selected
11/08/2025 21:06,38.8s,3dd01baa86ab4d08956d6751527f253a,ETH_base,LOCAL,/home/ec2-user/ETH_Price_Predition/.venv/lib/python3.11/site-packages/ipykernel_launcher.py,ec2-user,FINISHED,32,0.05,37,['ETH_D_AvgPrc'],14,3,0.01,7,04/03/2023,32,0.45112782,0.490870032,53.77613747,0.029682996,5555.195934,0.495734657,71.08868685,3.975901278,76.02476765,0.041787302,10127.25816,0.454545455,100.6342792,5.585629801,1
11/08/2025 21:09,27.2s,263709992f4a4ed69b3caa4099f1ebb0,ETH_base,LOCAL,/home/ec2-user/ETH_Price_Predition/.venv/lib/python3.11/site-packages/ipykernel_launcher.py,ec2-user,FINISHED,128,0.05,72,['ETH_D_AvgPrc'],14,3,0.01,7,04/03/2023,32,0.458646617,0.482277121,54.39135369,0.029954908,5657.460935,0.486460136,71.87041048,3.995243829,74.23130649,0.04062085,9792.862353,0.46031746,98.95889224,5.446361387,0
11/08/2025 20:41,29.8s,cbf85b9c68e945bcaaa73d0cf4be9d6e,ETH_base,LOCAL,/home/ec2-user/ETH_Price_Predition/.venv/lib/python3.11/site-packages/ipykernel_launcher.py,ec2-user,FINISHED,32,0.05,31,['ETH_D_AvgPrc'],14,2,0.01,7,04/03/2023,32,0.443609023,0.495166488,54.35870499,0.02994075,5762.054779,0.500325136,71.92861306,3.997387246,77.37640541,0.042482639,10517.45327,0.444444444,102.5546355,5.673633167,0
11/08/2025 20:51,32.9s,a89928d283594e8383a3eee1201759bb,ETH_base,LOCAL,/home/ec2-user/ETH_Price_Predition/.venv/lib/python3.11/site-packages/ipykernel_launcher.py,ec2-user,FINISHED,64,0.1,81,['ETH_D_AvgPrc'],14,2,0.01,7,04/03/2023,32,0.443609023,0.489795918,54.81097976,0.03025087,5768.826784,0.49447902,72.13767484,4.029932438,76.08851681,0.041791587,10264.19353,0.447761194,101.3123562,5.614247989,0
12/08/2025 00:05,30.2s,55e693dcfb814ff7b5a62ecc8e0a5e2a,ETH_base,LOCAL,/home/ec2-user/ETH_Price_Predition/.venv/lib/python3.11/site-packages/ipykernel_launcher.py,ec2-user,FINISHED,64,0.1,62,['ETH_D_AvgPrc'],21,3,0.01,7,04/03/2023,32,0.45112782,0.488721805,55.07256156,0.030215743,5702.489141,0.493504008,72.32817963,3.993503323,75.45861472,0.041461026,9837.697217,0.454545455,99.18516632,5.505040308,0
11/08/2025 21:18,35.0s,1321f004429a43f48f6a3e21fef44433,ETH_base,LOCAL,/home/ec2-user/ETH_Price_Predition/.venv/lib/python3.11/site-packages/ipykernel_launcher.py,ec2-user,FINISHED,32,0.1,30,['ETH_D_AvgPrc'],14,3,0.01,7,04/03/2023,32,0.45112782,0.486573577,54.74021622,0.030190318,5718.459565,0.491371943,72.37081795,4.041840552,76.41418985,0.042161357,10229.57584,0.454545455,101.1413656,5.661778006,0
12/08/2025 00:42,24.5s,83ba062b507b4c908ffde90d78e273f4,ETH_base,LOCAL,/home/ec2-user/ETH_Price_Predition/.venv/lib/python3.11/site-packages/ipykernel_launcher.py,ec2-user,FINISHED,128,0.1,97,['ETH_D_AvgPrc'],28,2,0.01,7,04/03/2023,32,0.413533835,0.486573577,55.91742251,0.030688306,5682.891216,0.492504135,72.47755606,4.000416003,74.91705896,0.041080659,9687.184029,0.420289855,98.42349328,5.438375811,0
11/08/2025 20:56,39.1s,68789b6c490e4c18a71ece1aaf307e6a,ETH_base,LOCAL,/home/ec2-user/ETH_Price_Predition/.venv/lib/python3.11/site-packages/ipykernel_launcher.py,ec2-user,FINISHED,32,0.1,55,['ETH_D_AvgPrc'],14,2,0.01,7,04/03/2023,128,0.466165414,0.488721805,54.98008995,0.030130834,5804.015312,0.493307,72.52727018,3.993978702,76.89890582,0.041814441,10345.33105,0.467741935,101.7120005,5.530543465,0
11/08/2025 20:31,17.2s,02e13b06d72b4d34976bbc27118ab76e,ETH_base,LOCAL,/home/ec2-user/ETH_Price_Predition/.venv/lib/python3.11/site-packages/ipykernel_launcher.py,ec2-user,FINISHED,32,0.1,37,['ETH_D_AvgPrc'],14,1,0.01,7,04/03/2023,64,0.45112782,0.49301826,55.3215869,0.030483377,5918.472251,0.497445006,72.64858516,4.040335111,80.26245507,0.044122508,11062.41145,0.451612903,105.1779989,5.833348961,0
12/08/2025 00:57,33.7s,7365541e5c4b478cb6475ec0944882c6,ETH_base,LOCAL,/home/ec2-user/ETH_Price_Predition/.venv/lib/python3.11/site-packages/ipykernel_launcher.py,ec2-user,FINISHED,32,0.05,32,['ETH_D_AvgPrc'],28,3,0.01,7,04/03/2023,32,0.428571429,0.477980666,55.96503007,0.030799329,5895.312377,0.482522453,72.81682065,4.038999319,78.36879942,0.042843395,10606.73864,0.432835821,102.989022,5.65472707,0
11/08/2025 20:56,56.5s,86efa542efc64b9aa388ad4218fc8472,ETH_base,LOCAL,/home/ec2-user/ETH_Price_Predition/.venv/lib/python3.11/site-packages/ipykernel_launcher.py,ec2-user,FINISHED,32,0.1,95,['ETH_D_AvgPrc'],14,2,0.001,7,04/03/2023,128,0.466165414,0.49301826,55.30660752,0.030488033,5902.010523,0.498311996,72.87935362,4.057728461,78.42108682,0.043108997,10827.2091,0.46875,104.0538759,5.768547514,0
11/08/2025 23:39,23.0s,bda661fd02c0406a85af3f723c32a5ed,ETH_base,LOCAL,/home/ec2-user/ETH_Price_Predition/.venv/lib/python3.11/site-packages/ipykernel_launcher.py,ec2-user,FINISHED,32,0.1,24,['ETH_D_AvgPrc'],21,2,0.01,7,04/03/2023,32,0.428571429,0.472610097,55.18984136,0.030329952,5868.731469,0.477735463,72.93785837,4.037026425,76.15391759,0.041776576,10224.856,0.432835821,101.11803,5.591428114,0
11/08/2025 21:23,54.9s,5fba2228e364467e829196edb6ce6fb3,ETH_base,LOCAL,/home/ec2-user/ETH_Price_Predition/.venv/lib/python3.11/site-packages/ipykernel_launcher.py,ec2-user,FINISHED,64,0.1,125,['ETH_D_AvgPrc'],14,3,0.001,7,04/03/2023,64,0.45112782,0.473684211,55.46122989,0.030606481,5864.406305,0.478863819,72.99150146,4.077012267,76.67409452,0.042163314,10558.39389,0.455882353,102.7540456,5.706488664,0
11/08/2025 21:10,1.3min,06ffab4b1c2b4115954f22b6b862eff0,ETH_base,LOCAL,/home/ec2-user/ETH_Price_Predition/.venv/lib/python3.11/site-packages/ipykernel_launcher.py,ec2-user,FINISHED,32,0.05,107,['ETH_D_AvgPrc'],14,3,0.001,7,04/03/2023,64,0.466165414,0.491944146,55.00681601,0.030257227,5914.312563,0.496299928,72.9950625,4.048140441,77.34415591,0.042446126,10693.22566,0.46875,103.4080541,5.714629166,0
11/08/2025 23:32,32.5s,a8b8f172c90a47fc85abe65c9b5eacca,ETH_base,LOCAL,/home/ec2-user/ETH_Price_Predition/.venv/lib/python3.11/site-packages/ipykernel_launcher.py,ec2-user,FINISHED,32,0.05,49,['ETH_D_AvgPrc'],21,2,0.01,7,04/03/2023,32,0.45112782,0.491944146,55.95621773,0.030909943,5924.490528,0.496142127,73.11158244,4.08727624,76.46636343,0.041971614,10340.45342,0.451612903,101.68802,5.623790592,0
11/08/2025 20:30,19.8s,1d424794ad9a46828f124937e6f9abd8,ETH_base,LOCAL,/home/ec2-user/ETH_Price_Predition/.venv/lib/python3.11/site-packages/ipykernel_launcher.py,ec2-user,FINISHED,64,0.1,80,['ETH_D_AvgPrc'],14,1,0.01,7,04/03/2023,32,0.443609023,0.487647691,55.38525646,0.030476694,5980.625946,0.491913,73.15155947,4.057231255,77.5625865,0.042529714,10565.95974,0.442622951,102.7908543,5.674057935,0
11/08/2025 20:29,14.6s,cd2094aecc0e4d609e7d927885823584,ETH_base,LOCAL,/home/ec2-user/ETH_Price_Predition/.venv/lib/python3.11/site-packages/ipykernel_launcher.py,ec2-user,FINISHED,32,0.1,27,['ETH_D_AvgPrc'],14,1,0.01,7,04/03/2023,32,0.45112782,0.483351235,55.68055799,0.030663001,5996.723703,0.487498365,73.37432818,4.076321536,80.69459729,0.044376718,11292.01034,0.453125,106.2638713,5.897697453,0
11/08/2025 21:10,31.2s,3ffab62e216d4a0f9e19adb7fc729a82,ETH_base,LOCAL,/home/ec2-user/ETH_Price_Predition/.venv/lib/python3.11/site-packages/ipykernel_launcher.py,ec2-user,FINISHED,32,0.05,24,['ETH_D_AvgPrc'],14,3,0.01,7,04/03/2023,64,0.45112782,0.489795918,56.4119302,0.031207879,5934.714387,0.494989731,73.45064744,4.124339287,75.24662127,0.041240319,9999.473445,0.453125,99.99736719,5.521977944,0
11/08/2025 20:53,54.0s,8a1eef7e2b064b9092639da2706b4d86,ETH_base,LOCAL,/home/ec2-user/ETH_Price_Predition/.venv/lib/python3.11/site-packages/ipykernel_launcher.py,ec2-user,FINISHED,32,0.1,87,['ETH_D_AvgPrc'],14,2,0.001,7,04/03/2023,64,0.436090226,0.477980666,55.30194662,0.030410467,5963.244315,0.483103206,73.46498551,4.072907195,76.34084762,0.041830974,10591.84097,0.439393939,102.91667,5.676899312,0
11/08/2025 23:42,25.8s,18473ae6bfc847889c97ab56eb8b2ca3,ETH_base,LOCAL,/home/ec2-user/ETH_Price_Predition/.venv/lib/python3.11/site-packages/ipykernel_launcher.py,ec2-user,FINISHED,32,0.1,31,['ETH_D_AvgPrc'],21,2,0.01,7,04/03/2023,64,0.466165414,0.484425349,56.09349491,0.030848565,5975.910889,0.488688593,73.46650291,4.072140745,74.46598437,0.040697849,9821.166731,0.46875,99.10179984,5.439723745,0
11/08/2025 21:08,32.7s,9dbe04b950d34d7b9e131e06be6bd1d4,ETH_base,LOCAL,/home/ec2-user/ETH_Price_Predition/.venv/lib/python3.11/site-packages/ipykernel_launcher.py,ec2-user,FINISHED,64,0.05,51,['ETH_D_AvgPrc'],14,3,0.01,7,04/03/2023,32,0.428571429,0.488721805,55.98982522,0.030867671,5871.480572,0.493364823,73.6449699,4.101968165,75.7188723,0.0415517,10225.93098,0.430769231,101.1233454,5.592581669,0
11/08/2025 20:13,25.0s,69bc0ee4abe3448a99e03b06df817ce9,ETH_base,LOCAL,/home/ec2-user/ETH_Price_Predition/.venv/lib/python3.11/site-packages/ipykernel_launcher.py,ec2-user,FINISHED,64,0.1,39,['ETH_D_AvgPrc'],7,3,0.01,7,04/03/2023,32,0.458646617,0.480128894,55.82342064,0.030729467,5911.420598,0.485127789,73.66340726,4.089263328,75.68363895,0.041479388,10137.44897,0.46031746,100.6848994,5.555238982,0
11/08/2025 23:33,32.8s,edb0bd9d1f024df08cdb10f777879b6f,ETH_base,LOCAL,/home/ec2-user/ETH_Price_Predition/.venv/lib/python3.11/site-packages/ipykernel_launcher.py,ec2-user,FINISHED,64,0.05,86,['ETH_D_AvgPrc'],21,2,0.01,7,04/03/2023,32,0.473684211,0.497314715,55.62249441,0.030555869,5999.866689,0.501746468,73.66812864,4.072601227,77.91844533,0.042784256,10697.25423,0.476190476,103.4275313,5.719702592,0
11/08/2025 21:20,30.1s,d261d2c07a35411cae698e463e2eb439,ETH_base,LOCAL,/home/ec2-user/ETH_Price_Predition/.venv/lib/python3.11/site-packages/ipykernel_launcher.py,ec2-user,FINISHED,64,0.1,48,['ETH_D_AvgPrc'],14,3,0.01,7,04/03/2023,32,0.45112782,0.485499463,55.78742937,0.030607141,5927.763254,0.489447089,73.71444748,4.067811731,74.62771377,0.040725288,9939.117127,0.454545455,99.69512088,5.458343921,0
11/08/2025 20:32,16.9s,4fdb62cfd5164138a72bc915f1a9c2e4,ETH_base,LOCAL,/home/ec2-user/ETH_Price_Predition/.venv/lib/python3.11/site-packages/ipykernel_launcher.py,ec2-user,FINISHED,64,0.1,64,['ETH_D_AvgPrc'],14,1,0.01,7,04/03/2023,64,0.458646617,0.497314715,55.73278507,0.030593404,6087.197349,0.502605728,73.78472799,4.074675754,79.00690271,0.043366416,10969.35747,0.461538462,104.7347004,5.788545481,0
11/08/2025 19:50,26.2s,bc24c221c9db4965923580a27994eb8e,ETH_base,LOCAL,/home/ec2-user/ETH_Price_Predition/.venv/lib/python3.11/site-packages/ipykernel_launcher.py,ec2-user,FINISHED,64,0.1,60,['ETH_D_AvgPrc'],7,2,0.01,7,04/03/2023,64,0.443609023,0.476906552,55.81876807,0.030809401,6012.056448,0.48322207,73.82347129,4.118050908,78.26941767,0.042931115,10903.10349,0.444444444,104.417927,5.763248633,0
11/08/2025 20:48,48.5s,c16bb1afa629450e9f1aa68788af04eb,ETH_base,LOCAL,/home/ec2-user/ETH_Price_Predition/.venv/lib/python3.11/site-packages/ipykernel_launcher.py,ec2-user,FINISHED,32,0.05,76,['ETH_D_AvgPrc'],14,2,0.001,7,04/03/2023,128,0.45112782,0.490870032,55.57828582,0.03055349,6045.233452,0.496320081,73.82365029,4.088669007,77.30828513,0.042375334,10690.57628,0.453125,103.395243,5.702441122,0
11/08/2025 21:15,1.0min,bac1b2db4a414a5d93f27df3fb98894e,ETH_base,LOCAL,/home/ec2-user/ETH_Price_Predition/.venv/lib/python3.11/site-packages/ipykernel_launcher.py,ec2-user,FINISHED,32,0.05,81,['ETH_D_AvgPrc'],14,3,0.001,7,04/03/2023,128,0.466165414,0.496240602,56.13473429,0.030946417,6068.107368,0.501508364,73.88728313,4.112830365,78.06596042,0.042843523,10842.63098,0.46969697,104.1279548,5.753569106,0
11/08/2025 23:25,15.3s,16bda6f287fd4b269c47eac8efdd522b,ETH_base,LOCAL,/home/ec2-user/ETH_Price_Predition/.venv/lib/python3.11/site-packages/ipykernel_launcher.py,ec2-user,FINISHED,32,0.1,38,['ETH_D_AvgPrc'],21,1,0.01,7,04/03/2023,128,0.45112782,0.49301826,56.09305744,0.030822527,6070.553422,0.497045554,73.90356817,4.086923083,78.90609558,0.043153996,10907.56401,0.451612903,104.4392839,5.733529276,0
12/08/2025 01:11,25.4s,addbf53bbf4c433b8104500dfa86c2c8,ETH_base,LOCAL,/home/ec2-user/ETH_Price_Predition/.venv/lib/python3.11/site-packages/ipykernel_launcher.py,ec2-user,FINISHED,128,0.1,77,['ETH_D_AvgPrc'],28,3,0.01,7,04/03/2023,32,0.421052632,0.485499463,56.7873522,0.031270664,6051.363443,0.492127661,73.90860924,4.10311321,78.37191864,0.043062531,10693.49955,0.432432432,103.4093784,5.727574911,0
11/08/2025 19:23,19.9s,92967c17a3a44c21ab4677993b5e169d,ETH_base,LOCAL,/home/ec2-user/ETH_Price_Predition/.venv/lib/python3.11/site-packages/ipykernel_launcher.py,ec2-user,FINISHED,64,0.05,87,['ETH_D_AvgPrc'],7,1,0.01,7,04/03/2023,32,0.458646617,0.496240602,55.30211957,0.030403239,6092.508033,0.500676135,73.9422806,4.09347228,79.28880299,0.043457484,11226.47234,0.459016393,105.9550487,5.838386654,0
11/08/2025 20:33,13.7s,8981dacd93e5423e93f91df4f5aa5350,ETH_base,LOCAL,/home/ec2-user/ETH_Price_Predition/.venv/lib/python3.11/site-packages/ipykernel_launcher.py,ec2-user,FINISHED,32,0.1,24,['ETH_D_AvgPrc'],14,1,0.01,7,04/03/2023,128,0.428571429,0.480128894,56.23222041,0.030999448,6054.174377,0.484721677,73.96515736,4.1176411,81.58004944,0.044912864,11489.01174,0.430769231,107.1868077,5.962274449,0
11/08/2025 20:24,19.4s,62ceaa91e5004873a2c39c7fec693d56,ETH_base,LOCAL,/home/ec2-user/ETH_Price_Predition/.venv/lib/python3.11/site-packages/ipykernel_launcher.py,ec2-user,FINISHED,32,0.05,47,['ETH_D_AvgPrc'],14,1,0.01,7,04/03/2023,32,0.443609023,0.494092374,56.18053603,0.030947931,6142.978829,0.49882904,73.98641096,4.111041397,79.64876769,0.043730366,11143.2794,0.442622951,105.5617327,5.835314093,0
11/08/2025 20:49,28.2s,a463c0f5416a44b087f555d10c930564,ETH_base,LOCAL,/home/ec2-user/ETH_Price_Predition/.venv/lib/python3.11/site-packages/ipykernel_launcher.py,ec2-user,FINISHED,64,0.05,63,['ETH_D_AvgPrc'],14,2,0.01,7,04/03/2023,128,0.45112782,0.489795918,56.7563824,0.03139261,6099.781089,0.494211781,74.09757449,4.150427623,78.62766191,0.043258487,10820.20989,0.454545455,104.0202379,5.775407081,0
12/08/2025 00:32,28.0s,181c59b1ef744f40a08fec6c2e276dac,ETH_base,LOCAL,/home/ec2-user/ETH_Price_Predition/.venv/lib/python3.11/site-packages/ipykernel_launcher.py,ec2-user,FINISHED,32,0.05,34,['ETH_D_AvgPrc'],28,2,0.01,7,04/03/2023,32,0.436090226,0.482277121,56.24493402,0.03086119,6091.147525,0.487012987,74.10212346,4.088236768,79.31346532,0.043334739,11016.68381,0.439393939,104.9603916,5.758879035,0
11/08/2025 20:44,1.3min,88646cf99e4b407ca54c39a957b29df4,ETH_base,LOCAL,/home/ec2-user/ETH_Price_Predition/.venv/lib/python3.11/site-packages/ipykernel_launcher.py,ec2-user,FINISHED,32,0.05,134,['ETH_D_AvgPrc'],14,2,0.001,7,04/03/2023,64,0.45112782,0.485499463,56.30493203,0.031060553,6148.253167,0.490638764,74.11642288,4.127791634,81.45365298,0.044816636,11604.11728,0.453125,107.7224084,5.976759174,0
11/08/2025 23:20,14.0s,d349c523be2c4130b9b517e03e84137e,ETH_base,LOCAL,/home/ec2-user/ETH_Price_Predition/.venv/lib/python3.11/site-packages/ipykernel_launcher.py,ec2-user,FINISHED,64,0.05,58,['ETH_D_AvgPrc'],21,1,0.01,7,04/03/2023,64,0.473684211,0.494092374,56.32834954,0.03100436,6138.524989,0.49845031,74.15475775,4.113143914,78.94838789,0.043345945,10902.77088,0.476190476,104.4163343,5.771455219,0
11/08/2025 23:20,12.8s,46a250a5f4014bbe94af1ee245767e63,ETH_base,LOCAL,/home/ec2-user/ETH_Price_Predition/.venv/lib/python3.11/site-packages/ipykernel_launcher.py,ec2-user,FINISHED,32,0.05,27,['ETH_D_AvgPrc'],21,1,0.01,7,04/03/2023,64,0.458646617,0.488721805,55.70016004,0.030567019,6126.020444,0.492711604,74.24310749,4.099134374,78.86321586,0.043021763,11135.78741,0.46031746,105.5262404,5.770760393,0
12/08/2025 00:20,13.0s,45367f32c2414c219e72a44348a3e617,ETH_base,LOCAL,/home/ec2-user/ETH_Price_Predition/.venv/lib/python3.11/site-packages/ipykernel_launcher.py,ec2-user,FINISHED,128,0.05,72,['ETH_D_AvgPrc'],28,1,0.01,7,04/03/2023,64,0.443609023,0.477980666,56.15018857,0.030849195,6114.878597,0.484164402,74.28099206,4.108630524,78.59903229,0.043111237,10893.44094,0.447761194,104.3716482,5.761997485,0
11/08/2025 21:19,1.3min,c543d404994a4b32924115024d8486fd,ETH_base,LOCAL,/home/ec2-user/ETH_Price_Predition/.venv/lib/python3.11/site-packages/ipykernel_launcher.py,ec2-user,FINISHED,32,0.1,111,['ETH_D_AvgPrc'],14,3,0.001,7,04/03/2023,32,0.45112782,0.480128894,57.06973185,0.031564384,6059.034707,0.485415859,74.28332035,4.162869329,77.15552836,0.042431742,10551.24133,0.454545455,102.7192355,5.703096922,0
11/08/2025 20:27,15.2s,9c153c923f534c0893f314f554e8ea81,ETH_base,LOCAL,/home/ec2-user/ETH_Price_Predition/.venv/lib/python3.11/site-packages/ipykernel_launcher.py,ec2-user,FINISHED,64,0.05,53,['ETH_D_AvgPrc'],14,1,0.01,7,04/03/2023,64,0.466165414,0.500537057,56.30143815,0.030954351,6163.83849,0.506106079,74.28470461,4.113051138,80.19715204,0.044040504,11284.63155,0.46875,106.2291464,5.873976632,0
12/08/2025 00:24,13.9s,f96540a63fb34d3798f6cf7df8cd5318,ETH_base,LOCAL,/home/ec2-user/ETH_Price_Predition/.venv/lib/python3.11/site-packages/ipykernel_launcher.py,ec2-user,FINISHED,128,0.1,79,['ETH_D_AvgPrc'],28,1,0.01,7,04/03/2023,64,0.421052632,0.473684211,56.15297974,0.030841836,6127.617782,0.478354978,74.33802053,4.110639373,78.41320594,0.042974514,10892.64604,0.424242424,104.3678401,5.754620284,0
11/08/2025 21:12,32.0s,7efdea51b2254122aa8b0c017eae6d06,ETH_base,LOCAL,/home/ec2-user/ETH_Price_Predition/.venv/lib/python3.11/site-packages/ipykernel_launcher.py,ec2-user,FINISHED,64,0.05,58,['ETH_D_AvgPrc'],14,3,0.01,7,04/03/2023,64,0.466165414,0.497314715,56.39810099,0.0311209,6106.931903,0.502773859,74.37697459,4.145968469,78.02316009,0.042861042,10919.29263,0.46969697,104.4954192,5.78519978,0
12/08/2025 00:18,17.4s,78f93e8efdb1457bad8864a736016a79,ETH_base,LOCAL,/home/ec2-user/ETH_Price_Predition/.venv/lib/python3.11/site-packages/ipykernel_launcher.py,ec2-user,FINISHED,128,0.05,110,['ETH_D_AvgPrc'],28,1,0.01,7,04/03/2023,32,0.443609023,0.482277121,56.1519835,0.030843761,6146.371053,0.487077599,74.38209135,4.113183855,78.48511408,0.043000048,10909.16377,0.447761194,104.4469424,5.75595937,0
12/08/2025 01:08,40.9s,65123b4875f845c68a632cd8338522cc,ETH_base,LOCAL,/home/ec2-user/ETH_Price_Predition/.venv/lib/python3.11/site-packages/ipykernel_launcher.py,ec2-user,FINISHED,128,0.05,152,['ETH_D_AvgPrc'],28,3,0.001,7,04/03/2023,128,0.421052632,0.480128894,56.58212703,0.03101619,6083.420706,0.48731398,74.4262633,4.100743222,77.95182468,0.042689339,10681.70839,0.432432432,103.3523507,5.691253815,0
11/08/2025 20:42,31.8s,93417e4d12074deca72d176e1e73c11d,ETH_base,LOCAL,/home/ec2-user/ETH_Price_Predition/.venv/lib/python3.11/site-packages/ipykernel_launcher.py,ec2-user,FINISHED,64,0.05,40,['ETH_D_AvgPrc'],14,2,0.01,7,04/03/2023,32,0.45112782,0.482277121,56.73010785,0.03130631,6099.665018,0.486729831,74.43230381,4.148696403,76.86193916,0.042133808,10587.72662,0.454545455,102.8966794,5.675190152,0
11/08/2025 20:49,38.2s,56a3ec8742d04bea8ae46da1e1278a9d,ETH_base,LOCAL,/home/ec2-user/ETH_Price_Predition/.venv/lib/python3.11/site-packages/ipykernel_launcher.py,ec2-user,FINISHED,64,0.05,100,['ETH_D_AvgPrc'],14,2,0.001,7,04/03/2023,128,0.443609023,0.482277121,56.25777513,0.030993484,6123.448534,0.486793825,74.45498777,4.137270629,76.93014572,0.042118726,10753.24541,0.444444444,103.6978564,5.709083235,0
12/08/2025 00:40,32.6s,b3a6e8e145d34deaba75cbd75bb41785,ETH_base,LOCAL,/home/ec2-user/ETH_Price_Predition/.venv/lib/python3.11/site-packages/ipykernel_launcher.py,ec2-user,FINISHED,32,0.1,45,['ETH_D_AvgPrc'],28,2,0.01,7,04/03/2023,32,0.436090226,0.480128894,57.25664805,0.031549039,6083.354249,0.484848485,74.45874575,4.137863836,78.65290569,0.04306013,10772.26768,0.439393939,103.7895355,5.713251362,0
11/08/2025 20:44,26.0s,d1fffd49c80e4ecfaa0c42c37084b95d,ETH_base,LOCAL,/home/ec2-user/ETH_Price_Predition/.venv/lib/python3.11/site-packages/ipykernel_launcher.py,ec2-user,FINISHED,32,0.05,24,['ETH_D_AvgPrc'],14,2,0.01,7,04/03/2023,64,0.45112782,0.484425349,56.52949263,0.031133197,6178.431656,0.489017167,74.48508905,4.137585337,78.68812159,0.043050032,11084.39406,0.454545455,105.282449,5.786077753,0
12/08/2025 00:22,13.3s,ed6f786927f2494ea9ae4c764b4449c2,ETH_base,LOCAL,/home/ec2-user/ETH_Price_Predition/.venv/lib/python3.11/site-packages/ipykernel_launcher.py,ec2-user,FINISHED,64,0.1,49,['ETH_D_AvgPrc'],28,1,0.01,7,04/03/2023,32,0.436090226,0.481203008,56.61902636,0.03112224,6140.143025,0.485814186,74.51269831,4.12525549,77.55516133,0.04240545,10625.61967,0.439393939,103.0806464,5.662085088,0
11/08/2025 20:47,21.7s,70834639867844609003aac455e0ac32,ETH_base,LOCAL,/home/ec2-user/ETH_Price_Predition/.venv/lib/python3.11/site-packages/ipykernel_launcher.py,ec2-user,FINISHED,128,0.05,67,['ETH_D_AvgPrc'],14,2,0.01,7,04/03/2023,64,0.458646617,0.489795918,56.10454175,0.030900132,6207.938584,0.494788298,74.51560275,4.13655666,82.4163426,0.045407621,11823.44424,0.46031746,108.7356622,6.048390847,0
12/08/2025 00:25,30.9s,748d2ee02e1c4c07a30298d1950df866,ETH_base,LOCAL,/home/ec2-user/ETH_Price_Predition/.venv/lib/python3.11/site-packages/ipykernel_launcher.py,ec2-user,FINISHED,64,0.1,164,['ETH_D_AvgPrc'],28,1,0.001,7,04/03/2023,128,0.413533835,0.475832438,56.85381103,0.03118247,6125.565654,0.482610321,74.53955441,4.110557142,78.22905691,0.042812731,10646.00138,0.422535211,103.179462,5.675197489,0
11/08/2025 23:19,15.3s,62172ff256f34152afe71ce55fa30cb1,ETH_base,LOCAL,/home/ec2-user/ETH_Price_Predition/.venv/lib/python3.11/site-packages/ipykernel_launcher.py,ec2-user,FINISHED,32,0.05,33,['ETH_D_AvgPrc'],21,1,0.01,7,04/03/2023,32,0.458646617,0.486573577,56.31383543,0.030900264,6199.584796,0.491072469,74.59156258,4.116921435,78.85165772,0.043007769,11068.69867,0.461538462,105.2078831,5.751607298,0
11/08/2025 21:06,1.3min,b0d2b029cdf4472c9fb987708cf31db7,ETH_base,LOCAL,/home/ec2-user/ETH_Price_Predition/.venv/lib/python3.11/site-packages/ipykernel_launcher.py,ec2-user,FINISHED,32,0.05,108,['ETH_D_AvgPrc'],14,3,0.001,7,04/03/2023,32,0.428571429,0.47905478,56.11545026,0.030827335,6139.25722,0.484315964,74.59744039,4.126557639,77.79038302,0.042658023,11086.6203,0.432835821,105.2930211,5.811341096,0
11/08/2025 21:22,32.4s,233e9dacc75b4a72b12c20e5e1201f81,ETH_base,LOCAL,/home/ec2-user/ETH_Price_Predition/.venv/lib/python3.11/site-packages/ipykernel_launcher.py,ec2-user,FINISHED,32,0.1,27,['ETH_D_AvgPrc'],14,3,0.01,7,04/03/2023,64,0.406015038,0.476906552,56.71214483,0.031213065,6093.652901,0.479662586,74.61276878,4.140507652,77.86309424,0.042596303,10681.80123,0.4,103.3527998,5.682167829,0
11/08/2025 20:55,19.4s,81c06021c8dc410ba7e9dea13cc10279,ETH_base,LOCAL,/home/ec2-user/ETH_Price_Predition/.venv/lib/python3.11/site-packages/ipykernel_launcher.py,ec2-user,FINISHED,128,0.1,54,['ETH_D_AvgPrc'],14,2,0.01,7,04/03/2023,64,0.436090226,0.487647691,56.4004078,0.031135964,6105.300212,0.491938931,74.65739097,4.166662652,76.27006611,0.041968471,10467.27878,0.439393939,102.3097199,5.691883817,0
11/08/2025 20:26,15.3s,29e6eda45aba4710b590fa80379f85fd,ETH_base,LOCAL,/home/ec2-user/ETH_Price_Predition/.venv/lib/python3.11/site-packages/ipykernel_launcher.py,ec2-user,FINISHED,32,0.05,31,['ETH_D_AvgPrc'],14,1,0.01,7,04/03/2023,64,0.45112782,0.488721805,56.99422513,0.031395477,6204.004285,0.493043414,74.68642872,4.150464992,81.21854693,0.044655873,11372.39834,0.451612903,106.6414476,5.911686931,0
12/08/2025 00:14,16.8s,85cf94a93a3f47538af8ff089edb63ec,ETH_base,LOCAL,/home/ec2-user/ETH_Price_Predition/.venv/lib/python3.11/site-packages/ipykernel_launcher.py,ec2-user,FINISHED,128,0,105,['ETH_D_AvgPrc'],28,1,0.01,7,04/03/2023,64,0.443609023,0.489795918,56.62368869,0.031044394,6193.464945,0.496025235,74.73473929,4.120475728,79.40870632,0.043415855,10956.48609,0.446153846,104.6732348,5.748319456,0
12/08/2025 00:23,13.7s,0ac4f596d1fb4cb8b869d073da8a3775,ETH_base,LOCAL,/home/ec2-user/ETH_Price_Predition/.venv/lib/python3.11/site-packages/ipykernel_launcher.py,ec2-user,FINISHED,128,0.1,76,['ETH_D_AvgPrc'],28,1,0.01,7,04/03/2023,32,0.443609023,0.481203008,56.71262046,0.031189064,6150.697552,0.485585559,74.73945696,4.142142572,77.62057862,0.042528537,10661.06573,0.447761194,103.2524369,5.692758952,0
11/08/2025 21:24,21.8s,c8c89d7cae7d49aab50dd8ab957d5948,ETH_base,LOCAL,/home/ec2-user/ETH_Price_Predition/.venv/lib/python3.11/site-packages/ipykernel_launcher.py,ec2-user,FINISHED,128,0.1,49,['ETH_D_AvgPrc'],14,3,0.01,7,04/03/2023,64,0.443609023,0.476906552,56.51155885,0.031125096,6074.79912,0.48020717,74.79732414,4.155105659,75.66783773,0.041257433,10130.23111,0.446153846,100.6490492,5.50682636,0
12/08/2025 00:13,16.3s,6b19b68aee9e43b8a1d323cbb37470a2,ETH_base,LOCAL,/home/ec2-user/ETH_Price_Predition/.venv/lib/python3.11/site-packages/ipykernel_launcher.py,ec2-user,FINISHED,128,0,101,['ETH_D_AvgPrc'],28,1,0.01,7,04/03/2023,32,0.443609023,0.484425349,56.47572853,0.031018531,6191.943389,0.489432458,74.81887345,4.137514754,79.00735244,0.043287513,11038.01637,0.447761194,105.0619644,5.789961599,0
11/08/2025 23:21,13.7s,91cfa4abc7fb46fe9b69d9471c060917,ETH_base,LOCAL,/home/ec2-user/ETH_Price_Predition/.venv/lib/python3.11/site-packages/ipykernel_launcher.py,ec2-user,FINISHED,32,0.05,30,['ETH_D_AvgPrc'],21,1,0.01,7,04/03/2023,128,0.45112782,0.489795918,57.6270786,0.031762403,6184.000778,0.494325607,74.92656721,4.166238959,78.46363062,0.042969355,10844.89056,0.451612903,104.1388043,5.730974401,0
11/08/2025 23:22,18.9s,5904a62011c74279a62ada0988d58725,ETH_base,LOCAL,/home/ec2-user/ETH_Price_Predition/.venv/lib/python3.11/site-packages/ipykernel_launcher.py,ec2-user,FINISHED,32,0.1,54,['ETH_D_AvgPrc'],21,1,0.01,7,04/03/2023,32,0.473684211,0.49301826,56.86712968,0.03123529,6228.637762,0.498091574,74.95532892,4.14449178,79.13335011,0.043161242,11172.74322,0.476190476,105.7011978,5.778875149,0
12/08/2025 01:04,45.3s,616f7e75ee1440e1882dde9bf6527dfa,ETH_base,LOCAL,/home/ec2-user/ETH_Price_Predition/.venv/lib/python3.11/site-packages/ipykernel_launcher.py,ec2-user,FINISHED,128,0.05,199,['ETH_D_AvgPrc'],28,3,0.001,7,04/03/2023,64,0.421052632,0.472610097,57.14362844,0.031350142,6156.295481,0.479400725,74.99532223,4.137999481,78.50488396,0.04300893,10903.53443,0.430555556,104.4199906,5.754444572,0
11/08/2025 23:34,20.8s,e6fa92d4e44047cf813333aba5a19b4f,ETH_base,LOCAL,/home/ec2-user/ETH_Price_Predition/.venv/lib/python3.11/site-packages/ipykernel_launcher.py,ec2-user,FINISHED,128,0.05,76,['ETH_D_AvgPrc'],21,2,0.01,7,04/03/2023,32,0.436090226,0.484425349,56.13392464,0.030800115,6230.637848,0.488855379,75.01310531,4.140000296,78.07667782,0.042673974,11076.45129,0.439393939,105.244721,5.774164216,0
11/08/2025 20:29,14.7s,41cd83bcf1c345b596a6caab5ed339b7,ETH_base,LOCAL,/home/ec2-user/ETH_Price_Predition/.venv/lib/python3.11/site-packages/ipykernel_launcher.py,ec2-user,FINISHED,64,0.05,51,['ETH_D_AvgPrc'],14,1,0.01,7,04/03/2023,128,0.443609023,0.486573577,56.44592816,0.031012489,6244.660478,0.490971528,75.03234482,4.150032852,78.98811811,0.043338422,11084.46375,0.446153846,105.2827799,5.814826322,0
11/08/2025 23:24,10.5s,918b6d0777c74249a4837de0b6518a4c,ETH_base,LOCAL,/home/ec2-user/ETH_Price_Predition/.venv/lib/python3.11/site-packages/ipykernel_launcher.py,ec2-user,FINISHED,128,0.1,53,['ETH_D_AvgPrc'],21,1,0.01,7,04/03/2023,64,0.443609023,0.481203008,56.93054035,0.031295939,6217.713962,0.486045846,75.04287534,4.155123932,78.92027317,0.043264602,11026.61086,0.449275362,105.0076705,5.791136127,0
11/08/2025 21:12,52.1s,73fff5dc509f4539b1ab8f036fc6fdc7,ETH_base,LOCAL,/home/ec2-user/ETH_Price_Predition/.venv/lib/python3.11/site-packages/ipykernel_launcher.py,ec2-user,FINISHED,64,0.05,116,['ETH_D_AvgPrc'],14,3,0.001,7,04/03/2023,64,0.413533835,0.475832438,56.66059785,0.031149258,6143.718802,0.481383666,75.04972691,4.15734959,76.50115485,0.041897576,10714.17809,0.417910448,103.509314,5.703982592,0
11/08/2025 19:53,41.2s,c5ed61f90e334ca4ba645ce167984443,ETH_base,LOCAL,/home/ec2-user/ETH_Price_Predition/.venv/lib/python3.11/site-packages/ipykernel_launcher.py,ec2-user,FINISHED,64,0.1,118,['ETH_D_AvgPrc'],7,2,0.001,7,04/03/2023,128,0.458646617,0.475832438,56.39324984,0.031036896,6290.071685,0.479453929,75.05185072,4.160484419,80.51605385,0.044236665,11590.02143,0.46031746,107.6569618,5.956356186,0
11/08/2025 20:33,10.6s,6a9039a74a2a4ebb9f2c70bd341ad32e,ETH_base,LOCAL,/home/ec2-user/ETH_Price_Predition/.venv/lib/python3.11/site-packages/ipykernel_launcher.py,ec2-user,FINISHED,64,0.1,27,['ETH_D_AvgPrc'],14,1,0.01,7,04/03/2023,128,0.436090226,0.484425349,56.44259011,0.030967059,6252.002556,0.487999981,75.06072586,4.141948729,77.27698649,0.042341601,10684.93775,0.4375,103.3679725,5.699234622,0
11/08/2025 20:09,40.4s,a8dcec00b9b64363ad6cbe44bbce569c,ETH_base,LOCAL,/home/ec2-user/ETH_Price_Predition/.venv/lib/python3.11/site-packages/ipykernel_launcher.py,ec2-user,FINISHED,64,0.05,86,['ETH_D_AvgPrc'],7,3,0.001,7,04/03/2023,128,0.443609023,0.47905478,55.94836059,0.030697932,6257.387146,0.483870434,75.0746677,4.143199783,78.43163581,0.042895327,11209.88901,0.444444444,105.8767633,5.817146024,0
11/08/2025 20:15,30.4s,a230b1a42c0d49a9af4399b3ce3048d4,ETH_base,LOCAL,/home/ec2-user/ETH_Price_Predition/.venv/lib/python3.11/site-packages/ipykernel_launcher.py,ec2-user,FINISHED,64,0.1,57,['ETH_D_AvgPrc'],7,3,0.01,7,04/03/2023,64,0.443609023,0.472610097,56.85861065,0.031312625,6235.115836,0.479216648,75.11352315,4.170249541,78.69718509,0.042975917,11209.07307,0.447761194,105.87291,5.799279631,0
11/08/2025 23:21,32.0s,c0d4ce57f4b24fac9ccb021487ab962c,ETH_base,LOCAL,/home/ec2-user/ETH_Price_Predition/.venv/lib/python3.11/site-packages/ipykernel_launcher.py,ec2-user,FINISHED,32,0.05,111,['ETH_D_AvgPrc'],21,1,0.001,7,04/03/2023,128,0.45112782,0.487647691,56.59639136,0.031112212,6232.770385,0.492099163,75.11888257,4.158266723,77.95071778,0.042684186,10936.36793,0.454545455,104.5770909,5.755516425,0
11/08/2025 20:37,24.1s,50ad3e55610b4a8693924d02b0d4cd1c,ETH_base,LOCAL,/home/ec2-user/ETH_Price_Predition/.venv/lib/python3.11/site-packages/ipykernel_launcher.py,ec2-user,FINISHED,32,0,23,['ETH_D_AvgPrc'],14,2,0.01,7,04/03/2023,64,0.443609023,0.488721805,56.87107133,0.031339243,6329.940653,0.494271354,75.13009218,4.174788105,84.42519407,0.046511212,12386.02733,0.446153846,111.2925304,6.185792219,0
11/08/2025 20:54,21.4s,83b6505f634d4cfcaf4cea50fc08b53d,ETH_base,LOCAL,/home/ec2-user/ETH_Price_Predition/.venv/lib/python3.11/site-packages/ipykernel_launcher.py,ec2-user,FINISHED,64,0.1,37,['ETH_D_AvgPrc'],14,2,0.01,7,04/03/2023,64,0.428571429,0.484425349,57.00737077,0.031214464,6122.218502,0.488751315,75.1900133,4.133132115,76.33186398,0.041584852,10269.68962,0.430769231,101.3394771,5.531098155,0
12/08/2025 00:19,33.5s,f7549be84eb94973a7a4d4610a1b1958,ETH_base,LOCAL,/home/ec2-user/ETH_Price_Predition/.venv/lib/python3.11/site-packages/ipykernel_launcher.py,ec2-user,FINISHED,64,0.05,188,['ETH_D_AvgPrc'],28,1,0.001,7,04/03/2023,64,0.436090226,0.477980666,57.34096225,0.031522565,6210.494272,0.483054867,75.19489689,4.162109283,78.49265582,0.043100072,10848.27475,0.441176471,104.1550515,5.764018472,0
12/08/2025 00:05,26.6s,9f7e530d71454af2a4d55c716d84267d,ETH_base,LOCAL,/home/ec2-user/ETH_Price_Predition/.venv/lib/python3.11/site-packages/ipykernel_launcher.py,ec2-user,FINISHED,128,0.1,88,['ETH_D_AvgPrc'],21,3,0.01,7,04/03/2023,32,0.443609023,0.484425349,57.64581515,0.031840523,6234.050757,0.489554168,75.20055583,4.200803288,78.4634521,0.043110494,10908.94898,0.447761194,104.4459141,5.787980542,0
11/08/2025 20:46,23.0s,cb394962c17a4ee691a749317c366cc1,ETH_base,LOCAL,/home/ec2-user/ETH_Price_Predition/.venv/lib/python3.11/site-packages/ipykernel_launcher.py,ec2-user,FINISHED,64,0.05,43,['ETH_D_AvgPrc'],14,2,0.01,7,04/03/2023,64,0.458646617,0.489795918,56.44304974,0.030997213,6295.154679,0.493813531,75.202211,4.156804915,79.62505025,0.043709047,11292.38499,0.457627119,106.2656341,5.870712446,0
11/08/2025 23:26,30.5s,e7054f1197e34b3ea03a0d337dbc0cdc,ETH_base,LOCAL,/home/ec2-user/ETH_Price_Predition/.venv/lib/python3.11/site-packages/ipykernel_launcher.py,ec2-user,FINISHED,64,0.1,167,['ETH_D_AvgPrc'],21,1,0.001,7,04/03/2023,128,0.428571429,0.480128894,56.63100321,0.031128371,6260.088182,0.486033677,75.20449941,4.162390623,78.87684597,0.043258697,11131.86086,0.430769231,105.5076341,5.821711073,0
12/08/2025 00:24,33.6s,7015e3ac5cdd426780f7b93a6e7a50d9,ETH_base,LOCAL,/home/ec2-user/ETH_Price_Predition/.venv/lib/python3.11/site-packages/ipykernel_launcher.py,ec2-user,FINISHED,64,0.1,190,['ETH_D_AvgPrc'],28,1,0.001,7,04/03/2023,64,0.428571429,0.483351235,57.27358429,0.031398286,6200.228258,0.48862524,75.24953066,4.146303244,78.02222758,0.042688289,10684.95741,0.432835821,103.3680676,5.686260632,0
11/08/2025 20:24,14.8s,4f5a83101fa947e9869144cdd8678b51,ETH_base,LOCAL,/home/ec2-user/ETH_Price_Predition/.venv/lib/python3.11/site-packages/ipykernel_launcher.py,ec2-user,FINISHED,64,0,54,['ETH_D_AvgPrc'],14,1,0.01,7,04/03/2023,128,0.436090226,0.497314715,56.64089635,0.031100015,6341.360577,0.502153098,75.25963154,4.158568522,82.80122387,0.045509353,11856.66635,0.4375,108.8883205,6.029361336,0
11/08/2025 20:21,13.2s,68362f923e964501abef46a1af8048b0,ETH_base,LOCAL,/home/ec2-user/ETH_Price_Predition/.venv/lib/python3.11/site-packages/ipykernel_launcher.py,ec2-user,FINISHED,64,0,45,['ETH_D_AvgPrc'],14,1,0.01,7,04/03/2023,32,0.466165414,0.487647691,56.25873249,0.030869886,6344.864585,0.493189997,75.30829821,4.15745877,80.61979756,0.04426717,11570.1163,0.467741935,107.5644751,5.945996734,0
11/08/2025 19:24,19.1s,8d46c08bd8fe4c9c845793bb55af9655,ETH_base,LOCAL,/home/ec2-user/ETH_Price_Predition/.venv/lib/python3.11/site-packages/ipykernel_launcher.py,ec2-user,FINISHED,128,0.05,115,['ETH_D_AvgPrc'],7,1,0.01,7,04/03/2023,32,0.45112782,0.494092374,56.48192173,0.031071035,6353.614609,0.499038303,75.31872169,4.173603201,80.54973287,0.044184092,11586.55744,0.453125,107.6408725,5.936795191,0
12/08/2025 01:03,1.1min,edd78497313c419284d5c418c58f46cb,ETH_base,LOCAL,/home/ec2-user/ETH_Price_Predition/.venv/lib/python3.11/site-packages/ipykernel_launcher.py,ec2-user,FINISHED,64,0.05,199,['ETH_D_AvgPrc'],28,3,0.001,7,04/03/2023,64,0.413533835,0.476906552,57.67971825,0.031645181,6281.705931,0.483715546,75.32843583,4.155343291,79.44054648,0.043507204,11049.62132,0.422535211,105.117179,5.787671809,0
12/08/2025 00:21,21.2s,d9f509c7ce7b450bbdbcb97f6ed94fe0,ETH_base,LOCAL,/home/ec2-user/ETH_Price_Predition/.venv/lib/python3.11/site-packages/ipykernel_launcher.py,ec2-user,FINISHED,32,0.1,59,['ETH_D_AvgPrc'],28,1,0.01,7,04/03/2023,32,0.436090226,0.484425349,56.86474675,0.031257537,6299.518797,0.489795952,75.34582365,4.171677538,80.84428119,0.044438052,11448.78255,0.441176471,106.9989839,5.926379247,0
11/08/2025 20:16,57.9s,4d5f8403715040099b899dd3eebc5af8,ETH_base,LOCAL,/home/ec2-user/ETH_Price_Predition/.venv/lib/python3.11/site-packages/ipykernel_launcher.py,ec2-user,FINISHED,64,0.1,116,['ETH_D_AvgPrc'],7,3,0.001,7,04/03/2023,64,0.421052632,0.469387755,56.73501367,0.031258463,6289.336455,0.47438281,75.37284826,4.187065208,79.60922517,0.043718704,11492.22933,0.424242424,107.2018159,5.929094569,0
11/08/2025 20:03,31.0s,9e66f2cf3e754abaa65ad63fd62da549,ETH_base,LOCAL,/home/ec2-user/ETH_Price_Predition/.venv/lib/python3.11/site-packages/ipykernel_launcher.py,ec2-user,FINISHED,64,0.05,59,['ETH_D_AvgPrc'],7,3,0.01,7,04/03/2023,32,0.458646617,0.477980666,57.33174692,0.031387367,6165.841426,0.482773489,75.45572701,4.144564446,77.97012008,0.042540053,10904.50516,0.462686567,104.4246387,5.711385583,0
12/08/2025 01:12,44.4s,5975a7c17a9543f79958cd3d58c6584f,ETH_base,LOCAL,/home/ec2-user/ETH_Price_Predition/.venv/lib/python3.11/site-packages/ipykernel_launcher.py,ec2-user,FINISHED,32,0.1,53,['ETH_D_AvgPrc'],28,3,0.01,7,04/03/2023,64,0.413533835,0.472610097,58.28742255,0.031996184,6356.502747,0.475776736,75.45578734,4.165123073,81.25939138,0.044289241,11323.28313,0.415384615,106.4109164,5.808915722,0
11/08/2025 19:25,23.5s,2e4f885ad66143beb55503b4449251d7,ETH_base,LOCAL,/home/ec2-user/ETH_Price_Predition/.venv/lib/python3.11/site-packages/ipykernel_launcher.py,ec2-user,FINISHED,128,0.05,141,['ETH_D_AvgPrc'],7,1,0.01,7,04/03/2023,64,0.428571429,0.490870032,56.52779991,0.031068255,6358.980712,0.495460281,75.4576757,4.173587927,81.09108625,0.044458037,11843.70122,0.428571429,108.8287702,5.996478595,0
11/08/2025 23:24,11.9s,14eb63f47f064619abd69972cbd4405d,ETH_base,LOCAL,/home/ec2-user/ETH_Price_Predition/.venv/lib/python3.11/site-packages/ipykernel_launcher.py,ec2-user,FINISHED,32,0.1,23,['ETH_D_AvgPrc'],21,1,0.01,7,04/03/2023,64,0.458646617,0.484425349,57.19113241,0.03133665,6202.754795,0.48975289,75.46286114,4.154581939,77.78516566,0.042416957,10733.49202,0.461538462,103.6025676,5.661535061,0
11/08/2025 20:50,21.8s,0c0b12dd3bbe44f4b03109c98708a0ed,ETH_base,LOCAL,/home/ec2-user/ETH_Price_Predition/.venv/lib/python3.11/site-packages/ipykernel_launcher.py,ec2-user,FINISHED,32,0.1,16,['ETH_D_AvgPrc'],14,2,0.01,7,04/03/2023,32,0.436090226,0.485499463,56.72970951,0.031210387,6213.824304,0.489759837,75.46436773,4.185441987,78.9465729,0.04345955,11135.95639,0.4375,105.527041,5.870347461,0
11/08/2025 19:28,48.6s,b685b705c6264b1c86d602f97b692de8,ETH_base,LOCAL,/home/ec2-user/ETH_Price_Predition/.venv/lib/python3.11/site-packages/ipykernel_launcher.py,ec2-user,FINISHED,32,0.1,177,['ETH_D_AvgPrc'],7,1,0.001,7,04/03/2023,32,0.443609023,0.469387755,56.51619333,0.03108539,6325.451091,0.473045413,75.46549218,4.182242668,79.14911692,0.043393138,11335.70821,0.444444444,106.469283,5.87143369,0
11/08/2025 21:01,59.5s,1c87535e1b1e409297550b4b664beb67,ETH_base,LOCAL,/home/ec2-user/ETH_Price_Predition/.venv/lib/python3.11/site-packages/ipykernel_launcher.py,ec2-user,FINISHED,32,0,80,['ETH_D_AvgPrc'],14,3,0.01,7,04/03/2023,64,0.45112782,0.496240602,58.08603053,0.031924797,6243.765374,0.49941729,75.46632736,4.180795677,78.43081894,0.042735741,10795.50553,0.45,103.9014222,5.680569831,0
11/08/2025 20:53,19.7s,224ef98b24924c839b0c0be6191363fc,ETH_base,LOCAL,/home/ec2-user/ETH_Price_Predition/.venv/lib/python3.11/site-packages/ipykernel_launcher.py,ec2-user,FINISHED,32,0.1,11,['ETH_D_AvgPrc'],14,2,0.01,7,04/03/2023,64,0.45112782,0.480128894,57.86345708,0.031812129,6091.081261,0.483651734,75.48451567,4.18605227,74.72212598,0.040905763,9779.485311,0.454545455,98.89128026,5.451844192,0
11/08/2025 23:25,32.5s,a6c6d27b67f3452bb2e8c090fc051e38,ETH_base,LOCAL,/home/ec2-user/ETH_Price_Predition/.venv/lib/python3.11/site-packages/ipykernel_launcher.py,ec2-user,FINISHED,32,0.1,109,['ETH_D_AvgPrc'],21,1,0.001,7,04/03/2023,128,0.45112782,0.483351235,57.24339902,0.031505947,6314.135137,0.488142066,75.50773423,4.188046005,78.52329042,0.043033885,10958.41413,0.454545455,104.6824442,5.769101357,0
12/08/2025 00:21,27.2s,4ab4e843bac14ce5b2b62829c8697ab6,ETH_base,LOCAL,/home/ec2-user/ETH_Price_Predition/.venv/lib/python3.11/site-packages/ipykernel_launcher.py,ec2-user,FINISHED,64,0.05,135,['ETH_D_AvgPrc'],28,1,0.001,7,04/03/2023,128,0.443609023,0.481203008,57.50551749,0.031568775,6232.287487,0.486726482,75.53271711,4.170748436,77.9829471,0.042740853,10728.06484,0.449275362,103.576372,5.709372844,0
11/08/2025 19:28,14.0s,e2913c62428043398f703dbc11a576c2,ETH_base,LOCAL,/home/ec2-user/ETH_Price_Predition/.venv/lib/python3.11/site-packages/ipykernel_launcher.py,ec2-user,FINISHED,64,0.1,45,['ETH_D_AvgPrc'],7,1,0.01,7,04/03/2023,32,0.443609023,0.47905478,57.07103096,0.031389961,6209.742282,0.482811528,75.53749365,4.185807771,77.69210999,0.042479119,10841.17868,0.442622951,104.120981,5.716789647,0
12/08/2025 00:34,16.6s,58a4c7d848d549fe94bce93c04e664ac,ETH_base,LOCAL,/home/ec2-user/ETH_Price_Predition/.venv/lib/python3.11/site-packages/ipykernel_launcher.py,ec2-user,FINISHED,128,0.05,46,['ETH_D_AvgPrc'],28,2,0.01,7,04/03/2023,32,0.436090226,0.476906552,57.29938098,0.031455032,6229.693898,0.481387765,75.53970539,4.172776088,78.19454084,0.042907857,10856.67102,0.441176471,104.1953503,5.759570189,0
11/08/2025 23:23,14.5s,45d5c21e6da443ec9e0c717e70f8a58a,ETH_base,LOCAL,/home/ec2-user/ETH_Price_Predition/.venv/lib/python3.11/site-packages/ipykernel_launcher.py,ec2-user,FINISHED,64,0.1,60,['ETH_D_AvgPrc'],21,1,0.01,7,04/03/2023,32,0.458646617,0.485499463,57.13579339,0.031403011,6369.005635,0.490444381,75.54757529,4.182903166,84.91719847,0.046758532,12322.53929,0.461538462,111.0069335,6.168418621,0
12/08/2025 00:08,29.2s,e32bfda949d044bbbce05f10bd1376a6,ETH_base,LOCAL,/home/ec2-user/ETH_Price_Predition/.venv/lib/python3.11/site-packages/ipykernel_launcher.py,ec2-user,FINISHED,64,0.1,39,['ETH_D_AvgPrc'],21,3,0.01,7,04/03/2023,64,0.45112782,0.47905478,57.65211429,0.031686646,6122.208918,0.485453505,75.5898504,4.183326065,75.18696927,0.041202617,10224.05158,0.457142857,101.1140523,5.58242222,0
11/08/2025 20:25,53.0s,58e77ba8b6ae4415ad4b140e6b2fa9f5,ETH_base,LOCAL,/home/ec2-user/ETH_Price_Predition/.venv/lib/python3.11/site-packages/ipykernel_launcher.py,ec2-user,FINISHED,32,0.05,187,['ETH_D_AvgPrc'],14,1,0.001,7,04/03/2023,32,0.466165414,0.490870032,56.51547435,0.031012939,6335.866305,0.495938079,75.59415002,4.174209925,79.47607766,0.043538059,11261.0366,0.46875,106.1180315,5.845367375,0
11/08/2025 23:24,10.4s,9233eedf850d4705b7a6778a5c397dde,ETH_base,LOCAL,/home/ec2-user/ETH_Price_Predition/.venv/lib/python3.11/site-packages/ipykernel_launcher.py,ec2-user,FINISHED,64,0.1,34,['ETH_D_AvgPrc'],21,1,0.01,7,04/03/2023,64,0.443609023,0.480128894,57.63258645,0.031701024,6234.720349,0.486185843,75.60736312,4.190319655,79.52723568,0.043673666,11126.51503,0.447761194,105.4822973,5.835229985,0
11/08/2025 23:36,51.8s,4ef7df87aaae40b0a71f81bb40a9f9c3,ETH_base,LOCAL,/home/ec2-user/ETH_Price_Predition/.venv/lib/python3.11/site-packages/ipykernel_launcher.py,ec2-user,FINISHED,64,0.05,170,['ETH_D_AvgPrc'],21,2,0.001,7,04/03/2023,64,0.436090226,0.483351235,56.7587772,0.031215223,6355.003416,0.489551816,75.61325049,4.190265236,80.13356305,0.044005189,11520.81849,0.439393939,107.3350758,5.936806027,0
11/08/2025 23:45,45.4s,4715161106c14a38b1bb92cf770aac23,ETH_base,LOCAL,/home/ec2-user/ETH_Price_Predition/.venv/lib/python3.11/site-packages/ipykernel_launcher.py,ec2-user,FINISHED,32,0.1,80,['ETH_D_AvgPrc'],21,2,0.001,7,04/03/2023,128,0.436090226,0.481203008,57.64690684,0.031801552,6374.086105,0.485114079,75.64894322,4.212766716,78.70194262,0.043200772,11164.24582,0.4375,105.6609948,5.839271765,0
11/08/2025 23:40,16.6s,5b03943aa7e64e40bb71463d18a477a1,ETH_base,LOCAL,/home/ec2-user/ETH_Price_Predition/.venv/lib/python3.11/site-packages/ipykernel_launcher.py,ec2-user,FINISHED,64,0.1,27,['ETH_D_AvgPrc'],21,2,0.01,7,04/03/2023,32,0.45112782,0.474758324,57.8797576,0.032024059,6225.609397,0.478848779,75.67250445,4.24776937,76.71647954,0.042263681,10427.78653,0.453125,102.1165341,5.69795936,0
11/08/2025 20:41,1.0min,05e3240f7e8042b1ac36d7e8fb2b3797,ETH_base,LOCAL,/home/ec2-user/ETH_Price_Predition/.venv/lib/python3.11/site-packages/ipykernel_launcher.py,ec2-user,FINISHED,32,0.05,100,['ETH_D_AvgPrc'],14,2,0.001,7,04/03/2023,32,0.428571429,0.466165414,56.56366386,0.031051345,6294.003574,0.47111742,75.70131434,4.182883104,77.84746328,0.042677134,11034.31543,0.430769231,105.0443498,5.79624473,0
11/08/2025 20:23,14.3s,24e3280e65234d92a3a84e6e1d260d95,ETH_base,LOCAL,/home/ec2-user/ETH_Price_Predition/.venv/lib/python3.11/site-packages/ipykernel_launcher.py,ec2-user,FINISHED,64,0,51,['ETH_D_AvgPrc'],14,1,0.01,7,04/03/2023,64,0.473684211,0.497314715,57.07000588,0.031357937,6418.184531,0.502321042,75.71036721,4.187821422,82.85012588,0.045529031,12000.23369,0.476190476,109.5455782,6.062223732,0
11/08/2025 19:32,14.6s,258f5846ac714ef7a0895f3bea6a51d7,ETH_base,LOCAL,/home/ec2-user/ETH_Price_Predition/.venv/lib/python3.11/site-packages/ipykernel_launcher.py,ec2-user,FINISHED,128,0.1,77,['ETH_D_AvgPrc'],7,1,0.01,7,04/03/2023,128,0.45112782,0.484425349,56.84057112,0.031268534,6384.258711,0.4881483,75.72304659,4.195302447,81.28405739,0.044609153,11824.56163,0.451612903,108.7408002,6.001153188,0
11/08/2025 20:47,25.3s,d679abc62ff346f59f0f61c5c5079e13,ETH_base,LOCAL,/home/ec2-user/ETH_Price_Predition/.venv/lib/python3.11/site-packages/ipykernel_launcher.py,ec2-user,FINISHED,32,0.05,24,['ETH_D_AvgPrc'],14,2,0.01,7,04/03/2023,128,0.443609023,0.489795918,57.72363937,0.031742034,6383.293333,0.493575368,75.73222695,4.193188616,77.50776867,0.042267077,10782.28314,0.442622951,103.8377732,5.677753721,0
11/08/2025 20:31,44.3s,a9a82de953f641dfabc52d052f7d6718,ETH_base,LOCAL,/home/ec2-user/ETH_Price_Predition/.venv/lib/python3.11/site-packages/ipykernel_launcher.py,ec2-user,FINISHED,32,0.1,145,['ETH_D_AvgPrc'],14,1,0.001,7,04/03/2023,64,0.443609023,0.484425349,56.78544386,0.031168567,6377.006394,0.488942308,75.73516875,4.180989555,78.92253927,0.043172871,11176.22238,0.446153846,105.7176541,5.810152266,0
12/08/2025 00:59,1.0min,16495ade6def45a88f82890fb004124b,ETH_base,LOCAL,/home/ec2-user/ETH_Price_Predition/.venv/lib/python3.11/site-packages/ipykernel_launcher.py,ec2-user,FINISHED,64,0.05,156,['ETH_D_AvgPrc'],28,3,0.001,7,04/03/2023,32,0.421052632,0.474758324,57.4341472,0.031516278,6279.261038,0.481331829,75.74360133,4.179439287,78.61547416,0.043080181,10989.45849,0.428571429,104.8306181,5.777483032,0
11/08/2025 21:23,32.3s,ec3ee92f05dc494fb47e879216a5ef48,ETH_base,LOCAL,/home/ec2-user/ETH_Price_Predition/.venv/lib/python3.11/site-packages/ipykernel_launcher.py,ec2-user,FINISHED,64,0.1,58,['ETH_D_AvgPrc'],14,3,0.01,7,04/03/2023,64,0.443609023,0.47905478,58.09871601,0.032136905,6118.447978,0.48483356,75.74529849,4.248603157,74.57157106,0.040923271,9904.386428,0.446153846,99.5207839,5.513628178,0
11/08/2025 20:43,16.7s,4cf1723a007c42fa8f6b19189fde4949,ETH_base,LOCAL,/home/ec2-user/ETH_Price_Predition/.venv/lib/python3.11/site-packages/ipykernel_launcher.py,ec2-user,FINISHED,128,0.05,36,['ETH_D_AvgPrc'],14,2,0.01,7,04/03/2023,32,0.406015038,0.470461869,57.54147296,0.03164761,6174.212779,0.474714061,75.75489851,4.200788215,74.38994558,0.040729139,10047.6227,0.40625,100.2378307,5.531471665,0
11/08/2025 19:40,27.8s,f68e69a6a3d84132983033e822d45558,ETH_base,LOCAL,/home/ec2-user/ETH_Price_Predition/.venv/lib/python3.11/site-packages/ipykernel_launcher.py,ec2-user,FINISHED,64,0.05,58,['ETH_D_AvgPrc'],7,2,0.01,7,04/03/2023,32,0.466165414,0.483351235,56.85768955,0.031208486,6369.208232,0.48858933,75.75757764,4.175935896,80.23624529,0.043748406,11607.74751,0.46969697,107.7392571,5.883007351,0
12/08/2025 01:08,29.8s,266998f7cf914f3b9581ee8604ef52de,ETH_base,LOCAL,/home/ec2-user/ETH_Price_Predition/.venv/lib/python3.11/site-packages/ipykernel_launcher.py,ec2-user,FINISHED,32,0.1,23,['ETH_D_AvgPrc'],28,3,0.01,7,04/03/2023,32,0.436090226,0.481203008,58.43014274,0.03202425,6165.631577,0.488122932,75.84568401,4.172061331,79.33756595,0.043501264,10769.36205,0.444444444,103.7755369,5.726019174,0
11/08/2025 20:28,16.4s,ec6c880cbf0b4ca4bc14adbf146f62e1,ETH_base,LOCAL,/home/ec2-user/ETH_Price_Predition/.venv/lib/python3.11/site-packages/ipykernel_launcher.py,ec2-user,FINISHED,128,0.05,89,['ETH_D_AvgPrc'],14,1,0.01,7,04/03/2023,64,0.443609023,0.494092374,57.39466047,0.031508524,6373.876786,0.499351586,75.84589818,4.187648236,79.66945264,0.043633608,11313.67951,0.444444444,106.3657817,5.855397442,0
11/08/2025 19:31,12.6s,65c78447657045f2974f9a0af6887c9b,ETH_base,LOCAL,/home/ec2-user/ETH_Price_Predition/.venv/lib/python3.11/site-packages/ipykernel_launcher.py,ec2-user,FINISHED,128,0.1,61,['ETH_D_AvgPrc'],7,1,0.01,7,04/03/2023,64,0.45112782,0.480128894,56.71993071,0.031191187,6351.576895,0.484227122,75.85515154,4.20171258,79.66039511,0.043674946,11429.29402,0.451612903,106.9078763,5.895409675,0
11/08/2025 20:26,12.5s,62bd080903454744bd0dd07d255a693e,ETH_base,LOCAL,/home/ec2-user/ETH_Price_Predition/.venv/lib/python3.11/site-packages/ipykernel_launcher.py,ec2-user,FINISHED,64,0.05,39,['ETH_D_AvgPrc'],14,1,0.01,7,04/03/2023,32,0.443609023,0.480128894,57.15143255,0.031409442,6391.528659,0.484205725,75.85920822,4.198926159,81.24798653,0.044685756,11572.24207,0.446153846,107.574356,5.967765465,0
11/08/2025 23:16,14.1s,452f0765fe8e4d668dc16639ee281267,ETH_base,LOCAL,/home/ec2-user/ETH_Price_Predition/.venv/lib/python3.11/site-packages/ipykernel_launcher.py,ec2-user,FINISHED,32,0,34,['ETH_D_AvgPrc'],21,1,0.01,7,04/03/2023,64,0.466165414,0.488721805,57.50722798,0.031628281,6428.326823,0.493151833,75.88390454,4.201942158,79.84677078,0.043762139,11373.80245,0.46875,106.6480307,5.874199862,0
11/08/2025 19:29,49.3s,f679355f6a754cebb48003cfc4f875fc,ETH_base,LOCAL,/home/ec2-user/ETH_Price_Predition/.venv/lib/python3.11/site-packages/ipykernel_launcher.py,ec2-user,FINISHED,32,0.1,184,['ETH_D_AvgPrc'],7,1,0.001,7,04/03/2023,64,0.458646617,0.473684211,57.02296259,0.031362032,6370.959352,0.476734886,75.8923371,4.204406302,79.49883873,0.043606405,11427.85352,0.46031746,106.901139,5.898862396,0
11/08/2025 23:17,15.1s,7e194089ff284594b8ba32adfe2f05fb,ETH_base,LOCAL,/home/ec2-user/ETH_Price_Predition/.venv/lib/python3.11/site-packages/ipykernel_launcher.py,ec2-user,FINISHED,64,0,67,['ETH_D_AvgPrc'],21,1,0.01,7,04/03/2023,64,0.466165414,0.494092374,57.37525102,0.03149647,6329.876425,0.499419785,75.91283937,4.192346914,79.28516428,0.043320709,11351.66182,0.467741935,106.5441778,5.841173093,0
11/08/2025 23:17,33.7s,dcadf9f8e3ad4bd585fd5c9b21f0b676,ETH_base,LOCAL,/home/ec2-user/ETH_Price_Predition/.venv/lib/python3.11/site-packages/ipykernel_launcher.py,ec2-user,FINISHED,32,0,121,['ETH_D_AvgPrc'],21,1,0.001,7,04/03/2023,128,0.473684211,0.49301826,57.506071,0.031633787,6353.711875,0.498113339,75.94662336,4.20829139,78.76845029,0.043127712,11183.86385,0.476190476,105.7537888,5.817993239,0
12/08/2025 01:14,21.3s,b46ef69282eb4231960fd4e715e54de7,ETH_base,LOCAL,/home/ec2-user/ETH_Price_Predition/.venv/lib/python3.11/site-packages/ipykernel_launcher.py,ec2-user,FINISHED,128,0.1,56,['ETH_D_AvgPrc'],28,3,0.01,7,04/03/2023,64,0.413533835,0.480128894,57.83782664,0.031731438,6259.916166,0.486280011,75.95160977,4.186923699,77.74052372,0.042603747,10505.57861,0.420289855,102.4967249,5.652405303,0
11/08/2025 20:06,53.3s,25b064ade7a148ed9311c6af3eebdd77,ETH_base,LOCAL,/home/ec2-user/ETH_Price_Predition/.venv/lib/python3.11/site-packages/ipykernel_launcher.py,ec2-user,FINISHED,64,0.05,131,['ETH_D_AvgPrc'],7,3,0.001,7,04/03/2023,64,0.436090226,0.472610097,56.81760119,0.031245782,6405.673454,0.477810037,75.96412992,4.20684554,79.58648567,0.043627046,11590.30722,0.439393939,107.6582891,5.935646437,0
11/08/2025 19:40,23.0s,40a5f282153547d98ae673e5f45d94c1,ETH_base,LOCAL,/home/ec2-user/ETH_Price_Predition/.venv/lib/python3.11/site-packages/ipykernel_launcher.py,ec2-user,FINISHED,32,0.05,21,['ETH_D_AvgPrc'],7,2,0.01,7,04/03/2023,32,0.458646617,0.485499463,57.04039485,0.031361644,6386.051771,0.490207305,75.97956164,4.203085095,79.37572164,0.04349457,11282.17227,0.462686567,106.2175704,5.850107172,0
11/08/2025 20:12,1.2min,44801d55b92c470e9f46ce309e44cb6d,ETH_base,LOCAL,/home/ec2-user/ETH_Price_Predition/.venv/lib/python3.11/site-packages/ipykernel_launcher.py,ec2-user,FINISHED,32,0.1,104,['ETH_D_AvgPrc'],7,3,0.001,7,04/03/2023,32,0.421052632,0.469387755,57.35642774,0.031631722,6406.02319,0.474354004,76.01518776,4.231514293,80.86023477,0.044505907,11670.50198,0.424242424,108.0300976,6.000673601,0
11/08/2025 23:56,22.9s,fa349b69165e40b1955ed910113dd9a2,ETH_base,LOCAL,/home/ec2-user/ETH_Price_Predition/.venv/lib/python3.11/site-packages/ipykernel_launcher.py,ec2-user,FINISHED,64,0.05,36,['ETH_D_AvgPrc'],21,3,0.01,7,04/03/2023,32,0.421052632,0.469387755,57.9327112,0.031719461,6123.993864,0.474059683,76.02165941,4.178909343,75.56926779,0.041430488,10193.02283,0.424242424,100.9605013,5.577672857,0
11/08/2025 20:34,22.5s,4aface2430e849ce9d4c65f781e29dd9,ETH_base,LOCAL,/home/ec2-user/ETH_Price_Predition/.venv/lib/python3.11/site-packages/ipykernel_launcher.py,ec2-user,FINISHED,32,0,20,['ETH_D_AvgPrc'],14,2,0.01,7,04/03/2023,32,0.45112782,0.483351235,57.4104135,0.031624441,6375.624322,0.48819499,76.06478798,4.222670967,78.61419792,0.043143518,11268.99427,0.453125,106.1555193,5.864078603,0
12/08/2025 00:22,34.5s,9f5a9aa2fce9450a8f47637ce3457a80,ETH_base,LOCAL,/home/ec2-user/ETH_Price_Predition/.venv/lib/python3.11/site-packages/ipykernel_launcher.py,ec2-user,FINISHED,32,0.1,114,['ETH_D_AvgPrc'],28,1,0.001,7,04/03/2023,32,0.436090226,0.472610097,57.67247886,0.031672797,6302.123003,0.477794671,76.08361806,4.205469257,77.90210167,0.042680084,10805.42357,0.439393939,103.9491393,5.731105689,0
11/08/2025 23:37,13.4s,da2048247e2741239cb2c57b069d98c9,ETH_base,LOCAL,/home/ec2-user/ETH_Price_Predition/.venv/lib/python3.11/site-packages/ipykernel_launcher.py,ec2-user,FINISHED,128,0.05,29,['ETH_D_AvgPrc'],21,2,0.01,7,04/03/2023,64,0.443609023,0.47905478,57.74781447,0.031807028,6349.939083,0.483584195,76.08503875,4.228339583,80.18514464,0.044135968,11457.41715,0.444444444,107.0393253,5.953379217,0
11/08/2025 23:59,18.3s,a8bfda6b572e43f39ac99387dc0a80dd,ETH_base,LOCAL,/home/ec2-user/ETH_Price_Predition/.venv/lib/python3.11/site-packages/ipykernel_launcher.py,ec2-user,FINISHED,64,0.05,21,['ETH_D_AvgPrc'],21,3,0.01,7,04/03/2023,64,0.443609023,0.484425349,57.47307576,0.031640399,6317.19736,0.488192533,76.11623594,4.22476792,77.74599394,0.042696026,10834.0855,0.444444444,104.0869132,5.76436685,0
11/08/2025 21:22,45.2s,cb0eb52cc250478ebf4b365967bd959d,ETH_base,LOCAL,/home/ec2-user/ETH_Price_Predition/.venv/lib/python3.11/site-packages/ipykernel_launcher.py,ec2-user,FINISHED,32,0.1,51,['ETH_D_AvgPrc'],14,3,0.001,7,04/03/2023,64,0.428571429,0.480128894,57.12475055,0.031382986,6303.266374,0.484085923,76.11844694,4.212517742,77.16564322,0.042279161,10862.11928,0.430769231,104.2214914,5.748716276,0
11/08/2025 19:45,34.1s,1ac980dc415d4a25b1bb9a1de4e7f130,ETH_base,LOCAL,/home/ec2-user/ETH_Price_Predition/.venv/lib/python3.11/site-packages/ipykernel_launcher.py,ec2-user,FINISHED,64,0.05,88,['ETH_D_AvgPrc'],7,2,0.001,7,04/03/2023,128,0.443609023,0.473684211,57.52281725,0.031648776,6377.569765,0.478037065,76.1394128,4.218760195,78.54318926,0.04302961,11215.03856,0.446153846,105.9010791,5.83452007,0
11/08/2025 20:27,36.5s,d730a0e065fa48a5b37a710f0ff6be11,ETH_base,LOCAL,/home/ec2-user/ETH_Price_Predition/.venv/lib/python3.11/site-packages/ipykernel_launcher.py,ec2-user,FINISHED,32,0.05,117,['ETH_D_AvgPrc'],14,1,0.001,7,04/03/2023,64,0.428571429,0.47905478,57.04004634,0.031346819,6425.41589,0.483951222,76.15906475,4.213046935,79.42459015,0.043577777,11288.97285,0.428571429,106.2495781,5.868715259,0
12/08/2025 00:46,46.4s,7058ce73447a499787eea297c30f14b7,ETH_base,LOCAL,/home/ec2-user/ETH_Price_Predition/.venv/lib/python3.11/site-packages/ipykernel_launcher.py,ec2-user,FINISHED,32,0.1,76,['ETH_D_AvgPrc'],28,2,0.001,7,04/03/2023,128,0.428571429,0.476906552,57.74792539,0.031596074,6374.327265,0.482560401,76.17491149,4.18466666,79.0279658,0.043188885,10916.06031,0.432835821,104.4799517,5.733829206,0
11/08/2025 19:48,20.6s,faa371fc0af64cf7ab85028209043176,ETH_base,LOCAL,/home/ec2-user/ETH_Price_Predition/.venv/lib/python3.11/site-packages/ipykernel_launcher.py,ec2-user,FINISHED,64,0.1,40,['ETH_D_AvgPrc'],7,2,0.01,7,04/03/2023,32,0.436090226,0.486573577,57.81408403,0.031754149,6215.921094,0.491802412,76.19337276,4.208283606,78.9154725,0.043312685,11130.57374,0.435483871,105.5015343,5.82905856,0
11/08/2025 20:22,20.9s,e5083257ec724e8789589bd1b0b35c65,ETH_base,LOCAL,/home/ec2-user/ETH_Price_Predition/.venv/lib/python3.11/site-packages/ipykernel_launcher.py,ec2-user,FINISHED,32,0,54,['ETH_D_AvgPrc'],14,1,0.01,7,04/03/2023,64,0.473684211,0.496240602,57.78384095,0.031787193,6507.692195,0.500407745,76.21716289,4.221637018,83.17580029,0.045688809,12190.90352,0.476190476,110.4124247,6.102613566,0
12/08/2025 00:37,38.4s,e58189e923284afe85786bae84c087da,ETH_base,LOCAL,/home/ec2-user/ETH_Price_Predition/.venv/lib/python3.11/site-packages/ipykernel_launcher.py,ec2-user,FINISHED,128,0.05,183,['ETH_D_AvgPrc'],28,2,0.001,7,04/03/2023,64,0.436090226,0.480128894,57.87910942,0.031779628,6367.691398,0.486122351,76.21740491,4.210397212,79.08234492,0.043375146,11119.53033,0.442857143,105.4491836,5.822402862,0
11/08/2025 20:58,29.9s,110c9b50d79642b791a27f9ae9694a4b,ETH_base,LOCAL,/home/ec2-user/ETH_Price_Predition/.venv/lib/python3.11/site-packages/ipykernel_launcher.py,ec2-user,FINISHED,64,0.1,67,['ETH_D_AvgPrc'],14,2,0.001,7,04/03/2023,128,0.428571429,0.482277121,57.46753671,0.031633576,6333.042134,0.486331994,76.22586701,4.230231353,77.22910556,0.042362153,10801.14507,0.426229508,103.9285575,5.742466835,0
11/08/2025 19:27,11.9s,03500f5fcfce4984b9e9ee8cabee67ef,ETH_base,LOCAL,/home/ec2-user/ETH_Price_Predition/.venv/lib/python3.11/site-packages/ipykernel_launcher.py,ec2-user,FINISHED,64,0.05,39,['ETH_D_AvgPrc'],7,1,0.01,7,04/03/2023,128,0.45112782,0.468313641,57.72384345,0.03178508,6370.545938,0.471470036,76.25893975,4.232341414,78.88122627,0.043289771,11043.5797,0.451612903,105.0884375,5.804421709,0
11/08/2025 20:19,40.2s,554d224a2a1d4852814567443ec41b2a,ETH_base,LOCAL,/home/ec2-user/ETH_Price_Predition/.venv/lib/python3.11/site-packages/ipykernel_launcher.py,ec2-user,FINISHED,64,0.1,83,['ETH_D_AvgPrc'],7,3,0.001,7,04/03/2023,128,0.428571429,0.4650913,56.94012517,0.031287886,6433.191307,0.469839019,76.26182547,4.21730375,80.91332664,0.044465558,11765.65982,0.430769231,108.4696263,6.00451765,0
11/08/2025 20:33,31.5s,8c34e46839d54fd3943f5e8883aff71b,ETH_base,LOCAL,/home/ec2-user/ETH_Price_Predition/.venv/lib/python3.11/site-packages/ipykernel_launcher.py,ec2-user,FINISHED,32,0.1,94,['ETH_D_AvgPrc'],14,1,0.001,7,04/03/2023,128,0.443609023,0.485499463,57.6430434,0.031706152,6440.198093,0.490273905,76.29368713,4.226762762,81.14977729,0.044591866,11630.24909,0.446153846,107.8436326,5.974047309,0
11/08/2025 23:20,9.2s,e32f3194a5a94b8397635270189d6ef6,ETH_base,LOCAL,/home/ec2-user/ETH_Price_Predition/.venv/lib/python3.11/site-packages/ipykernel_launcher.py,ec2-user,FINISHED,128,0.05,40,['ETH_D_AvgPrc'],21,1,0.01,7,04/03/2023,64,0.421052632,0.480128894,57.91397098,0.03184602,6359.850974,0.483799187,76.31971067,4.229956229,78.27898275,0.042875043,11032.23654,0.421875,105.0344541,5.786495397,0
12/08/2025 00:16,30.1s,a989a4de099645d9a1b2417f42997d56,ETH_base,LOCAL,/home/ec2-user/ETH_Price_Predition/.venv/lib/python3.11/site-packages/ipykernel_launcher.py,ec2-user,FINISHED,64,0,160,['ETH_D_AvgPrc'],28,1,0.001,7,04/03/2023,128,0.428571429,0.481203008,58.51135752,0.032181445,6399.690815,0.487808835,76.37578721,4.228236616,79.42820958,0.043589957,11079.15284,0.438356164,105.2575548,5.81642533,0
12/08/2025 00:17,11.6s,2fec5339d4da40c7afd3a6bfe5b6751a,ETH_base,LOCAL,/home/ec2-user/ETH_Price_Predition/.venv/lib/python3.11/site-packages/ipykernel_launcher.py,ec2-user,FINISHED,64,0.05,40,['ETH_D_AvgPrc'],28,1,0.01,7,04/03/2023,32,0.428571429,0.477980666,58.45175981,0.032137255,6397.136348,0.481504005,76.37740069,4.228020404,78.51372717,0.043027308,10992.37908,0.428571429,104.8445472,5.782692607,0
12/08/2025 00:44,19.1s,459545a6a5cd4807b096862bb24891be,ETH_base,LOCAL,/home/ec2-user/ETH_Price_Predition/.venv/lib/python3.11/site-packages/ipykernel_launcher.py,ec2-user,FINISHED,64,0.1,35,['ETH_D_AvgPrc'],28,2,0.01,7,04/03/2023,64,0.421052632,0.481203008,58.10098486,0.03182865,6368.949304,0.48750686,76.38615182,4.202310534,78.77991939,0.043085958,10865.98516,0.428571429,104.2400362,5.72740225,0
12/08/2025 00:43,24.2s,d4daf38f0647428c8c6d700f8f654528,ETH_base,LOCAL,/home/ec2-user/ETH_Price_Predition/.venv/lib/python3.11/site-packages/ipykernel_launcher.py,ec2-user,FINISHED,32,0.1,24,['ETH_D_AvgPrc'],28,2,0.01,7,04/03/2023,64,0.428571429,0.469387755,58.47293973,0.032154811,6481.949254,0.474802531,76.39954848,4.228244845,80.15700514,0.043778717,11324.60993,0.432835821,106.4171505,5.83418072,0
11/08/2025 23:16,15.8s,128a2fb1781c403f896e79a9c2f98225,ETH_base,LOCAL,/home/ec2-user/ETH_Price_Predition/.venv/lib/python3.11/site-packages/ipykernel_launcher.py,ec2-user,FINISHED,128,0,97,['ETH_D_AvgPrc'],21,1,0.01,7,04/03/2023,32,0.466165414,0.482277121,57.61417678,0.031675174,6514.206447,0.487527827,76.42082051,4.231841295,82.61956672,0.045376164,12127.96331,0.46875,110.1270326,6.087290711,0
12/08/2025 00:36,39.7s,3b4b4025fe3144a0950a2f242329f76b,ETH_base,LOCAL,/home/ec2-user/ETH_Price_Predition/.venv/lib/python3.11/site-packages/ipykernel_launcher.py,ec2-user,FINISHED,64,0.05,116,['ETH_D_AvgPrc'],28,2,0.001,7,04/03/2023,64,0.428571429,0.474758324,57.85357627,0.031740902,6373.444351,0.481197055,76.42119353,4.217354479,79.44215129,0.043538539,11146.21047,0.434782609,105.575615,5.821970831,0
11/08/2025 20:28,8.5s,0dba3fd5d00e4b95b5c3d18ab9c7345b,ETH_base,LOCAL,/home/ec2-user/ETH_Price_Predition/.venv/lib/python3.11/site-packages/ipykernel_launcher.py,ec2-user,FINISHED,32,0.05,4,['ETH_D_AvgPrc'],14,1,0.01,7,04/03/2023,128,0.436090226,0.474758324,59.05360414,0.03264266,6240.72434,0.479183317,76.47365443,4.286412357,76.71940647,0.042105674,9967.736429,0.439393939,99.83855182,5.536734173,0
12/08/2025 01:05,1.1min,5e3f913a858f47c1a4545bed3c28e97d,ETH_base,LOCAL,/home/ec2-user/ETH_Price_Predition/.venv/lib/python3.11/site-packages/ipykernel_launcher.py,ec2-user,FINISHED,32,0.05,71,['ETH_D_AvgPrc'],28,3,0.001,7,04/03/2023,128,0.421052632,0.47905478,58.50857357,0.032172905,6515.993382,0.48409672,76.47441785,4.234312252,80.74979647,0.044301688,11415.70138,0.426470588,106.8442857,5.899170051,0
12/08/2025 01:01,30.4s,007145ee949845ccb9e2edb82cd51471,ETH_base,LOCAL,/home/ec2-user/ETH_Price_Predition/.venv/lib/python3.11/site-packages/ipykernel_launcher.py,ec2-user,FINISHED,32,0.05,26,['ETH_D_AvgPrc'],28,3,0.01,7,04/03/2023,64,0.398496241,0.483351235,58.52797259,0.032101318,6461.214609,0.488229875,76.49427652,4.21305096,81.39703759,0.044528481,11799.64614,0.4,108.6261761,5.969110413,0
12/08/2025 00:17,33.2s,98fb1b8a4bf442a2b2c884d3590b7a9c,ETH_base,LOCAL,/home/ec2-user/ETH_Price_Predition/.venv/lib/python3.11/site-packages/ipykernel_launcher.py,ec2-user,FINISHED,32,0.05,112,['ETH_D_AvgPrc'],28,1,0.001,7,04/03/2023,32,0.436090226,0.482277121,58.08707121,0.031905991,6376.446603,0.487202481,76.50838969,4.228932614,78.19053409,0.042892602,10870.26494,0.439393939,104.2605627,5.760357559,0
12/08/2025 01:17,36.6s,04710ca3ddc84facad6374db399d1946,ETH_base,LOCAL,/home/ec2-user/ETH_Price_Predition/.venv/lib/python3.11/site-packages/ipykernel_launcher.py,ec2-user,FINISHED,64,0.1,79,['ETH_D_AvgPrc'],28,3,0.001,7,04/03/2023,128,0.413533835,0.475832438,58.05963082,0.031865854,6375.364388,0.482239655,76.51371136,4.223026643,78.77183613,0.0431209,11012.89688,0.420289855,104.9423502,5.773988935,0
11/08/2025 23:35,29.5s,f82ca4f44b014dee8b81d4b85a263e1e,ETH_base,LOCAL,/home/ec2-user/ETH_Price_Predition/.venv/lib/python3.11/site-packages/ipykernel_launcher.py,ec2-user,FINISHED,32,0.05,39,['ETH_D_AvgPrc'],21,2,0.01,7,04/03/2023,64,0.458646617,0.490870032,57.69875761,0.03169393,6510.295812,0.495458913,76.53607167,4.228822215,79.90227514,0.04376067,11656.78847,0.459016393,107.9666081,5.938662108,0
12/08/2025 00:59,18.1s,7ab0bebc750946f386b9d8d482c7c56c,ETH_base,LOCAL,/home/ec2-user/ETH_Price_Predition/.venv/lib/python3.11/site-packages/ipykernel_launcher.py,ec2-user,FINISHED,64,0.05,18,['ETH_D_AvgPrc'],28,3,0.01,7,04/03/2023,32,0.443609023,0.483351235,58.12063032,0.031921661,6323.212987,0.488037005,76.54634445,4.22720588,78.27507053,0.042883285,10788.25664,0.446153846,103.8665328,5.724596615,0
11/08/2025 23:30,50.6s,685db8d21c67418b912278b861c44a09,ETH_base,LOCAL,/home/ec2-user/ETH_Price_Predition/.venv/lib/python3.11/site-packages/ipykernel_launcher.py,ec2-user,FINISHED,64,0,173,['ETH_D_AvgPrc'],21,2,0.001,7,04/03/2023,128,0.443609023,0.489795918,57.48919035,0.031611431,6528.199506,0.494674472,76.5796394,4.241655638,79.13739541,0.043262393,11506.42197,0.446153846,107.2679914,5.886792546,0
12/08/2025 01:16,42.8s,a520b9404b104386be55f59d313d31e7,ETH_base,LOCAL,/home/ec2-user/ETH_Price_Predition/.venv/lib/python3.11/site-packages/ipykernel_launcher.py,ec2-user,FINISHED,32,0.1,49,['ETH_D_AvgPrc'],28,3,0.001,7,04/03/2023,128,0.406015038,0.471535983,58.11664192,0.031911591,6427.005556,0.476924963,76.58864018,4.229585571,81.26090258,0.044569696,11638.58635,0.411764706,107.88228,5.952995437,0
11/08/2025 20:58,21.8s,4f750d1cb3ab4384bc787f508df1e5e6,ETH_base,LOCAL,/home/ec2-user/ETH_Price_Predition/.venv/lib/python3.11/site-packages/ipykernel_launcher.py,ec2-user,FINISHED,128,0.1,67,['ETH_D_AvgPrc'],14,2,0.01,7,04/03/2023,128,0.421052632,0.480128894,57.58004764,0.031606611,6413.122769,0.483796009,76.59818497,4.22549333,76.60277242,0.041938229,10597.32612,0.421875,102.9433151,5.668050177,0
11/08/2025 23:26,5.9s,90e01729df5e489aa046abf357461ba9,ETH_base,LOCAL,/home/ec2-user/ETH_Price_Predition/.venv/lib/python3.11/site-packages/ipykernel_launcher.py,ec2-user,FINISHED,128,0.1,11,['ETH_D_AvgPrc'],21,1,0.01,7,04/03/2023,128,0.421052632,0.466165414,59.005933,0.032403088,6241.075015,0.471419671,76.60112352,4.229697659,76.85938578,0.042156939,10120.78235,0.428571429,100.6020991,5.561041319,0
11/08/2025 19:45,15.7s,2cb0559ced8844d4906ebcb4d99595fa,ETH_base,LOCAL,/home/ec2-user/ETH_Price_Predition/.venv/lib/python3.11/site-packages/ipykernel_launcher.py,ec2-user,FINISHED,64,0.05,19,['ETH_D_AvgPrc'],7,2,0.01,7,04/03/2023,128,0.436090226,0.477980666,58.26282525,0.032010812,6282.58701,0.483680906,76.60453721,4.235626828,78.37539856,0.042796643,10875.12993,0.442857143,104.283891,5.710252146,0
12/08/2025 00:33,48.7s,ad4e12d953c5409da33cb5a668171582,ETH_base,LOCAL,/home/ec2-user/ETH_Price_Predition/.venv/lib/python3.11/site-packages/ipykernel_launcher.py,ec2-user,FINISHED,64,0.05,148,['ETH_D_AvgPrc'],28,2,0.001,7,04/03/2023,32,0.428571429,0.476906552,58.22061161,0.031969066,6382.438881,0.483427334,76.60502596,4.233294697,78.99001387,0.043342378,11029.4154,0.434782609,105.0210236,5.804417039,0
11/08/2025 23:22,6.1s,a87df212c44d4a61a28a4d6914a69453,ETH_base,LOCAL,/home/ec2-user/ETH_Price_Predition/.venv/lib/python3.11/site-packages/ipykernel_launcher.py,ec2-user,FINISHED,128,0.05,13,['ETH_D_AvgPrc'],21,1,0.01,7,04/03/2023,128,0.436090226,0.469387755,58.04284779,0.03191949,6301.97684,0.474724973,76.70042156,4.247574809,76.36730383,0.041834623,10320.68021,0.439393939,101.5907486,5.603811459,0
12/08/2025 00:48,35.3s,30cff9bcdfaa4cd0b000a94e4e196d28,ETH_base,LOCAL,/home/ec2-user/ETH_Price_Predition/.venv/lib/python3.11/site-packages/ipykernel_launcher.py,ec2-user,FINISHED,128,0.1,104,['ETH_D_AvgPrc'],28,2,0.001,7,04/03/2023,128,0.428571429,0.483351235,58.43698019,0.032120913,6412.222018,0.488014839,76.73719428,4.248675902,78.84776799,0.043326648,11091.9834,0.432835821,105.3184856,5.837623548,0
11/08/2025 19:32,12.6s,bfad0163423947428eae993de3c7eebc,ETH_base,LOCAL,/home/ec2-user/ETH_Price_Predition/.venv/lib/python3.11/site-packages/ipykernel_launcher.py,ec2-user,FINISHED,64,0.1,35,['ETH_D_AvgPrc'],7,1,0.01,7,04/03/2023,128,0.458646617,0.471535983,58.14398233,0.031990725,6387.518135,0.474343311,76.73915773,4.253582741,80.29174965,0.044139826,11257.30232,0.459016393,106.1004351,5.878366896,0
12/08/2025 00:44,17.3s,efa8cef3c60641529856049630ff407d,ETH_base,LOCAL,/home/ec2-user/ETH_Price_Predition/.venv/lib/python3.11/site-packages/ipykernel_launcher.py,ec2-user,FINISHED,128,0.1,52,['ETH_D_AvgPrc'],28,2,0.01,7,04/03/2023,64,0.428571429,0.47905478,57.97169726,0.031793543,6458.887004,0.484820719,76.74287651,4.229881051,79.49573786,0.043526674,11165.70653,0.434782609,105.6679068,5.816480969,0
11/08/2025 23:18,6.0s,4be926b094f74597aa3f84682a2b2334,ETH_base,LOCAL,/home/ec2-user/ETH_Price_Predition/.venv/lib/python3.11/site-packages/ipykernel_launcher.py,ec2-user,FINISHED,128,0,13,['ETH_D_AvgPrc'],21,1,0.01,7,04/03/2023,128,0.390977444,0.464017186,59.01378805,0.032442688,6262.783981,0.469549858,76.75755793,4.246462374,77.46299503,0.04253454,10245.23324,0.397058824,101.2187395,5.605244307,0
12/08/2025 00:04,1.1min,1b87bdbe6a344fa1a944e6c96383002a,ETH_base,LOCAL,/home/ec2-user/ETH_Price_Predition/.venv/lib/python3.11/site-packages/ipykernel_launcher.py,ec2-user,FINISHED,32,0.1,100,['ETH_D_AvgPrc'],21,3,0.001,7,04/03/2023,32,0.436090226,0.47905478,58.15697029,0.031891034,6362.712509,0.485135438,76.76222816,4.232082223,77.91608331,0.042760855,11004.56561,0.441176471,104.9026483,5.801660816,0
11/08/2025 19:47,22.7s,d8de12e1bff3413782b86b6148780205,ETH_base,LOCAL,/home/ec2-user/ETH_Price_Predition/.venv/lib/python3.11/site-packages/ipykernel_launcher.py,ec2-user,FINISHED,32,0.1,22,['ETH_D_AvgPrc'],7,2,0.01,7,04/03/2023,32,0.428571429,0.469387755,57.71857037,0.031677007,6469.31252,0.471713979,76.79023228,4.234806792,79.53988464,0.043486689,11483.2525,0.428571429,107.1599389,5.88050283,0
11/08/2025 20:34,1.0min,0a1d6cd30a634c4091055ac9ad5441c8,ETH_base,LOCAL,/home/ec2-user/ETH_Price_Predition/.venv/lib/python3.11/site-packages/ipykernel_launcher.py,ec2-user,FINISHED,32,0,109,['ETH_D_AvgPrc'],14,2,0.001,7,04/03/2023,32,0.443609023,0.484425349,58.00605461,0.031945646,6575.038086,0.489477182,76.79071676,4.263063873,79.96441398,0.043856092,11770.52486,0.446153846,108.4920497,5.98388486,0
11/08/2025 23:18,13.6s,feac47d0266c488e9e20c91c0fce7d67,ETH_base,LOCAL,/home/ec2-user/ETH_Price_Predition/.venv/lib/python3.11/site-packages/ipykernel_launcher.py,ec2-user,FINISHED,64,0,57,['ETH_D_AvgPrc'],21,1,0.01,7,04/03/2023,128,0.458646617,0.488721805,58.1715478,0.031933605,6382.931951,0.493503768,76.7909651,4.240957,78.58576839,0.042952987,11082.67154,0.46031746,105.2742682,5.774567712,0
11/08/2025 20:46,41.7s,a030d4433dc64fb7b71689779d444d61,ETH_base,LOCAL,/home/ec2-user/ETH_Price_Predition/.venv/lib/python3.11/site-packages/ipykernel_launcher.py,ec2-user,FINISHED,64,0.05,111,['ETH_D_AvgPrc'],14,2,0.001,7,04/03/2023,64,0.428571429,0.472610097,57.66763794,0.031628156,6399.358797,0.478455907,76.79587889,4.235971807,78.05502916,0.042771289,11167.55481,0.434782609,105.6766521,5.825869385,0
12/08/2025 00:01,32.6s,b119ce324e33457d85f6bb2af5405348,ETH_base,LOCAL,/home/ec2-user/ETH_Price_Predition/.venv/lib/python3.11/site-packages/ipykernel_launcher.py,ec2-user,FINISHED,32,0.05,33,['ETH_D_AvgPrc'],21,3,0.001,7,04/03/2023,128,0.458646617,0.481203008,58.10603478,0.031995833,6417.096405,0.485872272,76.8095498,4.265749929,77.09685522,0.042131361,10744.34428,0.463768116,103.6549289,5.692242086,0
12/08/2025 00:45,48.0s,4eece9fcc24d44feb94a32a5cf0b50ba,ETH_base,LOCAL,/home/ec2-user/ETH_Price_Predition/.venv/lib/python3.11/site-packages/ipykernel_launcher.py,ec2-user,FINISHED,32,0.1,80,['ETH_D_AvgPrc'],28,2,0.01,7,04/03/2023,128,0.436090226,0.477980666,58.21018056,0.031920507,6504.117485,0.484184357,76.82653277,4.233186153,81.03828075,0.044314272,11974.24882,0.441176471,109.4269109,6.006513274,0
11/08/2025 19:22,41.7s,16d461851df842d585f981c14e57d36d,ETH_base,LOCAL,/home/ec2-user/ETH_Price_Predition/.venv/lib/python3.11/site-packages/ipykernel_launcher.py,ec2-user,FINISHED,32,0.05,144,['ETH_D_AvgPrc'],7,1,0.001,7,04/03/2023,32,0.428571429,0.468313641,57.88073501,0.031896264,6518.464609,0.473585083,76.84772216,4.271547794,80.82615008,0.044455384,11819.16546,0.432835821,108.7159853,6.028342419,0
11/08/2025 23:15,16.6s,ac45ee3d42d741169fb29e2aca2dfe6b,ETH_base,LOCAL,/home/ec2-user/ETH_Price_Predition/.venv/lib/python3.11/site-packages/ipykernel_launcher.py,ec2-user,FINISHED,32,0,40,['ETH_D_AvgPrc'],21,1,0.01,7,04/03/2023,32,0.466165414,0.491944146,58.41216766,0.032111749,6562.970637,0.497428514,76.85599629,4.253168049,79.49207117,0.043487017,11286.9737,0.46875,106.2401699,5.835420187,0
11/08/2025 23:23,6.1s,8f0931ea2dce442bbf86e8a9d1d149b9,ETH_base,LOCAL,/home/ec2-user/ETH_Price_Predition/.venv/lib/python3.11/site-packages/ipykernel_launcher.py,ec2-user,FINISHED,128,0.1,13,['ETH_D_AvgPrc'],21,1,0.01,7,04/03/2023,32,0.428571429,0.475832438,59.26555767,0.032662011,6309.599776,0.481082474,76.85688092,4.27191001,76.75520887,0.042010838,10082.23653,0.432835821,100.4103407,5.527652215,0
12/08/2025 00:00,43.5s,e60b02efe2564f8e9c4eb155b139e315,ETH_base,LOCAL,/home/ec2-user/ETH_Price_Predition/.venv/lib/python3.11/site-packages/ipykernel_launcher.py,ec2-user,FINISHED,128,0.05,188,['ETH_D_AvgPrc'],21,3,0.001,7,04/03/2023,64,0.443609023,0.47905478,57.63133559,0.031639051,6487.978014,0.484087922,76.86294937,4.247112139,79.29714415,0.04340985,11490.85899,0.446153846,107.1954243,5.900249705,0
11/08/2025 19:25,15.4s,00977924e578494287a994b7610c8c03,ETH_base,LOCAL,/home/ec2-user/ETH_Price_Predition/.venv/lib/python3.11/site-packages/ipykernel_launcher.py,ec2-user,FINISHED,64,0.05,60,['ETH_D_AvgPrc'],7,1,0.01,7,04/03/2023,64,0.45112782,0.480128894,58.04682026,0.031910331,6436.847831,0.483980689,76.86809152,4.254123338,79.37902855,0.043511481,11340.12293,0.451612903,106.4900133,5.869044828,0
11/08/2025 20:07,21.6s,9165b0b11ef1436ba37f7319b140bb84,ETH_base,LOCAL,/home/ec2-user/ETH_Price_Predition/.venv/lib/python3.11/site-packages/ipykernel_launcher.py,ec2-user,FINISHED,128,0.05,30,['ETH_D_AvgPrc'],7,3,0.01,7,04/03/2023,64,0.458646617,0.483351235,58.00643701,0.031881396,6374.508861,0.488355933,76.88996934,4.252800517,77.77859772,0.042707858,10890.60464,0.461538462,104.3580598,5.775197046,0
11/08/2025 23:40,44.5s,2d01257879554768838e2a5cc9247bec,ETH_base,LOCAL,/home/ec2-user/ETH_Price_Predition/.venv/lib/python3.11/site-packages/ipykernel_launcher.py,ec2-user,FINISHED,64,0.1,145,['ETH_D_AvgPrc'],21,2,0.001,7,04/03/2023,32,0.443609023,0.484425349,57.98584233,0.031919326,6473.953934,0.48901248,76.92634564,4.270318071,78.18418965,0.042940504,11173.97124,0.446153846,105.7070066,5.851882581,0
11/08/2025 19:24,37.2s,dbf5f8a798dd4b5fb0e21ac4fe5080dd,ETH_base,LOCAL,/home/ec2-user/ETH_Price_Predition/.venv/lib/python3.11/site-packages/ipykernel_launcher.py,ec2-user,FINISHED,32,0.05,126,['ETH_D_AvgPrc'],7,1,0.001,7,04/03/2023,64,0.436090226,0.472610097,57.80834928,0.031817871,6510.289079,0.477163422,76.94754785,4.26843486,81.3167759,0.04470723,11787.58043,0.435483871,108.5706242,6.014464561,0
11/08/2025 23:22,26.4s,7ff06fe225864530a47248c0dd010c4a,ETH_base,LOCAL,/home/ec2-user/ETH_Price_Predition/.venv/lib/python3.11/site-packages/ipykernel_launcher.py,ec2-user,FINISHED,64,0.05,140,['ETH_D_AvgPrc'],21,1,0.001,7,04/03/2023,128,0.458646617,0.488721805,57.85274184,0.031809824,6500.084591,0.493702974,76.96515965,4.262410967,78.99795716,0.043376615,11294.91958,0.46031746,106.2775591,5.877565626,0
12/08/2025 00:38,35.3s,25bf4277f32540c6a1806a2a684d120f,ETH_base,LOCAL,/home/ec2-user/ETH_Price_Predition/.venv/lib/python3.11/site-packages/ipykernel_launcher.py,ec2-user,FINISHED,32,0.05,51,['ETH_D_AvgPrc'],28,2,0.001,7,04/03/2023,128,0.413533835,0.47905478,58.50113253,0.032160227,6545.607106,0.484043817,76.97967526,4.260357598,81.70502925,0.044903865,11661.82283,0.417910448,107.98992,5.982029474,0
11/08/2025 20:00,20.1s,203e680b19f5493eaa6f95f1b6a592e4,ETH_base,LOCAL,/home/ec2-user/ETH_Price_Predition/.venv/lib/python3.11/site-packages/ipykernel_launcher.py,ec2-user,FINISHED,128,0,48,['ETH_D_AvgPrc'],7,3,0.01,7,04/03/2023,64,0.45112782,0.487647691,58.36224713,0.032168592,6622.565513,0.492192717,76.98947307,4.276857295,79.78214648,0.043739531,11565.87767,0.451612903,107.5447705,5.928955836,0
11/08/2025 20:55,39.2s,3e85163a8bdd41cfb20b9918e597af04,ETH_base,LOCAL,/home/ec2-user/ETH_Price_Predition/.venv/lib/python3.11/site-packages/ipykernel_launcher.py,ec2-user,FINISHED,64,0.1,104,['ETH_D_AvgPrc'],14,2,0.001,7,04/03/2023,64,0.436090226,0.481203008,57.69857241,0.031662461,6440.253184,0.485433019,76.99411057,4.251018159,78.13887999,0.042887973,11225.82823,0.4375,105.9520091,5.857837632,0
11/08/2025 19:31,13.7s,f83f7615267643cc9dee7202109b6eb7,ETH_base,LOCAL,/home/ec2-user/ETH_Price_Predition/.venv/lib/python3.11/site-packages/ipykernel_launcher.py,ec2-user,FINISHED,32,0.1,27,['ETH_D_AvgPrc'],7,1,0.01,7,04/03/2023,128,0.458646617,0.480128894,57.80867465,0.031777057,6562.927819,0.484511598,77.01148218,4.26256623,80.55872477,0.04402566,11785.34375,0.459016393,108.5603231,5.954430982,0
11/08/2025 19:49,23.3s,1e10bcf5aac0447ba451300938f93b2b,ETH_base,LOCAL,/home/ec2-user/ETH_Price_Predition/.venv/lib/python3.11/site-packages/ipykernel_launcher.py,ec2-user,FINISHED,32,0.1,16,['ETH_D_AvgPrc'],7,2,0.01,7,04/03/2023,64,0.458646617,0.472610097,58.86338877,0.032487495,6346.346359,0.475889824,77.01792923,4.290852762,76.24266546,0.041764762,10136.2772,0.459016393,100.6790802,5.546743123,0
11/08/2025 20:35,27.0s,471d981d32e044b5ba475f7ef262d985,ETH_base,LOCAL,/home/ec2-user/ETH_Price_Predition/.venv/lib/python3.11/site-packages/ipykernel_launcher.py,ec2-user,FINISHED,64,0,61,['ETH_D_AvgPrc'],14,2,0.01,7,04/03/2023,32,0.443609023,0.495166488,58.35114856,0.032104736,6608.081519,0.500449098,77.02401447,4.266206818,80.71303495,0.044231162,11719.47827,0.446153846,108.2565392,5.958201774,0
12/08/2025 00:54,44.7s,3b4d3477ebda415a8aaa86073b8cd1b1,ETH_base,LOCAL,/home/ec2-user/ETH_Price_Predition/.venv/lib/python3.11/site-packages/ipykernel_launcher.py,ec2-user,FINISHED,128,0,200,['ETH_D_AvgPrc'],28,3,0.001,7,04/03/2023,64,0.443609023,0.485499463,58.54731385,0.032106144,6484.931042,0.491752885,77.04635619,4.248982265,80.23101921,0.043957135,11369.66846,0.449275362,106.6286475,5.877896094,0
11/08/2025 19:51,12.9s,8e441afcdb28459fb4643152caeea7d4,ETH_base,LOCAL,/home/ec2-user/ETH_Price_Predition/.venv/lib/python3.11/site-packages/ipykernel_launcher.py,ec2-user,FINISHED,128,0.1,22,['ETH_D_AvgPrc'],7,2,0.01,7,04/03/2023,64,0.45112782,0.477980666,58.00770721,0.031960917,6410.864826,0.481833019,77.05515149,4.281957464,77.83143627,0.042771736,10775.64786,0.451612903,103.805818,5.755639408,0
11/08/2025 19:43,16.7s,b458af50f7ef4e9b95f24708b9041f9f,ETH_base,LOCAL,/home/ec2-user/ETH_Price_Predition/.venv/lib/python3.11/site-packages/ipykernel_launcher.py,ec2-user,FINISHED,128,0.05,43,['ETH_D_AvgPrc'],7,2,0.01,7,04/03/2023,64,0.413533835,0.468313641,58.61401629,0.032311313,6494.431673,0.471035258,77.11237674,4.290304243,78.47444853,0.043084502,11136.40013,0.412698413,105.5291435,5.836750492,0
12/08/2025 00:00,14.5s,be8d1749a7244ed0a20b53a9b953164b,ETH_base,LOCAL,/home/ec2-user/ETH_Price_Predition/.venv/lib/python3.11/site-packages/ipykernel_launcher.py,ec2-user,FINISHED,128,0.05,21,['ETH_D_AvgPrc'],21,3,0.01,7,04/03/2023,64,0.466165414,0.45972073,58.56889761,0.032256783,6407.896273,0.466627071,77.11520388,4.284181403,78.77423256,0.043443688,11184.14453,0.46969697,105.7551158,5.906313725,0
11/08/2025 19:31,37.6s,ec53f99c055a472ba5ba4485072551e1,ETH_base,LOCAL,/home/ec2-user/ETH_Price_Predition/.venv/lib/python3.11/site-packages/ipykernel_launcher.py,ec2-user,FINISHED,32,0.1,127,['ETH_D_AvgPrc'],7,1,0.001,7,04/03/2023,128,0.45112782,0.471535983,58.29564289,0.032067063,6505.293112,0.474572836,77.14404145,4.273993071,82.77051309,0.0455416,12078.17014,0.451612903,109.9007286,6.094004277,0
11/08/2025 20:20,51.0s,d66fafbb16c14248a44509fa6e22e064,ETH_base,LOCAL,/home/ec2-user/ETH_Price_Predition/.venv/lib/python3.11/site-packages/ipykernel_launcher.py,ec2-user,FINISHED,32,0,196,['ETH_D_AvgPrc'],14,1,0.001,7,04/03/2023,32,0.458646617,0.489795918,57.65988707,0.031602263,6629.089207,0.495668573,77.23018109,4.257202825,81.20843299,0.044556488,11820.24895,0.461538462,108.7209683,6.002536626,0
12/08/2025 00:45,31.7s,ebe401d8dce441818ecf7f4960c582e9,ETH_base,LOCAL,/home/ec2-user/ETH_Price_Predition/.venv/lib/python3.11/site-packages/ipykernel_launcher.py,ec2-user,FINISHED,128,0.1,139,['ETH_D_AvgPrc'],28,2,0.001,7,04/03/2023,64,0.413533835,0.470461869,58.59888738,0.032123185,6443.468492,0.474630842,77.24012148,4.254655651,77.98396313,0.042741994,10783.7796,0.415384615,103.8449787,5.728388901,0
11/08/2025 19:26,14.7s,cbc6720da2bf4b36b4228bb2a58b8b2a,ETH_base,LOCAL,/home/ec2-user/ETH_Price_Predition/.venv/lib/python3.11/site-packages/ipykernel_launcher.py,ec2-user,FINISHED,32,0.05,31,['ETH_D_AvgPrc'],7,1,0.01,7,04/03/2023,128,0.45112782,0.477980666,58.47551789,0.032204387,6616.70181,0.481848843,77.26929261,4.287071859,81.56455018,0.044720828,11932.81855,0.451612903,109.2374411,6.020334353,0
11/08/2025 21:17,48.6s,a8795d9a70614917be78cdea61ea13cf,ETH_base,LOCAL,/home/ec2-user/ETH_Price_Predition/.venv/lib/python3.11/site-packages/ipykernel_launcher.py,ec2-user,FINISHED,128,0.05,157,['ETH_D_AvgPrc'],14,3,0.001,7,04/03/2023,128,0.428571429,0.482277121,58.07180003,0.031944946,6585.232376,0.487958824,77.28739056,4.282391612,78.92399264,0.043273842,11499.59591,0.432835821,107.2361689,5.914875297,0
11/08/2025 23:29,19.6s,7d5fa43de23d4c13b1e34ded8eaa060f,ETH_base,LOCAL,/home/ec2-user/ETH_Price_Predition/.venv/lib/python3.11/site-packages/ipykernel_launcher.py,ec2-user,FINISHED,128,0,71,['ETH_D_AvgPrc'],21,2,0.01,7,04/03/2023,64,0.436090226,0.480128894,57.77839892,0.031722761,6631.248132,0.485202047,77.29228584,4.27004418,80.58421177,0.044177204,11858.73417,0.439393939,108.8978153,6.002342575,0
12/08/2025 00:10,30.6s,a2f7ab720da24682b125b93c20bc5bb9,ETH_base,LOCAL,/home/ec2-user/ETH_Price_Predition/.venv/lib/python3.11/site-packages/ipykernel_launcher.py,ec2-user,FINISHED,32,0.1,29,['ETH_D_AvgPrc'],21,3,0.001,7,04/03/2023,128,0.428571429,0.480128894,58.33464744,0.032146134,6486.439612,0.485509519,77.29590558,4.301770629,80.69728192,0.044481603,11723.71041,0.434782609,108.2760842,6.043849564,0
11/08/2025 19:22,14.8s,2f91c995c8ce4f9a868484cda803c41a,ETH_base,LOCAL,/home/ec2-user/ETH_Price_Predition/.venv/lib/python3.11/site-packages/ipykernel_launcher.py,ec2-user,FINISHED,32,0.05,30,['ETH_D_AvgPrc'],7,1,0.01,7,04/03/2023,32,0.443609023,0.476906552,58.02429809,0.0319354,6552.521858,0.479448207,77.29712958,4.287068872,81.059839,0.044484743,11662.98058,0.440677966,107.9952804,5.96259462,0
12/08/2025 00:57,31.9s,5c44d193e138489ba4cb429c207a19e1,ETH_base,LOCAL,/home/ec2-user/ETH_Price_Predition/.venv/lib/python3.11/site-packages/ipykernel_launcher.py,ec2-user,FINISHED,128,0,112,['ETH_D_AvgPrc'],28,3,0.001,7,04/03/2023,128,0.436090226,0.484425349,58.61198955,0.032129596,6490.928347,0.490196377,77.34809604,4.262876984,78.97108287,0.043255567,11080.31929,0.441176471,105.2630956,5.799297231,0
11/08/2025 23:46,27.7s,9aa7b5d1cdb54b2298c82b056bb75757,ETH_base,LOCAL,/home/ec2-user/ETH_Price_Predition/.venv/lib/python3.11/site-packages/ipykernel_launcher.py,ec2-user,FINISHED,64,0.1,72,['ETH_D_AvgPrc'],21,2,0.001,7,04/03/2023,128,0.436090226,0.486573577,58.32862593,0.032106032,6583.868912,0.490744359,77.38220908,4.294713939,81.1329013,0.044603459,11770.4491,0.435483871,108.4917006,6.014868178,0
11/08/2025 23:22,6.4s,79bab39a46954d7ebc4372a342de8f5c,ETH_base,LOCAL,/home/ec2-user/ETH_Price_Predition/.venv/lib/python3.11/site-packages/ipykernel_launcher.py,ec2-user,FINISHED,64,0.05,7,['ETH_D_AvgPrc'],21,1,0.01,7,04/03/2023,128,0.390977444,0.467239527,59.33223448,0.032609224,6421.808818,0.472460661,77.40712072,4.28255787,78.35214968,0.042967365,10519.2161,0.393939394,102.5632297,5.663067579,0
12/08/2025 01:13,48.2s,c608029d617543a789afaa42c6a9097b,ETH_base,LOCAL,/home/ec2-user/ETH_Price_Predition/.venv/lib/python3.11/site-packages/ipykernel_launcher.py,ec2-user,FINISHED,32,0.1,60,['ETH_D_AvgPrc'],28,3,0.001,7,04/03/2023,64,0.436090226,0.473684211,58.98161727,0.032389787,6517.384506,0.479280627,77.41659076,4.275143796,79.7491205,0.043755422,11109.31396,0.441176471,105.4007304,5.821677527,0
12/08/2025 01:07,35.2s,b5d86b16ff8d4e3a8cd2b33d4bf5827d,ETH_base,LOCAL,/home/ec2-user/ETH_Price_Predition/.venv/lib/python3.11/site-packages/ipykernel_launcher.py,ec2-user,FINISHED,64,0.05,72,['ETH_D_AvgPrc'],28,3,0.001,7,04/03/2023,128,0.421052632,0.472610097,59.10892704,0.032505283,6558.623419,0.479343595,77.44827344,4.287491117,79.75290972,0.043721022,11273.66701,0.428571429,106.1775259,5.855594805,0
11/08/2025 23:19,8.2s,b5a3327b91af43ab8aa86fa12c667a77,ETH_base,LOCAL,/home/ec2-user/ETH_Price_Predition/.venv/lib/python3.11/site-packages/ipykernel_launcher.py,ec2-user,FINISHED,64,0.05,19,['ETH_D_AvgPrc'],21,1,0.01,7,04/03/2023,32,0.443609023,0.481203008,58.72298077,0.032307144,6512.539057,0.486207369,77.45437536,4.29521678,78.81192062,0.043312221,11089.40626,0.447761194,105.3062498,5.837605693,0
11/08/2025 23:38,11.8s,77ff3d41eb234c53b462d5391bd2f605,ETH_base,LOCAL,/home/ec2-user/ETH_Price_Predition/.venv/lib/python3.11/site-packages/ipykernel_launcher.py,ec2-user,FINISHED,64,0.05,7,['ETH_D_AvgPrc'],21,2,0.01,7,04/03/2023,128,0.421052632,0.4650913,59.64989264,0.032807842,6356.42546,0.47032973,77.47208177,4.293948463,78.30814654,0.042730626,10336.644,0.419354839,101.6692874,5.56055704,0
11/08/2025 19:29,12.4s,0d8521f7c7eb44bb99c86d3b3236ba0b,ETH_base,LOCAL,/home/ec2-user/ETH_Price_Predition/.venv/lib/python3.11/site-packages/ipykernel_launcher.py,ec2-user,FINISHED,128,0.1,60,['ETH_D_AvgPrc'],7,1,0.01,7,04/03/2023,32,0.443609023,0.489795918,57.70040385,0.031687464,6553.534182,0.494505495,77.47471749,4.283481077,79.42181695,0.043556733,11601.42622,0.447761194,107.709917,5.944038203,0
11/08/2025 23:35,43.0s,d7a00677a3fa4309b2c61c5db9f91d7b,ETH_base,LOCAL,/home/ec2-user/ETH_Price_Predition/.venv/lib/python3.11/site-packages/ipykernel_launcher.py,ec2-user,FINISHED,32,0.05,75,['ETH_D_AvgPrc'],21,2,0.001,7,04/03/2023,64,0.45112782,0.485499463,58.19538219,0.031886981,6535.978957,0.491377104,77.48303459,4.266203243,79.61356187,0.043398213,11371.95263,0.455882353,106.6393578,5.825346916,0
12/08/2025 00:40,25.5s,8518ec071eeb4b66a8d2ffb81ff32228,ETH_base,LOCAL,/home/ec2-user/ETH_Price_Predition/.venv/lib/python3.11/site-packages/ipykernel_launcher.py,ec2-user,FINISHED,128,0.05,101,['ETH_D_AvgPrc'],28,2,0.001,7,04/03/2023,128,0.428571429,0.480128894,58.7996282,0.032256487,6492.791258,0.485646567,77.48967654,4.275207689,79.1629462,0.043434053,11173.38018,0.432835821,105.7042108,5.840802088,0
11/08/2025 20:22,48.5s,c7693b97966d421ca945f033e38dfe29,ETH_base,LOCAL,/home/ec2-user/ETH_Price_Predition/.venv/lib/python3.11/site-packages/ipykernel_launcher.py,ec2-user,FINISHED,32,0,167,['ETH_D_AvgPrc'],14,1,0.001,7,04/03/2023,64,0.45112782,0.488721805,58.05104689,0.031869796,6696.389237,0.493690585,77.49584105,4.279836102,82.88826092,0.045563689,12242.30589,0.453125,110.6449542,6.12272414,0
11/08/2025 20:32,8.5s,42f913ba06dc4288b2b16608c5ce030e,ETH_base,LOCAL,/home/ec2-user/ETH_Price_Predition/.venv/lib/python3.11/site-packages/ipykernel_launcher.py,ec2-user,FINISHED,128,0.1,26,['ETH_D_AvgPrc'],14,1,0.01,7,04/03/2023,64,0.436090226,0.485499463,58.21389793,0.031902541,6493.125829,0.490655964,77.49733671,4.268626667,77.09998912,0.042272852,10803.51715,0.441176471,103.939969,5.742835141,0
11/08/2025 20:29,7.4s,8c8c1af3ad2b4cc3b77c4dd0a28d4e4a,ETH_base,LOCAL,/home/ec2-user/ETH_Price_Predition/.venv/lib/python3.11/site-packages/ipykernel_launcher.py,ec2-user,FINISHED,128,0.05,15,['ETH_D_AvgPrc'],14,1,0.01,7,04/03/2023,128,0.436090226,0.474758324,59.11561475,0.032596059,6434.730483,0.478401389,77.52033292,4.316190052,77.03675211,0.042209107,10173.57749,0.439393939,100.8641536,5.570346181,0
11/08/2025 23:46,26.1s,08cdc4b4882b411abeb9bc7e2118d82f,ETH_base,LOCAL,/home/ec2-user/ETH_Price_Predition/.venv/lib/python3.11/site-packages/ipykernel_launcher.py,ec2-user,FINISHED,128,0.1,108,['ETH_D_AvgPrc'],21,2,0.001,7,04/03/2023,128,0.466165414,0.485499463,57.85834383,0.031794905,6549.223433,0.491490442,77.52176352,4.291301952,78.21095471,0.042884395,11219.2067,0.471428571,105.9207567,5.84808886,0
12/08/2025 00:21,11.7s,6efd8c1b4ea548288c9219c17a4461e4,ETH_base,LOCAL,/home/ec2-user/ETH_Price_Predition/.venv/lib/python3.11/site-packages/ipykernel_launcher.py,ec2-user,FINISHED,128,0.05,58,['ETH_D_AvgPrc'],28,1,0.01,7,04/03/2023,128,0.443609023,0.490870032,58.22358233,0.031945135,6580.013166,0.496514627,77.52256788,4.27882282,80.26141151,0.043850999,11591.99101,0.446153846,107.6661089,5.907426575,0
12/08/2025 00:09,14.6s,87e4c2977d7049d2abe951eafa4004e0,ETH_base,LOCAL,/home/ec2-user/ETH_Price_Predition/.venv/lib/python3.11/site-packages/ipykernel_launcher.py,ec2-user,FINISHED,128,0.1,22,['ETH_D_AvgPrc'],21,3,0.01,7,04/03/2023,64,0.436090226,0.480128894,58.67099625,0.032292249,6466.779766,0.484158986,77.56321036,4.302619709,77.88636378,0.042562447,10620.11908,0.4375,103.053962,5.659309897,0
11/08/2025 20:26,8.9s,0135bba13b764e63b23598bab0d7d373,ETH_base,LOCAL,/home/ec2-user/ETH_Price_Predition/.venv/lib/python3.11/site-packages/ipykernel_launcher.py,ec2-user,FINISHED,128,0.05,30,['ETH_D_AvgPrc'],14,1,0.01,7,04/03/2023,32,0.436090226,0.472610097,58.14961074,0.031991129,6511.029438,0.476675775,77.56430033,4.299828623,77.98730767,0.042800057,10930.11942,0.4375,104.5472115,5.782317797,0
11/08/2025 20:39,19.0s,f05052ce7a974861b9a7781aa9ce50db,ETH_base,LOCAL,/home/ec2-user/ETH_Price_Predition/.venv/lib/python3.11/site-packages/ipykernel_launcher.py,ec2-user,FINISHED,32,0,10,['ETH_D_AvgPrc'],14,2,0.01,7,04/03/2023,128,0.406015038,0.483351235,58.64689163,0.032207516,6588.844954,0.48805942,77.59931981,4.290834009,79.49000928,0.043675733,11594.02972,0.40625,107.6755762,5.965128062,0
12/08/2025 00:12,29.2s,9fcac178082b400f9200bcc0790dc32a,ETH_base,LOCAL,/home/ec2-user/ETH_Price_Predition/.venv/lib/python3.11/site-packages/ipykernel_launcher.py,ec2-user,FINISHED,128,0.1,102,['ETH_D_AvgPrc'],21,3,0.001,7,04/03/2023,128,0.45112782,0.477980666,58.16139367,0.031881852,6550.166288,0.483493397,77.61430886,4.278003762,79.32884205,0.043479832,11397.05119,0.457142857,106.7569726,5.889566164,0
12/08/2025 00:29,38.9s,aabccb5a3a7e488ea1b2eac3ff5baf40,ETH_base,LOCAL,/home/ec2-user/ETH_Price_Predition/.venv/lib/python3.11/site-packages/ipykernel_launcher.py,ec2-user,FINISHED,128,0,197,['ETH_D_AvgPrc'],28,2,0.001,7,04/03/2023,64,0.443609023,0.482277121,59.29483258,0.032660022,6627.507807,0.487748763,77.6463516,4.311995195,79.89399822,0.043860596,11351.90239,0.449275362,106.5453068,5.894191992,0
12/08/2025 00:39,14.7s,e07698cbf255450ea339693dafc4daac,ETH_base,LOCAL,/home/ec2-user/ETH_Price_Predition/.venv/lib/python3.11/site-packages/ipykernel_launcher.py,ec2-user,FINISHED,128,0.05,36,['ETH_D_AvgPrc'],28,2,0.01,7,04/03/2023,128,0.473684211,0.47905478,59.28940714,0.032657144,6500.90917,0.483021929,77.66474022,4.309204069,77.13973219,0.042239367,10607.74719,0.476923077,102.9939182,5.67175963,0
12/08/2025 00:03,31.4s,ca823e4b71fb4d5da2b7d851a80481dc,ETH_base,LOCAL,/home/ec2-user/ETH_Price_Predition/.venv/lib/python3.11/site-packages/ipykernel_launcher.py,ec2-user,FINISHED,128,0.05,114,['ETH_D_AvgPrc'],21,3,0.001,7,04/03/2023,128,0.436090226,0.475832438,58.00375127,0.031860865,6609.684869,0.479904817,77.66866758,4.296168993,79.31085641,0.04350026,11631.54543,0.4375,107.8496427,5.956605007,0
11/08/2025 23:25,9.2s,af0a9e2bc13649bea85e04c123f3648f,ETH_base,LOCAL,/home/ec2-user/ETH_Price_Predition/.venv/lib/python3.11/site-packages/ipykernel_launcher.py,ec2-user,FINISHED,64,0.1,25,['ETH_D_AvgPrc'],21,1,0.01,7,04/03/2023,128,0.45112782,0.481203008,59.3220287,0.032643706,6485.818837,0.486815294,77.68694218,4.308306927,79.24801085,0.043548447,11115.75111,0.454545455,105.4312625,5.841130418,0
12/08/2025 01:18,27.5s,59df06c584464950b145859794111063,ETH_base,LOCAL,/home/ec2-user/ETH_Price_Predition/.venv/lib/python3.11/site-packages/ipykernel_launcher.py,ec2-user,FINISHED,128,0.1,88,['ETH_D_AvgPrc'],28,3,0.001,7,04/03/2023,128,0.443609023,0.475832438,59.01813911,0.032335888,6512.804305,0.47988235,77.76138127,4.280548056,78.44729064,0.043003376,10908.99892,0.446153846,104.4461532,5.761884576,0
11/08/2025 20:30,26.0s,1a38204a353345a5bac64294c8567d06,ETH_base,LOCAL,/home/ec2-user/ETH_Price_Predition/.venv/lib/python3.11/site-packages/ipykernel_launcher.py,ec2-user,FINISHED,32,0.1,72,['ETH_D_AvgPrc'],14,1,0.001,7,04/03/2023,32,0.428571429,0.481203008,58.57250937,0.032197198,6550.683122,0.486269949,77.7708594,4.306575159,78.87750955,0.043287426,11045.04576,0.432835821,105.0954126,5.8160663,0
11/08/2025 23:43,14.6s,2652b76db1aa4e668728ad42697a2d60,ETH_base,LOCAL,/home/ec2-user/ETH_Price_Predition/.venv/lib/python3.11/site-packages/ipykernel_launcher.py,ec2-user,FINISHED,64,0.1,18,['ETH_D_AvgPrc'],21,2,0.01,7,04/03/2023,64,0.436090226,0.477980666,59.36604035,0.032756363,6523.460524,0.481474203,77.77359293,4.336857455,78.76883118,0.04337509,11095.30506,0.4375,105.334254,5.862045502,0
11/08/2025 20:57,13.5s,c56152b314994a17958fc389e7305139,ETH_base,LOCAL,/home/ec2-user/ETH_Price_Predition/.venv/lib/python3.11/site-packages/ipykernel_launcher.py,ec2-user,FINISHED,64,0.1,9,['ETH_D_AvgPrc'],14,2,0.01,7,04/03/2023,128,0.413533835,0.474758324,59.50497151,0.033036524,6465.055282,0.477853918,77.77701467,4.403224425,74.28881629,0.040813276,9453.058652,0.412698413,97.22684121,5.405529339,0
11/08/2025 20:59,37.9s,e94eec423a30457ab3f661ca75928329,ETH_base,LOCAL,/home/ec2-user/ETH_Price_Predition/.venv/lib/python3.11/site-packages/ipykernel_launcher.py,ec2-user,FINISHED,32,0,40,['ETH_D_AvgPrc'],14,3,0.01,7,04/03/2023,32,0.436090226,0.494092374,59.16143491,0.032619895,6867.272223,0.499993094,77.77727644,4.320888913,85.0263408,0.046810673,12747.74275,0.439393939,112.9059022,6.263261038,0
12/08/2025 00:06,43.1s,fdb74e84cda24c988bbe484961879fe4,ETH_base,LOCAL,/home/ec2-user/ETH_Price_Predition/.venv/lib/python3.11/site-packages/ipykernel_launcher.py,ec2-user,FINISHED,32,0.1,55,['ETH_D_AvgPrc'],21,3,0.01,7,04/03/2023,64,0.428571429,0.477980666,58.11938896,0.031877512,6678.507378,0.482249001,77.78646372,4.283676996,80.18630477,0.043872342,11729.16987,0.430769231,108.3012921,5.946109818,0
12/08/2025 00:42,38.8s,7a5be86efc4b429b9f5b529a304aca22,ETH_base,LOCAL,/home/ec2-user/ETH_Price_Predition/.venv/lib/python3.11/site-packages/ipykernel_launcher.py,ec2-user,FINISHED,128,0.1,198,['ETH_D_AvgPrc'],28,2,0.001,7,04/03/2023,32,0.443609023,0.47905478,59.3162257,0.032665294,6581.670965,0.483874832,77.80202487,4.320666925,79.31872306,0.04364072,11313.03092,0.447761194,106.3627328,5.909480675,0
11/08/2025 19:57,26.7s,4d81f1d0c982410989dac264ca23e620,ETH_base,LOCAL,/home/ec2-user/ETH_Price_Predition/.venv/lib/python3.11/site-packages/ipykernel_launcher.py,ec2-user,FINISHED,128,0,80,['ETH_D_AvgPrc'],7,3,0.01,7,04/03/2023,32,0.443609023,0.489795918,58.67467606,0.032218304,6795.317116,0.494925692,77.84917654,4.295709923,83.25375137,0.0454426,12667.74014,0.446153846,112.5510557,6.159806951,0
11/08/2025 23:47,21.8s,87f6e5025fb54828b31c3465f30c3269,ETH_base,LOCAL,/home/ec2-user/ETH_Price_Predition/.venv/lib/python3.11/site-packages/ipykernel_launcher.py,ec2-user,FINISHED,64,0,34,['ETH_D_AvgPrc'],21,3,0.01,7,04/03/2023,32,0.436090226,0.471535983,58.68334718,0.032200739,6546.334942,0.477574608,77.88714346,4.297702748,78.74310188,0.04319477,11324.15554,0.439393939,106.4150156,5.875365974,0
12/08/2025 00:34,39.3s,0e120b6bab0742ecbd3ea0954d4a68bf,ETH_base,LOCAL,/home/ec2-user/ETH_Price_Predition/.venv/lib/python3.11/site-packages/ipykernel_launcher.py,ec2-user,FINISHED,128,0.05,182,['ETH_D_AvgPrc'],28,2,0.001,7,04/03/2023,32,0.421052632,0.47905478,59.15444373,0.032513002,6555.1517,0.484586967,77.90101471,4.310078535,78.7504004,0.043291552,11093.42393,0.426470588,105.3253243,5.841144767,0
11/08/2025 19:26,28.5s,0d315dcbdf6444b287d695e4c41e5af9,ETH_base,LOCAL,/home/ec2-user/ETH_Price_Predition/.venv/lib/python3.11/site-packages/ipykernel_launcher.py,ec2-user,FINISHED,32,0.05,89,['ETH_D_AvgPrc'],7,1,0.001,7,04/03/2023,128,0.421052632,0.477980666,58.8217679,0.032371673,6615.821253,0.482647157,77.96629652,4.323396234,82.08340133,0.045177992,11976.73419,0.424242424,109.4382666,6.075051711,0
12/08/2025 00:41,31.9s,1803f2b444ee46be87045f775271dc4a,ETH_base,LOCAL,/home/ec2-user/ETH_Price_Predition/.venv/lib/python3.11/site-packages/ipykernel_launcher.py,ec2-user,FINISHED,64,0.1,86,['ETH_D_AvgPrc'],28,2,0.001,7,04/03/2023,32,0.421052632,0.472610097,59.14324689,0.032455039,6512.205087,0.47742674,77.96911016,4.30047358,77.35900764,0.0424073,10598.62267,0.424242424,102.9496123,5.680273223,0
11/08/2025 23:53,57.9s,65aaf0e3bf89419ea81a3b36bd12aa60,ETH_base,LOCAL,/home/ec2-user/ETH_Price_Predition/.venv/lib/python3.11/site-packages/ipykernel_launcher.py,ec2-user,FINISHED,64,0,164,['ETH_D_AvgPrc'],21,3,0.001,7,04/03/2023,128,0.45112782,0.488721805,58.64812157,0.032135226,6596.649425,0.494460803,78.00241343,4.297106519,79.56465711,0.043405807,11611.82069,0.454545455,107.7581584,5.895014055,0
11/08/2025 23:58,40.3s,6f255f0622d443b591e6fcaaf736e24e,ETH_base,LOCAL,/home/ec2-user/ETH_Price_Predition/.venv/lib/python3.11/site-packages/ipykernel_launcher.py,ec2-user,FINISHED,32,0.05,49,['ETH_D_AvgPrc'],21,3,0.001,7,04/03/2023,64,0.45112782,0.487647691,58.93822593,0.032415027,6614.401751,0.492697893,78.00246636,4.321754937,79.09247033,0.043354606,11517.88395,0.454545455,107.3214049,5.920055987,0
11/08/2025 23:50,40.5s,9c8524748dfa45db88732ec28d9a8d67,ETH_base,LOCAL,/home/ec2-user/ETH_Price_Predition/.venv/lib/python3.11/site-packages/ipykernel_launcher.py,ec2-user,FINISHED,64,0,98,['ETH_D_AvgPrc'],21,3,0.001,7,04/03/2023,64,0.45112782,0.489795918,58.43947522,0.032096302,6658.183366,0.495030837,78.00279016,4.311034297,79.42367232,0.043457022,11643.88089,0.454545455,107.9068158,5.932851963,0
12/08/2025 00:52,1.2min,f9ae5fbc92654ad5929d16b6b378efad,ETH_base,LOCAL,/home/ec2-user/ETH_Price_Predition/.venv/lib/python3.11/site-packages/ipykernel_launcher.py,ec2-user,FINISHED,32,0,114,['ETH_D_AvgPrc'],28,3,0.001,7,04/03/2023,64,0.421052632,0.476906552,59.20298248,0.032470733,6701.425143,0.482638374,78.01681095,4.301787817,81.59187558,0.0446128,11780.89527,0.426470588,108.5398326,5.961426737,0
11/08/2025 23:15,13.0s,b0d9e93e387a4068b00547003263cc1a,ETH_base,LOCAL,/home/ec2-user/ETH_Price_Predition/.venv/lib/python3.11/site-packages/ipykernel_launcher.py,ec2-user,FINISHED,64,0,54,['ETH_D_AvgPrc'],21,1,0.01,7,04/03/2023,32,0.466165414,0.488721805,59.71198768,0.032824265,6519.700709,0.493324423,78.0191743,4.317822908,78.83041703,0.043113384,11158.04151,0.46875,105.6316312,5.801226174,0
11/08/2025 19:19,48.0s,2d60eb4084f6431aab8126d8d12d06b4,ETH_base,LOCAL,/home/ec2-user/ETH_Price_Predition/.venv/lib/python3.11/site-packages/ipykernel_launcher.py,ec2-user,FINISHED,32,0,200,['ETH_D_AvgPrc'],7,1,0.001,7,04/03/2023,64,0.45112782,0.482277121,59.49983073,0.032790678,6793.051513,0.487139977,78.05088149,4.337599457,86.15007191,0.047415096,12802.55585,0.45,113.1483798,6.275320825,0
11/08/2025 19:46,33.2s,64f7b549b3804fad867ba46d6110f78e,ETH_base,LOCAL,/home/ec2-user/ETH_Price_Predition/.venv/lib/python3.11/site-packages/ipykernel_launcher.py,ec2-user,FINISHED,128,0.05,135,['ETH_D_AvgPrc'],7,2,0.001,7,04/03/2023,128,0.413533835,0.474758324,58.25475937,0.032020771,6751.199111,0.47864534,78.08342351,4.32016421,80.88740964,0.044361262,12118.70731,0.415384615,110.0850004,6.073599572,0
11/08/2025 23:43,14.2s,71f6d7e87ff74d29bcbb03e9fb10105b,ETH_base,LOCAL,/home/ec2-user/ETH_Price_Predition/.venv/lib/python3.11/site-packages/ipykernel_launcher.py,ec2-user,FINISHED,128,0.1,36,['ETH_D_AvgPrc'],21,2,0.01,7,04/03/2023,64,0.436090226,0.468313641,59.06997704,0.032395569,6486.814813,0.473046667,78.09134672,4.303690833,76.83391714,0.042133911,10592.75933,0.4375,102.9211316,5.685197546,0
12/08/2025 00:16,19.1s,612c8345fec0477ea1b19092b07a6bf8,ETH_base,LOCAL,/home/ec2-user/ETH_Price_Predition/.venv/lib/python3.11/site-packages/ipykernel_launcher.py,ec2-user,FINISHED,32,0.05,52,['ETH_D_AvgPrc'],28,1,0.01,7,04/03/2023,32,0.458646617,0.491944146,59.30082026,0.03251326,6592.617066,0.497362613,78.12902574,4.306647893,80.06773962,0.04398895,11212.50895,0.462686567,105.8891352,5.860702767,0
11/08/2025 19:27,8.9s,b49b859f371e45f7b1b6624eb1a61eab,ETH_base,LOCAL,/home/ec2-user/ETH_Price_Predition/.venv/lib/python3.11/site-packages/ipykernel_launcher.py,ec2-user,FINISHED,128,0.05,32,['ETH_D_AvgPrc'],7,1,0.01,7,04/03/2023,128,0.466165414,0.481203008,58.78515625,0.032391446,6599.420417,0.486269086,78.14437383,4.343231427,80.93345906,0.044530574,11473.85946,0.46969697,107.1161027,5.947503999,0
12/08/2025 01:09,56.2s,f8981aab8df949c08d5ce0b560fbfe6e,ETH_base,LOCAL,/home/ec2-user/ETH_Price_Predition/.venv/lib/python3.11/site-packages/ipykernel_launcher.py,ec2-user,FINISHED,32,0.1,74,['ETH_D_AvgPrc'],28,3,0.001,7,04/03/2023,32,0.413533835,0.473684211,59.29083088,0.032594052,6621.564942,0.477302844,78.17675006,4.325210343,78.99504537,0.043304949,11055.8771,0.415384615,105.146931,5.798015791,0
12/08/2025 01:15,47.4s,99eb02e1157b48e69e930c302286c73c,ETH_base,LOCAL,/home/ec2-user/ETH_Price_Predition/.venv/lib/python3.11/site-packages/ipykernel_launcher.py,ec2-user,FINISHED,32,0.1,57,['ETH_D_AvgPrc'],28,3,0.01,7,04/03/2023,128,0.398496241,0.472610097,59.71812483,0.032764564,6723.186907,0.4772758,78.17842598,4.309096362,82.02237994,0.044774742,12044.75365,0.4,109.7485929,6.00956804,0
11/08/2025 21:14,51.4s,19a601c806f5491e82e35f1cfd4051b4,ETH_base,LOCAL,/home/ec2-user/ETH_Price_Predition/.venv/lib/python3.11/site-packages/ipykernel_launcher.py,ec2-user,FINISHED,32,0.05,60,['ETH_D_AvgPrc'],14,3,0.01,7,04/03/2023,128,0.458646617,0.482277121,59.47668667,0.032536864,6761.575164,0.487707613,78.18669055,4.287663761,80.842379,0.044045027,11489.86544,0.462686567,107.1907899,5.852687379,0
11/08/2025 23:38,33.7s,afebebaf6cbf43248e38185db9840a3f,ETH_base,LOCAL,/home/ec2-user/ETH_Price_Predition/.venv/lib/python3.11/site-packages/ipykernel_launcher.py,ec2-user,FINISHED,64,0.05,99,['ETH_D_AvgPrc'],21,2,0.001,7,04/03/2023,128,0.45112782,0.485499463,59.07735803,0.032470678,6593.511343,0.490266807,78.24095745,4.330803453,78.68174686,0.043132245,11312.25032,0.453125,106.3590632,5.865930139,0
11/08/2025 23:31,17.1s,5d43910b3aa842dd9f845a41165756bd,ETH_base,LOCAL,/home/ec2-user/ETH_Price_Predition/.venv/lib/python3.11/site-packages/ipykernel_launcher.py,ec2-user,FINISHED,128,0,56,['ETH_D_AvgPrc'],21,2,0.01,7,04/03/2023,128,0.421052632,0.490870032,59.14378146,0.032401501,6708.439949,0.495786199,78.24616003,4.304964331,81.09305819,0.044317845,12068.20817,0.421875,109.8553967,6.028104924,0
11/08/2025 19:29,13.4s,f1eb5e91d3a64fd7851333b3a8ec2238,ETH_base,LOCAL,/home/ec2-user/ETH_Price_Predition/.venv/lib/python3.11/site-packages/ipykernel_launcher.py,ec2-user,FINISHED,32,0.1,26,['ETH_D_AvgPrc'],7,1,0.01,7,04/03/2023,64,0.443609023,0.486573577,58.54790394,0.032220073,6782.275304,0.492600603,78.25784995,4.342221736,83.76935113,0.04604394,12588.33254,0.449275362,112.1977386,6.20952826,0
12/08/2025 01:11,42.8s,789b7e4de81f4f4e82129ae58d6e5062,ETH_base,LOCAL,/home/ec2-user/ETH_Price_Predition/.venv/lib/python3.11/site-packages/ipykernel_launcher.py,ec2-user,FINISHED,128,0.1,167,['ETH_D_AvgPrc'],28,3,0.001,7,04/03/2023,32,0.413533835,0.475832438,59.43158195,0.032573233,6523.442251,0.481593769,78.29942928,4.309610692,77.12987295,0.042250813,10629.32387,0.420289855,103.0986124,5.679986766,0
11/08/2025 23:59,44.0s,abe2ca14a5ac4128a04e69d0aa34253c,ETH_base,LOCAL,/home/ec2-user/ETH_Price_Predition/.venv/lib/python3.11/site-packages/ipykernel_launcher.py,ec2-user,FINISHED,64,0.05,97,['ETH_D_AvgPrc'],21,3,0.001,7,04/03/2023,64,0.45112782,0.476906552,58.71581461,0.032260643,6727.965591,0.48223721,78.31007554,4.333214066,81.6366607,0.044849354,12018.34924,0.454545455,109.6282319,6.068248822,0
11/08/2025 23:19,6.9s,3c40579044dd45cc84fa99f6d4bd08b0,ETH_base,LOCAL,/home/ec2-user/ETH_Price_Predition/.venv/lib/python3.11/site-packages/ipykernel_launcher.py,ec2-user,FINISHED,128,0.05,21,['ETH_D_AvgPrc'],21,1,0.01,7,04/03/2023,32,0.421052632,0.474758324,59.38319576,0.032551364,6562.208302,0.479250505,78.31557567,4.312964491,78.5551572,0.043079475,10738.47466,0.424242424,103.6266117,5.720803372,0
11/08/2025 19:49,13.7s,4ea1b45e8b9d4c869d24956176a4ad67,ETH_base,LOCAL,/home/ec2-user/ETH_Price_Predition/.venv/lib/python3.11/site-packages/ipykernel_launcher.py,ec2-user,FINISHED,128,0.1,27,['ETH_D_AvgPrc'],7,2,0.01,7,04/03/2023,32,0.428571429,0.473684211,58.90786353,0.032316358,6595.83574,0.478116002,78.35899975,4.319180948,78.11280238,0.042779348,10946.36957,0.430769231,104.6248994,5.764678465,0
12/08/2025 01:13,20.2s,1c63a2e343944292a4029338be3ddcac,ETH_base,LOCAL,/home/ec2-user/ETH_Price_Predition/.venv/lib/python3.11/site-packages/ipykernel_launcher.py,ec2-user,FINISHED,64,0.1,25,['ETH_D_AvgPrc'],28,3,0.01,7,04/03/2023,64,0.443609023,0.476906552,60.5506148,0.033145081,6591.103317,0.482413073,78.43239544,4.305024856,80.2247225,0.043776641,11207.37616,0.447761194,105.8648958,5.793334245,0
12/08/2025 00:23,23.1s,26002e99b1e64d88aa4c7a66c23143cd,ETH_base,LOCAL,/home/ec2-user/ETH_Price_Predition/.venv/lib/python3.11/site-packages/ipykernel_launcher.py,ec2-user,FINISHED,32,0.1,68,['ETH_D_AvgPrc'],28,1,0.001,7,04/03/2023,64,0.436090226,0.469387755,59.44282973,0.03265715,6635.190616,0.472997129,78.46275146,4.338478027,77.95116889,0.042736767,11088.17888,0.4375,105.300422,5.812978934,0
11/08/2025 20:06,19.6s,a7a0f3f5210f480297f935137b730205,ETH_base,LOCAL,/home/ec2-user/ETH_Price_Predition/.venv/lib/python3.11/site-packages/ipykernel_launcher.py,ec2-user,FINISHED,64,0.05,21,['ETH_D_AvgPrc'],7,3,0.01,7,04/03/2023,64,0.481203008,0.480128894,59.09495235,0.032485174,6653.172457,0.484413363,78.47476579,4.342475954,79.51971734,0.043505513,11359.13404,0.484848485,106.5792383,5.859507068,0
11/08/2025 19:59,44.8s,d2f0b75781f847cca8d9a754bb2bff9e,ETH_base,LOCAL,/home/ec2-user/ETH_Price_Predition/.venv/lib/python3.11/site-packages/ipykernel_launcher.py,ec2-user,FINISHED,64,0,108,['ETH_D_AvgPrc'],7,3,0.001,7,04/03/2023,64,0.421052632,0.471535983,59.55648532,0.032800291,6847.136066,0.476454391,78.49692597,4.357368883,81.39040358,0.044658832,12178.24136,0.424242424,110.3550695,6.092628715,0
12/08/2025 01:14,29.2s,0506bfcd110944ae85e3fb76a7377e20,ETH_base,LOCAL,/home/ec2-user/ETH_Price_Predition/.venv/lib/python3.11/site-packages/ipykernel_launcher.py,ec2-user,FINISHED,64,0.1,55,['ETH_D_AvgPrc'],28,3,0.001,7,04/03/2023,64,0.421052632,0.469387755,59.42994718,0.032657209,6610.400412,0.474867092,78.50069037,4.33937108,77.54116041,0.042597019,10836.82054,0.426470588,104.1000506,5.762904737,0
11/08/2025 23:39,13.4s,ad769bc90d854fd785cb4c865257e404,ETH_base,LOCAL,/home/ec2-user/ETH_Price_Predition/.venv/lib/python3.11/site-packages/ipykernel_launcher.py,ec2-user,FINISHED,128,0.05,31,['ETH_D_AvgPrc'],21,2,0.01,7,04/03/2023,128,0.45112782,0.480128894,59.23468667,0.032526664,6649.701238,0.484781842,78.51121252,4.334802213,78.49479572,0.04305415,10934.22414,0.455882353,104.5668405,5.774328579,0
12/08/2025 00:23,10.9s,e6f9578524e0497dac5ff2d7fb04aa65,ETH_base,LOCAL,/home/ec2-user/ETH_Price_Predition/.venv/lib/python3.11/site-packages/ipykernel_launcher.py,ec2-user,FINISHED,32,0.1,16,['ETH_D_AvgPrc'],28,1,0.01,7,04/03/2023,64,0.406015038,0.468313641,59.77852872,0.032839769,6605.613654,0.472255869,78.53643433,4.343468607,77.97244859,0.042748814,10831.63314,0.409090909,104.0751322,5.743227616,0
12/08/2025 01:01,44.7s,1fac9b78964c4f3db46d8618f55612bb,ETH_base,LOCAL,/home/ec2-user/ETH_Price_Predition/.venv/lib/python3.11/site-packages/ipykernel_launcher.py,ec2-user,FINISHED,32,0.05,53,['ETH_D_AvgPrc'],28,3,0.001,7,04/03/2023,64,0.436090226,0.472610097,59.55772706,0.032587543,6658.071953,0.478384631,78.55602099,4.314342608,78.90125636,0.043197861,11046.31405,0.442857143,105.1014465,5.784801419,0
11/08/2025 20:10,32.2s,e8611087df2f47a08856c691ac8620d0,ETH_base,LOCAL,/home/ec2-user/ETH_Price_Predition/.venv/lib/python3.11/site-packages/ipykernel_launcher.py,ec2-user,FINISHED,128,0.05,101,['ETH_D_AvgPrc'],7,3,0.01,7,04/03/2023,128,0.458646617,0.470461869,59.27009827,0.032659509,6721.767934,0.475546811,78.55683848,4.361431258,78.76747464,0.043238035,11228.95525,0.461538462,105.9667648,5.858656679,0
11/08/2025 21:21,16.0s,88199b05094548b1a543f517c5734a4c,ETH_base,LOCAL,/home/ec2-user/ETH_Price_Predition/.venv/lib/python3.11/site-packages/ipykernel_launcher.py,ec2-user,FINISHED,128,0.1,21,['ETH_D_AvgPrc'],14,3,0.01,7,04/03/2023,32,0.428571429,0.472610097,59.73242863,0.033018051,6525.13513,0.476317382,78.55965495,4.404836285,73.68015123,0.040534466,9958.974507,0.430769231,99.79466171,5.568176994,0
11/08/2025 23:44,34.1s,42d2c1d75e9942ce8228732a788dc62b,ETH_base,LOCAL,/home/ec2-user/ETH_Price_Predition/.venv/lib/python3.11/site-packages/ipykernel_launcher.py,ec2-user,FINISHED,128,0.1,161,['ETH_D_AvgPrc'],21,2,0.001,7,04/03/2023,64,0.443609023,0.481203008,58.92178741,0.032324449,6684.987286,0.486729215,78.57159638,4.337442594,78.97997749,0.043329642,11479.27343,0.449275362,107.1413713,5.919309986,0
11/08/2025 23:42,35.9s,d5416b616d19402e8b745fd883ad1bab,ETH_base,LOCAL,/home/ec2-user/ETH_Price_Predition/.venv/lib/python3.11/site-packages/ipykernel_launcher.py,ec2-user,FINISHED,32,0.1,56,['ETH_D_AvgPrc'],21,2,0.001,7,04/03/2023,64,0.443609023,0.481203008,59.03804077,0.032415379,6686.094827,0.486109413,78.5926187,4.34144183,78.88660196,0.043193685,11255.4843,0.446153846,106.0918672,5.839640525,0
12/08/2025 00:41,12.8s,f3fe5c7a89cb4115bbf3af4c02719324,ETH_base,LOCAL,/home/ec2-user/ETH_Price_Predition/.venv/lib/python3.11/site-packages/ipykernel_launcher.py,ec2-user,FINISHED,64,0.1,10,['ETH_D_AvgPrc'],28,2,0.01,7,04/03/2023,32,0.458646617,0.475832438,59.65037424,0.03287077,6594.125406,0.480375113,78.59744901,4.366065367,76.44453855,0.041887041,10384.69245,0.462686567,101.9053112,5.624314157,0
11/08/2025 23:38,23.3s,d22665e4b45b4e3ab7946237a873254e,ETH_base,LOCAL,/home/ec2-user/ETH_Price_Predition/.venv/lib/python3.11/site-packages/ipykernel_launcher.py,ec2-user,FINISHED,32,0.05,25,['ETH_D_AvgPrc'],21,2,0.001,7,04/03/2023,128,0.443609023,0.47905478,59.36752316,0.032646746,6677.742144,0.483418074,78.60677262,4.352865722,79.17956199,0.043319526,11222.83367,0.446153846,105.9378765,5.824902415,0
12/08/2025 00:18,10.9s,268f3937af134c92951da81f369a3dd4,ETH_base,LOCAL,/home/ec2-user/ETH_Price_Predition/.venv/lib/python3.11/site-packages/ipykernel_launcher.py,ec2-user,FINISHED,32,0.05,16,['ETH_D_AvgPrc'],28,1,0.01,7,04/03/2023,64,0.428571429,0.47905478,59.64520355,0.032814802,6646.794642,0.484234155,78.65217697,4.359911225,78.97346279,0.043396822,11071.4443,0.432835821,105.2209309,5.827895554,0
11/08/2025 23:17,6.1s,3c6e34bc6a1445239d1208668c841283,ETH_base,LOCAL,/home/ec2-user/ETH_Price_Predition/.venv/lib/python3.11/site-packages/ipykernel_launcher.py,ec2-user,FINISHED,128,0,14,['ETH_D_AvgPrc'],21,1,0.01,7,04/03/2023,64,0.406015038,0.476906552,59.85021258,0.032882059,6683.44925,0.481357946,78.66292119,4.350381312,80.49469981,0.044196356,11465.54964,0.409090909,107.0773069,5.922913842,0
11/08/2025 21:13,20.6s,59327794c18d432daa875436764059ed,ETH_base,LOCAL,/home/ec2-user/ETH_Price_Predition/.venv/lib/python3.11/site-packages/ipykernel_launcher.py,ec2-user,FINISHED,128,0.05,43,['ETH_D_AvgPrc'],14,3,0.01,7,04/03/2023,64,0.458646617,0.47905478,59.55209393,0.032804816,6638.803301,0.482519788,78.66594367,4.370348376,78.53376827,0.042937986,11029.73034,0.461538462,105.022523,5.768981633,0
12/08/2025 01:02,28.4s,6018133102074bf4b2a83083b96a6851,ETH_base,LOCAL,/home/ec2-user/ETH_Price_Predition/.venv/lib/python3.11/site-packages/ipykernel_launcher.py,ec2-user,FINISHED,64,0.05,52,['ETH_D_AvgPrc'],28,3,0.01,7,04/03/2023,64,0.428571429,0.483351235,60.37991723,0.033109376,6755.794226,0.489554343,78.67512018,4.332059861,80.01866506,0.043750822,11147.1958,0.436619718,105.5802813,5.796786297,0
11/08/2025 19:30,8.0s,3c6f66f6cd884ebe9c1dee8cf36655e4,ETH_base,LOCAL,/home/ec2-user/ETH_Price_Predition/.venv/lib/python3.11/site-packages/ipykernel_launcher.py,ec2-user,FINISHED,64,0.1,15,['ETH_D_AvgPrc'],7,1,0.01,7,04/03/2023,64,0.458646617,0.477980666,59.14516796,0.03255526,6662.696824,0.483115128,78.67903613,4.367280827,79.03409548,0.04344532,11026.5385,0.462686567,105.007326,5.823552098,0
11/08/2025 19:21,10.5s,ac3414267557448c9f0c2b5995818e34,ETH_base,LOCAL,/home/ec2-user/ETH_Price_Predition/.venv/lib/python3.11/site-packages/ipykernel_launcher.py,ec2-user,FINISHED,32,0,15,['ETH_D_AvgPrc'],7,1,0.01,7,04/03/2023,128,0.466165414,0.481203008,59.01780529,0.032442579,6817.708878,0.483900164,78.68016896,4.352274112,82.57161695,0.044894188,12106.11645,0.467741935,110.0277985,5.988859602,0
12/08/2025 00:50,24.4s,811e55a5cbcf40a2827f225a1495fe6e,ETH_base,LOCAL,/home/ec2-user/ETH_Price_Predition/.venv/lib/python3.11/site-packages/ipykernel_launcher.py,ec2-user,FINISHED,64,0,40,['ETH_D_AvgPrc'],28,3,0.01,7,04/03/2023,32,0.421052632,0.47905478,60.45351232,0.033135153,6859.491047,0.485487755,78.71180955,4.337640568,84.45106105,0.046046772,12554.06916,0.428571429,112.0449426,6.132303285,0
11/08/2025 19:51,33.9s,298a863a45bc49cf970629e9824edc1c,ETH_base,LOCAL,/home/ec2-user/ETH_Price_Predition/.venv/lib/python3.11/site-packages/ipykernel_launcher.py,ec2-user,FINISHED,64,0.1,90,['ETH_D_AvgPrc'],7,2,0.001,7,04/03/2023,64,0.436090226,0.468313641,60.00013721,0.033133963,6720.73432,0.470959279,78.7149683,4.390730613,80.81111248,0.044482858,11882.69254,0.4375,109.0077637,6.054349664,0
12/08/2025 00:35,31.6s,5f00053f9965451aad560b43ea221518,ETH_base,LOCAL,/home/ec2-user/ETH_Price_Predition/.venv/lib/python3.11/site-packages/ipykernel_launcher.py,ec2-user,FINISHED,32,0.05,41,['ETH_D_AvgPrc'],28,2,0.01,7,04/03/2023,64,0.45112782,0.47905478,60.76651765,0.033416163,6890.581156,0.48348716,78.72708572,4.35581045,82.17421338,0.044890775,12075.0682,0.454545455,109.8866152,6.02613128,0
12/08/2025 00:13,33.0s,b275a57cb6af437ba6beae8fae937921,ETH_base,LOCAL,/home/ec2-user/ETH_Price_Predition/.venv/lib/python3.11/site-packages/ipykernel_launcher.py,ec2-user,FINISHED,64,0,200,['ETH_D_AvgPrc'],28,1,0.001,7,04/03/2023,32,0.45112782,0.477980666,59.9418272,0.033028935,6717.118241,0.483010077,78.76587776,4.376097689,79.2930011,0.043575676,11235.55038,0.455882353,105.9978791,5.874701027,0
11/08/2025 19:18,49.4s,1554ce52bba54b72bf7f235102f54747,ETH_base,LOCAL,/home/ec2-user/ETH_Price_Predition/.venv/lib/python3.11/site-packages/ipykernel_launcher.py,ec2-user,FINISHED,32,0,200,['ETH_D_AvgPrc'],7,1,0.001,7,04/03/2023,32,0.45112782,0.47905478,60.07246859,0.033114547,6926.261246,0.482320732,78.81687174,4.381772602,88.61126089,0.048826364,13471.21618,0.451612903,116.0655685,6.452043755,0
11/08/2025 23:46,11.0s,87fcfe6154004419a04ab1109371574f,ETH_base,LOCAL,/home/ec2-user/ETH_Price_Predition/.venv/lib/python3.11/site-packages/ipykernel_launcher.py,ec2-user,FINISHED,128,0.1,15,['ETH_D_AvgPrc'],21,2,0.01,7,04/03/2023,128,0.45112782,0.470461869,60.23714381,0.033129332,6643.43789,0.475139437,78.82131425,4.365121553,81.69240966,0.04512789,11385.09406,0.457142857,106.7009562,5.978072919,0
11/08/2025 20:34,6.5s,e2add85a47c041629d9fa39e7d0b9547,ETH_base,LOCAL,/home/ec2-user/ETH_Price_Predition/.venv/lib/python3.11/site-packages/ipykernel_launcher.py,ec2-user,FINISHED,128,0.1,11,['ETH_D_AvgPrc'],14,1,0.01,7,04/03/2023,128,0.45112782,0.475832438,61.43195898,0.033788616,6477.565217,0.480110463,78.82622607,4.368371917,77.70845869,0.042437771,9846.996582,0.454545455,99.23203405,5.445276306,0
12/08/2025 00:07,38.5s,b297584da4d14a8fbbd381eb220c82f4,ETH_base,LOCAL,/home/ec2-user/ETH_Price_Predition/.venv/lib/python3.11/site-packages/ipykernel_launcher.py,ec2-user,FINISHED,32,0.1,44,['ETH_D_AvgPrc'],21,3,0.001,7,04/03/2023,64,0.436090226,0.480128894,59.65444156,0.032828777,6742.960385,0.484722111,78.87858404,4.375758057,80.19237845,0.044127966,11497.65834,0.439393939,107.2271344,5.960809239,0
11/08/2025 19:21,29.1s,c6621dedfc764049ac6ef6d909ea2fcc,ETH_base,LOCAL,/home/ec2-user/ETH_Price_Predition/.venv/lib/python3.11/site-packages/ipykernel_launcher.py,ec2-user,FINISHED,32,0,95,['ETH_D_AvgPrc'],7,1,0.001,7,04/03/2023,128,0.443609023,0.473684211,59.90315937,0.032953178,6723.573097,0.477851791,78.95770956,4.374192444,81.60126673,0.044851677,11856.23615,0.442622951,108.8863451,6.027106093,0
12/08/2025 00:51,45.1s,48ed0e99cbe64c928577c6a8d9c407bc,ETH_base,LOCAL,/home/ec2-user/ETH_Price_Predition/.venv/lib/python3.11/site-packages/ipykernel_launcher.py,ec2-user,FINISHED,128,0,200,['ETH_D_AvgPrc'],28,3,0.001,7,04/03/2023,32,0.428571429,0.482277121,59.78305522,0.032759573,6775.337221,0.487240158,78.97559884,4.350256326,80.67566216,0.044135689,11629.31215,0.432835821,107.8392885,5.92668267,0
11/08/2025 19:24,11.7s,1f56e76e482b4479baa83e27b0dab002,ETH_base,LOCAL,/home/ec2-user/ETH_Price_Predition/.venv/lib/python3.11/site-packages/ipykernel_launcher.py,ec2-user,FINISHED,32,0.05,19,['ETH_D_AvgPrc'],7,1,0.01,7,04/03/2023,64,0.428571429,0.483351235,59.73930836,0.032874263,6846.626027,0.487843902,79.00012737,4.378788907,79.26162995,0.043326423,11470.43028,0.430769231,107.1000947,5.877337013,0
11/08/2025 21:16,39.9s,9e457d9de9b84552b809a7242f18b152,ETH_base,LOCAL,/home/ec2-user/ETH_Price_Predition/.venv/lib/python3.11/site-packages/ipykernel_launcher.py,ec2-user,FINISHED,64,0.05,46,['ETH_D_AvgPrc'],14,3,0.001,7,04/03/2023,128,0.443609023,0.481203008,59.83025776,0.032953485,6740.591928,0.486826994,79.00715056,4.390171778,80.73736412,0.044436051,11890.91041,0.449275362,109.0454511,6.061453857,0
11/08/2025 23:45,14.1s,6e2b5b011d1744d7876d39d0918f0c31,ETH_base,LOCAL,/home/ec2-user/ETH_Price_Predition/.venv/lib/python3.11/site-packages/ipykernel_launcher.py,ec2-user,FINISHED,64,0.1,17,['ETH_D_AvgPrc'],21,2,0.01,7,04/03/2023,128,0.436090226,0.481203008,60.84962957,0.033301304,6746.058173,0.486191725,79.01547502,4.335706771,80.37731544,0.043849157,11278.41401,0.439393939,106.1998776,5.804108869,0
11/08/2025 20:30,7.0s,a2983cff3092493f8c493e315368057a,ETH_base,LOCAL,/home/ec2-user/ETH_Price_Predition/.venv/lib/python3.11/site-packages/ipykernel_launcher.py,ec2-user,FINISHED,128,0.1,14,['ETH_D_AvgPrc'],14,1,0.01,7,04/03/2023,32,0.406015038,0.473684211,60.91155698,0.033430652,6521.775912,0.477951215,79.01886025,4.361466913,77.10892504,0.04224355,9898.071104,0.40625,99.48905017,5.498456506,0
11/08/2025 19:54,15.3s,2b8a00e5754e4aa1b1714d66234f9d91,ETH_base,LOCAL,/home/ec2-user/ETH_Price_Predition/.venv/lib/python3.11/site-packages/ipykernel_launcher.py,ec2-user,FINISHED,128,0.1,35,['ETH_D_AvgPrc'],7,2,0.01,7,04/03/2023,128,0.443609023,0.467239527,60.30872382,0.033356415,6783.25684,0.472955558,79.03457707,4.424704412,88.47021003,0.048935532,12996.39968,0.446153846,114.001753,6.405493432,0
12/08/2025 00:08,37.7s,e4264fb239324b0eb28cc2752ecbf0ad,ETH_base,LOCAL,/home/ec2-user/ETH_Price_Predition/.venv/lib/python3.11/site-packages/ipykernel_launcher.py,ec2-user,FINISHED,64,0.1,88,['ETH_D_AvgPrc'],21,3,0.001,7,04/03/2023,64,0.436090226,0.476906552,59.17483019,0.032506774,6814.97329,0.482598344,79.05745674,4.373438904,81.84206832,0.044959315,12181.68827,0.442857143,110.3706858,6.110693094,0
11/08/2025 20:08,34.3s,510ec880755a43d79988fb1156b9d6d3,ETH_base,LOCAL,/home/ec2-user/ETH_Price_Predition/.venv/lib/python3.11/site-packages/ipykernel_launcher.py,ec2-user,FINISHED,32,0.05,29,['ETH_D_AvgPrc'],7,3,0.01,7,04/03/2023,128,0.443609023,0.485499463,59.64189802,0.032812322,6753.767905,0.490372811,79.07751468,4.382674356,78.63234326,0.043185364,11302.39951,0.446153846,106.3127439,5.886359699,0
11/08/2025 19:39,28.3s,4b930a086d75472c9683743d8fffc6f9,ETH_base,LOCAL,/home/ec2-user/ETH_Price_Predition/.venv/lib/python3.11/site-packages/ipykernel_launcher.py,ec2-user,FINISHED,64,0,71,['ETH_D_AvgPrc'],7,2,0.001,7,04/03/2023,128,0.413533835,0.466165414,60.14649205,0.033195195,7009.382783,0.470882144,79.09455637,4.403019176,82.20354651,0.045183061,12212.09639,0.415384615,110.5083544,6.117154809,0
11/08/2025 20:38,36.9s,3088b25a32794f22944eae814693f6ce,ETH_base,LOCAL,/home/ec2-user/ETH_Price_Predition/.venv/lib/python3.11/site-packages/ipykernel_launcher.py,ec2-user,FINISHED,64,0,89,['ETH_D_AvgPrc'],14,2,0.001,7,04/03/2023,64,0.443609023,0.486573577,58.93506397,0.032342206,6875.848113,0.491175491,79.14126874,4.37022169,80.13764644,0.043959531,12024.45605,0.446153846,109.6560808,6.052790956,0
11/08/2025 19:27,11.1s,e046e9a75f094c71aed22a63908daa0e,ETH_base,LOCAL,/home/ec2-user/ETH_Price_Predition/.venv/lib/python3.11/site-packages/ipykernel_launcher.py,ec2-user,FINISHED,32,0.1,17,['ETH_D_AvgPrc'],7,1,0.01,7,04/03/2023,32,0.428571429,0.487647691,59.12560904,0.032542482,6856.260035,0.49274096,79.20129619,4.392184967,82.06207987,0.045044386,11801.77583,0.430769231,108.6359785,6.001611647,0
11/08/2025 23:43,23.9s,d9e3fe74931e45f09ebd3f932cbf465a,ETH_base,LOCAL,/home/ec2-user/ETH_Price_Predition/.venv/lib/python3.11/site-packages/ipykernel_launcher.py,ec2-user,FINISHED,64,0.1,57,['ETH_D_AvgPrc'],21,2,0.001,7,04/03/2023,64,0.45112782,0.477980666,59.47650455,0.032657002,6775.542693,0.482740161,79.23955894,4.378435109,80.17639091,0.044099676,11543.28735,0.454545455,107.4396917,5.965822142,0
11/08/2025 19:47,51.1s,18c7c27697e140c3852c241796f3d1bc,ETH_base,LOCAL,/home/ec2-user/ETH_Price_Predition/.venv/lib/python3.11/site-packages/ipykernel_launcher.py,ec2-user,FINISHED,32,0.1,89,['ETH_D_AvgPrc'],7,2,0.001,7,04/03/2023,32,0.443609023,0.473684211,59.08599401,0.032407786,6799.673095,0.477356968,79.24439227,4.368937009,79.95833662,0.043838144,11755.76818,0.444444444,108.4240203,5.978879516,0
11/08/2025 23:55,55.4s,4744be44cb3a4746a2e6dcc810e03b6a,ETH_base,LOCAL,/home/ec2-user/ETH_Price_Predition/.venv/lib/python3.11/site-packages/ipykernel_launcher.py,ec2-user,FINISHED,32,0.05,81,['ETH_D_AvgPrc'],21,3,0.001,7,04/03/2023,32,0.428571429,0.482277121,60.05650348,0.032894928,6630.387206,0.487668981,79.26491712,4.360899172,77.23386997,0.042341361,10839.92194,0.434782609,104.1149458,5.750890953,0
11/08/2025 20:52,39.3s,c12daa077040439e9b4407388486d2f2,ETH_base,LOCAL,/home/ec2-user/ETH_Price_Predition/.venv/lib/python3.11/site-packages/ipykernel_launcher.py,ec2-user,FINISHED,64,0.1,102,['ETH_D_AvgPrc'],14,2,0.001,7,04/03/2023,32,0.436090226,0.482277121,59.37557174,0.032635319,6779.631677,0.486375648,79.2669901,4.386166955,78.76827085,0.043205791,11298.22946,0.439393939,106.2931299,5.872684143,0
11/08/2025 20:51,27.2s,f0fdedbf94ea4aaa9d072ea75b5d5380,ETH_base,LOCAL,/home/ec2-user/ETH_Price_Predition/.venv/lib/python3.11/site-packages/ipykernel_launcher.py,ec2-user,FINISHED,32,0.1,28,['ETH_D_AvgPrc'],14,2,0.001,7,04/03/2023,32,0.421052632,0.470461869,60.2232053,0.033282984,6679.410625,0.473188895,79.28376291,4.433735834,77.49774881,0.042730143,10761.47755,0.419354839,103.7375417,5.8005077,0
12/08/2025 01:10,17.5s,e0a88cc3ca5247109025c3bb67d7ab19,ETH_base,LOCAL,/home/ec2-user/ETH_Price_Predition/.venv/lib/python3.11/site-packages/ipykernel_launcher.py,ec2-user,FINISHED,64,0.1,15,['ETH_D_AvgPrc'],28,3,0.01,7,04/03/2023,32,0.428571429,0.460794844,61.1958156,0.033840623,6613.830175,0.464924348,79.35246174,4.442096408,75.59824113,0.041694177,10115.67668,0.432835821,100.5767204,5.626581549,0
11/08/2025 19:34,19.6s,a4dafdcbded44fa79134a21e5c9c74f0,ETH_base,LOCAL,/home/ec2-user/ETH_Price_Predition/.venv/lib/python3.11/site-packages/ipykernel_launcher.py,ec2-user,FINISHED,128,0,56,['ETH_D_AvgPrc'],7,2,0.01,7,04/03/2023,32,0.421052632,0.481203008,59.41063103,0.032648448,7016.261203,0.486279392,79.3774392,4.386043066,82.91109908,0.045464645,12823.20161,0.424242424,113.2395762,6.243773517,0
11/08/2025 20:52,12.9s,84d123d98a084f848cc15a7c5fbfb04f,ETH_base,LOCAL,/home/ec2-user/ETH_Price_Predition/.venv/lib/python3.11/site-packages/ipykernel_launcher.py,ec2-user,FINISHED,128,0.1,20,['ETH_D_AvgPrc'],14,2,0.01,7,04/03/2023,32,0.421052632,0.469387755,60.57380691,0.033121567,6586.186786,0.474452325,79.39772213,4.353499726,75.49364982,0.041219389,10053.77062,0.424242424,100.2684927,5.504135965,0
12/08/2025 00:03,22.7s,a7c2ebbf24724fbabebbdc2881c2302c,ETH_base,LOCAL,/home/ec2-user/ETH_Price_Predition/.venv/lib/python3.11/site-packages/ipykernel_launcher.py,ec2-user,FINISHED,32,0.1,13,['ETH_D_AvgPrc'],21,3,0.01,7,04/03/2023,32,0.421052632,0.482277121,61.72111595,0.034121085,6616.506244,0.486706318,79.39927982,4.443592649,75.27841921,0.041312517,9942.596772,0.424242424,99.71257078,5.524409839,0
12/08/2025 00:25,12.4s,5d2e0ed722bd4f119ffd0fb2af9eff4f,ETH_base,LOCAL,/home/ec2-user/ETH_Price_Predition/.venv/lib/python3.11/site-packages/ipykernel_launcher.py,ec2-user,FINISHED,32,0.1,23,['ETH_D_AvgPrc'],28,1,0.01,7,04/03/2023,128,0.421052632,0.481203008,60.59852916,0.033289215,6760.140445,0.485506557,79.43531142,4.394327598,79.91893499,0.043947756,11164.7042,0.424242424,105.6631639,5.862118419,0
12/08/2025 00:16,6.3s,3659b4f53c4245ffb273cb51cde1d6a5,ETH_base,LOCAL,/home/ec2-user/ETH_Price_Predition/.venv/lib/python3.11/site-packages/ipykernel_launcher.py,ec2-user,FINISHED,128,0,15,['ETH_D_AvgPrc'],28,1,0.01,7,04/03/2023,128,0.421052632,0.472610097,60.33431558,0.033088772,6758.188486,0.477044157,79.43573638,4.375967402,78.70879324,0.043125743,10725.88555,0.421875,103.5658513,5.715078835,0
11/08/2025 23:17,7.8s,1afd34bdc9174952a7969ea453de6a72,ETH_base,LOCAL,/home/ec2-user/ETH_Price_Predition/.venv/lib/python3.11/site-packages/ipykernel_launcher.py,ec2-user,FINISHED,32,0,5,['ETH_D_AvgPrc'],21,1,0.01,7,04/03/2023,128,0.428571429,0.481203008,61.42511583,0.033608899,6704.945482,0.485332912,79.46089459,4.357159348,76.11653837,0.041766491,9939.519638,0.430769231,99.69713957,5.515880897,0
11/08/2025 20:23,6.0s,298d80666766498d9f642d7d82cd4127,ETH_base,LOCAL,/home/ec2-user/ETH_Price_Predition/.venv/lib/python3.11/site-packages/ipykernel_launcher.py,ec2-user,FINISHED,128,0,9,['ETH_D_AvgPrc'],14,1,0.01,7,04/03/2023,64,0.421052632,0.475832438,61.71773843,0.034098199,6575.416196,0.48040523,79.49318857,4.443964129,78.5528732,0.043228592,10528.91267,0.421875,102.61049,5.718764874,0
11/08/2025 20:36,46.3s,3a393fb0b6ed41cb9a82667ebc9c64e9,ETH_base,LOCAL,/home/ec2-user/ETH_Price_Predition/.venv/lib/python3.11/site-packages/ipykernel_launcher.py,ec2-user,FINISHED,64,0,134,['ETH_D_AvgPrc'],14,2,0.001,7,04/03/2023,32,0.421052632,0.485499463,59.42110705,0.032572537,6915.583231,0.491486893,79.50285166,4.38330314,81.3026286,0.044654953,12182.18167,0.426470588,110.3729209,6.101724374,0
12/08/2025 00:26,7.1s,910ffcdb73174543a929ffd44faf20b4,ETH_base,LOCAL,/home/ec2-user/ETH_Price_Predition/.venv/lib/python3.11/site-packages/ipykernel_launcher.py,ec2-user,FINISHED,128,0.1,21,['ETH_D_AvgPrc'],28,1,0.01,7,04/03/2023,128,0.443609023,0.474758324,60.27451404,0.033115744,6752.551987,0.478202034,79.52886556,4.395998672,78.78762634,0.043277414,10935.41206,0.444444444,104.5725206,5.795271411,0
11/08/2025 23:53,34.6s,f2e3a0531fc948bca23dbc71f91a1780,ETH_base,LOCAL,/home/ec2-user/ETH_Price_Predition/.venv/lib/python3.11/site-packages/ipykernel_launcher.py,ec2-user,FINISHED,64,0,81,['ETH_D_AvgPrc'],21,3,0.01,7,04/03/2023,128,0.466165414,0.472610097,61.08385385,0.033591433,6703.250378,0.478216304,79.53806881,4.407309636,81.43732722,0.044686598,11465.80325,0.471428571,107.0784911,5.923454385,0
11/08/2025 23:34,33.3s,55f6285eb9f547dcb50d2364936614da,ETH_base,LOCAL,/home/ec2-user/ETH_Price_Predition/.venv/lib/python3.11/site-packages/ipykernel_launcher.py,ec2-user,FINISHED,128,0.05,149,['ETH_D_AvgPrc'],21,2,0.001,7,04/03/2023,32,0.421052632,0.475832438,59.96915378,0.032944778,6830.619682,0.480378094,79.57334622,4.399743976,80.06360896,0.043984899,11654.23968,0.424242424,107.9548039,5.979378132,0
11/08/2025 19:42,23.8s,2173434e5b5b4c66873f3a93f054519e,ETH_base,LOCAL,/home/ec2-user/ETH_Price_Predition/.venv/lib/python3.11/site-packages/ipykernel_launcher.py,ec2-user,FINISHED,32,0.05,24,['ETH_D_AvgPrc'],7,2,0.01,7,04/03/2023,64,0.45112782,0.47905478,60.34122533,0.03324867,6990.256169,0.483231788,79.59724563,4.414906568,84.01228619,0.046219703,12369.3976,0.453125,111.2177935,6.164188944,0
11/08/2025 23:55,28.3s,fc0e2794048d4f27b91a4435f86a8ce3,ETH_base,LOCAL,/home/ec2-user/ETH_Price_Predition/.venv/lib/python3.11/site-packages/ipykernel_launcher.py,ec2-user,FINISHED,32,0.05,24,['ETH_D_AvgPrc'],21,3,0.01,7,04/03/2023,32,0.443609023,0.477980666,59.41434847,0.032519794,6935.549235,0.483028098,79.61434802,4.375701369,80.44782894,0.043919577,11799.11287,0.447761194,108.6237215,5.948465106,0
11/08/2025 19:54,26.9s,47c072a9172c429db419a39c1c9d2c62,ETH_base,LOCAL,/home/ec2-user/ETH_Price_Predition/.venv/lib/python3.11/site-packages/ipykernel_launcher.py,ec2-user,FINISHED,128,0.1,100,['ETH_D_AvgPrc'],7,2,0.001,7,04/03/2023,128,0.443609023,0.475832438,59.51935411,0.032593141,6836.337017,0.480871509,79.61522588,4.379952874,79.20666114,0.043280481,11533.74529,0.446153846,107.3952759,5.893626349,0
12/08/2025 00:47,24.9s,de8782dce60d42bba19d613bc86b39d8,ETH_base,LOCAL,/home/ec2-user/ETH_Price_Predition/.venv/lib/python3.11/site-packages/ipykernel_launcher.py,ec2-user,FINISHED,64,0.1,56,['ETH_D_AvgPrc'],28,2,0.001,7,04/03/2023,128,0.436090226,0.475832438,60.32582933,0.032996029,6850.075051,0.480589202,79.63899527,4.37378894,80.13547763,0.043741875,11299.71506,0.439393939,106.3001179,5.821656818,0
11/08/2025 23:33,33.5s,cd743d27aff44f53bbd405b43293ee82,ETH_base,LOCAL,/home/ec2-user/ETH_Price_Predition/.venv/lib/python3.11/site-packages/ipykernel_launcher.py,ec2-user,FINISHED,64,0.05,98,['ETH_D_AvgPrc'],21,2,0.001,7,04/03/2023,32,0.428571429,0.474758324,59.62031799,0.032748584,6842.688015,0.478825605,79.64332223,4.402609877,79.5375731,0.04367619,11600.61558,0.430769231,107.7061539,5.958440313,0
11/08/2025 23:30,12.2s,07741af1e6734e9dabe13818966ffbb4,ETH_base,LOCAL,/home/ec2-user/ETH_Price_Predition/.venv/lib/python3.11/site-packages/ipykernel_launcher.py,ec2-user,FINISHED,64,0,11,['ETH_D_AvgPrc'],21,2,0.01,7,04/03/2023,128,0.481203008,0.488721805,60.2067464,0.03295466,6907.767983,0.495140514,79.65982083,4.375934103,79.8442073,0.043630311,11585.82038,0.486111111,107.6374488,5.902420705,0
12/08/2025 01:15,26.6s,a12387b71aee4c7b9659119e5133fe0a,ETH_base,LOCAL,/home/ec2-user/ETH_Price_Predition/.venv/lib/python3.11/site-packages/ipykernel_launcher.py,ec2-user,FINISHED,128,0.1,83,['ETH_D_AvgPrc'],28,3,0.001,7,04/03/2023,64,0.413533835,0.480128894,60.7355266,0.033416056,6760.227886,0.485275289,79.66583145,4.41292513,78.15847319,0.043035472,11012.83655,0.415384615,104.9420628,5.838936967,0
11/08/2025 20:20,8.2s,416e921f834c4aed808facb5a7fc88b3,ETH_base,LOCAL,/home/ec2-user/ETH_Price_Predition/.venv/lib/python3.11/site-packages/ipykernel_launcher.py,ec2-user,FINISHED,32,0,3,['ETH_D_AvgPrc'],14,1,0.01,7,04/03/2023,32,0.413533835,0.467239527,61.42946486,0.033820691,6654.405563,0.471200384,79.69408398,4.423589801,79.7469214,0.04387236,10667.4874,0.412698413,103.2835292,5.753827247,0
11/08/2025 19:33,27.5s,271f6a1cb46d4c679996e0b2bd3c74d4,ETH_base,LOCAL,/home/ec2-user/ETH_Price_Predition/.venv/lib/python3.11/site-packages/ipykernel_launcher.py,ec2-user,FINISHED,128,0.1,194,['ETH_D_AvgPrc'],7,1,0.001,7,04/03/2023,128,0.443609023,0.473684211,59.37549464,0.032641078,6929.554323,0.478643832,79.72308891,4.412908862,80.24223454,0.044022947,11966.16443,0.447761194,109.3899649,6.039192448,0
11/08/2025 23:41,12.5s,5be4988f63ec47f780a98dceb17788ec,ETH_base,LOCAL,/home/ec2-user/ETH_Price_Predition/.venv/lib/python3.11/site-packages/ipykernel_launcher.py,ec2-user,FINISHED,128,0.1,25,['ETH_D_AvgPrc'],21,2,0.01,7,04/03/2023,32,0.436090226,0.477980666,60.17366331,0.033043845,6811.209233,0.481791819,79.74939531,4.405771196,79.44000084,0.043697231,11256.50233,0.4375,106.096665,5.888862351,0
12/08/2025 00:58,52.3s,a4b792f2d6dd4157bbebc908c6cffbd4,ETH_base,LOCAL,/home/ec2-user/ETH_Price_Predition/.venv/lib/python3.11/site-packages/ipykernel_launcher.py,ec2-user,FINISHED,32,0.05,69,['ETH_D_AvgPrc'],28,3,0.001,7,04/03/2023,32,0.436090226,0.480128894,60.44073552,0.033208255,6882.249834,0.484576881,79.76280863,4.408910396,80.98418249,0.044444683,11741.1124,0.439393939,108.3564138,5.984191618,0
12/08/2025 00:14,17.3s,0f97359c75a54879bb1fd19061b28369,ETH_base,LOCAL,/home/ec2-user/ETH_Price_Predition/.venv/lib/python3.11/site-packages/ipykernel_launcher.py,ec2-user,FINISHED,32,0,45,['ETH_D_AvgPrc'],28,1,0.01,7,04/03/2023,64,0.45112782,0.494092374,60.8727792,0.033419176,6852.308992,0.499938354,79.82432677,4.408907449,83.78591276,0.046063034,12176.59764,0.454545455,110.3476218,6.110301398,0
11/08/2025 19:22,7.2s,4cf2e47aa63f4ff1b45c8a6be7c9210d,ETH_base,LOCAL,/home/ec2-user/ETH_Price_Predition/.venv/lib/python3.11/site-packages/ipykernel_launcher.py,ec2-user,FINISHED,128,0,19,['ETH_D_AvgPrc'],7,1,0.01,7,04/03/2023,128,0.466165414,0.464017186,61.00500429,0.033716044,6808.62822,0.467325575,79.84470948,4.46040554,80.90684085,0.044554611,11126.28203,0.467741935,105.4811928,5.873526487,0
11/08/2025 20:24,6.2s,6b201427bd6547709423c1605f5ac8d4,ETH_base,LOCAL,/home/ec2-user/ETH_Price_Predition/.venv/lib/python3.11/site-packages/ipykernel_launcher.py,ec2-user,FINISHED,128,0,10,['ETH_D_AvgPrc'],14,1,0.01,7,04/03/2023,128,0.421052632,0.473684211,62.87634762,0.034675454,6673.773943,0.477293278,79.85271457,4.447641417,80.93713631,0.044177319,10298.44017,0.424242424,101.4812306,5.551892568,0
11/08/2025 19:43,27.8s,17a74e274ee24ea79462c3844cd50dbf,ETH_base,LOCAL,/home/ec2-user/ETH_Price_Predition/.venv/lib/python3.11/site-packages/ipykernel_launcher.py,ec2-user,FINISHED,64,0.05,68,['ETH_D_AvgPrc'],7,2,0.001,7,04/03/2023,64,0.428571429,0.472610097,60.17481544,0.033026337,6814.402064,0.476715449,79.855155,4.406887434,79.38523165,0.043503219,11542.8257,0.432835821,107.4375432,5.923440362,0
11/08/2025 19:52,36.4s,47d21ff13a014e1b925b086019c72863,ETH_base,LOCAL,/home/ec2-user/ETH_Price_Predition/.venv/lib/python3.11/site-packages/ipykernel_launcher.py,ec2-user,FINISHED,32,0.1,54,['ETH_D_AvgPrc'],7,2,0.001,7,04/03/2023,128,0.428571429,0.467239527,60.28744884,0.033221907,7069.170465,0.472183917,79.89071156,4.435696665,83.36002642,0.045794395,12604.32336,0.430769231,112.2689777,6.20511836,0
11/08/2025 19:51,31.9s,e9b3485477ac4522b177ec09b1641c75,ETH_base,LOCAL,/home/ec2-user/ETH_Price_Predition/.venv/lib/python3.11/site-packages/ipykernel_launcher.py,ec2-user,FINISHED,128,0.1,129,['ETH_D_AvgPrc'],7,2,0.001,7,04/03/2023,64,0.421052632,0.474758324,59.82131319,0.032904121,6947.819147,0.47968246,79.91394886,4.426268396,80.3668362,0.04418705,11996.16042,0.424242424,109.5269849,6.070640805,0
11/08/2025 23:57,14.5s,64a58222fb94430188feb66a2eba76cd,ETH_base,LOCAL,/home/ec2-user/ETH_Price_Predition/.venv/lib/python3.11/site-packages/ipykernel_launcher.py,ec2-user,FINISHED,128,0.05,22,['ETH_D_AvgPrc'],21,3,0.01,7,04/03/2023,32,0.436090226,0.486573577,60.22967628,0.033069742,6827.035274,0.491106859,79.92350416,4.413073202,78.85362278,0.043393689,11036.02097,0.4375,105.0524677,5.839519472,0
12/08/2025 00:39,25.1s,b9d0e6a3fbf045178c3a5028c20e5d4a,ETH_base,LOCAL,/home/ec2-user/ETH_Price_Predition/.venv/lib/python3.11/site-packages/ipykernel_launcher.py,ec2-user,FINISHED,64,0.05,57,['ETH_D_AvgPrc'],28,2,0.001,7,04/03/2023,128,0.428571429,0.485499463,61.17010688,0.033630993,6844.389501,0.490852028,79.92919084,4.422591411,79.42344195,0.043519133,11190.18314,0.432835821,105.783662,5.831410102,0
11/08/2025 20:21,6.1s,22965d1c4195405382e0e336ea12606c,ETH_base,LOCAL,/home/ec2-user/ETH_Price_Predition/.venv/lib/python3.11/site-packages/ipykernel_launcher.py,ec2-user,FINISHED,128,0,9,['ETH_D_AvgPrc'],14,1,0.01,7,04/03/2023,32,0.428571429,0.467239527,61.80156684,0.034006171,6692.525844,0.470768186,79.93856816,4.433645142,79.40631815,0.043587643,10521.52203,0.428571429,102.5744707,5.687150882,0
11/08/2025 21:03,14.7s,581f4aab300e43ee9bbd681d5bbd30a0,ETH_base,LOCAL,/home/ec2-user/ETH_Price_Predition/.venv/lib/python3.11/site-packages/ipykernel_launcher.py,ec2-user,FINISHED,128,0,18,['ETH_D_AvgPrc'],14,3,0.01,7,04/03/2023,64,0.436090226,0.472610097,60.31711579,0.033324984,6867.928378,0.476438492,79.96700804,4.464187826,78.3870315,0.043184206,11269.44467,0.4375,106.1576406,5.916071816,0
12/08/2025 00:44,23.6s,0319fef96ef1481c91599a85dfb0294b,ETH_base,LOCAL,/home/ec2-user/ETH_Price_Predition/.venv/lib/python3.11/site-packages/ipykernel_launcher.py,ec2-user,FINISHED,64,0.1,53,['ETH_D_AvgPrc'],28,2,0.001,7,04/03/2023,64,0.421052632,0.47905478,60.76183512,0.033431631,6853.348811,0.484651571,80.04774828,4.433408491,78.49639548,0.043135906,11179.90157,0.424242424,105.7350536,5.857107379,0
11/08/2025 19:30,24.2s,4e006d69ee7b42578b5e91eeae923eea,ETH_base,LOCAL,/home/ec2-user/ETH_Price_Predition/.venv/lib/python3.11/site-packages/ipykernel_launcher.py,ec2-user,FINISHED,64,0.1,114,['ETH_D_AvgPrc'],7,1,0.001,7,04/03/2023,64,0.436090226,0.472610097,59.54576535,0.032714056,6918.048602,0.476882053,80.1147269,4.432185009,79.2448898,0.043476494,11665.63079,0.439393939,108.0075497,5.966482154,0
11/08/2025 19:35,40.4s,1e0f7e45c24042a8bd61a1c92e8830cf,ETH_base,LOCAL,/home/ec2-user/ETH_Price_Predition/.venv/lib/python3.11/site-packages/ipykernel_launcher.py,ec2-user,FINISHED,128,0,200,['ETH_D_AvgPrc'],7,2,0.001,7,04/03/2023,32,0.443609023,0.480128894,59.74749113,0.032808161,7088.391904,0.484509559,80.17508622,4.429534075,83.09814384,0.045587745,13010.66129,0.446153846,114.0642858,6.294847445,0
11/08/2025 19:39,12.9s,772d4b1842584593be6f659ccbaa71d9,ETH_base,LOCAL,/home/ec2-user/ETH_Price_Predition/.venv/lib/python3.11/site-packages/ipykernel_launcher.py,ec2-user,FINISHED,128,0,24,['ETH_D_AvgPrc'],7,2,0.01,7,04/03/2023,128,0.458646617,0.487647691,60.15310377,0.03314525,7046.067625,0.492846488,80.1972425,4.454037683,81.0310116,0.044512834,12134.00795,0.461538462,110.1544731,6.093778234,0
12/08/2025 00:11,25.5s,564b64b6acb94719927b1e84bce1c637,ETH_base,LOCAL,/home/ec2-user/ETH_Price_Predition/.venv/lib/python3.11/site-packages/ipykernel_launcher.py,ec2-user,FINISHED,64,0.1,46,['ETH_D_AvgPrc'],21,3,0.001,7,04/03/2023,128,0.443609023,0.484425349,60.11022805,0.033022848,6985.124416,0.489556692,80.27973112,4.440937065,81.01983757,0.044496344,11923.28665,0.449275362,109.1938032,6.04414893,0
11/08/2025 23:51,15.2s,9172297b8c9a443ab0b94ff19b750fad,ETH_base,LOCAL,/home/ec2-user/ETH_Price_Predition/.venv/lib/python3.11/site-packages/ipykernel_launcher.py,ec2-user,FINISHED,128,0,28,['ETH_D_AvgPrc'],21,3,0.01,7,04/03/2023,64,0.443609023,0.482277121,60.23577933,0.033091169,7036.686205,0.486839078,80.340622,4.441944996,80.33563301,0.044114644,12159.55818,0.447761194,110.2703867,6.097248578,0
11/08/2025 20:11,41.4s,5dadff5f636842cfa0e360b0efdd751c,ETH_base,LOCAL,/home/ec2-user/ETH_Price_Predition/.venv/lib/python3.11/site-packages/ipykernel_launcher.py,ec2-user,FINISHED,32,0.1,46,['ETH_D_AvgPrc'],7,3,0.01,7,04/03/2023,32,0.436090226,0.469387755,60.15519372,0.033083203,7126.363962,0.473872754,80.39724677,4.443756645,83.39740931,0.045711122,12826.41412,0.4375,113.2537599,6.233654414,0
12/08/2025 00:10,27.1s,fd4d4713ec0742558f2afd3cc62ae164,ETH_base,LOCAL,/home/ec2-user/ETH_Price_Predition/.venv/lib/python3.11/site-packages/ipykernel_launcher.py,ec2-user,FINISHED,64,0.1,51,['ETH_D_AvgPrc'],21,3,0.01,7,04/03/2023,128,0.488721805,0.477980666,60.75055738,0.033364985,6985.673986,0.483245569,80.40113161,4.436854518,80.31261266,0.043978967,11538.84202,0.492307692,107.4190022,5.908653155,0
11/08/2025 21:26,20.4s,7425fa582edf4d04ab3ba878fa38f778,ETH_base,LOCAL,/home/ec2-user/ETH_Price_Predition/.venv/lib/python3.11/site-packages/ipykernel_launcher.py,ec2-user,FINISHED,64,0.1,21,['ETH_D_AvgPrc'],14,3,0.001,7,04/03/2023,128,0.413533835,0.472610097,61.38410361,0.033830766,6806.626886,0.475940174,80.4545288,4.474211493,77.56280954,0.042770632,11004.49123,0.412698413,104.9022937,5.866009088,0
11/08/2025 19:21,8.0s,3d1768b8283e495d9cc92562ad5d1b4e,ETH_base,LOCAL,/home/ec2-user/ETH_Price_Predition/.venv/lib/python3.11/site-packages/ipykernel_launcher.py,ec2-user,FINISHED,64,0,16,['ETH_D_AvgPrc'],7,1,0.01,7,04/03/2023,128,0.473684211,0.47905478,61.46580864,0.033828715,6824.676312,0.483046831,80.48242322,4.46288951,81.44396445,0.044906467,11382.99604,0.476190476,106.6911245,5.953559928,0
12/08/2025 00:19,19.3s,2dee0099496143598866ad2045f8e848,ETH_base,LOCAL,/home/ec2-user/ETH_Price_Predition/.venv/lib/python3.11/site-packages/ipykernel_launcher.py,ec2-user,FINISHED,32,0.05,51,['ETH_D_AvgPrc'],28,1,0.001,7,04/03/2023,64,0.428571429,0.473684211,61.12975038,0.033648319,6930.723634,0.477529604,80.48630054,4.46231649,78.23231059,0.042976379,11126.58711,0.428571429,105.4826389,5.842598466,0
12/08/2025 00:39,13.0s,158b90c24a5f406bba7709069a26ea5b,ETH_base,LOCAL,/home/ec2-user/ETH_Price_Predition/.venv/lib/python3.11/site-packages/ipykernel_launcher.py,ec2-user,FINISHED,64,0.05,10,['ETH_D_AvgPrc'],28,2,0.01,7,04/03/2023,128,0.466165414,0.476906552,61.7177562,0.034024313,6905.695609,0.480088873,80.50992356,4.482344151,85.19773761,0.047173295,12257.63118,0.46875,110.7141869,6.249769392,0
12/08/2025 00:55,40.4s,da8c5f7932bc445195937a35e4e40368,ETH_base,LOCAL,/home/ec2-user/ETH_Price_Predition/.venv/lib/python3.11/site-packages/ipykernel_launcher.py,ec2-user,FINISHED,32,0,48,['ETH_D_AvgPrc'],28,3,0.001,7,04/03/2023,128,0.413533835,0.473684211,61.54604568,0.033711526,7001.251425,0.479144327,80.51427585,4.428980902,80.3432647,0.043947731,11364.14455,0.420289855,106.6027417,5.859581131,0
12/08/2025 00:12,17.2s,f69da7e4cb8642b1a3c8c715f672a745,ETH_base,LOCAL,/home/ec2-user/ETH_Price_Predition/.venv/lib/python3.11/site-packages/ipykernel_launcher.py,ec2-user,FINISHED,32,0,45,['ETH_D_AvgPrc'],28,1,0.01,7,04/03/2023,32,0.443609023,0.486573577,61.54789201,0.033789326,6914.799333,0.493145435,80.51764267,4.448929531,84.18608678,0.046317117,12279.22337,0.447761194,110.8116572,6.143852218,0
11/08/2025 20:19,20.6s,8e0dccf467214ee1898615231ef9710f,ETH_base,LOCAL,/home/ec2-user/ETH_Price_Predition/.venv/lib/python3.11/site-packages/ipykernel_launcher.py,ec2-user,FINISHED,128,0.1,44,['ETH_D_AvgPrc'],7,3,0.01,7,04/03/2023,128,0.436090226,0.460794844,61.34908333,0.03386962,6815.016048,0.46460393,80.5202554,4.491273685,78.71303771,0.043384783,10636.86531,0.433333333,103.1351798,5.763084999,0
11/08/2025 20:18,35.5s,c9cfe02c9f734af5945a3904e76b0512,ETH_base,LOCAL,/home/ec2-user/ETH_Price_Predition/.venv/lib/python3.11/site-packages/ipykernel_launcher.py,ec2-user,FINISHED,32,0.1,34,['ETH_D_AvgPrc'],7,3,0.001,7,04/03/2023,128,0.458646617,0.47905478,60.5272342,0.033334737,7111.761627,0.483523781,80.53021212,4.467159191,82.25727213,0.045139704,12491.88649,0.461538462,111.7671082,6.16887463,0
11/08/2025 23:48,44.2s,9e699b03efcc4d2096c91058afc65165,ETH_base,LOCAL,/home/ec2-user/ETH_Price_Predition/.venv/lib/python3.11/site-packages/ipykernel_launcher.py,ec2-user,FINISHED,64,0,112,['ETH_D_AvgPrc'],21,3,0.001,7,04/03/2023,32,0.428571429,0.474758324,60.46532292,0.03322899,7045.213969,0.479930468,80.5845635,4.457424689,81.78404087,0.044921376,12313.51766,0.432835821,110.9662906,6.137318716,0
11/08/2025 23:28,14.9s,e19cf24c9175426d9f84b5f8e02d39ec,ETH_base,LOCAL,/home/ec2-user/ETH_Price_Predition/.venv/lib/python3.11/site-packages/ipykernel_launcher.py,ec2-user,FINISHED,128,0,35,['ETH_D_AvgPrc'],21,2,0.01,7,04/03/2023,32,0.413533835,0.473684211,60.67605129,0.033399159,7101.984607,0.477851269,80.59103659,4.470253295,84.07170094,0.046277447,12825.26072,0.417910448,113.2486676,6.288791044,0
11/08/2025 20:40,12.6s,dd24fa447f0e43539828ec2d16913ce7,ETH_base,LOCAL,/home/ec2-user/ETH_Price_Predition/.venv/lib/python3.11/site-packages/ipykernel_launcher.py,ec2-user,FINISHED,128,0,17,['ETH_D_AvgPrc'],14,2,0.01,7,04/03/2023,128,0.406015038,0.482277121,60.71161472,0.0332283,6987.325045,0.486292124,80.5948985,4.426914153,79.66595574,0.043560055,11036.52277,0.40625,105.054856,5.773854762,0
11/08/2025 20:50,12.5s,c6019ca4ab6d43ae84a8b8f598a48547,ETH_base,LOCAL,/home/ec2-user/ETH_Price_Predition/.venv/lib/python3.11/site-packages/ipykernel_launcher.py,ec2-user,FINISHED,128,0.05,17,['ETH_D_AvgPrc'],14,2,0.01,7,04/03/2023,128,0.473684211,0.495166488,62.38447428,0.034388804,6802.628523,0.499944819,80.601184,4.486956079,76.10159944,0.041745937,10019.61742,0.47826087,100.0980391,5.540912635,0
12/08/2025 00:47,10.1s,5c887bb317534a63b358571890910f49,ETH_base,LOCAL,/home/ec2-user/ETH_Price_Predition/.venv/lib/python3.11/site-packages/ipykernel_launcher.py,ec2-user,FINISHED,128,0.1,9,['ETH_D_AvgPrc'],28,2,0.01,7,04/03/2023,128,0.436090226,0.488721805,61.88876346,0.034083664,6776.642113,0.494091941,80.6034347,4.478928308,75.37670508,0.041255263,9869.599527,0.444444444,99.34585813,5.478802708,0
11/08/2025 20:24,8.5s,b55435cfa2a444519fdd877ca56f6020,ETH_base,LOCAL,/home/ec2-user/ETH_Price_Predition/.venv/lib/python3.11/site-packages/ipykernel_launcher.py,ec2-user,FINISHED,32,0,5,['ETH_D_AvgPrc'],14,1,0.01,7,04/03/2023,128,0.421052632,0.482277121,62.4944378,0.034506212,6945.625091,0.486039034,80.62586696,4.501267653,77.49232448,0.042248997,10601.84906,0.424242424,102.9652809,5.630558032,0
11/08/2025 20:43,32.5s,c3d4fba670c04539a4780d24066f06c0,ETH_base,LOCAL,/home/ec2-user/ETH_Price_Predition/.venv/lib/python3.11/site-packages/ipykernel_launcher.py,ec2-user,FINISHED,64,0.05,72,['ETH_D_AvgPrc'],14,2,0.001,7,04/03/2023,32,0.436090226,0.474758324,60.70970106,0.033324866,6907.127507,0.478487766,80.67411318,4.452293918,78.44211596,0.043038051,11082.30071,0.4375,105.2725069,5.821402449,0
11/08/2025 21:27,27.7s,b4634d85523b485980bd63b5bf74bc6f,ETH_base,LOCAL,/home/ec2-user/ETH_Price_Predition/.venv/lib/python3.11/site-packages/ipykernel_launcher.py,ec2-user,FINISHED,128,0.1,75,['ETH_D_AvgPrc'],14,3,0.001,7,04/03/2023,128,0.436090226,0.474758324,60.94950439,0.033578246,6990.484836,0.479116717,80.70440958,4.483676606,78.77588189,0.043243215,11630.74929,0.439393939,107.8459517,5.965808409,0
11/08/2025 19:19,8.7s,3c62cf7e70404891b3c10a774111e7ff,ETH_base,LOCAL,/home/ec2-user/ETH_Price_Predition/.venv/lib/python3.11/site-packages/ipykernel_launcher.py,ec2-user,FINISHED,128,0,28,['ETH_D_AvgPrc'],7,1,0.01,7,04/03/2023,32,0.436090226,0.466165414,61.22416102,0.033795988,7086.327327,0.470331693,80.85402624,4.507926599,82.00007274,0.045128275,11934.01273,0.441176471,109.242907,6.06588223,0
11/08/2025 20:52,29.0s,bfc44a7be22246d88b7f4679d8f6926c,ETH_base,LOCAL,/home/ec2-user/ETH_Price_Predition/.venv/lib/python3.11/site-packages/ipykernel_launcher.py,ec2-user,FINISHED,128,0.1,107,['ETH_D_AvgPrc'],14,2,0.001,7,04/03/2023,32,0.421052632,0.480128894,61.00671544,0.033458253,6990.743052,0.484114512,80.87287342,4.456412819,78.73860593,0.043138998,11062.17622,0.421875,105.1768806,5.804250651,0
11/08/2025 20:00,28.5s,527e1658908841cebb7ddf8518e524bf,ETH_base,LOCAL,/home/ec2-user/ETH_Price_Predition/.venv/lib/python3.11/site-packages/ipykernel_launcher.py,ec2-user,FINISHED,32,0,26,['ETH_D_AvgPrc'],7,3,0.01,7,04/03/2023,128,0.436090226,0.483351235,61.43000959,0.03362386,6957.621277,0.489125893,80.89335126,4.444025968,76.74512522,0.042153556,10660.38621,0.439393939,103.2491463,5.722203215,0
11/08/2025 23:41,26.7s,06e9f3b3a9dc4fc5a8e292887edecec2,ETH_base,LOCAL,/home/ec2-user/ETH_Price_Predition/.venv/lib/python3.11/site-packages/ipykernel_launcher.py,ec2-user,FINISHED,128,0.1,99,['ETH_D_AvgPrc'],21,2,0.001,7,04/03/2023,32,0.428571429,0.472610097,61.45435193,0.03380985,6998.83518,0.47610856,81.05227883,4.489126833,79.67284858,0.043816556,11258.23466,0.428571429,106.1048286,5.886429949,0
11/08/2025 23:49,43.6s,2754c7dcf192449288921cd56de7ffc5,ETH_base,LOCAL,/home/ec2-user/ETH_Price_Predition/.venv/lib/python3.11/site-packages/ipykernel_launcher.py,ec2-user,FINISHED,128,0,198,['ETH_D_AvgPrc'],21,3,0.001,7,04/03/2023,32,0.45112782,0.484425349,60.92957231,0.033496864,7187.644668,0.489139394,81.17410919,4.492972729,81.739884,0.044883025,12460.06186,0.454545455,111.6246472,6.167431658,0
11/08/2025 19:33,18.7s,d80fdc78139e43daaa3eb205638f1956,ETH_base,LOCAL,/home/ec2-user/ETH_Price_Predition/.venv/lib/python3.11/site-packages/ipykernel_launcher.py,ec2-user,FINISHED,32,0,14,['ETH_D_AvgPrc'],7,2,0.01,7,04/03/2023,32,0.443609023,0.47905478,60.47614011,0.03321656,7143.576628,0.484494376,81.1829712,4.48466815,79.7262291,0.043676119,11745.84573,0.446153846,108.378253,5.970718849,0
11/08/2025 23:58,20.8s,dec8f9b48cf543adae558c9aa874f6d1,ETH_base,LOCAL,/home/ec2-user/ETH_Price_Predition/.venv/lib/python3.11/site-packages/ipykernel_launcher.py,ec2-user,FINISHED,32,0.05,9,['ETH_D_AvgPrc'],21,3,0.01,7,04/03/2023,64,0.466165414,0.483351235,62.4316974,0.034278726,6927.563989,0.488406166,81.23647862,4.492523275,79.61292904,0.043969307,11283.5802,0.472222222,106.2241978,5.960340624,0
12/08/2025 00:11,18.4s,dad97d5840e34f35ab31dd48407781c0,ETH_base,LOCAL,/home/ec2-user/ETH_Price_Predition/.venv/lib/python3.11/site-packages/ipykernel_launcher.py,ec2-user,FINISHED,128,0.1,43,['ETH_D_AvgPrc'],21,3,0.01,7,04/03/2023,128,0.458646617,0.471535983,62.3761794,0.03446551,6965.772084,0.477701172,81.24105271,4.533567092,80.4699613,0.044379421,11141.92195,0.463768116,105.5553028,5.895288276,0
11/08/2025 21:08,34.0s,44d898016e044f12954a5e4f68799576,ETH_base,LOCAL,/home/ec2-user/ETH_Price_Predition/.venv/lib/python3.11/site-packages/ipykernel_launcher.py,ec2-user,FINISHED,64,0.05,57,['ETH_D_AvgPrc'],14,3,0.001,7,04/03/2023,32,0.421052632,0.469387755,61.03040757,0.033553716,6994.032091,0.472654172,81.25506628,4.495675629,77.78046182,0.0427138,10861.11919,0.421875,104.2166934,5.776059739,0
12/08/2025 00:09,24.9s,bd6f01beb09e4d51a8c68131edf0cadd,ETH_base,LOCAL,/home/ec2-user/ETH_Price_Predition/.venv/lib/python3.11/site-packages/ipykernel_launcher.py,ec2-user,FINISHED,128,0.1,77,['ETH_D_AvgPrc'],21,3,0.001,7,04/03/2023,64,0.428571429,0.474758324,61.2613566,0.033749115,7073.035678,0.477951787,81.25556507,4.512433503,79.70437484,0.043845228,11559.97487,0.426229508,107.5173236,5.970582052,0
11/08/2025 19:55,1.0min,233037686ce44f8c94b462a8f7928dc8,ETH_base,LOCAL,/home/ec2-user/ETH_Price_Predition/.venv/lib/python3.11/site-packages/ipykernel_launcher.py,ec2-user,FINISHED,32,0,87,['ETH_D_AvgPrc'],7,3,0.001,7,04/03/2023,32,0.421052632,0.476906552,60.64675048,0.0331762,7325.653161,0.481461976,81.25983909,4.46428216,84.52646884,0.04608794,13274.66964,0.428571429,115.2157526,6.301997335,0
11/08/2025 19:46,11.6s,536cbee23b5140c9974fe5dc7a4193c5,ETH_base,LOCAL,/home/ec2-user/ETH_Price_Predition/.venv/lib/python3.11/site-packages/ipykernel_launcher.py,ec2-user,FINISHED,128,0.05,14,['ETH_D_AvgPrc'],7,2,0.01,7,04/03/2023,128,0.496240602,0.489795918,62.8218016,0.034699177,7114.436179,0.493858923,81.3328426,4.543304167,89.48332157,0.049411352,13090.56304,0.5,114.4139984,6.407253591,0
12/08/2025 00:51,1.0min,643260486a4a451e9e7c22b0eb0eee5d,ETH_base,LOCAL,/home/ec2-user/ETH_Price_Predition/.venv/lib/python3.11/site-packages/ipykernel_launcher.py,ec2-user,FINISHED,32,0,91,['ETH_D_AvgPrc'],28,3,0.01,7,04/03/2023,64,0.428571429,0.476906552,65.72535353,0.036051335,6967.204573,0.481677029,81.38981877,4.481037851,90.89565765,0.049371574,13141.25706,0.432835821,114.6353221,6.229612628,0
12/08/2025 01:17,20.7s,49eaf8b592b14946aa4c22ecb4e119d7,ETH_base,LOCAL,/home/ec2-user/ETH_Price_Predition/.venv/lib/python3.11/site-packages/ipykernel_launcher.py,ec2-user,FINISHED,64,0.1,26,['ETH_D_AvgPrc'],28,3,0.01,7,04/03/2023,128,0.406015038,0.453276047,61.59966831,0.033981355,6994.854937,0.457982048,81.40451708,4.529205503,76.13986849,0.04186227,10594.38088,0.411764706,102.9290089,5.71400606,0
12/08/2025 00:20,6.5s,b1d706f217ca450db91e23dede64a825,ETH_base,LOCAL,/home/ec2-user/ETH_Price_Predition/.venv/lib/python3.11/site-packages/ipykernel_launcher.py,ec2-user,FINISHED,64,0.05,5,['ETH_D_AvgPrc'],28,1,0.01,7,04/03/2023,128,0.413533835,0.477980666,63.55131641,0.035137571,7085.298392,0.482343054,81.43152508,4.555309857,84.34564461,0.046575297,12267.72911,0.415384615,110.7597811,6.203593624,0
11/08/2025 21:20,28.0s,d18b6270f08d4ea99033eb6697e445c9,ETH_base,LOCAL,/home/ec2-user/ETH_Price_Predition/.venv/lib/python3.11/site-packages/ipykernel_launcher.py,ec2-user,FINISHED,64,0.1,43,['ETH_D_AvgPrc'],14,3,0.001,7,04/03/2023,32,0.443609023,0.470461869,61.74605396,0.033986786,6970.289464,0.475693973,81.5267358,4.518902993,77.70377826,0.042637446,10477.64976,0.447761194,102.3603916,5.672022721,0
12/08/2025 00:02,17.6s,852b079335f043338052ff2d9ae443ac,ETH_base,LOCAL,/home/ec2-user/ETH_Price_Predition/.venv/lib/python3.11/site-packages/ipykernel_launcher.py,ec2-user,FINISHED,64,0.05,18,['ETH_D_AvgPrc'],21,3,0.01,7,04/03/2023,128,0.436090226,0.467239527,61.99496234,0.03403886,7016.295098,0.471201818,81.56132108,4.499952233,80.52572678,0.044040047,11522.6005,0.4375,107.3433766,5.8969046,0
12/08/2025 00:32,18.1s,76671099f8ef4235ab7414bfaef444fe,ETH_base,LOCAL,/home/ec2-user/ETH_Price_Predition/.venv/lib/python3.11/site-packages/ipykernel_launcher.py,ec2-user,FINISHED,128,0,58,['ETH_D_AvgPrc'],28,2,0.001,7,04/03/2023,128,0.428571429,0.476906552,61.90320303,0.034081866,7161.041689,0.481970479,81.56356851,4.522519334,80.68893616,0.044392889,11738.30904,0.432835821,108.3434771,6.011749622,0
12/08/2025 00:28,37.3s,8d32358bae6a417b925f7ce52e60532e,ETH_base,LOCAL,/home/ec2-user/ETH_Price_Predition/.venv/lib/python3.11/site-packages/ipykernel_launcher.py,ec2-user,FINISHED,32,0,58,['ETH_D_AvgPrc'],28,2,0.001,7,04/03/2023,64,0.428571429,0.481203008,61.69113477,0.033885899,7201.637956,0.487963429,81.59104188,4.510257341,84.97952362,0.046748147,12711.20876,0.436619718,112.7439965,6.251953172,0
11/08/2025 20:17,15.1s,7901e77febf34d0eb0f864c500c65d06,ETH_base,LOCAL,/home/ec2-user/ETH_Price_Predition/.venv/lib/python3.11/site-packages/ipykernel_launcher.py,ec2-user,FINISHED,128,0.1,13,['ETH_D_AvgPrc'],7,3,0.01,7,04/03/2023,64,0.458646617,0.466165414,62.2140358,0.034393028,6989.761039,0.472040647,81.60611204,4.562067685,79.17736793,0.043657336,10703.1557,0.464788732,103.4560568,5.785502005,0
12/08/2025 01:06,19.6s,efaf7afeea164a6a814276ded5868255,ETH_base,LOCAL,/home/ec2-user/ETH_Price_Predition/.venv/lib/python3.11/site-packages/ipykernel_launcher.py,ec2-user,FINISHED,64,0.05,20,['ETH_D_AvgPrc'],28,3,0.01,7,04/03/2023,128,0.466165414,0.473684211,61.96198388,0.034032496,7031.377728,0.479358529,81.61636214,4.503264773,79.99747897,0.043755615,11552.82199,0.46875,107.4840546,5.907220256,0
11/08/2025 19:36,32.7s,61f320b9a8fd47558a14bcf944290ac9,ETH_base,LOCAL,/home/ec2-user/ETH_Price_Predition/.venv/lib/python3.11/site-packages/ipykernel_launcher.py,ec2-user,FINISHED,64,0,90,['ETH_D_AvgPrc'],7,2,0.001,7,04/03/2023,64,0.443609023,0.47905478,62.38578762,0.034440819,7403.528722,0.483610778,81.64570749,4.548228019,89.55426415,0.049366376,14177.0362,0.446153846,119.0673599,6.622910019,0
11/08/2025 20:43,25.3s,d2abc112dffa40aa81f16963e9993e9f,ETH_base,LOCAL,/home/ec2-user/ETH_Price_Predition/.venv/lib/python3.11/site-packages/ipykernel_launcher.py,ec2-user,FINISHED,128,0.05,83,['ETH_D_AvgPrc'],14,2,0.001,7,04/03/2023,32,0.436090226,0.473684211,61.52672874,0.033860451,7081.77369,0.477246544,81.70580383,4.527166702,78.96942804,0.043485401,11317.32072,0.4375,106.3828967,5.920572844,0
12/08/2025 01:10,29.8s,c76e86a9108349eba2383e7d9584052d,ETH_base,LOCAL,/home/ec2-user/ETH_Price_Predition/.venv/lib/python3.11/site-packages/ipykernel_launcher.py,ec2-user,FINISHED,64,0.1,55,['ETH_D_AvgPrc'],28,3,0.001,7,04/03/2023,32,0.413533835,0.467239527,62.14376257,0.034253852,7081.783874,0.472221578,81.70815563,4.536955605,78.50222778,0.043241182,11037.30454,0.420289855,105.0585767,5.846961697,0
11/08/2025 21:01,15.1s,9893f4fbe91b412ab3c6d42e7169ea3a,ETH_base,LOCAL,/home/ec2-user/ETH_Price_Predition/.venv/lib/python3.11/site-packages/ipykernel_launcher.py,ec2-user,FINISHED,128,0,19,['ETH_D_AvgPrc'],14,3,0.01,7,04/03/2023,32,0.436090226,0.469387755,62.12181273,0.034432698,7158.097512,0.473833062,81.76781353,4.59611701,78.12557938,0.043108125,11146.82471,0.4375,105.5785239,5.904724344,0
12/08/2025 00:15,15.1s,b3cdb49816804477841725a93caf849c,ETH_base,LOCAL,/home/ec2-user/ETH_Price_Predition/.venv/lib/python3.11/site-packages/ipykernel_launcher.py,ec2-user,FINISHED,32,0,36,['ETH_D_AvgPrc'],28,1,0.01,7,04/03/2023,128,0.443609023,0.472610097,62.90967938,0.034558974,7031.287221,0.477002249,81.78895437,4.522562558,84.58975174,0.046560613,12472.69114,0.446153846,111.6812031,6.199409808,0
12/08/2025 00:50,18.6s,561023ceca7c4afb9d05a699f77c0ff8,ETH_base,LOCAL,/home/ec2-user/ETH_Price_Predition/.venv/lib/python3.11/site-packages/ipykernel_launcher.py,ec2-user,FINISHED,128,0,43,['ETH_D_AvgPrc'],28,3,0.01,7,04/03/2023,32,0.421052632,0.484425349,63.144704,0.034489344,7002.965617,0.490981643,81.79545162,4.478647475,78.25312633,0.04288945,10842.02596,0.428571429,104.1250496,5.744108414,0
12/08/2025 00:49,52.7s,9bd6d32e9e2b460aa7519afcebbf1b1b,ETH_base,LOCAL,/home/ec2-user/ETH_Price_Predition/.venv/lib/python3.11/site-packages/ipykernel_launcher.py,ec2-user,FINISHED,32,0,69,['ETH_D_AvgPrc'],28,3,0.001,7,04/03/2023,32,0.428571429,0.475832438,61.27924253,0.033637563,7254.505759,0.480321171,81.80536734,4.517325947,84.76438388,0.046655857,12756.61389,0.430769231,112.9451809,6.269634112,0
11/08/2025 19:37,17.6s,47f62e7ed8104e26b57c830cfc33cc51,ETH_base,LOCAL,/home/ec2-user/ETH_Price_Predition/.venv/lib/python3.11/site-packages/ipykernel_launcher.py,ec2-user,FINISHED,128,0,53,['ETH_D_AvgPrc'],7,2,0.01,7,04/03/2023,64,0.443609023,0.475832438,62.3309336,0.034222803,7239.874827,0.480440078,81.85678354,4.512437974,82.88131668,0.045360433,12733.1941,0.447761194,112.8414556,6.196547202,0
12/08/2025 00:18,25.4s,6b1a359876bf4f49a36a7c3e22d0c3af,ETH_base,LOCAL,/home/ec2-user/ETH_Price_Predition/.venv/lib/python3.11/site-packages/ipykernel_launcher.py,ec2-user,FINISHED,128,0.05,196,['ETH_D_AvgPrc'],28,1,0.001,7,04/03/2023,32,0.421052632,0.47905478,61.8444541,0.03404887,7157.003276,0.482676633,81.87705202,4.541186086,80.42724678,0.044292275,11749.32941,0.419354839,108.3943237,6.026946164,0
11/08/2025 19:20,7.4s,33c10641090f476ab363b99e6fd0e92c,ETH_base,LOCAL,/home/ec2-user/ETH_Price_Predition/.venv/lib/python3.11/site-packages/ipykernel_launcher.py,ec2-user,FINISHED,128,0,21,['ETH_D_AvgPrc'],7,1,0.01,7,04/03/2023,64,0.443609023,0.464017186,62.65863791,0.034648671,7202.968391,0.467928774,81.90809031,4.57810545,83.47977878,0.046015941,12205.67418,0.447761194,110.479293,6.155056952,0
11/08/2025 23:54,27.3s,47fe2f5114774ff2af47050547a77798,ETH_base,LOCAL,/home/ec2-user/ETH_Price_Predition/.venv/lib/python3.11/site-packages/ipykernel_launcher.py,ec2-user,FINISHED,128,0,94,['ETH_D_AvgPrc'],21,3,0.001,7,04/03/2023,128,0.436090226,0.486573577,61.56765088,0.033851063,7296.885113,0.491801234,81.91448841,4.536579391,85.83366383,0.047262219,13331.57135,0.439393939,115.462424,6.414554514,0
12/08/2025 00:35,35.7s,32265b730dee44d7a178f6aa8967c71b,ETH_base,LOCAL,/home/ec2-user/ETH_Price_Predition/.venv/lib/python3.11/site-packages/ipykernel_launcher.py,ec2-user,FINISHED,32,0.05,50,['ETH_D_AvgPrc'],28,2,0.001,7,04/03/2023,64,0.443609023,0.477980666,62.45429981,0.034392929,7251.027744,0.482088962,81.96989924,4.544789917,83.21918849,0.045797542,12325.54135,0.446153846,111.0204547,6.160962996,0
11/08/2025 19:19,9.2s,9ace17f6959343668f0666c6f3c5b355,ETH_base,LOCAL,/home/ec2-user/ETH_Price_Predition/.venv/lib/python3.11/site-packages/ipykernel_launcher.py,ec2-user,FINISHED,32,0,10,['ETH_D_AvgPrc'],7,1,0.01,7,04/03/2023,64,0.458646617,0.473684211,63.0665276,0.034757764,7195.070195,0.47876487,82.06470572,4.559540453,81.58245781,0.044733942,11847.07931,0.461538462,108.8442893,6.004376011,0
11/08/2025 19:49,30.0s,f2f8ba851e634620a4b4064bba8c4e79,ETH_base,LOCAL,/home/ec2-user/ETH_Price_Predition/.venv/lib/python3.11/site-packages/ipykernel_launcher.py,ec2-user,FINISHED,128,0.1,120,['ETH_D_AvgPrc'],7,2,0.001,7,04/03/2023,32,0.443609023,0.474758324,61.08495005,0.03352444,7213.29531,0.477695222,82.08069602,4.527197174,80.22830154,0.044049225,11964.13954,0.442622951,109.3807092,6.050124981,0
11/08/2025 19:44,34.7s,e677d7a551ed49fa9367b0d0721c24a7,ETH_base,LOCAL,/home/ec2-user/ETH_Price_Predition/.venv/lib/python3.11/site-packages/ipykernel_launcher.py,ec2-user,FINISHED,32,0.05,45,['ETH_D_AvgPrc'],7,2,0.01,7,04/03/2023,128,0.466165414,0.474758324,60.57011169,0.033173696,7516.161263,0.479742137,82.09192431,4.517051342,84.87080578,0.046335834,13363.55864,0.467741935,115.6008592,6.326007911,0
11/08/2025 20:37,12.1s,dfe7da4c5dd940db984b3f7a8a5c98ef,ETH_base,LOCAL,/home/ec2-user/ETH_Price_Predition/.venv/lib/python3.11/site-packages/ipykernel_launcher.py,ec2-user,FINISHED,128,0,18,['ETH_D_AvgPrc'],14,2,0.01,7,04/03/2023,32,0.421052632,0.477980666,61.59891216,0.033836446,7155.788346,0.48160459,82.10820304,4.536019605,78.68478898,0.043206104,11356.15767,0.419354839,106.5652742,5.896875633,0
11/08/2025 23:30,15.9s,9da9cf5312c74965ab0f3f53ad1c348e,ETH_base,LOCAL,/home/ec2-user/ETH_Price_Predition/.venv/lib/python3.11/site-packages/ipykernel_launcher.py,ec2-user,FINISHED,32,0,7,['ETH_D_AvgPrc'],21,2,0.01,7,04/03/2023,128,0.473684211,0.487647691,64.8235808,0.035735441,7275.172021,0.492733413,82.13721397,4.577857443,78.56961473,0.042689679,10440.88627,0.476923077,102.1806551,5.553063446,0
11/08/2025 19:41,31.4s,e6d217ee043849378d790b9231a0104e,ETH_base,LOCAL,/home/ec2-user/ETH_Price_Predition/.venv/lib/python3.11/site-packages/ipykernel_launcher.py,ec2-user,FINISHED,128,0.05,129,['ETH_D_AvgPrc'],7,2,0.001,7,04/03/2023,32,0.436090226,0.477980666,61.55192236,0.033758877,7210.395043,0.482329671,82.28386173,4.533546088,80.99329095,0.044339206,11887.60786,0.441176471,109.0303071,6.000728302,0
12/08/2025 00:30,35.4s,3fb3b862ed764e38b7df2d1b27b35b78,ETH_base,LOCAL,/home/ec2-user/ETH_Price_Predition/.venv/lib/python3.11/site-packages/ipykernel_launcher.py,ec2-user,FINISHED,32,0,54,['ETH_D_AvgPrc'],28,2,0.001,7,04/03/2023,128,0.428571429,0.47905478,63.23994683,0.034674119,7154.380764,0.483585569,82.29578901,4.534662469,83.21002358,0.045529856,12328.57221,0.432835821,111.0341038,6.106593668,0
12/08/2025 00:06,27.1s,7d9a5ffb332945569ca4413b12b86b3b,ETH_base,LOCAL,/home/ec2-user/ETH_Price_Predition/.venv/lib/python3.11/site-packages/ipykernel_launcher.py,ec2-user,FINISHED,128,0.1,92,['ETH_D_AvgPrc'],21,3,0.001,7,04/03/2023,32,0.413533835,0.469387755,62.28532519,0.034234087,7159.638748,0.473562259,82.35653244,4.55140141,79.32054632,0.043545354,11070.2947,0.415384615,105.215468,5.822967439,0
12/08/2025 00:20,13.2s,97310ec04f9e46b0a402a3c1247a3279,ETH_base,LOCAL,/home/ec2-user/ETH_Price_Predition/.venv/lib/python3.11/site-packages/ipykernel_launcher.py,ec2-user,FINISHED,32,0.05,21,['ETH_D_AvgPrc'],28,1,0.01,7,04/03/2023,128,0.436090226,0.470461869,63.52143888,0.034900813,7123.417332,0.475051317,82.39923063,4.558796566,81.48829616,0.044795027,11729.92385,0.439393939,108.304773,5.999540953,0
11/08/2025 20:39,12.6s,ce0dfd50fe7147af95c59514949dc318,ETH_base,LOCAL,/home/ec2-user/ETH_Price_Predition/.venv/lib/python3.11/site-packages/ipykernel_launcher.py,ec2-user,FINISHED,128,0,18,['ETH_D_AvgPrc'],14,2,0.01,7,04/03/2023,64,0.413533835,0.469387755,61.73020389,0.033954026,7281.041982,0.474389439,82.40380913,4.561156527,79.97278084,0.043981101,11818.87454,0.415384615,108.7146473,6.029002779,0
11/08/2025 19:52,24.0s,a6346b13779341e7b090e95722e37e91,ETH_base,LOCAL,/home/ec2-user/ETH_Price_Predition/.venv/lib/python3.11/site-packages/ipykernel_launcher.py,ec2-user,FINISHED,32,0.1,24,['ETH_D_AvgPrc'],7,2,0.01,7,04/03/2023,128,0.428571429,0.482277121,62.24804229,0.034234301,7379.613685,0.485461166,82.44836398,4.562291187,82.5232046,0.045086871,12644.44833,0.426229508,112.4475359,6.163182629,0
12/08/2025 00:41,24.5s,a2e3bd0144dd4a1490619c48708b5e9e,ETH_base,LOCAL,/home/ec2-user/ETH_Price_Predition/.venv/lib/python3.11/site-packages/ipykernel_launcher.py,ec2-user,FINISHED,32,0.1,25,['ETH_D_AvgPrc'],28,2,0.001,7,04/03/2023,32,0.45112782,0.467239527,62.65448306,0.034568265,7162.383284,0.473232771,82.47777525,4.586075988,80.19702263,0.044205675,11316.62096,0.457142857,106.3796078,5.927995421,0
11/08/2025 20:13,15.9s,1583d7b0090743ff9af99b15a2ce3e9a,ETH_base,LOCAL,/home/ec2-user/ETH_Price_Predition/.venv/lib/python3.11/site-packages/ipykernel_launcher.py,ec2-user,FINISHED,128,0.1,25,['ETH_D_AvgPrc'],7,3,0.01,7,04/03/2023,32,0.428571429,0.460794844,62.37712495,0.034300339,7202.690249,0.466411509,82.54471077,4.563663848,80.73457715,0.044138364,11409.39333,0.434782609,106.8147618,5.868975534,0
12/08/2025 00:02,28.0s,af396c46de424ff2a0370d5ec3584a20,ETH_base,LOCAL,/home/ec2-user/ETH_Price_Predition/.venv/lib/python3.11/site-packages/ipykernel_launcher.py,ec2-user,FINISHED,64,0.05,53,['ETH_D_AvgPrc'],21,3,0.001,7,04/03/2023,128,0.458646617,0.486573577,61.94788155,0.033939619,7292.126239,0.492061607,82.57066682,4.547531523,81.16418205,0.044330927,12002.79898,0.463768116,109.5572863,6.006800135,0
11/08/2025 23:32,24.8s,9f31f942f2e04f9193988fdacd36426e,ETH_base,LOCAL,/home/ec2-user/ETH_Price_Predition/.venv/lib/python3.11/site-packages/ipykernel_launcher.py,ec2-user,FINISHED,32,0.05,29,['ETH_D_AvgPrc'],21,2,0.001,7,04/03/2023,32,0.428571429,0.475832438,62.13477402,0.034146388,7180.749031,0.48021978,82.57614999,4.563573321,80.13684289,0.044142661,11439.2235,0.430769231,106.9543057,5.951552855,0
11/08/2025 21:25,26.4s,5c3534df73f74d9e821ab06297ab3e14,ETH_base,LOCAL,/home/ec2-user/ETH_Price_Predition/.venv/lib/python3.11/site-packages/ipykernel_launcher.py,ec2-user,FINISHED,32,0.1,15,['ETH_D_AvgPrc'],14,3,0.01,7,04/03/2023,128,0.428571429,0.476906552,63.33649193,0.034698654,7185.015386,0.481048976,82.57662773,4.540734261,77.3721559,0.042232854,10269.36556,0.430769231,101.3378782,5.565557831,0
11/08/2025 23:15,9.1s,2f10df77a6364b039fbc7dda1345b46a,ETH_base,LOCAL,/home/ec2-user/ETH_Price_Predition/.venv/lib/python3.11/site-packages/ipykernel_launcher.py,ec2-user,FINISHED,32,0,11,['ETH_D_AvgPrc'],21,1,0.001,7,04/03/2023,32,0.473684211,0.480128894,64.8838322,0.035930178,7073.981517,0.486026925,82.59830662,4.637698347,78.65427783,0.043302544,9906.95299,0.479452055,99.53367767,5.561587801,0
12/08/2025 00:33,12.7s,ee96a2cd84c046eea7a1d141e48e30b7,ETH_base,LOCAL,/home/ec2-user/ETH_Price_Predition/.venv/lib/python3.11/site-packages/ipykernel_launcher.py,ec2-user,FINISHED,64,0.05,8,['ETH_D_AvgPrc'],28,2,0.01,7,04/03/2023,32,0.45112782,0.471535983,62.13416058,0.0340981,7253.709509,0.475848697,82.65244178,4.556655106,82.70000601,0.045140618,11816.41226,0.453125,108.7033222,5.955031157,0
12/08/2025 00:15,25.3s,bb92ec0e90ce48e5b04e5432f910548a,ETH_base,LOCAL,/home/ec2-user/ETH_Price_Predition/.venv/lib/python3.11/site-packages/ipykernel_launcher.py,ec2-user,FINISHED,128,0,200,['ETH_D_AvgPrc'],28,1,0.001,7,04/03/2023,64,0.390977444,0.469387755,62.47671879,0.034468973,7330.135394,0.474007351,82.68727685,4.600420632,81.25464578,0.044793035,11951.8757,0.393939394,109.3246345,6.09147035,0
11/08/2025 23:23,9.7s,ede32fabcae340d3addb7814c415653c,ETH_base,LOCAL,/home/ec2-user/ETH_Price_Predition/.venv/lib/python3.11/site-packages/ipykernel_launcher.py,ec2-user,FINISHED,64,0.1,29,['ETH_D_AvgPrc'],21,1,0.001,7,04/03/2023,32,0.466165414,0.461868958,64.43623039,0.035485132,7069.033867,0.466671885,82.7065655,4.588446158,79.8453119,0.043717916,10256.44833,0.46969697,101.2741247,5.58506939,0
11/08/2025 21:00,17.6s,0134b33c7cd9497cacf4485cc8ff9663,ETH_base,LOCAL,/home/ec2-user/ETH_Price_Predition/.venv/lib/python3.11/site-packages/ipykernel_launcher.py,ec2-user,FINISHED,64,0,13,['ETH_D_AvgPrc'],14,3,0.01,7,04/03/2023,32,0.406015038,0.467239527,62.26090818,0.034063747,7304.28106,0.47100145,82.7090815,4.545208774,80.48827092,0.044064405,11764.80837,0.403225806,108.4657014,5.971318449,0
12/08/2025 00:47,13.1s,d71b563e448c4f209ffff5eec5a5187e,ETH_base,LOCAL,/home/ec2-user/ETH_Price_Predition/.venv/lib/python3.11/site-packages/ipykernel_launcher.py,ec2-user,FINISHED,64,0.1,11,['ETH_D_AvgPrc'],28,2,0.01,7,04/03/2023,128,0.473684211,0.483351235,64.02715193,0.035269712,7188.365396,0.487628025,82.70984087,4.597285209,76.99100099,0.042447765,10536.3279,0.476923077,102.6466166,5.730338575,0
11/08/2025 21:26,21.3s,f9e8c51c77454b7583128e983ad8d9c7,ETH_base,LOCAL,/home/ec2-user/ETH_Price_Predition/.venv/lib/python3.11/site-packages/ipykernel_launcher.py,ec2-user,FINISHED,64,0.1,24,['ETH_D_AvgPrc'],14,3,0.01,7,04/03/2023,128,0.45112782,0.47905478,62.57902866,0.034413962,7255.934592,0.48421585,82.71054984,4.581412178,82.46913755,0.045571403,12217.66972,0.453125,110.5335683,6.199607899,0
11/08/2025 19:34,14.0s,022c2928fe8e464abe26cafe05e34086,ETH_base,LOCAL,/home/ec2-user/ETH_Price_Predition/.venv/lib/python3.11/site-packages/ipykernel_launcher.py,ec2-user,FINISHED,64,0,16,['ETH_D_AvgPrc'],7,2,0.01,7,04/03/2023,32,0.466165414,0.481203008,63.42315759,0.03475994,7127.781303,0.485348014,82.74675635,4.552980844,79.87624984,0.043639068,11530.82275,0.46875,107.3816686,5.888594512,0
11/08/2025 19:20,7.4s,6bf61a06d1a048678a3ae8e41eea39b3,ETH_base,LOCAL,/home/ec2-user/ETH_Price_Predition/.venv/lib/python3.11/site-packages/ipykernel_launcher.py,ec2-user,FINISHED,64,0,12,['ETH_D_AvgPrc'],7,1,0.01,7,04/03/2023,64,0.443609023,0.473684211,62.81754127,0.034658597,7302.402926,0.477741696,82.76792425,4.61079356,85.75645665,0.047350901,12636.52726,0.446153846,112.4123092,6.288659157,0
11/08/2025 23:27,40.3s,224a7f28d8f347b38def7e56b2237f55,ETH_base,LOCAL,/home/ec2-user/ETH_Price_Predition/.venv/lib/python3.11/site-packages/ipykernel_launcher.py,ec2-user,FINISHED,32,0,71,['ETH_D_AvgPrc'],21,2,0.001,7,04/03/2023,32,0.421052632,0.484425349,62.7490551,0.034306098,7228.566675,0.489561858,82.81830629,4.542343511,82.27722833,0.044793467,11941.74949,0.426470588,109.2783121,5.959023645,0
11/08/2025 19:44,21.1s,a949a387d8874810aaa6904ea849f220,ETH_base,LOCAL,/home/ec2-user/ETH_Price_Predition/.venv/lib/python3.11/site-packages/ipykernel_launcher.py,ec2-user,FINISHED,128,0.05,69,['ETH_D_AvgPrc'],7,2,0.001,7,04/03/2023,64,0.436090226,0.468313641,61.82082936,0.033965526,7383.869,0.472890294,82.86179476,4.577097734,84.4390541,0.046541616,12839.64509,0.439393939,113.3121577,6.3032893,0
11/08/2025 20:02,27.8s,fb6f68a4d48345f5a90594bb0d20d2b7,ETH_base,LOCAL,/home/ec2-user/ETH_Price_Predition/.venv/lib/python3.11/site-packages/ipykernel_launcher.py,ec2-user,FINISHED,32,0.05,20,['ETH_D_AvgPrc'],7,3,0.01,7,04/03/2023,32,0.473684211,0.471535983,61.79494738,0.033822985,7494.364388,0.477191403,82.87619438,4.549062547,84.02058789,0.046042701,12950.36132,0.47826087,113.7996543,6.26233278,0
12/08/2025 00:36,22.7s,3294adcce69e4caf901ec1f12bf88fe8,ETH_base,LOCAL,/home/ec2-user/ETH_Price_Predition/.venv/lib/python3.11/site-packages/ipykernel_launcher.py,ec2-user,FINISHED,64,0.05,47,['ETH_D_AvgPrc'],28,2,0.01,7,04/03/2023,64,0.421052632,0.477980666,64.3713118,0.035411024,7253.421152,0.483255658,82.9065743,4.58991477,81.88715816,0.044988083,11917.18118,0.424242424,109.1658426,6.042894907,0
11/08/2025 19:37,20.5s,f093266bd0fe41b29c283f0bdc74250b,ETH_base,LOCAL,/home/ec2-user/ETH_Price_Predition/.venv/lib/python3.11/site-packages/ipykernel_launcher.py,ec2-user,FINISHED,32,0,13,['ETH_D_AvgPrc'],7,2,0.01,7,04/03/2023,128,0.443609023,0.481203008,62.50337483,0.034173398,7419.388361,0.486158809,82.91887483,4.549479269,87.67090371,0.047586403,13345.54088,0.447761194,115.522902,6.264025196,0
11/08/2025 23:29,11.1s,2a369ae0b68a4167af9072db09a0b485,ETH_base,LOCAL,/home/ec2-user/ETH_Price_Predition/.venv/lib/python3.11/site-packages/ipykernel_launcher.py,ec2-user,FINISHED,64,0,6,['ETH_D_AvgPrc'],21,2,0.01,7,04/03/2023,64,0.428571429,0.471535983,63.43839547,0.035036624,7360.45279,0.474223417,82.94681969,4.619668728,79.55597268,0.043687032,11374.26253,0.430769231,106.6501877,5.898825914,0
11/08/2025 20:14,29.3s,beb9144254b546c3997b176afcf08a3f,ETH_base,LOCAL,/home/ec2-user/ETH_Price_Predition/.venv/lib/python3.11/site-packages/ipykernel_launcher.py,ec2-user,FINISHED,128,0.1,88,['ETH_D_AvgPrc'],7,3,0.001,7,04/03/2023,32,0.436090226,0.468313641,62.19622042,0.034221021,7268.40309,0.473213573,82.95513321,4.592163897,79.50216721,0.043764751,11304.23332,0.439393939,106.3213681,5.91400177,0
11/08/2025 23:20,9.8s,4064686a2d0e4b90a9407341c3554519,ETH_base,LOCAL,/home/ec2-user/ETH_Price_Predition/.venv/lib/python3.11/site-packages/ipykernel_launcher.py,ec2-user,FINISHED,128,0.05,46,['ETH_D_AvgPrc'],21,1,0.001,7,04/03/2023,32,0.458646617,0.470461869,64.52520791,0.035496236,7155.141593,0.476260093,83.01301005,4.590436775,77.70652714,0.042562309,9699.920392,0.465753425,98.48817387,5.431153929,0
12/08/2025 00:24,6.5s,18d88cca7e434d16963436fd82742a25,ETH_base,LOCAL,/home/ec2-user/ETH_Price_Predition/.venv/lib/python3.11/site-packages/ipykernel_launcher.py,ec2-user,FINISHED,64,0.1,6,['ETH_D_AvgPrc'],28,1,0.01,7,04/03/2023,64,0.443609023,0.487647691,63.94321547,0.035290994,7278.723258,0.492807426,83.01831304,4.625283903,78.44937088,0.04310098,11554.65869,0.447761194,107.4925983,5.955677542,0
11/08/2025 23:52,37.8s,ee1dfbaa554e4f52bef0d257c101964c,ETH_base,LOCAL,/home/ec2-user/ETH_Price_Predition/.venv/lib/python3.11/site-packages/ipykernel_launcher.py,ec2-user,FINISHED,32,0,39,['ETH_D_AvgPrc'],21,3,0.001,7,04/03/2023,128,0.413533835,0.480128894,64.89173524,0.035862175,7351.683324,0.484910658,83.03053458,4.63623249,85.6834329,0.047236118,12836.56524,0.415384615,113.2985668,6.312733248,0
11/08/2025 21:05,22.9s,8c8af996791e4d0ea62f336a20cea7c0,ETH_base,LOCAL,/home/ec2-user/ETH_Price_Predition/.venv/lib/python3.11/site-packages/ipykernel_launcher.py,ec2-user,FINISHED,64,0,30,['ETH_D_AvgPrc'],14,3,0.001,7,04/03/2023,128,0.436090226,0.471535983,62.85816747,0.034658324,7471.188438,0.474496882,83.0674949,4.619956223,82.46697424,0.045403229,12616.28191,0.433333333,112.3222236,6.242348085,0
11/08/2025 20:38,13.3s,b71c25178c004de6a4764b22c179adbf,ETH_base,LOCAL,/home/ec2-user/ETH_Price_Predition/.venv/lib/python3.11/site-packages/ipykernel_launcher.py,ec2-user,FINISHED,64,0,6,['ETH_D_AvgPrc'],14,2,0.01,7,04/03/2023,64,0.45112782,0.471535983,63.38681578,0.035057771,7232.969183,0.476157084,83.10854852,4.646366348,80.2646918,0.044227254,11334.34299,0.455882353,106.4628714,5.933126024,0
11/08/2025 19:45,27.3s,7eeb6ff10e5f4664a533b9df2a5d6292,ETH_base,LOCAL,/home/ec2-user/ETH_Price_Predition/.venv/lib/python3.11/site-packages/ipykernel_launcher.py,ec2-user,FINISHED,32,0.05,32,['ETH_D_AvgPrc'],7,2,0.001,7,04/03/2023,128,0.466165414,0.473684211,63.568129,0.035032752,7397.696574,0.477884615,83.1479579,4.613748666,81.43730932,0.044579016,12230.7086,0.46875,110.5925341,6.08296036,0
11/08/2025 23:40,19.9s,a42243d52a8c4dc0907d45dd024f9e3c,ETH_base,LOCAL,/home/ec2-user/ETH_Price_Predition/.venv/lib/python3.11/site-packages/ipykernel_launcher.py,ec2-user,FINISHED,32,0.1,17,['ETH_D_AvgPrc'],21,2,0.001,7,04/03/2023,32,0.466165414,0.464017186,63.70969444,0.035029244,7190.189468,0.469705273,83.16749806,4.598053457,80.02917641,0.044070935,10900.81519,0.470588235,104.4069691,5.817897805,0
12/08/2025 00:23,11.0s,13f1ded4f28745118b7df39bdd67c135,ETH_base,LOCAL,/home/ec2-user/ETH_Price_Predition/.venv/lib/python3.11/site-packages/ipykernel_launcher.py,ec2-user,FINISHED,128,0.1,53,['ETH_D_AvgPrc'],28,1,0.001,7,04/03/2023,32,0.481203008,0.472610097,64.61002652,0.035493607,7153.28537,0.478341981,83.17080017,4.589864994,79.78953265,0.043787589,10420.66539,0.485714286,102.0816604,5.659316293,0
11/08/2025 21:26,25.9s,f1a5090761f340cca4345893d58f90c9,ETH_base,LOCAL,/home/ec2-user/ETH_Price_Predition/.venv/lib/python3.11/site-packages/ipykernel_launcher.py,ec2-user,FINISHED,32,0.1,14,['ETH_D_AvgPrc'],14,3,0.001,7,04/03/2023,128,0.421052632,0.474758324,62.89671219,0.034685731,7393.210952,0.478376515,83.18164946,4.626129022,79.84176223,0.043954056,11499.4718,0.419354839,107.2355902,5.967758478,0
11/08/2025 21:16,20.4s,b46d6efd7ee243f79c0a051b2443694d,ETH_base,LOCAL,/home/ec2-user/ETH_Price_Predition/.venv/lib/python3.11/site-packages/ipykernel_launcher.py,ec2-user,FINISHED,64,0.05,21,['ETH_D_AvgPrc'],14,3,0.01,7,04/03/2023,128,0.413533835,0.469387755,64.04438593,0.035505297,7341.236896,0.472786421,83.18728332,4.685909509,88.94005086,0.04923628,13462.24551,0.415384615,116.0269172,6.540858125,0
11/08/2025 21:21,26.4s,4b5e3edea0c74899864441b5823fe675,ETH_base,LOCAL,/home/ec2-user/ETH_Price_Predition/.venv/lib/python3.11/site-packages/ipykernel_launcher.py,ec2-user,FINISHED,128,0.1,70,['ETH_D_AvgPrc'],14,3,0.001,7,04/03/2023,32,0.443609023,0.473684211,62.69374742,0.034490107,7305.686882,0.478546464,83.24676127,4.608153415,78.809342,0.043268396,11120.15206,0.447761194,105.4521316,5.840527777,0
11/08/2025 19:57,40.8s,cd87835830dd40d1a2d9f7fb9389f82d,ETH_base,LOCAL,/home/ec2-user/ETH_Price_Predition/.venv/lib/python3.11/site-packages/ipykernel_launcher.py,ec2-user,FINISHED,128,0,152,['ETH_D_AvgPrc'],7,3,0.001,7,04/03/2023,32,0.428571429,0.472610097,62.05033552,0.034025999,7580.084034,0.476267235,83.25697933,4.586769209,86.31370946,0.047218059,13794.23088,0.428571429,117.4488437,6.450791447,0
12/08/2025 00:31,11.8s,5ec79fc677ca4e18a9cd165146cc1427,ETH_base,LOCAL,/home/ec2-user/ETH_Price_Predition/.venv/lib/python3.11/site-packages/ipykernel_launcher.py,ec2-user,FINISHED,64,0,7,['ETH_D_AvgPrc'],28,2,0.01,7,04/03/2023,128,0.481203008,0.487647691,64.29442632,0.035480625,7381.984261,0.49264396,83.28335091,4.637423148,83.34053877,0.04605628,11823.21726,0.486111111,108.7346185,6.085409031,0
11/08/2025 21:09,26.7s,0df85f4d0c98453c954507aff71307d7,ETH_base,LOCAL,/home/ec2-user/ETH_Price_Predition/.venv/lib/python3.11/site-packages/ipykernel_launcher.py,ec2-user,FINISHED,128,0.05,68,['ETH_D_AvgPrc'],14,3,0.001,7,04/03/2023,32,0.421052632,0.474758324,62.97798539,0.034772563,7389.705015,0.479296527,83.38145951,4.643306958,78.50595047,0.043212773,11201.01606,0.421875,105.8348528,5.887451893,0
11/08/2025 23:19,6.2s,ea0a5550861a4f16bb4ef6af246ed35f,ETH_base,LOCAL,/home/ec2-user/ETH_Price_Predition/.venv/lib/python3.11/site-packages/ipykernel_launcher.py,ec2-user,FINISHED,128,0,15,['ETH_D_AvgPrc'],21,1,0.001,7,04/03/2023,128,0.481203008,0.481203008,65.5043982,0.036086237,7146.866738,0.487268267,83.4197744,4.628459009,77.7521975,0.042700124,9771.886325,0.485294118,98.85285188,5.488370637,0
11/08/2025 23:20,9.0s,81fb22d67aa64fbf8784d46e9ff414a0,ETH_base,LOCAL,/home/ec2-user/ETH_Price_Predition/.venv/lib/python3.11/site-packages/ipykernel_launcher.py,ec2-user,FINISHED,32,0.05,10,['ETH_D_AvgPrc'],21,1,0.001,7,04/03/2023,64,0.436090226,0.471535983,64.31280832,0.035453622,7202.619473,0.477313797,83.47386865,4.639758622,78.54817578,0.043267087,10473.30347,0.441176471,102.339159,5.706089919,0
12/08/2025 01:00,20.9s,a1a1b1b8ffc44baa9a44622817127e9f,ETH_base,LOCAL,/home/ec2-user/ETH_Price_Predition/.venv/lib/python3.11/site-packages/ipykernel_launcher.py,ec2-user,FINISHED,128,0.05,54,['ETH_D_AvgPrc'],28,3,0.001,7,04/03/2023,32,0.443609023,0.464017186,63.22979717,0.034778199,7297.778094,0.471125138,83.50745543,4.61713894,79.1650347,0.043523316,11089.90966,0.452054795,105.30864,5.840678109,0
12/08/2025 00:25,6.7s,aaf0bf9cf3914fa7bb92281ebac782fa,ETH_base,LOCAL,/home/ec2-user/ETH_Price_Predition/.venv/lib/python3.11/site-packages/ipykernel_launcher.py,ec2-user,FINISHED,64,0.1,8,['ETH_D_AvgPrc'],28,1,0.01,7,04/03/2023,128,0.428571429,0.476906552,65.87679257,0.036404502,7255.342352,0.481002628,83.52038403,4.665120867,78.94467714,0.043138581,10455.49393,0.432835821,102.2521097,5.615121802,0
11/08/2025 20:59,15.9s,ee56d5fe75814289b9931c48f9d7a81e,ETH_base,LOCAL,/home/ec2-user/ETH_Price_Predition/.venv/lib/python3.11/site-packages/ipykernel_launcher.py,ec2-user,FINISHED,128,0.1,36,['ETH_D_AvgPrc'],14,2,0.001,7,04/03/2023,128,0.421052632,0.462943072,62.80435564,0.034635756,7418.919509,0.46686714,83.53902553,4.643166384,78.76158957,0.043373587,11325.3586,0.421875,106.4206681,5.922836168,0
11/08/2025 20:26,11.7s,e39975a6f2254eddb976cce4d4c1d9a8,ETH_base,LOCAL,/home/ec2-user/ETH_Price_Predition/.venv/lib/python3.11/site-packages/ipykernel_launcher.py,ec2-user,FINISHED,128,0.05,51,['ETH_D_AvgPrc'],14,1,0.001,7,04/03/2023,32,0.488721805,0.490870032,66.01761818,0.036393715,7239.521376,0.49554644,83.55725694,4.650665576,82.42961843,0.04508332,10646.34377,0.492957746,103.1811212,5.686325737,0
12/08/2025 00:54,18.3s,d76fe5be813e4e828f1a64e8c49a5b96,ETH_base,LOCAL,/home/ec2-user/ETH_Price_Predition/.venv/lib/python3.11/site-packages/ipykernel_launcher.py,ec2-user,FINISHED,64,0,20,['ETH_D_AvgPrc'],28,3,0.01,7,04/03/2023,64,0.436090226,0.480128894,63.61036743,0.034913388,7489.613342,0.484995048,83.57650005,4.615002398,83.96779707,0.046130751,12671.05693,0.441176471,112.5657894,6.229162626,0
11/08/2025 23:19,9.5s,79e540cc815a47dfa4d1173080360e14,ETH_base,LOCAL,/home/ec2-user/ETH_Price_Predition/.venv/lib/python3.11/site-packages/ipykernel_launcher.py,ec2-user,FINISHED,64,0.05,28,['ETH_D_AvgPrc'],21,1,0.001,7,04/03/2023,32,0.466165414,0.477980666,65.46617905,0.03601167,7216.239837,0.482426109,83.59156533,4.623465124,77.92145624,0.042704285,9875.765598,0.46969697,99.37688664,5.492709986,0
11/08/2025 20:14,24.3s,c82a6eec4b224d70984a0ee8f3a855ef,ETH_base,LOCAL,/home/ec2-user/ETH_Price_Predition/.venv/lib/python3.11/site-packages/ipykernel_launcher.py,ec2-user,FINISHED,32,0.1,14,['ETH_D_AvgPrc'],7,3,0.01,7,04/03/2023,64,0.428571429,0.468313641,63.411035,0.03456352,7579.487877,0.473140222,83.63065798,4.565287913,81.88397332,0.044554781,11719.70443,0.428571429,108.2575837,5.895931319,0
11/08/2025 20:31,10.9s,9589da7a8ea149b7a65e0e6bf3a387a7,ETH_base,LOCAL,/home/ec2-user/ETH_Price_Predition/.venv/lib/python3.11/site-packages/ipykernel_launcher.py,ec2-user,FINISHED,128,0.1,43,['ETH_D_AvgPrc'],14,1,0.001,7,04/03/2023,32,0.496240602,0.482277121,65.77075176,0.03623872,7257.066198,0.487856866,83.63264395,4.653313136,80.97434114,0.044532489,10199.37778,0.5,100.9919689,5.64458618,0
11/08/2025 23:54,20.1s,dad4e41602b345808881f5823c5db689,ETH_base,LOCAL,/home/ec2-user/ETH_Price_Predition/.venv/lib/python3.11/site-packages/ipykernel_launcher.py,ec2-user,FINISHED,128,0,56,['ETH_D_AvgPrc'],21,3,0.01,7,04/03/2023,128,0.458646617,0.470461869,63.31202863,0.034610961,7401.236699,0.476279882,83.72163796,4.594542525,79.44950442,0.0434618,11893.66008,0.463768116,109.0580583,5.997540195,0
11/08/2025 19:33,25.9s,5c77f554be4740448a4ed67d92059dd5,ETH_base,LOCAL,/home/ec2-user/ETH_Price_Predition/.venv/lib/python3.11/site-packages/ipykernel_launcher.py,ec2-user,FINISHED,32,0,33,['ETH_D_AvgPrc'],7,2,0.001,7,04/03/2023,32,0.436090226,0.472610097,62.6847523,0.034475975,7469.144701,0.47683493,83.78100527,4.633589258,81.82035862,0.044785697,12095.93838,0.439393939,109.9815365,6.051392713,0
12/08/2025 00:27,32.6s,3ba9591d4bbb4b6e81886db77315b943,ETH_base,LOCAL,/home/ec2-user/ETH_Price_Predition/.venv/lib/python3.11/site-packages/ipykernel_launcher.py,ec2-user,FINISHED,64,0,90,['ETH_D_AvgPrc'],28,2,0.01,7,04/03/2023,32,0.421052632,0.49301826,64.6427017,0.035437625,7631.407713,0.499792649,83.81955289,4.616460796,88.43884392,0.048352068,13673.56347,0.428571429,116.9340133,6.420671963,0
11/08/2025 23:30,17.7s,1ea2abf989484aa4ae3eaf4e7b2bc0c6,ETH_base,LOCAL,/home/ec2-user/ETH_Price_Predition/.venv/lib/python3.11/site-packages/ipykernel_launcher.py,ec2-user,FINISHED,32,0,13,['ETH_D_AvgPrc'],21,2,0.001,7,04/03/2023,128,0.428571429,0.480128894,63.08576285,0.03472956,7472.782253,0.484406332,83.87456918,4.647258385,82.54620384,0.0455076,12286.75756,0.428571429,110.8456475,6.17346653,0
11/08/2025 21:03,15.8s,94fc68ea17de4ff6a75fa07e821c6e15,ETH_base,LOCAL,/home/ec2-user/ETH_Price_Predition/.venv/lib/python3.11/site-packages/ipykernel_launcher.py,ec2-user,FINISHED,64,0,8,['ETH_D_AvgPrc'],14,3,0.01,7,04/03/2023,64,0.390977444,0.467239527,63.06560361,0.034748479,7508.426889,0.470071818,83.91772388,4.658651302,82.74710863,0.045624678,12499.15331,0.383333333,111.7996123,6.234418798,0
12/08/2025 00:43,26.5s,8f9ee972a47a46c689c2907e1bc28b53,ETH_base,LOCAL,/home/ec2-user/ETH_Price_Predition/.venv/lib/python3.11/site-packages/ipykernel_launcher.py,ec2-user,FINISHED,32,0.1,30,['ETH_D_AvgPrc'],28,2,0.001,7,04/03/2023,64,0.436090226,0.467239527,63.81112733,0.035177343,7478.950076,0.471658398,83.961626,4.662971451,83.76904182,0.04623307,12321.75822,0.439393939,111.0034153,6.197233359,0
11/08/2025 23:16,9.7s,bdc9092f8f964c9cb9463c344f85b0df,ETH_base,LOCAL,/home/ec2-user/ETH_Price_Predition/.venv/lib/python3.11/site-packages/ipykernel_launcher.py,ec2-user,FINISHED,64,0,30,['ETH_D_AvgPrc'],21,1,0.001,7,04/03/2023,32,0.428571429,0.461868958,65.09075665,0.03580901,7236.944694,0.466742364,83.96387688,4.643994642,78.78632441,0.043292053,10319.97169,0.430769231,101.5872615,5.636719506,0
11/08/2025 19:23,14.1s,8ef60a28063842478a1a52bcf898fb5f,ETH_base,LOCAL,/home/ec2-user/ETH_Price_Predition/.venv/lib/python3.11/site-packages/ipykernel_launcher.py,ec2-user,FINISHED,64,0.05,52,['ETH_D_AvgPrc'],7,1,0.001,7,04/03/2023,32,0.436090226,0.473684211,63.43647591,0.035009804,7423.126052,0.478447037,83.99167335,4.673191845,80.14009656,0.044086105,11506.27752,0.435483871,107.2673181,5.952706366,0
11/08/2025 20:04,32.7s,9bccfa88ee894cd084c183072636a17e,ETH_base,LOCAL,/home/ec2-user/ETH_Price_Predition/.venv/lib/python3.11/site-packages/ipykernel_launcher.py,ec2-user,FINISHED,128,0.05,105,['ETH_D_AvgPrc'],7,3,0.001,7,04/03/2023,32,0.436090226,0.471535983,62.52226695,0.034348199,7525.361916,0.476881744,84.02241376,4.639930374,81.60841473,0.044871534,12215.24624,0.441176471,110.5226051,6.125996845,0
11/08/2025 19:19,7.6s,8563097a793644029c01e0888cba39be,ETH_base,LOCAL,/home/ec2-user/ETH_Price_Predition/.venv/lib/python3.11/site-packages/ipykernel_launcher.py,ec2-user,FINISHED,64,0,13,['ETH_D_AvgPrc'],7,1,0.01,7,04/03/2023,32,0.45112782,0.476906552,64.19780209,0.035381557,7516.54231,0.480689248,84.07438894,4.672299518,93.56176368,0.051702966,14172.29181,0.451612903,119.0474351,6.673887008,0
11/08/2025 23:17,7.5s,4f215b05b86a4dc09427cfe0c03ca896,ETH_base,LOCAL,/home/ec2-user/ETH_Price_Predition/.venv/lib/python3.11/site-packages/ipykernel_launcher.py,ec2-user,FINISHED,64,0,15,['ETH_D_AvgPrc'],21,1,0.001,7,04/03/2023,64,0.428571429,0.476906552,65.92977764,0.036317779,7260.696144,0.482953275,84.1064303,4.665573165,78.05717411,0.042858338,9848.796885,0.436619718,99.24110482,5.503372947,0
11/08/2025 23:47,22.1s,bca136d743074ed6b89fb3eb45d1e33a,ETH_base,LOCAL,/home/ec2-user/ETH_Price_Predition/.venv/lib/python3.11/site-packages/ipykernel_launcher.py,ec2-user,FINISHED,32,0,7,['ETH_D_AvgPrc'],21,3,0.01,7,04/03/2023,32,0.436090226,0.467239527,64.4859842,0.03577649,7558.007294,0.470960921,84.18021777,4.738998754,86.29731165,0.047731926,12762.75883,0.435483871,112.9723808,6.348604421,0
11/08/2025 23:24,8.1s,2382789fe27d4d51a604cd796266ff97,ETH_base,LOCAL,/home/ec2-user/ETH_Price_Predition/.venv/lib/python3.11/site-packages/ipykernel_launcher.py,ec2-user,FINISHED,64,0.1,18,['ETH_D_AvgPrc'],21,1,0.001,7,04/03/2023,64,0.436090226,0.470461869,65.53053017,0.036044389,7305.23963,0.475820153,84.19016616,4.651670598,78.28448693,0.04291611,10065.45496,0.441176471,100.326741,5.536247674,0
11/08/2025 20:40,13.4s,4c1c7ac686fa49059898c0399e42c739,ETH_base,LOCAL,/home/ec2-user/ETH_Price_Predition/.venv/lib/python3.11/site-packages/ipykernel_launcher.py,ec2-user,FINISHED,64,0,9,['ETH_D_AvgPrc'],14,2,0.01,7,04/03/2023,128,0.413533835,0.466165414,63.94123245,0.035092638,7361.694266,0.470517307,84.21821542,4.646894796,77.8518468,0.042650095,10964.02459,0.415384615,104.7092383,5.775871165,0
11/08/2025 23:27,11.3s,f7b6f8455fa9465f9a39d054fb08cc13,ETH_base,LOCAL,/home/ec2-user/ETH_Price_Predition/.venv/lib/python3.11/site-packages/ipykernel_launcher.py,ec2-user,FINISHED,64,0,7,['ETH_D_AvgPrc'],21,2,0.01,7,04/03/2023,32,0.45112782,0.485499463,63.57685119,0.035036858,7539.024054,0.490418829,84.2188545,4.671952963,80.53873048,0.044204822,11803.76692,0.454545455,108.6451422,6.004461396,0
12/08/2025 00:29,21.6s,22720bd72a204f0fb359788731f12784,ETH_base,LOCAL,/home/ec2-user/ETH_Price_Predition/.venv/lib/python3.11/site-packages/ipykernel_launcher.py,ec2-user,FINISHED,128,0,81,['ETH_D_AvgPrc'],28,2,0.01,7,04/03/2023,64,0.421052632,0.476906552,66.32512235,0.036512178,7637.023418,0.482226948,84.26739815,4.667545169,88.85522025,0.048886489,13647.34601,0.426470588,116.8218559,6.475577083,0
11/08/2025 20:56,17.4s,c98db75e46134d88b18adf0188e9640d,ETH_base,LOCAL,/home/ec2-user/ETH_Price_Predition/.venv/lib/python3.11/site-packages/ipykernel_launcher.py,ec2-user,FINISHED,128,0.1,43,['ETH_D_AvgPrc'],14,2,0.001,7,04/03/2023,64,0.45112782,0.469387755,63.69667029,0.035159623,7486.9637,0.475122223,84.29227017,4.689313107,81.21223232,0.044754902,11679.75688,0.457142857,108.0729239,6.020754614,0
11/08/2025 23:24,8.6s,fc3cf91586324f388dc6f8bfad84eb17,ETH_base,LOCAL,/home/ec2-user/ETH_Price_Predition/.venv/lib/python3.11/site-packages/ipykernel_launcher.py,ec2-user,FINISHED,32,0.1,8,['ETH_D_AvgPrc'],21,1,0.001,7,04/03/2023,64,0.413533835,0.467239527,66.05850865,0.036529873,7318.996211,0.474055121,84.36800338,4.719823921,79.28967905,0.043677762,10318.30839,0.424657534,101.5790746,5.673300759,0
11/08/2025 21:05,21.2s,7f5271e6ff734a508a8c7743a51c6a77,ETH_base,LOCAL,/home/ec2-user/ETH_Price_Predition/.venv/lib/python3.11/site-packages/ipykernel_launcher.py,ec2-user,FINISHED,128,0,49,['ETH_D_AvgPrc'],14,3,0.001,7,04/03/2023,128,0.406015038,0.469387755,63.29741684,0.03483879,7656.383847,0.473253145,84.42713637,4.679686228,82.5034361,0.045429939,12584.02368,0.40625,112.1785348,6.233433726,0
11/08/2025 20:23,8.1s,7369c82df000460db8a603015b9c63f6,ETH_base,LOCAL,/home/ec2-user/ETH_Price_Predition/.venv/lib/python3.11/site-packages/ipykernel_launcher.py,ec2-user,FINISHED,128,0,25,['ETH_D_AvgPrc'],14,1,0.001,7,04/03/2023,64,0.473684211,0.480128894,66.52936938,0.036696633,7379.26392,0.486179981,84.51697109,4.709366429,80.04762509,0.04400749,10438.87483,0.478873239,102.170812,5.695891896,0
11/08/2025 23:49,12.2s,7026b6016fd34d4db4b23d93d05d1b29,ETH_base,LOCAL,/home/ec2-user/ETH_Price_Predition/.venv/lib/python3.11/site-packages/ipykernel_launcher.py,ec2-user,FINISHED,128,0,11,['ETH_D_AvgPrc'],21,3,0.01,7,04/03/2023,32,0.443609023,0.466165414,64.14290775,0.035437516,7501.625226,0.4723472,84.54931059,4.711636483,81.08785873,0.044679029,11686.91761,0.449275362,108.106048,6.019197945,0
11/08/2025 23:23,9.4s,6428c2e50b0b466db978834f4ee38202,ETH_base,LOCAL,/home/ec2-user/ETH_Price_Predition/.venv/lib/python3.11/site-packages/ipykernel_launcher.py,ec2-user,FINISHED,128,0.1,42,['ETH_D_AvgPrc'],21,1,0.001,7,04/03/2023,32,0.443609023,0.453276047,65.54368262,0.03614651,7320.554365,0.460205628,84.57764072,4.700688699,77.87900285,0.042875878,10289.09576,0.450704225,101.4351801,5.650292813,0
11/08/2025 20:07,30.4s,b0a3543e85e94288bd36df4e9a0ae9a6,ETH_base,LOCAL,/home/ec2-user/ETH_Price_Predition/.venv/lib/python3.11/site-packages/ipykernel_launcher.py,ec2-user,FINISHED,128,0.05,83,['ETH_D_AvgPrc'],7,3,0.001,7,04/03/2023,64,0.436090226,0.476906552,63.03571245,0.034679169,7674.958008,0.481743808,84.61102823,4.68377469,82.6156591,0.045448967,12601.63885,0.441176471,112.2570214,6.226058974,0
11/08/2025 23:26,6.5s,7b057d6da72a42b2aca06a44df48994e,ETH_base,LOCAL,/home/ec2-user/ETH_Price_Predition/.venv/lib/python3.11/site-packages/ipykernel_launcher.py,ec2-user,FINISHED,128,0.1,17,['ETH_D_AvgPrc'],21,1,0.001,7,04/03/2023,128,0.436090226,0.476906552,66.18131558,0.036440976,7346.336343,0.483222452,84.64709799,4.690643124,77.86406897,0.042724289,9870.977322,0.444444444,99.35279222,5.502708825,0
11/08/2025 19:42,24.9s,fb5b800c3f8e4c2f8477f093974c02ac,ETH_base,LOCAL,/home/ec2-user/ETH_Price_Predition/.venv/lib/python3.11/site-packages/ipykernel_launcher.py,ec2-user,FINISHED,32,0.05,26,['ETH_D_AvgPrc'],7,2,0.001,7,04/03/2023,64,0.45112782,0.469387755,63.35830154,0.034758056,7594.998317,0.47437026,84.68293231,4.665720044,82.42931693,0.045151618,12283.75571,0.454545455,110.832106,6.103112841,0
12/08/2025 00:15,6.2s,6439638a32b344f6b8cb2fbfb5b52d63,ETH_base,LOCAL,/home/ec2-user/ETH_Price_Predition/.venv/lib/python3.11/site-packages/ipykernel_launcher.py,ec2-user,FINISHED,64,0,5,['ETH_D_AvgPrc'],28,1,0.01,7,04/03/2023,128,0.428571429,0.474758324,66.85853788,0.036780688,7663.200459,0.478703885,84.76356015,4.697280825,79.73499476,0.043727932,11159.62807,0.428571429,105.6391408,5.8354827,0
11/08/2025 20:30,11.2s,ef9801dceede47eb8d97053a654d2fb0,ETH_base,LOCAL,/home/ec2-user/ETH_Price_Predition/.venv/lib/python3.11/site-packages/ipykernel_launcher.py,ec2-user,FINISHED,64,0.1,30,['ETH_D_AvgPrc'],14,1,0.001,7,04/03/2023,32,0.443609023,0.471535983,66.2576488,0.03648288,7454.115979,0.477123862,84.77041899,4.70011684,80.2092315,0.044100183,10735.39288,0.447761194,103.6117411,5.764111156,0
11/08/2025 23:28,14.7s,24413feefc434d63b9d06c488e533791,ETH_base,LOCAL,/home/ec2-user/ETH_Price_Predition/.venv/lib/python3.11/site-packages/ipykernel_launcher.py,ec2-user,FINISHED,32,0,5,['ETH_D_AvgPrc'],21,2,0.01,7,04/03/2023,64,0.458646617,0.486573577,67.05315146,0.03683021,7285.522701,0.491296993,84.78361706,4.696988798,78.27358458,0.043337553,10665.49306,0.46031746,103.273874,5.836777756,0
11/08/2025 20:17,28.3s,2bf261ff553c4e75bbd9e46c8bb217f1,ETH_base,LOCAL,/home/ec2-user/ETH_Price_Predition/.venv/lib/python3.11/site-packages/ipykernel_launcher.py,ec2-user,FINISHED,128,0.1,73,['ETH_D_AvgPrc'],7,3,0.001,7,04/03/2023,64,0.421052632,0.468313641,63.50491153,0.034808578,7563.35183,0.473682712,84.78821242,4.66430052,81.22597945,0.044576861,12128.23113,0.424242424,110.1282485,6.085862362,0
11/08/2025 23:20,8.7s,559b896ce6db4d4a9a3f0004fe102900,ETH_base,LOCAL,/home/ec2-user/ETH_Price_Predition/.venv/lib/python3.11/site-packages/ipykernel_launcher.py,ec2-user,FINISHED,64,0.05,17,['ETH_D_AvgPrc'],21,1,0.001,7,04/03/2023,64,0.428571429,0.471535983,66.27712747,0.036512418,7401.095189,0.477823662,84.90398448,4.709024279,77.77161264,0.04272183,9899.245126,0.438356164,99.49495025,5.523938845,0
11/08/2025 23:36,11.1s,02fbcd0418ea4ecc858b1b5e9244170d,ETH_base,LOCAL,/home/ec2-user/ETH_Price_Predition/.venv/lib/python3.11/site-packages/ipykernel_launcher.py,ec2-user,FINISHED,64,0.05,4,['ETH_D_AvgPrc'],21,2,0.01,7,04/03/2023,64,0.406015038,0.45972073,66.21008694,0.036590365,7709.893482,0.465499538,85.00160215,4.757472924,102.754392,0.056884975,16110.8123,0.411764706,126.9283747,7.174803966,0
11/08/2025 21:25,19.2s,59679c4a59264cdf955dba756413bbbe,ETH_base,LOCAL,/home/ec2-user/ETH_Price_Predition/.venv/lib/python3.11/site-packages/ipykernel_launcher.py,ec2-user,FINISHED,128,0.1,37,['ETH_D_AvgPrc'],14,3,0.001,7,04/03/2023,64,0.45112782,0.4650913,64.47388849,0.035416472,7592.756667,0.471158102,85.03544612,4.693419875,82.15190985,0.045285486,11816.11192,0.455882353,108.7019407,6.060032885,0
12/08/2025 01:07,24.4s,81dc69ad806f4f16b71c5419685a9f0b,ETH_base,LOCAL,/home/ec2-user/ETH_Price_Predition/.venv/lib/python3.11/site-packages/ipykernel_launcher.py,ec2-user,FINISHED,128,0.05,69,['ETH_D_AvgPrc'],28,3,0.01,7,04/03/2023,128,0.443609023,0.4650913,64.5633166,0.035251436,7579.061973,0.470684529,85.0442265,4.647597264,80.02008309,0.043745444,11298.65818,0.450704225,106.2951465,5.838681269,0
12/08/2025 00:14,10.1s,964caa78620d42aab8609d41c64e1a2d,ETH_base,LOCAL,/home/ec2-user/ETH_Price_Predition/.venv/lib/python3.11/site-packages/ipykernel_launcher.py,ec2-user,FINISHED,128,0,48,['ETH_D_AvgPrc'],28,1,0.001,7,04/03/2023,32,0.518796992,0.487647691,66.6844327,0.036646827,7534.03847,0.49234095,85.07427167,4.696522342,82.99964228,0.045432677,10890.34365,0.523076923,104.3568093,5.748121065,0
11/08/2025 19:56,20.8s,acda9fd35fcb4a8b9ff3a7ffec51fb76,ETH_base,LOCAL,/home/ec2-user/ETH_Price_Predition/.venv/lib/python3.11/site-packages/ipykernel_launcher.py,ec2-user,FINISHED,64,0,26,['ETH_D_AvgPrc'],7,3,0.01,7,04/03/2023,32,0.413533835,0.474758324,64.75325132,0.035395357,7641.947512,0.480102677,85.11041356,4.66367963,82.70650557,0.045188241,12498.43363,0.415384615,111.7963936,6.130076574,0
11/08/2025 20:47,14.6s,432377ba1b7f4cd487c04afc8a0cb921,ETH_base,LOCAL,/home/ec2-user/ETH_Price_Predition/.venv/lib/python3.11/site-packages/ipykernel_launcher.py,ec2-user,FINISHED,128,0.05,28,['ETH_D_AvgPrc'],14,2,0.001,7,04/03/2023,64,0.45112782,0.464017186,64.53802444,0.035601333,7564.94398,0.471319548,85.12667385,4.732200516,80.13301694,0.044106724,10979.1788,0.457142857,104.7815766,5.83762387,0
11/08/2025 19:38,11.7s,ed47b08078be43f2be7a5682e49c6e11,ETH_base,LOCAL,/home/ec2-user/ETH_Price_Predition/.venv/lib/python3.11/site-packages/ipykernel_launcher.py,ec2-user,FINISHED,64,0,6,['ETH_D_AvgPrc'],7,2,0.01,7,04/03/2023,128,0.458646617,0.467239527,64.84388748,0.035654787,7727.768622,0.472506434,85.18486508,4.71296078,83.92187844,0.046177889,11842.38975,0.462686567,108.8227446,6.040828057,0
11/08/2025 19:36,24.7s,bb700d89876e43c692c055a47d7ddd53,ETH_base,LOCAL,/home/ec2-user/ETH_Price_Predition/.venv/lib/python3.11/site-packages/ipykernel_launcher.py,ec2-user,FINISHED,32,0,29,['ETH_D_AvgPrc'],7,2,0.001,7,04/03/2023,64,0.45112782,0.471535983,63.21594481,0.034646752,7800.308541,0.476218309,85.18594436,4.690458805,84.82103551,0.046448747,13230.10146,0.454545455,115.0221781,6.329495221,0
11/08/2025 19:19,11.8s,b9e584382ca84839bfb171d93ad7c253,ETH_base,LOCAL,/home/ec2-user/ETH_Price_Predition/.venv/lib/python3.11/site-packages/ipykernel_launcher.py,ec2-user,FINISHED,64,0,40,['ETH_D_AvgPrc'],7,1,0.001,7,04/03/2023,32,0.488721805,0.483351235,65.10488521,0.03594642,7591.392768,0.488694747,85.21170317,4.745900897,83.2412823,0.045814374,11442.30408,0.493150685,106.9687061,5.960160631,0
11/08/2025 23:50,22.9s,ce84c731740b4510ad553c241898c795,ETH_base,LOCAL,/home/ec2-user/ETH_Price_Predition/.venv/lib/python3.11/site-packages/ipykernel_launcher.py,ec2-user,FINISHED,32,0,15,['ETH_D_AvgPrc'],21,3,0.001,7,04/03/2023,64,0.436090226,0.471535983,64.37733304,0.035498353,7686.335503,0.476984824,85.22262746,4.731870139,80.15292037,0.044035249,11530.32003,0.441176471,107.3793277,5.944938998,0
11/08/2025 20:28,8.5s,fed8f8de969f41879b125eec4218624c,ETH_base,LOCAL,/home/ec2-user/ETH_Price_Predition/.venv/lib/python3.11/site-packages/ipykernel_launcher.py,ec2-user,FINISHED,64,0.05,16,['ETH_D_AvgPrc'],14,1,0.001,7,04/03/2023,64,0.496240602,0.47905478,67.14934096,0.037115164,7465.5757,0.484408873,85.24036362,4.771907914,80.92447221,0.044592935,10640.54114,0.5,103.1529987,5.781558427,0
11/08/2025 23:57,22.0s,ee4fa4a08e5f474c9841beaa33f478c1,ETH_base,LOCAL,/home/ec2-user/ETH_Price_Predition/.venv/lib/python3.11/site-packages/ipykernel_launcher.py,ec2-user,FINISHED,128,0.05,64,['ETH_D_AvgPrc'],21,3,0.001,7,04/03/2023,32,0.443609023,0.466165414,64.46208602,0.035531862,7643.907209,0.470763962,85.32882097,4.735756851,80.7703566,0.044516044,11621.10629,0.444444444,107.8012351,6.006070764,0
12/08/2025 00:02,17.3s,b47de3b163af4ea1b7d8dc73140fe1b1,ETH_base,LOCAL,/home/ec2-user/ETH_Price_Predition/.venv/lib/python3.11/site-packages/ipykernel_launcher.py,ec2-user,FINISHED,128,0.05,37,['ETH_D_AvgPrc'],21,3,0.01,7,04/03/2023,128,0.413533835,0.473684211,65.21985185,0.035828407,7643.968637,0.478567516,85.3811692,4.715584338,84.45116017,0.046656686,12377.83343,0.420289855,111.2557119,6.246919266,0
11/08/2025 21:27,40.2s,f4eefb1ea152406a85be501ec3c19645,ETH_base,LOCAL,/home/ec2-user/ETH_Price_Predition/.venv/lib/python3.11/site-packages/ipykernel_launcher.py,ec2-user,FINISHED,128,0.1,134,['ETH_D_AvgPrc'],14,3,0.01,7,04/03/2023,128,0.45112782,0.476906552,65.97590514,0.036276868,7512.42441,0.481700155,85.39601127,4.730221762,78.0252463,0.042518482,11174.33887,0.453125,105.7087455,5.778270571,0
11/08/2025 23:19,10.7s,ebd0e34e5b2147648fdb5304d30b3261,ETH_base,LOCAL,/home/ec2-user/ETH_Price_Predition/.venv/lib/python3.11/site-packages/ipykernel_launcher.py,ec2-user,FINISHED,32,0.05,17,['ETH_D_AvgPrc'],21,1,0.001,7,04/03/2023,32,0.436090226,0.471535983,65.72747095,0.036215589,7593.585534,0.477334591,85.42206778,4.736816528,84.18966996,0.046451002,12267.33012,0.441176471,110.75798,6.176308497,0
11/08/2025 23:17,7.8s,56ac9814cab5479daa9b63c8cee310ad,ETH_base,LOCAL,/home/ec2-user/ETH_Price_Predition/.venv/lib/python3.11/site-packages/ipykernel_launcher.py,ec2-user,FINISHED,128,0,25,['ETH_D_AvgPrc'],21,1,0.001,7,04/03/2023,64,0.436090226,0.473684211,66.87071141,0.036764276,7455.799617,0.480647889,85.53327856,4.725607229,78.73213299,0.043083714,9915.576844,0.447368421,99.57698953,5.476851643,0
11/08/2025 23:18,7.4s,afbb80ab03b64f098fd4431c4766c221,ETH_base,LOCAL,/home/ec2-user/ETH_Price_Predition/.venv/lib/python3.11/site-packages/ipykernel_launcher.py,ec2-user,FINISHED,64,0,15,['ETH_D_AvgPrc'],21,1,0.001,7,04/03/2023,128,0.443609023,0.472610097,66.41551095,0.036639538,7568.419731,0.478618175,85.54291977,4.757564785,80.23536785,0.044242517,10887.51465,0.449275362,104.343254,5.823354461,0
11/08/2025 23:39,10.0s,07529c35221843dca7a4c86565656e8f,ETH_base,LOCAL,/home/ec2-user/ETH_Price_Predition/.venv/lib/python3.11/site-packages/ipykernel_launcher.py,ec2-user,FINISHED,128,0.05,10,['ETH_D_AvgPrc'],21,2,0.001,7,04/03/2023,128,0.466165414,0.469387755,67.08820688,0.036974079,7516.812453,0.476105425,85.56847887,4.750164871,81.5365713,0.044783204,10498.69593,0.472222222,102.4631442,5.688692108,0
11/08/2025 23:44,15.3s,96f257affe7f400c841ba48d083b0780,ETH_base,LOCAL,/home/ec2-user/ETH_Price_Predition/.venv/lib/python3.11/site-packages/ipykernel_launcher.py,ec2-user,FINISHED,32,0.1,5,['ETH_D_AvgPrc'],21,2,0.01,7,04/03/2023,128,0.473684211,0.482277121,67.10463275,0.037481006,7826.211621,0.48759234,85.64427096,4.929126454,89.51984216,0.049745446,12924.6096,0.47761194,113.686453,6.495567626,0
11/08/2025 23:23,11.4s,9e436202c42044828ab8391319b4730a,ETH_base,LOCAL,/home/ec2-user/ETH_Price_Predition/.venv/lib/python3.11/site-packages/ipykernel_launcher.py,ec2-user,FINISHED,32,0.1,17,['ETH_D_AvgPrc'],21,1,0.001,7,04/03/2023,32,0.421052632,0.4650913,67.12251585,0.0371781,7550.453063,0.470920995,85.66995026,4.807350317,79.48458403,0.043782699,10398.04359,0.426470588,101.9707977,5.688288916,0
11/08/2025 20:26,11.3s,d5276bb8c3674425b261a3f4fc93077c,ETH_base,LOCAL,/home/ec2-user/ETH_Price_Predition/.venv/lib/python3.11/site-packages/ipykernel_launcher.py,ec2-user,FINISHED,64,0.05,32,['ETH_D_AvgPrc'],14,1,0.001,7,04/03/2023,32,0.45112782,0.474758324,66.40123915,0.036703852,7577.654219,0.480247421,85.6895096,4.789092327,79.46912195,0.043796046,11072.62692,0.454545455,105.2265504,5.87254464,0
11/08/2025 19:18,11.4s,a21f444ce676471ca44a08aa8c5b774b,ETH_base,LOCAL,/home/ec2-user/ETH_Price_Predition/.venv/lib/python3.11/site-packages/ipykernel_launcher.py,ec2-user,FINISHED,32,0,12,['ETH_D_AvgPrc'],7,1,0.01,7,04/03/2023,32,0.45112782,0.486573577,67.68686742,0.037414472,7640.907749,0.491434793,85.69493741,4.782439801,81.72973931,0.044887068,11816.61005,0.453125,108.704232,6.011566361,0
11/08/2025 21:00,24.6s,1eed6304f87a42e6b9e13ba077871951,ETH_base,LOCAL,/home/ec2-user/ETH_Price_Predition/.venv/lib/python3.11/site-packages/ipykernel_launcher.py,ec2-user,FINISHED,64,0,33,['ETH_D_AvgPrc'],14,3,0.001,7,04/03/2023,32,0.436090226,0.468313641,64.38978546,0.035428882,7773.850422,0.473629135,85.70578798,4.742670616,82.83604557,0.045632599,12296.91744,0.441176471,110.8914669,6.167394968,0
11/08/2025 23:50,14.1s,856919c660354dccafa643f14004f6da,ETH_base,LOCAL,/home/ec2-user/ETH_Price_Predition/.venv/lib/python3.11/site-packages/ipykernel_launcher.py,ec2-user,FINISHED,64,0,7,['ETH_D_AvgPrc'],21,3,0.01,7,04/03/2023,64,0.428571429,0.476906552,65.65536771,0.036330172,7859.093197,0.48171988,85.76288203,4.796699568,81.28304595,0.044847438,11996.63334,0.428571429,109.5291438,6.115863034,0
11/08/2025 23:21,7.3s,258b03e065f949358c301c8e9e7bb0ff,ETH_base,LOCAL,/home/ec2-user/ETH_Price_Predition/.venv/lib/python3.11/site-packages/ipykernel_launcher.py,ec2-user,FINISHED,128,0.05,23,['ETH_D_AvgPrc'],21,1,0.001,7,04/03/2023,64,0.428571429,0.489795918,67.37266965,0.03706307,7518.765271,0.49488946,85.81988415,4.745658534,78.0786851,0.042815753,9936.385957,0.436619718,99.68142232,5.512655786,0
11/08/2025 19:50,23.2s,a9310366d7d642a1a69e422a00d4e644,ETH_base,LOCAL,/home/ec2-user/ETH_Price_Predition/.venv/lib/python3.11/site-packages/ipykernel_launcher.py,ec2-user,FINISHED,32,0.1,22,['ETH_D_AvgPrc'],7,2,0.001,7,04/03/2023,64,0.436090226,0.466165414,64.67636007,0.035520295,7702.616832,0.471600287,85.87151574,4.739513531,81.93056746,0.044994803,11907.34845,0.441176471,109.1207975,6.036803311,0
11/08/2025 21:17,20.2s,2cde4505a74c405fa354a1a30168feae,ETH_base,LOCAL,/home/ec2-user/ETH_Price_Predition/.venv/lib/python3.11/site-packages/ipykernel_launcher.py,ec2-user,FINISHED,128,0.05,36,['ETH_D_AvgPrc'],14,3,0.01,7,04/03/2023,128,0.428571429,0.472610097,64.96057181,0.035630927,7771.400425,0.477530787,85.87177741,4.733916505,79.32806649,0.043546855,11495.63741,0.430769231,107.2177103,5.933693509,0
11/08/2025 20:32,9.0s,83e19c49202243f39bbc2a4a926d9147,ETH_base,LOCAL,/home/ec2-user/ETH_Price_Predition/.venv/lib/python3.11/site-packages/ipykernel_launcher.py,ec2-user,FINISHED,128,0.1,29,['ETH_D_AvgPrc'],14,1,0.001,7,04/03/2023,64,0.481203008,0.471535983,67.52021031,0.037179741,7565.653537,0.477947846,85.87392057,4.76332263,80.48017619,0.044083152,10472.46996,0.485714286,102.3350867,5.650594256,0
12/08/2025 00:12,10.1s,063f326b11ef4e2281b3c6604b84cca8,ETH_base,LOCAL,/home/ec2-user/ETH_Price_Predition/.venv/lib/python3.11/site-packages/ipykernel_launcher.py,ec2-user,FINISHED,32,0,14,['ETH_D_AvgPrc'],28,1,0.001,7,04/03/2023,32,0.496240602,0.462943072,67.39886894,0.037064622,7611.357547,0.467890854,85.89756292,4.747882066,82.05394521,0.044820533,10791.66476,0.5,103.8829378,5.698034472,0
11/08/2025 19:35,14.9s,024cdf9d6e3a4b34846caaccaeeef949,ETH_base,LOCAL,/home/ec2-user/ETH_Price_Predition/.venv/lib/python3.11/site-packages/ipykernel_launcher.py,ec2-user,FINISHED,32,0,5,['ETH_D_AvgPrc'],7,2,0.01,7,04/03/2023,64,0.466165414,0.484425349,66.14931035,0.036051215,7937.781178,0.48870762,85.90802257,4.686574523,80.32103001,0.043767706,11317.92297,0.46875,106.3857273,5.809305106,0
11/08/2025 20:28,8.8s,6c408bcd78664fc98d9a28fd6cb9e5d2,ETH_base,LOCAL,/home/ec2-user/ETH_Price_Predition/.venv/lib/python3.11/site-packages/ipykernel_launcher.py,ec2-user,FINISHED,32,0.05,5,['ETH_D_AvgPrc'],14,1,0.001,7,04/03/2023,128,0.481203008,0.466165414,68.24006484,0.03758746,7600.900986,0.473016114,85.95901386,4.775422594,79.37657108,0.043630895,10124.73752,0.485294118,100.6217547,5.610085493,0
11/08/2025 20:24,9.1s,5acdb57796254b05a387fabfae514061,ETH_base,LOCAL,/home/ec2-user/ETH_Price_Predition/.venv/lib/python3.11/site-packages/ipykernel_launcher.py,ec2-user,FINISHED,32,0,7,['ETH_D_AvgPrc'],14,1,0.001,7,04/03/2023,128,0.496240602,0.488721805,66.66959303,0.036761334,7640.286599,0.493882929,86.00436938,4.786884575,80.42479895,0.044351327,10978.14854,0.5,104.7766603,5.86895187,0
11/08/2025 20:29,7.9s,3d5c8aa34a234bd194a0b99b803c84fb,ETH_base,LOCAL,/home/ec2-user/ETH_Price_Predition/.venv/lib/python3.11/site-packages/ipykernel_launcher.py,ec2-user,FINISHED,128,0.05,19,['ETH_D_AvgPrc'],14,1,0.001,7,04/03/2023,128,0.511278195,0.472610097,68.09873633,0.037604811,7606.414734,0.479066561,86.07551189,4.807416769,81.66607046,0.044934628,10375.80216,0.513888889,101.8616815,5.697549648,0
11/08/2025 20:39,15.5s,103e7b2333004b4796a3343c19369fed,ETH_base,LOCAL,/home/ec2-user/ETH_Price_Predition/.venv/lib/python3.11/site-packages/ipykernel_launcher.py,ec2-user,FINISHED,32,0,3,['ETH_D_AvgPrc'],14,2,0.001,7,04/03/2023,128,0.496240602,0.47905478,67.75033428,0.037463109,7627.219966,0.485130723,86.12431697,4.81963388,80.91672166,0.044366832,10174.66086,0.5,100.8695239,5.592138587,0
12/08/2025 00:37,10.3s,6aedca3552c24ea5911cd19017839864,ETH_base,LOCAL,/home/ec2-user/ETH_Price_Predition/.venv/lib/python3.11/site-packages/ipykernel_launcher.py,ec2-user,FINISHED,128,0.05,10,['ETH_D_AvgPrc'],28,2,0.01,7,04/03/2023,64,0.436090226,0.471535983,65.58599368,0.03619275,7768.00604,0.47716796,86.12628614,4.79619888,79.25589907,0.043573318,11261.85764,0.441176471,106.1218999,5.888194805,0
11/08/2025 23:49,19.8s,80d3b06590a34a48adaf81b5eac51cb5,ETH_base,LOCAL,/home/ec2-user/ETH_Price_Predition/.venv/lib/python3.11/site-packages/ipykernel_launcher.py,ec2-user,FINISHED,32,0,8,['ETH_D_AvgPrc'],21,3,0.01,7,04/03/2023,64,0.45112782,0.461868958,64.80158625,0.035663222,8046.055486,0.466929602,86.17282564,4.774004463,87.09687404,0.047974728,13566.49213,0.453125,116.4752855,6.471087566,0
12/08/2025 00:23,9.3s,37468066fff54c188d98f62817118daa,ETH_base,LOCAL,/home/ec2-user/ETH_Price_Predition/.venv/lib/python3.11/site-packages/ipykernel_launcher.py,ec2-user,FINISHED,64,0.1,24,['ETH_D_AvgPrc'],28,1,0.001,7,04/03/2023,32,0.503759398,0.485499463,68.02169429,0.037392774,7696.445161,0.490156901,86.24549337,4.765041782,82.9560049,0.045680809,11332.24773,0.507936508,106.4530306,5.93378106,0
11/08/2025 20:37,17.1s,3c273b5c73714ee3b6f53753fd2a2437,ETH_base,LOCAL,/home/ec2-user/ETH_Price_Predition/.venv/lib/python3.11/site-packages/ipykernel_launcher.py,ec2-user,FINISHED,32,0,5,['ETH_D_AvgPrc'],14,2,0.001,7,04/03/2023,64,0.496240602,0.470461869,67.04049515,0.036967705,7719.726348,0.476969338,86.34094984,4.801399592,81.58699827,0.044706678,10637.6186,0.5,103.1388317,5.703068714,0
11/08/2025 19:40,24.8s,b1b67601590048c2888d58fa44d97a8b,ETH_base,LOCAL,/home/ec2-user/ETH_Price_Predition/.venv/lib/python3.11/site-packages/ipykernel_launcher.py,ec2-user,FINISHED,32,0.05,27,['ETH_D_AvgPrc'],7,2,0.001,7,04/03/2023,32,0.466165414,0.468313641,65.66354721,0.036044776,7762.946995,0.474286671,86.36347838,4.762327651,83.84270942,0.046175574,12097.34179,0.472222222,109.9879166,6.119270574,0
11/08/2025 19:53,12.9s,0177558f3e9d4006ad17d31516c3f5fa,ETH_base,LOCAL,/home/ec2-user/ETH_Price_Predition/.venv/lib/python3.11/site-packages/ipykernel_launcher.py,ec2-user,FINISHED,64,0.1,9,['ETH_D_AvgPrc'],7,2,0.01,7,04/03/2023,128,0.496240602,0.472610097,68.95289227,0.038378004,7850.528666,0.476162146,86.40362295,4.906394694,81.19508052,0.04491577,10860.11903,0.5,104.2118949,5.87183573,0
11/08/2025 20:09,24.2s,adcc4142fa3447f693b0fd6f9bc47f81,ETH_base,LOCAL,/home/ec2-user/ETH_Price_Predition/.venv/lib/python3.11/site-packages/ipykernel_launcher.py,ec2-user,FINISHED,32,0.05,12,['ETH_D_AvgPrc'],7,3,0.001,7,04/03/2023,128,0.436090226,0.464017186,65.15065011,0.035898785,7867.92659,0.468598566,86.46385627,4.792879822,81.07959925,0.044317911,11418.70162,0.439393939,106.858325,5.872699457,0
11/08/2025 19:48,20.2s,9d809d161ce64a84a8ce0b7f4df8c72b,ETH_base,LOCAL,/home/ec2-user/ETH_Price_Predition/.venv/lib/python3.11/site-packages/ipykernel_launcher.py,ec2-user,FINISHED,64,0.1,37,['ETH_D_AvgPrc'],7,2,0.001,7,04/03/2023,32,0.488721805,0.471535983,65.75130836,0.036231446,7802.530312,0.478403756,86.56862372,4.802731831,82.31036905,0.045261839,11392.60662,0.493333333,106.7361542,5.933618037,0
12/08/2025 00:29,12.6s,c57ed582fb2847958a5b4205977b62c1,ETH_base,LOCAL,/home/ec2-user/ETH_Price_Predition/.venv/lib/python3.11/site-packages/ipykernel_launcher.py,ec2-user,FINISHED,64,0,10,['ETH_D_AvgPrc'],28,2,0.01,7,04/03/2023,64,0.436090226,0.474758324,65.51606995,0.036115065,7996.687855,0.479156393,86.58369144,4.807268793,84.20284942,0.046390457,12769.42803,0.439393939,113.0018939,6.278792228,0
11/08/2025 23:22,6.9s,f7cdfa84c1bf45028215afe13c7d71e8,ETH_base,LOCAL,/home/ec2-user/ETH_Price_Predition/.venv/lib/python3.11/site-packages/ipykernel_launcher.py,ec2-user,FINISHED,128,0.05,20,['ETH_D_AvgPrc'],21,1,0.001,7,04/03/2023,128,0.436090226,0.472610097,67.70574741,0.037233903,7652.738296,0.479247394,86.63002237,4.785077835,78.80898314,0.043321435,10233.55357,0.442857143,101.1610279,5.621012117,0
11/08/2025 19:29,11.6s,607de920a62841eeb923db343364e2fd,ETH_base,LOCAL,/home/ec2-user/ETH_Price_Predition/.venv/lib/python3.11/site-packages/ipykernel_launcher.py,ec2-user,FINISHED,128,0.1,53,['ETH_D_AvgPrc'],7,1,0.001,7,04/03/2023,32,0.466165414,0.475832438,66.54840403,0.036685163,7808.197287,0.48171517,86.64959474,4.813780725,81.21113047,0.044736765,11220.77015,0.472222222,105.9281367,5.908238605,0
11/08/2025 23:17,8.1s,d8d5fb5684c74bfda234b661bae698be,ETH_base,LOCAL,/home/ec2-user/ETH_Price_Predition/.venv/lib/python3.11/site-packages/ipykernel_launcher.py,ec2-user,FINISHED,32,0,7,['ETH_D_AvgPrc'],21,1,0.001,7,04/03/2023,64,0.443609023,0.472610097,67.88373976,0.037301838,7673.796825,0.479604544,86.80084095,4.788877506,79.39750752,0.043492611,10157.52386,0.452054795,100.7845417,5.555048209,0
12/08/2025 00:17,9.6s,eea1052e4e054bcb8a002a0e400a9b0e,ETH_base,LOCAL,/home/ec2-user/ETH_Price_Predition/.venv/lib/python3.11/site-packages/ipykernel_launcher.py,ec2-user,FINISHED,64,0.05,27,['ETH_D_AvgPrc'],28,1,0.001,7,04/03/2023,32,0.503759398,0.467239527,68.34054247,0.037542508,7718.036279,0.472017617,86.83059866,4.788035947,81.51459773,0.044555432,10664.36092,0.507462687,103.2683927,5.679289144,0
11/08/2025 20:28,8.2s,ad4fc2c000e742569e9e7d914f39ac27,ETH_base,LOCAL,/home/ec2-user/ETH_Price_Predition/.venv/lib/python3.11/site-packages/ipykernel_launcher.py,ec2-user,FINISHED,128,0.05,25,['ETH_D_AvgPrc'],14,1,0.001,7,04/03/2023,64,0.481203008,0.47905478,69.2918789,0.038206042,7684.786071,0.484575472,86.90985415,4.839118856,82.94025507,0.045556689,10320.61428,0.486486486,101.5904242,5.65742707,0
11/08/2025 20:50,11.8s,b546673dbd54412b97bd68fb42a3c267,ETH_base,LOCAL,/home/ec2-user/ETH_Price_Predition/.venv/lib/python3.11/site-packages/ipykernel_launcher.py,ec2-user,FINISHED,128,0.05,14,['ETH_D_AvgPrc'],14,2,0.001,7,04/03/2023,128,0.496240602,0.481203008,67.64999308,0.037377482,7795.464442,0.487490347,86.95312621,4.852266059,83.14755157,0.045835741,11290.60092,0.5,106.2572394,5.950299737,0
11/08/2025 20:24,7.2s,92888a94455e4e7c894bfd4887c37407,ETH_base,LOCAL,/home/ec2-user/ETH_Price_Predition/.venv/lib/python3.11/site-packages/ipykernel_launcher.py,ec2-user,FINISHED,128,0,18,['ETH_D_AvgPrc'],14,1,0.001,7,04/03/2023,128,0.511278195,0.484425349,68.8268255,0.037970184,7717.256995,0.490102044,87.00209122,4.848385583,80.41786251,0.044207956,10271.0111,0.513888889,101.345997,5.652987552,0
12/08/2025 00:27,16.3s,e23f8a43715d402082c2703c29e51c31,ETH_base,LOCAL,/home/ec2-user/ETH_Price_Predition/.venv/lib/python3.11/site-packages/ipykernel_launcher.py,ec2-user,FINISHED,64,0,26,['ETH_D_AvgPrc'],28,2,0.001,7,04/03/2023,32,0.488721805,0.47905478,66.04096836,0.036354921,7895.333244,0.485694141,87.02157509,4.816952514,82.16195908,0.04516899,11706.19819,0.493333333,108.1951856,6.004584953,0
11/08/2025 19:24,14.8s,f1940b247a724975885814912481a112,ETH_base,LOCAL,/home/ec2-user/ETH_Price_Predition/.venv/lib/python3.11/site-packages/ipykernel_launcher.py,ec2-user,FINISHED,128,0.05,80,['ETH_D_AvgPrc'],7,1,0.001,7,04/03/2023,32,0.481203008,0.477980666,66.25153919,0.036461071,7875.037133,0.484012906,87.02931811,4.817354963,82.28029386,0.045206129,11361.01458,0.485714286,106.5880602,5.913272477,0
12/08/2025 00:25,8.3s,f76a790a66e44f3e90ba4f97f791c575,ETH_base,LOCAL,/home/ec2-user/ETH_Price_Predition/.venv/lib/python3.11/site-packages/ipykernel_launcher.py,ec2-user,FINISHED,128,0.1,31,['ETH_D_AvgPrc'],28,1,0.001,7,04/03/2023,64,0.518796992,0.491944146,68.84785535,0.037810236,7830.769427,0.497255524,87.03147352,4.797733174,82.05796802,0.044973988,10791.11466,0.52238806,103.8802901,5.74380193,0
11/08/2025 21:04,22.5s,b925eeb978f8419081e6885f46a30e05,ETH_base,LOCAL,/home/ec2-user/ETH_Price_Predition/.venv/lib/python3.11/site-packages/ipykernel_launcher.py,ec2-user,FINISHED,32,0,10,['ETH_D_AvgPrc'],14,3,0.01,7,04/03/2023,128,0.488721805,0.485499463,67.26874782,0.037130613,8034.606536,0.490957952,87.07862453,4.850902099,81.43076984,0.044864538,12237.22278,0.492957746,110.6219815,6.162938816,0
11/08/2025 23:37,11.1s,b6e2924973d5463eb6f16fc022bdc117,ETH_base,LOCAL,/home/ec2-user/ETH_Price_Predition/.venv/lib/python3.11/site-packages/ipykernel_launcher.py,ec2-user,FINISHED,128,0.05,17,['ETH_D_AvgPrc'],21,2,0.001,7,04/03/2023,64,0.45112782,0.466165414,68.15046471,0.037627869,7816.219635,0.472515528,87.17500527,4.858464299,81.70254976,0.044970602,10875.7467,0.457142857,104.2868482,5.812939364,0
11/08/2025 21:13,20.3s,6547424c656e412b9e48a8c5b3b0deac,ETH_base,LOCAL,/home/ec2-user/ETH_Price_Predition/.venv/lib/python3.11/site-packages/ipykernel_launcher.py,ec2-user,FINISHED,128,0.05,41,['ETH_D_AvgPrc'],14,3,0.001,7,04/03/2023,64,0.45112782,0.469387755,66.1374633,0.036513557,7998.152992,0.474644403,87.19180614,4.851434113,81.29233752,0.044705071,11650.00253,0.457142857,107.9351774,5.990931431,0
11/08/2025 20:02,18.3s,b5267d7c15d64e47bc71b888c08c2db9,ETH_base,LOCAL,/home/ec2-user/ETH_Price_Predition/.venv/lib/python3.11/site-packages/ipykernel_launcher.py,ec2-user,FINISHED,64,0,18,['ETH_D_AvgPrc'],7,3,0.001,7,04/03/2023,128,0.443609023,0.455424275,65.74755269,0.036234837,7968.646695,0.46044572,87.26679649,4.840552884,83.53554059,0.046039978,12266.09905,0.449275362,110.7524223,6.168378929,0
11/08/2025 19:25,10.6s,b3218491c1924d8a88aea6d23e2ff31a,ETH_base,LOCAL,/home/ec2-user/ETH_Price_Predition/.venv/lib/python3.11/site-packages/ipykernel_launcher.py,ec2-user,FINISHED,64,0.05,30,['ETH_D_AvgPrc'],7,1,0.001,7,04/03/2023,64,0.466165414,0.472610097,66.69652553,0.036858708,7955.39086,0.478684025,87.27097135,4.867388353,83.21586735,0.045867088,11744.49432,0.472222222,108.3720182,6.047639658,0
12/08/2025 01:00,12.2s,861fe27feec846a7942d33625923db25,ETH_base,LOCAL,/home/ec2-user/ETH_Price_Predition/.venv/lib/python3.11/site-packages/ipykernel_launcher.py,ec2-user,FINISHED,128,0.05,9,['ETH_D_AvgPrc'],28,3,0.01,7,04/03/2023,32,0.466165414,0.462943072,66.13893555,0.036478321,7969.513232,0.470279304,87.30177517,4.84992828,84.29550079,0.046494883,12369.00269,0.471428571,111.2160181,6.204509731,0
12/08/2025 00:19,7.2s,3a93eec599dd45869c4e778b9bba88ad,ETH_base,LOCAL,/home/ec2-user/ETH_Price_Predition/.venv/lib/python3.11/site-packages/ipykernel_launcher.py,ec2-user,FINISHED,64,0.05,11,['ETH_D_AvgPrc'],28,1,0.01,7,04/03/2023,64,0.428571429,0.467239527,68.43865816,0.037833014,8374.148996,0.471253545,87.31220863,4.881666196,99.40619562,0.054901814,16005.36099,0.432835821,126.5122958,7.086906213,0
11/08/2025 21:04,24.4s,6902a4489e824094a224214355a99b45,ETH_base,LOCAL,/home/ec2-user/ETH_Price_Predition/.venv/lib/python3.11/site-packages/ipykernel_launcher.py,ec2-user,FINISHED,32,0,13,['ETH_D_AvgPrc'],14,3,0.001,7,04/03/2023,128,0.421052632,0.47905478,66.34287263,0.036679597,8188.579017,0.483322961,87.3187883,4.873320463,84.27505218,0.046528497,12805.76365,0.419354839,113.1625541,6.323505245,0
11/08/2025 19:29,10.4s,2d35860d11ab46169f58295d7994736c,ETH_base,LOCAL,/home/ec2-user/ETH_Price_Predition/.venv/lib/python3.11/site-packages/ipykernel_launcher.py,ec2-user,FINISHED,64,0.1,28,['ETH_D_AvgPrc'],7,1,0.001,7,04/03/2023,32,0.45112782,0.462943072,67.01213813,0.036954255,7814.644596,0.469983809,87.31943691,4.853574033,79.86526581,0.043975884,10997.23164,0.458333333,104.8676864,5.842899444,0
11/08/2025 20:01,31.4s,d5d50eeaadcc4eceb7e52cdfe9aad501,ETH_base,LOCAL,/home/ec2-user/ETH_Price_Predition/.venv/lib/python3.11/site-packages/ipykernel_launcher.py,ec2-user,FINISHED,32,0,31,['ETH_D_AvgPrc'],7,3,0.001,7,04/03/2023,128,0.443609023,0.476906552,67.09287197,0.036982257,8093.376006,0.482127179,87.35135376,4.846473198,83.25910915,0.045800025,12696.5151,0.447761194,112.6788139,6.24678288,0
11/08/2025 20:40,13.2s,421a67370a694ff1aa8b4c108698badd,ETH_base,LOCAL,/home/ec2-user/ETH_Price_Predition/.venv/lib/python3.11/site-packages/ipykernel_launcher.py,ec2-user,FINISHED,64,0,7,['ETH_D_AvgPrc'],14,2,0.001,7,04/03/2023,128,0.481203008,0.47905478,67.148743,0.036930455,7863.142613,0.485058444,87.35435505,4.830659608,81.00924591,0.044489174,10857.51152,0.486486486,104.1993835,5.785413573,0
12/08/2025 00:21,7.4s,c43939b8564444e8bea0845882dce5a0,ETH_base,LOCAL,/home/ec2-user/ETH_Price_Predition/.venv/lib/python3.11/site-packages/ipykernel_launcher.py,ec2-user,FINISHED,128,0.05,22,['ETH_D_AvgPrc'],28,1,0.001,7,04/03/2023,128,0.518796992,0.484425349,69.26447038,0.038069345,7875.986198,0.488801962,87.37189775,4.825753464,83.93225671,0.045964257,11205.46241,0.523809524,105.8558567,5.841901961,0
11/08/2025 20:32,9.0s,87d5ee9d05074d68b9b9f8d338059763,ETH_base,LOCAL,/home/ec2-user/ETH_Price_Predition/.venv/lib/python3.11/site-packages/ipykernel_launcher.py,ec2-user,FINISHED,64,0.1,18,['ETH_D_AvgPrc'],14,1,0.001,7,04/03/2023,64,0.458646617,0.476906552,68.51993647,0.037931367,7824.934356,0.482562251,87.38672048,4.902698385,81.53032139,0.045011112,11288.07784,0.462686567,106.2453662,5.961635399,0
11/08/2025 20:22,10.4s,8e83a38f0b6f48c9b35dc6cccd32e05e,ETH_base,LOCAL,/home/ec2-user/ETH_Price_Predition/.venv/lib/python3.11/site-packages/ipykernel_launcher.py,ec2-user,FINISHED,128,0,40,['ETH_D_AvgPrc'],14,1,0.001,7,04/03/2023,32,0.496240602,0.472610097,69.24902678,0.038153398,7805.884571,0.478616877,87.52978195,4.861588453,81.30246981,0.044641817,10188.39543,0.5,100.9375818,5.612005662,0
11/08/2025 23:27,11.8s,68a7efcc82d3409ba65e340f09b35785,ETH_base,LOCAL,/home/ec2-user/ETH_Price_Predition/.venv/lib/python3.11/site-packages/ipykernel_launcher.py,ec2-user,FINISHED,64,0,9,['ETH_D_AvgPrc'],21,2,0.001,7,04/03/2023,32,0.481203008,0.482277121,70.00534592,0.038634571,7846.513264,0.487599682,87.53431115,4.876922821,83.75113144,0.046044798,10744.55106,0.484848485,103.6559263,5.773586104,0
12/08/2025 00:14,5.8s,79917a31daeb46daadc6d3e4b0f84f2d,ETH_base,LOCAL,/home/ec2-user/ETH_Price_Predition/.venv/lib/python3.11/site-packages/ipykernel_launcher.py,ec2-user,FINISHED,64,0,3,['ETH_D_AvgPrc'],28,1,0.01,7,04/03/2023,64,0.436090226,0.486573577,68.65822725,0.037502099,8104.646339,0.490629201,87.56915197,4.788141282,84.24100374,0.04589433,11929.93207,0.433333333,109.2242284,5.959903457,0
12/08/2025 00:20,8.5s,b8800b88affd407bbc22be9af257f527,ETH_base,LOCAL,/home/ec2-user/ETH_Price_Predition/.venv/lib/python3.11/site-packages/ipykernel_launcher.py,ec2-user,FINISHED,128,0.05,33,['ETH_D_AvgPrc'],28,1,0.001,7,04/03/2023,64,0.518796992,0.482277121,69.38636886,0.038128129,7860.92892,0.486382237,87.58051612,4.83376311,81.76606762,0.044777832,10676.6995,0.521126761,103.3281157,5.706244405,0
11/08/2025 23:29,12.1s,7474e1b1e41b4cfc81a3953dd35057bb,ETH_base,LOCAL,/home/ec2-user/ETH_Price_Predition/.venv/lib/python3.11/site-packages/ipykernel_launcher.py,ec2-user,FINISHED,128,0,15,['ETH_D_AvgPrc'],21,2,0.001,7,04/03/2023,64,0.436090226,0.45972073,68.77927858,0.037998154,7837.49348,0.466475141,87.61145429,4.886598453,81.5061501,0.044827099,10571.94739,0.444444444,102.8199756,5.724979344,0
11/08/2025 20:04,14.3s,b29b04f5b81e48c1a8d7de843f8faf85,ETH_base,LOCAL,/home/ec2-user/ETH_Price_Predition/.venv/lib/python3.11/site-packages/ipykernel_launcher.py,ec2-user,FINISHED,128,0.05,16,['ETH_D_AvgPrc'],7,3,0.01,7,04/03/2023,32,0.481203008,0.476906552,66.93135964,0.036963198,7965.841346,0.483605102,87.61398042,4.880535952,83.44510714,0.045966967,11710.55795,0.486486486,108.2153314,6.034035064,0
12/08/2025 00:16,6.9s,381d6b4629ca470e8b3e02fab80c6731,ETH_base,LOCAL,/home/ec2-user/ETH_Price_Predition/.venv/lib/python3.11/site-packages/ipykernel_launcher.py,ec2-user,FINISHED,128,0,20,['ETH_D_AvgPrc'],28,1,0.001,7,04/03/2023,128,0.511278195,0.488721805,69.56718738,0.038233005,7962.636022,0.493971,87.75039861,4.844814449,84.32289594,0.046223233,11202.03356,0.515151515,105.8396597,5.853692402,0
11/08/2025 23:28,11.8s,40c83fd912e946e49ad687b8b0247a11,ETH_base,LOCAL,/home/ec2-user/ETH_Price_Predition/.venv/lib/python3.11/site-packages/ipykernel_launcher.py,ec2-user,FINISHED,128,0,23,['ETH_D_AvgPrc'],21,2,0.001,7,04/03/2023,32,0.458646617,0.477980666,69.37802947,0.038279506,7888.169771,0.484004574,87.758021,4.881363151,84.0091298,0.046233136,10896.36286,0.463768116,104.3856449,5.818844141,0
12/08/2025 00:26,7.6s,6969bedff31641c5b3b28c82fa15de30,ETH_base,LOCAL,/home/ec2-user/ETH_Price_Predition/.venv/lib/python3.11/site-packages/ipykernel_launcher.py,ec2-user,FINISHED,128,0.1,25,['ETH_D_AvgPrc'],28,1,0.001,7,04/03/2023,128,0.511278195,0.476906552,69.03329169,0.037894049,7919.458982,0.481073391,87.79585336,4.834951636,82.63919113,0.045282345,11041.68046,0.515625,105.0794007,5.805000122,0
11/08/2025 19:43,12.3s,b1309c72030044f79125f724fe38843d,ETH_base,LOCAL,/home/ec2-user/ETH_Price_Predition/.venv/lib/python3.11/site-packages/ipykernel_launcher.py,ec2-user,FINISHED,64,0.05,7,['ETH_D_AvgPrc'],7,2,0.01,7,04/03/2023,64,0.458646617,0.458646617,69.10313217,0.037824601,7911.784267,0.463734474,87.80922294,4.821370621,77.47829007,0.042492811,10264.87249,0.462686567,101.315707,5.606126432,0
12/08/2025 00:54,12.1s,a6aed85d1d27414e8596cef7c7c4ad43,ETH_base,LOCAL,/home/ec2-user/ETH_Price_Predition/.venv/lib/python3.11/site-packages/ipykernel_launcher.py,ec2-user,FINISHED,128,0,10,['ETH_D_AvgPrc'],28,3,0.01,7,04/03/2023,64,0.443609023,0.460794844,66.58623015,0.036779769,8007.719214,0.466299087,87.85184868,4.890227106,81.9160645,0.04514704,12101.75141,0.450704225,110.0079607,6.122384769,0
11/08/2025 20:05,31.5s,6d6e1d03a4654ccd8e0dd6efd9361762,ETH_base,LOCAL,/home/ec2-user/ETH_Price_Predition/.venv/lib/python3.11/site-packages/ipykernel_launcher.py,ec2-user,FINISHED,32,0.05,29,['ETH_D_AvgPrc'],7,3,0.001,7,04/03/2023,64,0.421052632,0.475832438,66.57080911,0.036747415,8263.951491,0.480053096,87.9043122,4.887492241,89.58695009,0.049436649,14154.07903,0.424242424,118.9709167,6.629466268,0
12/08/2025 00:27,9.6s,0b97d108667a4392b22f2e11843c913e,ETH_base,LOCAL,/home/ec2-user/ETH_Price_Predition/.venv/lib/python3.11/site-packages/ipykernel_launcher.py,ec2-user,FINISHED,128,0,8,['ETH_D_AvgPrc'],28,2,0.01,7,04/03/2023,32,0.466165414,0.469387755,65.96284303,0.036362775,8070.46766,0.476132222,87.91076166,4.878268063,81.89817294,0.04500241,11751.58266,0.472222222,108.404717,6.00734422,0
11/08/2025 19:26,9.7s,e13d9141ae824ba797d2556a1b9789c9,ETH_base,LOCAL,/home/ec2-user/ETH_Price_Predition/.venv/lib/python3.11/site-packages/ipykernel_launcher.py,ec2-user,FINISHED,128,0.05,38,['ETH_D_AvgPrc'],7,1,0.001,7,04/03/2023,64,0.503759398,0.482277121,67.74510866,0.037393266,8009.698195,0.488219435,87.93564204,4.897127105,83.17580121,0.045756904,11343.08111,0.507042254,106.5039019,5.932570932,0
12/08/2025 00:57,14.3s,a0c99c708854423cb5d4c3e8c57fd063,ETH_base,LOCAL,/home/ec2-user/ETH_Price_Predition/.venv/lib/python3.11/site-packages/ipykernel_launcher.py,ec2-user,FINISHED,128,0,21,['ETH_D_AvgPrc'],28,3,0.01,7,04/03/2023,128,0.443609023,0.472610097,66.35728138,0.036528433,8179.14679,0.477474939,87.93589585,4.871838623,89.47014348,0.049385939,14014.06171,0.446153846,118.3810023,6.613537026,0
11/08/2025 20:34,7.4s,ce76517276ca456c8d7b0fdb8fff87f3,ETH_base,LOCAL,/home/ec2-user/ETH_Price_Predition/.venv/lib/python3.11/site-packages/ipykernel_launcher.py,ec2-user,FINISHED,128,0.1,18,['ETH_D_AvgPrc'],14,1,0.001,7,04/03/2023,128,0.503759398,0.483351235,69.44150518,0.03823801,7881.787346,0.489382934,87.96723321,4.881322347,80.69440317,0.044307356,10243.30515,0.506849315,101.2092147,5.629649416,0
11/08/2025 23:31,9.8s,1260213c110e4226b5219338b06a3b91,ETH_base,LOCAL,/home/ec2-user/ETH_Price_Predition/.venv/lib/python3.11/site-packages/ipykernel_launcher.py,ec2-user,FINISHED,128,0,10,['ETH_D_AvgPrc'],21,2,0.001,7,04/03/2023,128,0.466165414,0.475832438,68.76980804,0.037756778,7940.846976,0.482141709,87.97173737,4.844095112,82.86271151,0.045245014,10936.65427,0.472222222,104.5784599,5.726140339,0
12/08/2025 01:18,22.8s,6e350085cd304f8da300366c0ebf34f6,ETH_base,LOCAL,/home/ec2-user/ETH_Price_Predition/.venv/lib/python3.11/site-packages/ipykernel_launcher.py,ec2-user,FINISHED,128,0.1,63,['ETH_D_AvgPrc'],28,3,0.01,7,04/03/2023,128,0.473684211,0.475832438,67.66080436,0.037143475,8292.280423,0.482519349,88.05267934,4.851343261,83.6159193,0.045566566,12099.22282,0.48,109.9964673,6.001950041,0
11/08/2025 19:55,21.0s,950eebd14c504a0ea2ca1f84d09a3f36,ETH_base,LOCAL,/home/ec2-user/ETH_Price_Predition/.venv/lib/python3.11/site-packages/ipykernel_launcher.py,ec2-user,FINISHED,32,0,10,['ETH_D_AvgPrc'],7,3,0.01,7,04/03/2023,32,0.443609023,0.476906552,66.22847537,0.036282333,8247.60813,0.482097724,88.0840791,4.84189709,85.12105864,0.046429157,12733.89942,0.447761194,112.8445808,6.172339273,0
11/08/2025 20:17,29.1s,1c7f822b277d47078aad8eadb02191e9,ETH_base,LOCAL,/home/ec2-user/ETH_Price_Predition/.venv/lib/python3.11/site-packages/ipykernel_launcher.py,ec2-user,FINISHED,32,0.1,19,['ETH_D_AvgPrc'],7,3,0.01,7,04/03/2023,128,0.443609023,0.476906552,68.39000357,0.037494045,8140.114975,0.481838147,88.20729667,4.856826472,82.09243316,0.045271491,11702.34522,0.447761194,108.1773785,6.039952662,0
12/08/2025 00:31,11.4s,2e8b86e06df34fd09632a2d8f5d07eca,ETH_base,LOCAL,/home/ec2-user/ETH_Price_Predition/.venv/lib/python3.11/site-packages/ipykernel_launcher.py,ec2-user,FINISHED,64,0,6,['ETH_D_AvgPrc'],28,2,0.001,7,04/03/2023,128,0.458646617,0.464017186,67.74799462,0.037352338,8039.93243,0.472063423,88.39232069,4.908184768,81.43669209,0.044464061,10987.7566,0.465753425,104.8225005,5.753276956,0
11/08/2025 20:20,16.4s,33c1e6c88c384bab97c3261c286c0170,ETH_base,LOCAL,/home/ec2-user/ETH_Price_Predition/.venv/lib/python3.11/site-packages/ipykernel_launcher.py,ec2-user,FINISHED,128,0.1,25,['ETH_D_AvgPrc'],7,3,0.001,7,04/03/2023,128,0.488721805,0.473684211,67.62813259,0.03719189,8105.38407,0.48032034,88.43657304,4.889978142,83.24662264,0.045591454,11491.66585,0.493150685,107.1991877,5.913611066,0
11/08/2025 19:19,8.9s,763f20f3dc01434bbe54a8819c5cd2fa,ETH_base,LOCAL,/home/ec2-user/ETH_Price_Predition/.venv/lib/python3.11/site-packages/ipykernel_launcher.py,ec2-user,FINISHED,128,0,33,['ETH_D_AvgPrc'],7,1,0.001,7,04/03/2023,32,0.526315789,0.482277121,68.49331931,0.037797607,8045.596859,0.487785443,88.44386513,4.928466561,84.37663166,0.04644025,11463.11981,0.528571429,107.0659601,5.976931122,0
11/08/2025 23:24,7.7s,cf74cd76694c42ebaa5912ab647435e9,ETH_base,LOCAL,/home/ec2-user/ETH_Price_Predition/.venv/lib/python3.11/site-packages/ipykernel_launcher.py,ec2-user,FINISHED,128,0.1,27,['ETH_D_AvgPrc'],21,1,0.001,7,04/03/2023,64,0.443609023,0.472610097,68.9194783,0.037889119,7939.15105,0.479448411,88.45575922,4.882570037,79.95191187,0.043856666,10199.58183,0.452054795,100.9929791,5.587476507,0
11/08/2025 20:59,31.1s,9e47eaba03e14c80b070ba4319437039,ETH_base,LOCAL,/home/ec2-user/ETH_Price_Predition/.venv/lib/python3.11/site-packages/ipykernel_launcher.py,ec2-user,FINISHED,32,0,9,['ETH_D_AvgPrc'],14,3,0.001,7,04/03/2023,32,0.496240602,0.476906552,68.21528568,0.037634628,8036.225696,0.48283222,88.46588315,4.918771767,83.38072927,0.045998252,11662.25913,0.5,107.9919401,6.04412181,0
11/08/2025 20:37,13.0s,ec6c83e74b794346b917f1c40f06581d,ETH_base,LOCAL,/home/ec2-user/ETH_Price_Predition/.venv/lib/python3.11/site-packages/ipykernel_launcher.py,ec2-user,FINISHED,128,0,24,['ETH_D_AvgPrc'],14,2,0.001,7,04/03/2023,32,0.481203008,0.464017186,69.64031799,0.038445754,8061.903542,0.470544599,88.53478636,4.934315799,83.1094482,0.045751983,11096.34206,0.486111111,105.3391763,5.883387532,0
11/08/2025 20:40,11.1s,b8932c8a052c47c7b89f973971ff0938,ETH_base,LOCAL,/home/ec2-user/ETH_Price_Predition/.venv/lib/python3.11/site-packages/ipykernel_launcher.py,ec2-user,FINISHED,128,0,11,['ETH_D_AvgPrc'],14,2,0.001,7,04/03/2023,128,0.488721805,0.475832438,70.25170551,0.038869926,8050.785979,0.482001599,88.54546707,4.959606255,83.73373964,0.046013259,10615.42457,0.493150685,103.0311825,5.738596341,0
11/08/2025 19:38,38.8s,2a232a116e334b4e994d5f3ba2e4649c,ETH_base,LOCAL,/home/ec2-user/ETH_Price_Predition/.venv/lib/python3.11/site-packages/ipykernel_launcher.py,ec2-user,FINISHED,32,0,61,['ETH_D_AvgPrc'],7,2,0.001,7,04/03/2023,128,0.45112782,0.481203008,69.71338448,0.038379918,8260.529625,0.486489599,88.75531575,4.916827714,82.68712025,0.045308122,12624.74219,0.454545455,112.359878,6.186360514,0
11/08/2025 19:20,9.1s,69f6348c301340af80f213353be5431c,ETH_base,LOCAL,/home/ec2-user/ETH_Price_Predition/.venv/lib/python3.11/site-packages/ipykernel_launcher.py,ec2-user,FINISHED,64,0,22,['ETH_D_AvgPrc'],7,1,0.001,7,04/03/2023,64,0.511278195,0.47905478,68.27106329,0.037661935,8118.004091,0.485185848,88.84762553,4.940892759,82.04067488,0.045137209,11146.14177,0.514285714,105.5752896,5.883760949,0
11/08/2025 21:02,19.5s,683bf13ecb654b8ba8c53f8f618282c9,ETH_base,LOCAL,/home/ec2-user/ETH_Price_Predition/.venv/lib/python3.11/site-packages/ipykernel_launcher.py,ec2-user,FINISHED,32,0,4,['ETH_D_AvgPrc'],14,3,0.001,7,04/03/2023,64,0.481203008,0.472610097,70.33058063,0.03889428,8105.203971,0.477333442,88.95002135,4.978184306,83.73486994,0.046195275,11566.57589,0.485714286,107.5480167,6.023960304,0
11/08/2025 19:39,11.4s,ecd62c86e3404f5eb35214d2ce11aff9,ETH_base,LOCAL,/home/ec2-user/ETH_Price_Predition/.venv/lib/python3.11/site-packages/ipykernel_launcher.py,ec2-user,FINISHED,128,0,15,['ETH_D_AvgPrc'],7,2,0.001,7,04/03/2023,128,0.473684211,0.480128894,68.31435813,0.037780072,8191.611476,0.485884802,88.98376838,4.969545878,83.45263374,0.04601643,11672.5371,0.479452055,108.0395164,6.038606285,0
12/08/2025 00:29,11.2s,4a3598c9fa1d4b928b2b95ed0904a256,ETH_base,LOCAL,/home/ec2-user/ETH_Price_Predition/.venv/lib/python3.11/site-packages/ipykernel_launcher.py,ec2-user,FINISHED,64,0,5,['ETH_D_AvgPrc'],28,2,0.001,7,04/03/2023,64,0.466165414,0.460794844,70.51989851,0.038717913,8093.313713,0.466996876,89.02397237,4.90426628,82.82209285,0.045186099,10977.94412,0.472222222,104.7756848,5.738861173,0
11/08/2025 19:27,7.5s,322d4faa2eae4b38bad66e0dfdfbee17,ETH_base,LOCAL,/home/ec2-user/ETH_Price_Predition/.venv/lib/python3.11/site-packages/ipykernel_launcher.py,ec2-user,FINISHED,64,0.05,11,['ETH_D_AvgPrc'],7,1,0.001,7,04/03/2023,128,0.518796992,0.481203008,68.83261984,0.037930762,8134.649081,0.486655856,89.15321189,4.951213316,81.48202974,0.044799991,10917.32195,0.52173913,104.4859893,5.819525493,0
12/08/2025 00:14,6.7s,5ebc8e46659d499bad96874dbcfe45b4,ETH_base,LOCAL,/home/ec2-user/ETH_Price_Predition/.venv/lib/python3.11/site-packages/ipykernel_launcher.py,ec2-user,FINISHED,64,0,9,['ETH_D_AvgPrc'],28,1,0.001,7,04/03/2023,64,0.526315789,0.489795918,71.14856291,0.038957536,8082.963343,0.495070641,89.28707938,4.889432051,80.83616994,0.044230931,10243.18772,0.53030303,101.2086346,5.581717658,0
12/08/2025 00:20,8.3s,ce42340459d34a62b4a4fa30345b7b5b,ETH_base,LOCAL,/home/ec2-user/ETH_Price_Predition/.venv/lib/python3.11/site-packages/ipykernel_launcher.py,ec2-user,FINISHED,32,0.05,4,['ETH_D_AvgPrc'],28,1,0.001,7,04/03/2023,128,0.518796992,0.482277121,71.84881277,0.03960417,8105.459742,0.487371832,89.29787042,4.957601946,82.04830336,0.045094138,10783.29327,0.523076923,103.8426371,5.778593575,0
11/08/2025 19:32,7.6s,21ce9f3b2e0e4b4b8d6c0cfeaee56a0f,ETH_base,LOCAL,/home/ec2-user/ETH_Price_Predition/.venv/lib/python3.11/site-packages/ipykernel_launcher.py,ec2-user,FINISHED,64,0.1,11,['ETH_D_AvgPrc'],7,1,0.001,7,04/03/2023,128,0.533834586,0.483351235,69.01602694,0.038000246,8143.2325,0.48924478,89.3285008,4.95288256,82.00569944,0.044969137,10939.75126,0.536231884,104.5932658,5.793281031,0
11/08/2025 19:31,10.7s,b478f01e3cda4b6386ef98fc1cae6f3b,ETH_base,LOCAL,/home/ec2-user/ETH_Price_Predition/.venv/lib/python3.11/site-packages/ipykernel_launcher.py,ec2-user,FINISHED,128,0.1,46,['ETH_D_AvgPrc'],7,1,0.001,7,04/03/2023,64,0.473684211,0.466165414,68.42084022,0.037771953,8207.356993,0.472887772,89.35231551,4.971464454,82.42211019,0.045338644,11364.98995,0.479452055,106.6067069,5.930965039,0
11/08/2025 19:27,8.4s,56b19b5adb644ca69fac05ba8c80f61e,ETH_base,LOCAL,/home/ec2-user/ETH_Price_Predition/.venv/lib/python3.11/site-packages/ipykernel_launcher.py,ec2-user,FINISHED,128,0.05,28,['ETH_D_AvgPrc'],7,1,0.001,7,04/03/2023,128,0.488721805,0.467239527,68.48909208,0.037806696,8224.015167,0.474204435,89.43750483,4.977330916,83.07075007,0.045708744,11513.95952,0.492957746,107.3031198,5.975188058,0
11/08/2025 20:03,26.9s,ce1511f5cbd04600b6ee4f39e7aa0b81,ETH_base,LOCAL,/home/ec2-user/ETH_Price_Predition/.venv/lib/python3.11/site-packages/ipykernel_launcher.py,ec2-user,FINISHED,32,0.05,19,['ETH_D_AvgPrc'],7,3,0.001,7,04/03/2023,32,0.481203008,0.476906552,68.82887571,0.037822104,8189.728002,0.483680824,89.4796796,4.941796292,82.38432714,0.045167147,11374.14968,0.486111111,106.6496586,5.894431313,0
11/08/2025 19:21,8.3s,d7c114c3e5c34de293cbb8a13b8824d3,ETH_base,LOCAL,/home/ec2-user/ETH_Price_Predition/.venv/lib/python3.11/site-packages/ipykernel_launcher.py,ec2-user,FINISHED,128,0,24,['ETH_D_AvgPrc'],7,1,0.001,7,04/03/2023,64,0.511278195,0.480128894,69.24101951,0.038231596,8214.42959,0.485240418,89.52674863,4.991326124,82.09208943,0.045232687,11061.8169,0.513888889,105.1751724,5.880729668,0
11/08/2025 20:39,11.6s,bb3681a7f0524293beecc341525dc339,ETH_base,LOCAL,/home/ec2-user/ETH_Price_Predition/.venv/lib/python3.11/site-packages/ipykernel_launcher.py,ec2-user,FINISHED,128,0,13,['ETH_D_AvgPrc'],14,2,0.001,7,04/03/2023,64,0.488721805,0.472610097,71.09158591,0.039308049,8211.273441,0.477790486,89.54387016,5.010661623,83.66488326,0.046071638,11108.84859,0.492537313,105.3985227,5.893143878,0
11/08/2025 19:22,7.3s,3b8cdcfc4f554fcbbee8e51fe6b2f971,ETH_base,LOCAL,/home/ec2-user/ETH_Price_Predition/.venv/lib/python3.11/site-packages/ipykernel_launcher.py,ec2-user,FINISHED,64,0,11,['ETH_D_AvgPrc'],7,1,0.001,7,04/03/2023,128,0.481203008,0.470461869,68.99552404,0.038084611,8194.197848,0.476540402,89.57025064,4.989277345,80.47223795,0.044290972,10862.43571,0.485714286,104.2230095,5.8157056,0
11/08/2025 19:22,7.5s,51ae97c34c954b6e8ed24c334fa973f5,ETH_base,LOCAL,/home/ec2-user/ETH_Price_Predition/.venv/lib/python3.11/site-packages/ipykernel_launcher.py,ec2-user,FINISHED,128,0,22,['ETH_D_AvgPrc'],7,1,0.001,7,04/03/2023,128,0.503759398,0.469387755,69.01543272,0.038148859,8267.835058,0.475876787,89.66267823,5.004068584,84.33178137,0.046479928,11684.88563,0.507042254,108.0966495,6.043338383,0
11/08/2025 23:28,16.5s,9cee3ba7957b4e4b8ef972937a34ddfd,ETH_base,LOCAL,/home/ec2-user/ETH_Price_Predition/.venv/lib/python3.11/site-packages/ipykernel_launcher.py,ec2-user,FINISHED,32,0,10,['ETH_D_AvgPrc'],21,2,0.001,7,04/03/2023,64,0.488721805,0.473684211,69.04636843,0.037751433,8271.327788,0.479961099,89.72041398,4.915136371,83.11952634,0.045420673,11568.86374,0.492957746,107.5586526,5.906956314,0
12/08/2025 00:28,10.9s,adcdbd4c9eca441099b578f20585471d,ETH_base,LOCAL,/home/ec2-user/ETH_Price_Predition/.venv/lib/python3.11/site-packages/ipykernel_launcher.py,ec2-user,FINISHED,128,0,16,['ETH_D_AvgPrc'],28,2,0.001,7,04/03/2023,32,0.488721805,0.471535983,71.2059985,0.039274601,8262.434123,0.477045944,89.75802773,4.991586207,85.83152576,0.047048342,11291.61679,0.492537313,106.2620195,5.874487186,0
12/08/2025 00:54,13.8s,2d83d864f9734f759baa03a9959fab08,ETH_base,LOCAL,/home/ec2-user/ETH_Price_Predition/.venv/lib/python3.11/site-packages/ipykernel_launcher.py,ec2-user,FINISHED,64,0,5,['ETH_D_AvgPrc'],28,3,0.001,7,04/03/2023,64,0.466165414,0.470461869,71.73123821,0.039458746,8227.743125,0.47637112,89.83287699,4.968916444,78.38131989,0.042925115,9779.323004,0.471428571,98.89045962,5.472424913,0
11/08/2025 21:05,15.6s,587f7f8a744f4982bd955eb7baaed01f,ETH_base,LOCAL,/home/ec2-user/ETH_Price_Predition/.venv/lib/python3.11/site-packages/ipykernel_launcher.py,ec2-user,FINISHED,128,0,22,['ETH_D_AvgPrc'],14,3,0.01,7,04/03/2023,128,0.45112782,0.469387755,69.08265255,0.037831584,8418.476947,0.473085833,89.87680774,4.931705063,79.91197285,0.043845022,11277.4312,0.455882353,106.1952504,5.880355165,0
12/08/2025 00:15,7.8s,1ba78664760147639b695f3e1e271346,ETH_base,LOCAL,/home/ec2-user/ETH_Price_Predition/.venv/lib/python3.11/site-packages/ipykernel_launcher.py,ec2-user,FINISHED,32,0,4,['ETH_D_AvgPrc'],28,1,0.001,7,04/03/2023,128,0.518796992,0.487647691,72.21818056,0.039809434,8200.952962,0.492442668,89.89211612,4.991728183,81.60260492,0.044825439,10597.29095,0.52238806,102.9431443,5.724857843,0
11/08/2025 19:36,11.7s,553a79ada84e46e89060328e71e4dfca,ETH_base,LOCAL,/home/ec2-user/ETH_Price_Predition/.venv/lib/python3.11/site-packages/ipykernel_launcher.py,ec2-user,FINISHED,64,0,6,['ETH_D_AvgPrc'],7,2,0.01,7,04/03/2023,64,0.473684211,0.477980666,69.81489335,0.038466954,8251.521965,0.483669304,90.00240636,4.996399685,81.26888074,0.044750547,11110.10273,0.47826087,105.4044721,5.874897505,0
11/08/2025 19:41,11.6s,ead31d64faeb49b5bea9eb982ae91846,ETH_base,LOCAL,/home/ec2-user/ETH_Price_Predition/.venv/lib/python3.11/site-packages/ipykernel_launcher.py,ec2-user,FINISHED,128,0.05,14,['ETH_D_AvgPrc'],7,2,0.01,7,04/03/2023,32,0.421052632,0.471535983,69.50267742,0.038337363,8338.034969,0.477883048,90.27145036,5.014902047,80.70220374,0.044403811,11594.93633,0.426470588,107.6797861,5.980286878,0
11/08/2025 23:29,10.8s,58e22ef721bb4f808d98ce87e724234f,ETH_base,LOCAL,/home/ec2-user/ETH_Price_Predition/.venv/lib/python3.11/site-packages/ipykernel_launcher.py,ec2-user,FINISHED,64,0,5,['ETH_D_AvgPrc'],21,2,0.001,7,04/03/2023,64,0.458646617,0.476906552,72.71513195,0.040298614,8304.927292,0.482935257,90.36758855,5.083953115,82.66767436,0.045436113,10744.9071,0.463768116,103.6576437,5.765172676,0
11/08/2025 20:21,9.1s,eac365aaeaeb4aed864dce401f28530b,ETH_base,LOCAL,/home/ec2-user/ETH_Price_Predition/.venv/lib/python3.11/site-packages/ipykernel_launcher.py,ec2-user,FINISHED,64,0,20,['ETH_D_AvgPrc'],14,1,0.001,7,04/03/2023,32,0.458646617,0.472610097,72.24256774,0.040079873,8295.925269,0.478703227,90.36787311,5.100537686,81.1133214,0.044762723,10900.40897,0.465753425,104.4050237,5.864269131,0
12/08/2025 00:50,15.2s,b2e70d636d9c47df8af630af08415925,ETH_base,LOCAL,/home/ec2-user/ETH_Price_Predition/.venv/lib/python3.11/site-packages/ipykernel_launcher.py,ec2-user,FINISHED,64,0,9,['ETH_D_AvgPrc'],28,3,0.001,7,04/03/2023,32,0.481203008,0.474758324,70.793108,0.038948065,8443.760635,0.480441851,90.63546608,5.012429609,88.66240377,0.048656655,12048.65066,0.485294118,109.7663457,6.07577803,0
11/08/2025 20:34,7.6s,fddd2002d07443aab64533148c76e23f,ETH_base,LOCAL,/home/ec2-user/ETH_Price_Predition/.venv/lib/python3.11/site-packages/ipykernel_launcher.py,ec2-user,FINISHED,64,0.1,10,['ETH_D_AvgPrc'],14,1,0.001,7,04/03/2023,128,0.526315789,0.482277121,72.05331509,0.039995051,8445.007543,0.487564888,90.73482501,5.126726773,86.42372556,0.04779379,12210.98981,0.53030303,110.5033475,6.245677983,0
12/08/2025 00:31,10.1s,bce7bbfa6ead42ee9eb2e8b16f1d6f51,ETH_base,LOCAL,/home/ec2-user/ETH_Price_Predition/.venv/lib/python3.11/site-packages/ipykernel_launcher.py,ec2-user,FINISHED,128,0,11,['ETH_D_AvgPrc'],28,2,0.01,7,04/03/2023,128,0.436090226,0.47905478,70.91185776,0.039157294,8785.246906,0.483190526,90.78829018,5.0524578,95.25379221,0.052649879,14976.71197,0.439393939,122.3793772,6.854193639,0
11/08/2025 23:16,8.0s,5e50d6be57b948e3b03d869fb6d5a8b8,ETH_base,LOCAL,/home/ec2-user/ETH_Price_Predition/.venv/lib/python3.11/site-packages/ipykernel_launcher.py,ec2-user,FINISHED,128,0,31,['ETH_D_AvgPrc'],21,1,0.001,7,04/03/2023,32,0.428571429,0.480128894,71.40658566,0.039289869,8418.446151,0.486568121,90.84462667,5.022876324,79.30105361,0.043575626,10355.51885,0.436619718,101.7620698,5.644131672,0
11/08/2025 19:41,13.3s,0110c1661cdb466589cf2d211e16778c,ETH_base,LOCAL,/home/ec2-user/ETH_Price_Predition/.venv/lib/python3.11/site-packages/ipykernel_launcher.py,ec2-user,FINISHED,64,0.05,10,['ETH_D_AvgPrc'],7,2,0.001,7,04/03/2023,32,0.511278195,0.47905478,70.38705264,0.038718272,8472.799037,0.484711584,90.87482677,5.029326248,83.05896845,0.045559357,11286.01223,0.514705882,106.2356448,5.883703619,0
12/08/2025 00:25,8.5s,7092d96082994f4eaf09a9ae38089cc7,ETH_base,LOCAL,/home/ec2-user/ETH_Price_Predition/.venv/lib/python3.11/site-packages/ipykernel_launcher.py,ec2-user,FINISHED,32,0.1,6,['ETH_D_AvgPrc'],28,1,0.001,7,04/03/2023,128,0.503759398,0.476906552,72.85327391,0.04031248,8387.699049,0.480867892,90.88616251,5.085375649,83.68961076,0.046134976,11323.43046,0.507936508,106.4116087,5.950715558,0
12/08/2025 00:38,14.7s,6a1bcd647cd1400690727d6104425df7,ETH_base,LOCAL,/home/ec2-user/ETH_Price_Predition/.venv/lib/python3.11/site-packages/ipykernel_launcher.py,ec2-user,FINISHED,32,0.05,2,['ETH_D_AvgPrc'],28,2,0.01,7,04/03/2023,128,0.458646617,0.494092374,71.18164856,0.038803535,9336.489144,0.497686989,91.06227369,4.976162972,85.98558538,0.046942137,13190.06674,0.459016393,114.8480158,6.289325504,0
11/08/2025 21:03,16.5s,d7b2a287f7b54df7836d06d8279f04f9,ETH_base,LOCAL,/home/ec2-user/ETH_Price_Predition/.venv/lib/python3.11/site-packages/ipykernel_launcher.py,ec2-user,FINISHED,64,0,10,['ETH_D_AvgPrc'],14,3,0.001,7,04/03/2023,64,0.481203008,0.469387755,70.03564394,0.038551417,8632.798371,0.475706368,91.35968916,5.057401736,85.22030823,0.046987587,12267.22463,0.486111111,110.7575037,6.180291554,0
11/08/2025 20:00,14.3s,03a167bc3533463290a60bedb33b72c6,ETH_base,LOCAL,/home/ec2-user/ETH_Price_Predition/.venv/lib/python3.11/site-packages/ipykernel_launcher.py,ec2-user,FINISHED,128,0,19,['ETH_D_AvgPrc'],7,3,0.001,7,04/03/2023,64,0.496240602,0.472610097,70.19794285,0.038824851,8647.147604,0.478896177,91.37781938,5.102077926,86.94314805,0.047973593,12478.61066,0.5,111.7077019,6.250738689,0
12/08/2025 00:32,23.1s,28f9e8eb67b043a8b23d50fb5d2d5ab8,ETH_base,LOCAL,/home/ec2-user/ETH_Price_Predition/.venv/lib/python3.11/site-packages/ipykernel_launcher.py,ec2-user,FINISHED,32,0.05,5,['ETH_D_AvgPrc'],28,2,0.001,7,04/03/2023,32,0.496240602,0.477980666,73.15991631,0.040329262,8517.167834,0.48364234,91.39458796,5.075075492,86.99299954,0.048066549,12156.38507,0.5,110.2559979,6.201818304,0
11/08/2025 23:37,15.4s,995d4f788a4c4570a486a1b6a5be20f2,ETH_base,LOCAL,/home/ec2-user/ETH_Price_Predition/.venv/lib/python3.11/site-packages/ipykernel_launcher.py,ec2-user,FINISHED,32,0.05,5,['ETH_D_AvgPrc'],21,2,0.01,7,04/03/2023,128,0.458646617,0.485499463,73.92716474,0.040426849,9439.27141,0.489850932,91.477073,5.016444078,75.95889971,0.041541595,10195.31728,0.461538462,100.9718638,5.546945002,0
11/08/2025 20:29,13.4s,f2044f7571734a88a58ba83bcb636a0f,ETH_base,LOCAL,/home/ec2-user/ETH_Price_Predition/.venv/lib/python3.11/site-packages/ipykernel_launcher.py,ec2-user,FINISHED,64,0.05,6,['ETH_D_AvgPrc'],14,1,0.001,7,04/03/2023,128,0.481203008,0.461868958,74.93077499,0.041525223,8494.766129,0.4707148,91.48113603,5.157316769,84.91118765,0.04677321,10832.76429,0.486842105,104.0805663,5.843579913,0
11/08/2025 23:51,11.9s,81317cff17b84949b68ab099d8444494,ETH_base,LOCAL,/home/ec2-user/ETH_Price_Predition/.venv/lib/python3.11/site-packages/ipykernel_launcher.py,ec2-user,FINISHED,128,0,10,['ETH_D_AvgPrc'],21,3,0.001,7,04/03/2023,64,0.503759398,0.484425349,73.77096712,0.040732741,8524.110115,0.489403688,91.60218588,5.10468008,83.50734923,0.046034646,10949.24014,0.507692308,104.6386169,5.861163894,0
11/08/2025 20:11,13.8s,5b57022ec1394110933cc791d42c33b1,ETH_base,LOCAL,/home/ec2-user/ETH_Price_Predition/.venv/lib/python3.11/site-packages/ipykernel_launcher.py,ec2-user,FINISHED,128,0.05,13,['ETH_D_AvgPrc'],7,3,0.001,7,04/03/2023,128,0.511278195,0.47905478,70.7247536,0.03913099,8684.000088,0.484707,91.89967067,5.135158997,89.51635995,0.049472306,13008.56458,0.514285714,114.0550945,6.404392748,0
11/08/2025 19:37,14.5s,7eb30a9b5b934427b754cbfb01220d0f,ETH_base,LOCAL,/home/ec2-user/ETH_Price_Predition/.venv/lib/python3.11/site-packages/ipykernel_launcher.py,ec2-user,FINISHED,128,0,34,['ETH_D_AvgPrc'],7,2,0.001,7,04/03/2023,64,0.481203008,0.474758324,70.39322014,0.038973475,8815.748525,0.481183738,91.9017282,5.135439565,90.36024211,0.049931267,13595.77111,0.486486486,116.6009053,6.527654629,0
11/08/2025 21:04,15.4s,15608e67f2ba4b5faf0ea25bbe7ca344,ETH_base,LOCAL,/home/ec2-user/ETH_Price_Predition/.venv/lib/python3.11/site-packages/ipykernel_launcher.py,ec2-user,FINISHED,64,0,7,['ETH_D_AvgPrc'],14,3,0.01,7,04/03/2023,128,0.458646617,0.490870032,70.94844339,0.038771916,8887.339638,0.495653194,91.94079836,5.043654904,81.13074121,0.04443636,11784.1084,0.464788732,108.5546333,5.979402397,0
11/08/2025 20:02,13.3s,0248c961dc21486fb2ead02bc4aad59d,ETH_base,LOCAL,/home/ec2-user/ETH_Price_Predition/.venv/lib/python3.11/site-packages/ipykernel_launcher.py,ec2-user,FINISHED,128,0,13,['ETH_D_AvgPrc'],7,3,0.001,7,04/03/2023,128,0.518796992,0.477980666,70.67089641,0.039070984,8682.083425,0.483236409,92.03342551,5.135156045,85.89051647,0.047407941,12201.22359,0.521126761,110.459149,6.187074005,0
12/08/2025 00:14,8.1s,57213be1cf664056b62f96b4b5f6f943,ETH_base,LOCAL,/home/ec2-user/ETH_Price_Predition/.venv/lib/python3.11/site-packages/ipykernel_launcher.py,ec2-user,FINISHED,32,0,5,['ETH_D_AvgPrc'],28,1,0.001,7,04/03/2023,64,0.518796992,0.490870032,73.81389522,0.040589072,8665.773144,0.495777293,92.21146006,5.08917104,81.66254419,0.04489175,10577.59772,0.52173913,102.8474488,5.724996032,0
11/08/2025 23:52,19.1s,8906b5b2777e4394a1b156ddbd6a2d71,ETH_base,LOCAL,/home/ec2-user/ETH_Price_Predition/.venv/lib/python3.11/site-packages/ipykernel_launcher.py,ec2-user,FINISHED,32,0,7,['ETH_D_AvgPrc'],21,3,0.01,7,04/03/2023,128,0.458646617,0.4650913,74.80994426,0.040906141,8858.450319,0.469182204,92.23699487,5.052307211,76.77986983,0.04180662,9613.862369,0.461538462,98.0503053,5.352219854,0
12/08/2025 00:13,5.9s,b5d65059325a43d598abecf7b27a58c6,ETH_base,LOCAL,/home/ec2-user/ETH_Price_Predition/.venv/lib/python3.11/site-packages/ipykernel_launcher.py,ec2-user,FINISHED,64,0,4,['ETH_D_AvgPrc'],28,1,0.01,7,04/03/2023,32,0.436090226,0.475832438,72.96333479,0.040045933,9152.474696,0.478948587,92.61859517,5.110210692,95.81603476,0.052937604,14598.77442,0.433333333,120.8253882,6.78160487,0
11/08/2025 19:34,11.6s,8a2c499726c042ae97a46f0b816d2fe3,ETH_base,LOCAL,/home/ec2-user/ETH_Price_Predition/.venv/lib/python3.11/site-packages/ipykernel_launcher.py,ec2-user,FINISHED,64,0,6,['ETH_D_AvgPrc'],7,2,0.001,7,04/03/2023,32,0.518796992,0.470461869,71.63970954,0.039578289,8697.536197,0.476008664,92.64389111,5.165916423,82.90088923,0.045598244,11164.22311,0.52173913,105.6608873,5.889310172,0
11/08/2025 20:15,25.9s,c219addef2564358a7366176b9f557d4,ETH_base,LOCAL,/home/ec2-user/ETH_Price_Predition/.venv/lib/python3.11/site-packages/ipykernel_launcher.py,ec2-user,FINISHED,32,0.1,17,['ETH_D_AvgPrc'],7,3,0.001,7,04/03/2023,64,0.488721805,0.469387755,70.14218267,0.038675404,9012.203139,0.475352207,92.67966552,5.145119794,91.59561754,0.050574744,14231.66427,0.492957746,119.2965392,6.65839564,0
11/08/2025 23:47,19.7s,fd5630d6e52a4141ba3b81dba0db5254,ETH_base,LOCAL,/home/ec2-user/ETH_Price_Predition/.venv/lib/python3.11/site-packages/ipykernel_launcher.py,ec2-user,FINISHED,32,0,7,['ETH_D_AvgPrc'],21,3,0.001,7,04/03/2023,32,0.488721805,0.474758324,72.24554181,0.039525696,8797.609272,0.480326497,92.70940976,5.079308037,85.63856977,0.046736293,11891.75383,0.492957746,109.0493184,5.974702858,0
12/08/2025 00:26,14.5s,9ebaafcf95154256a5b7ee15c6cecbd9,ETH_base,LOCAL,/home/ec2-user/ETH_Price_Predition/.venv/lib/python3.11/site-packages/ipykernel_launcher.py,ec2-user,FINISHED,32,0,3,['ETH_D_AvgPrc'],28,2,0.001,7,04/03/2023,32,0.503759398,0.47905478,75.51491402,0.041632295,8725.011563,0.484416693,92.78195596,5.1494822,87.86800597,0.048031751,11698.80541,0.507692308,108.1610161,5.925934855,0
11/08/2025 20:24,6.6s,d94136190f7e4ef7afcd7bdad098e50f,ETH_base,LOCAL,/home/ec2-user/ETH_Price_Predition/.venv/lib/python3.11/site-packages/ipykernel_launcher.py,ec2-user,FINISHED,64,0,5,['ETH_D_AvgPrc'],14,1,0.001,7,04/03/2023,128,0.458646617,0.471535983,75.9060292,0.041829682,8704.388989,0.478431773,92.8179807,5.165790644,84.45905206,0.046368784,10631.78303,0.466666667,103.1105379,5.730334049,0
11/08/2025 19:56,14.5s,1c17b7d5883f44bfb96a1e0d4fff7a8f,ETH_base,LOCAL,/home/ec2-user/ETH_Price_Predition/.venv/lib/python3.11/site-packages/ipykernel_launcher.py,ec2-user,FINISHED,64,0,6,['ETH_D_AvgPrc'],7,3,0.001,7,04/03/2023,32,0.533834586,0.476906552,71.75613059,0.039623866,8863.985846,0.483007951,93.05826274,5.18330289,83.73364786,0.04603069,11454.8996,0.535211268,107.0275647,5.955532036,0
11/08/2025 21:01,15.4s,b75adce1a10846029434a6b5ed7b795e,ETH_base,LOCAL,/home/ec2-user/ETH_Price_Predition/.venv/lib/python3.11/site-packages/ipykernel_launcher.py,ec2-user,FINISHED,128,0,18,['ETH_D_AvgPrc'],14,3,0.001,7,04/03/2023,32,0.473684211,0.469387755,73.92000192,0.040889007,8964.233638,0.474818668,93.47955704,5.230839511,88.88407382,0.04901133,12476.78699,0.47826087,111.6995389,6.252600365,0
11/08/2025 20:13,15.2s,afae0c4ccae74a8c86333a4520792431,ETH_base,LOCAL,/home/ec2-user/ETH_Price_Predition/.venv/lib/python3.11/site-packages/ipykernel_launcher.py,ec2-user,FINISHED,64,0.1,7,['ETH_D_AvgPrc'],7,3,0.001,7,04/03/2023,32,0.541353383,0.484425349,72.93173706,0.040079361,8933.683129,0.490245988,93.70425099,5.176792783,82.88742111,0.045477881,11200.29073,0.542857143,105.831426,5.867167609,0
11/08/2025 20:02,13.3s,1498fddec1c54bfead5b79510eb51ebe,ETH_base,LOCAL,/home/ec2-user/ETH_Price_Predition/.venv/lib/python3.11/site-packages/ipykernel_launcher.py,ec2-user,FINISHED,128,0,13,['ETH_D_AvgPrc'],7,3,0.01,7,04/03/2023,128,0.541353383,0.468313641,73.04494974,0.040291548,8957.109198,0.474179261,93.81360048,5.224186766,94.7356331,0.05252266,14149.50629,0.542857143,118.9516973,6.748634742,0
12/08/2025 00:05,14.4s,31e92f99e5984ec1929ff3a2542c5ab4,ETH_base,LOCAL,/home/ec2-user/ETH_Price_Predition/.venv/lib/python3.11/site-packages/ipykernel_launcher.py,ec2-user,FINISHED,64,0.1,7,['ETH_D_AvgPrc'],21,3,0.001,7,04/03/2023,32,0.473684211,0.49301826,75.96349527,0.042054552,9077.392882,0.497799744,94.51904756,5.307129312,86.82318505,0.047941733,11975.60491,0.47761194,109.433107,6.152193951,0
11/08/2025 20:04,15.7s,ccd7700830994df5adc5d6b7f272eb32,ETH_base,LOCAL,/home/ec2-user/ETH_Price_Predition/.venv/lib/python3.11/site-packages/ipykernel_launcher.py,ec2-user,FINISHED,64,0.05,8,['ETH_D_AvgPrc'],7,3,0.001,7,04/03/2023,32,0.541353383,0.482277121,73.43422908,0.040617842,9108.461767,0.487879992,94.64120061,5.287766196,88.32765117,0.048745268,12483.47989,0.542857143,111.7294943,6.266210996,0
11/08/2025 21:03,13.2s,da010d3399774291975fa456f62e8887,ETH_base,LOCAL,/home/ec2-user/ETH_Price_Predition/.venv/lib/python3.11/site-packages/ipykernel_launcher.py,ec2-user,FINISHED,128,0,11,['ETH_D_AvgPrc'],14,3,0.001,7,04/03/2023,64,0.466165414,0.468313641,76.80387969,0.042404031,9108.703054,0.473811907,94.73522069,5.289391376,89.52672307,0.049315162,12009.997,0.470588235,109.5901319,6.138524256,0
11/08/2025 20:23,7.4s,04c462768c1f45b2a59930207dd24992,ETH_base,LOCAL,/home/ec2-user/ETH_Price_Predition/.venv/lib/python3.11/site-packages/ipykernel_launcher.py,ec2-user,FINISHED,64,0,10,['ETH_D_AvgPrc'],14,1,0.001,7,04/03/2023,64,0.466165414,0.4650913,76.70968664,0.042608255,9092.408022,0.47191319,94.8414381,5.375813012,86.94766557,0.048012544,11749.12629,0.470588235,108.3933867,6.124543637,0
12/08/2025 00:01,19.5s,2f076a49db8c49ce905f0483b3f23393,ETH_base,LOCAL,/home/ec2-user/ETH_Price_Predition/.venv/lib/python3.11/site-packages/ipykernel_launcher.py,ec2-user,FINISHED,32,0.05,6,['ETH_D_AvgPrc'],21,3,0.01,7,04/03/2023,128,0.458646617,0.468313641,73.93285989,0.040628282,9601.887703,0.474067435,96.08957652,5.313874423,100.5872901,0.055631539,16078.56384,0.46031746,126.801277,7.129264462,0
12/08/2025 00:56,13.8s,f7140e439ae94f568028cbeb604a0651,ETH_base,LOCAL,/home/ec2-user/ETH_Price_Predition/.venv/lib/python3.11/site-packages/ipykernel_launcher.py,ec2-user,FINISHED,64,0,5,['ETH_D_AvgPrc'],28,3,0.001,7,04/03/2023,128,0.458646617,0.460794844,74.03553413,0.040964741,9657.269159,0.467190463,96.17144247,5.37166111,107.2903582,0.059317732,17685.09204,0.464788732,132.9853076,7.469726324,0
12/08/2025 00:10,18.3s,61b9c29a671e401ebf616416cad241b2,ETH_base,LOCAL,/home/ec2-user/ETH_Price_Predition/.venv/lib/python3.11/site-packages/ipykernel_launcher.py,ec2-user,FINISHED,32,0.1,3,['ETH_D_AvgPrc'],21,3,0.01,7,04/03/2023,128,0.458646617,0.486573577,77.27885973,0.042257472,9575.465503,0.491948105,96.40719039,5.27820345,82.23642289,0.044657975,11119.00051,0.465753425,105.4466714,5.71359801,0
11/08/2025 20:05,24.5s,9f12f0fec63c40a4b1b7b37de249a807,ETH_base,LOCAL,/home/ec2-user/ETH_Price_Predition/.venv/lib/python3.11/site-packages/ipykernel_launcher.py,ec2-user,FINISHED,32,0.05,15,['ETH_D_AvgPrc'],7,3,0.01,7,04/03/2023,64,0.428571429,0.471535983,75.17063456,0.040977179,9776.039833,0.477148975,96.6909565,5.285006901,100.9871181,0.05469662,16901.50823,0.430769231,130.0058008,7.041055644,0
11/08/2025 23:57,14.4s,d7f7b746650545f28241bebb39ed17d7,ETH_base,LOCAL,/home/ec2-user/ETH_Price_Predition/.venv/lib/python3.11/site-packages/ipykernel_launcher.py,ec2-user,FINISHED,64,0.05,7,['ETH_D_AvgPrc'],21,3,0.001,7,04/03/2023,32,0.45112782,0.488721805,79.72278461,0.044299229,9883.571922,0.49327162,98.65536076,5.580993805,88.67506971,0.048983866,12398.72775,0.455882353,111.3495745,6.268670699,0
11/08/2025 19:58,25.6s,b84688e070a54569b088467a86ddca12,ETH_base,LOCAL,/home/ec2-user/ETH_Price_Predition/.venv/lib/python3.11/site-packages/ipykernel_launcher.py,ec2-user,FINISHED,32,0,20,['ETH_D_AvgPrc'],7,3,0.001,7,04/03/2023,64,0.436090226,0.462943072,77.46716315,0.042865893,10110.65276,0.468941074,99.28587936,5.531521909,87.89357878,0.048450245,13623.90203,0.442857143,116.721472,6.489764177,0
11/08/2025 20:18,17.0s,a08628e221be4b429c90634957153af2,ETH_base,LOCAL,/home/ec2-user/ETH_Price_Predition/.venv/lib/python3.11/site-packages/ipykernel_launcher.py,ec2-user,FINISHED,64,0.1,11,['ETH_D_AvgPrc'],7,3,0.01,7,04/03/2023,128,0.496240602,0.486573577,80.06973355,0.044599013,10013.15766,0.492374151,99.40720005,5.646940632,95.10669335,0.052714501,14130.51599,0.5,118.8718469,6.734878102,0
12/08/2025 01:04,11.9s,f56724a3b8c34daf8268bf2a4545772a,ETH_base,LOCAL,/home/ec2-user/ETH_Price_Predition/.venv/lib/python3.11/site-packages/ipykernel_launcher.py,ec2-user,FINISHED,128,0.05,7,['ETH_D_AvgPrc'],28,3,0.01,7,04/03/2023,64,0.466165414,0.474758324,80.44705079,0.044567604,10436.66611,0.481536631,99.79193014,5.604361792,86.39588664,0.047883713,12512.70559,0.471428571,111.8602056,6.321597162,0
11/08/2025 20:09,28.2s,7c048a5ca5044cf9b77bf42a4ca9d1d0,ETH_base,LOCAL,/home/ec2-user/ETH_Price_Predition/.venv/lib/python3.11/site-packages/ipykernel_launcher.py,ec2-user,FINISHED,64,0.05,46,['ETH_D_AvgPrc'],7,3,0.01,7,04/03/2023,128,0.443609023,0.467239527,82.69541739,0.045774061,11224.9061,0.471625436,101.0315072,5.656142958,81.62808044,0.044891019,12077.76423,0.446153846,109.8988818,6.090022403,0
12/08/2025 00:28,14.0s,acb01373c7d34a4bb49ab0c9b09ceb8b,ETH_base,LOCAL,/home/ec2-user/ETH_Price_Predition/.venv/lib/python3.11/site-packages/ipykernel_launcher.py,ec2-user,FINISHED,32,0,2,['ETH_D_AvgPrc'],28,2,0.01,7,04/03/2023,64,0.458646617,0.4650913,85.0818587,0.047174267,11261.28058,0.470657379,104.0413,5.859738023,86.07121036,0.046711038,12403.32065,0.464788732,111.3701964,6.036564388,0
11/08/2025 19:59,15.7s,5725c3fb832047dea17c92906e6de5ed,ETH_base,LOCAL,/home/ec2-user/ETH_Price_Predition/.venv/lib/python3.11/site-packages/ipykernel_launcher.py,ec2-user,FINISHED,64,0,11,['ETH_D_AvgPrc'],7,3,0.01,7,04/03/2023,64,0.421052632,0.471535983,88.39807994,0.048923602,11725.46645,0.476383858,107.3429747,6.00281387,99.30446883,0.054924267,15551.26394,0.424242424,124.7047069,7.017399918,0
11/08/2025 20:01,18.0s,7697e4e5bd9d4805959212d9f039d08b,ETH_base,LOCAL,/home/ec2-user/ETH_Price_Predition/.venv/lib/python3.11/site-packages/ipykernel_launcher.py,ec2-user,FINISHED,64,0,7,['ETH_D_AvgPrc'],7,3,0.01,7,04/03/2023,128,0.443609023,0.473684211,89.55085422,0.049831086,11995.27016,0.479007545,108.6497459,6.151407044,92.78871487,0.051412449,13696.8836,0.444444444,117.0336857,6.621365813,0
12/08/2025 01:05,35.4s,f3ed1717122b457e9e4e215f9ae23141,ETH_base,LOCAL,/home/ec2-user/ETH_Price_Predition/.venv/lib/python3.11/site-packages/ipykernel_launcher.py,ec2-user,FINISHED,32,0.05,34,['ETH_D_AvgPrc'],28,3,0.01,7,04/03/2023,128,0.466165414,0.468313641,89.52760336,0.048705951,12951.58321,0.473397618,109.0225833,5.93984661,114.4427864,0.061909187,19880.43846,0.470588235,140.9980087,7.621197679,0
11/08/2025 19:58,23.7s,98739011206f4e53af03d8e68b1c4ccb,ETH_base,LOCAL,/home/ec2-user/ETH_Price_Predition/.venv/lib/python3.11/site-packages/ipykernel_launcher.py,ec2-user,FINISHED,32,0,15,['ETH_D_AvgPrc'],7,3,0.01,7,04/03/2023,64,0.421052632,0.460794844,89.9204529,0.048787764,12816.33465,0.464080717,109.5668028,5.942644145,142.4569016,0.076674677,27761.90578,0.421875,166.6190439,8.936262324,0
12/08/2025 00:56,16.1s,84e97976790c446494f6cde0dae2e57f,ETH_base,LOCAL,/home/ec2-user/ETH_Price_Predition/.venv/lib/python3.11/site-packages/ipykernel_launcher.py,ec2-user,FINISHED,64,0,13,['ETH_D_AvgPrc'],28,3,0.01,7,04/03/2023,128,0.458646617,0.489795918,95.77231671,0.052498294,13558.45562,0.494884041,115.1815274,6.348469961,71.89244298,0.039172903,8892.433297,0.463768116,94.29969935,5.18923333,0
11/08/2025 23:26,14.3s,49fbe086936545cebd5184a8b41a84ca,ETH_base,LOCAL,/home/ec2-user/ETH_Price_Predition/.venv/lib/python3.11/site-packages/ipykernel_launcher.py,ec2-user,FINISHED,32,0,4,['ETH_D_AvgPrc'],21,2,0.01,7,04/03/2023,32,0.428571429,0.470461869,105.6443337,0.058515661,15533.06851,0.473506535,123.5583348,6.927585261,113.1555137,0.062536769,19037.29179,0.430769231,137.9756927,7.755900032,0
12/08/2025 00:26,18.8s,63aa34a5e8534471aedc0c4033466c5b,ETH_base,LOCAL,/home/ec2-user/ETH_Price_Predition/.venv/lib/python3.11/site-packages/ipykernel_launcher.py,ec2-user,FINISHED,32,0,14,['ETH_D_AvgPrc'],28,2,0.01,7,04/03/2023,32,0.428571429,0.481203008,106.2638028,0.05767275,15608.73137,0.486106519,123.8659454,6.712756295,112.647027,0.060862083,18997.65611,0.432835821,137.8319851,7.430363733,0
12/08/2025 00:55,18.6s,e015ea682d374240ab9a47d7b1f61dd0,ETH_base,LOCAL,/home/ec2-user/ETH_Price_Predition/.venv/lib/python3.11/site-packages/ipykernel_launcher.py,ec2-user,FINISHED,32,0,4,['ETH_D_AvgPrc'],28,3,0.01,7,04/03/2023,128,0.466165414,0.476906552,103.8119547,0.057184357,16317.40549,0.483768067,124.1307628,6.911166638,108.269409,0.058690409,17095.40757,0.474358974,130.7494075,7.068173563,0
12/08/2025 00:48,25.1s,40d6fff74a2a483c8365f06321af9301,ETH_base,LOCAL,/home/ec2-user/ETH_Price_Predition/.venv/lib/python3.11/site-packages/ipykernel_launcher.py,ec2-user,FINISHED,32,0,16,['ETH_D_AvgPrc'],28,3,0.01,7,04/03/2023,32,0.428571429,0.475832438,110.0460382,0.059770713,16358.09007,0.481054097,127.3677836,6.903957194,92.84775606,0.050349462,13925.86118,0.434782609,118.0078861,6.394834678,0
12/08/2025 00:30,14.3s,07d3db530b614f5f8ff3febc24b08cd5,ETH_base,LOCAL,/home/ec2-user/ETH_Price_Predition/.venv/lib/python3.11/site-packages/ipykernel_launcher.py,ec2-user,FINISHED,32,0,2,['ETH_D_AvgPrc'],28,2,0.01,7,04/03/2023,128,0.458646617,0.488721805,107.8797901,0.058740224,17999.9123,0.493856548,127.4452098,6.947806985,95.454535,0.052611826,15123.97599,0.46031746,122.9795755,6.842323212,0
